key,address,name,sgg_text
11110|견지동|110,서울특별시 종로구 견지동 110,대성스카이렉스,종로구
11110|교북동|101,서울특별시 종로구 교북동 101,동아,종로구
11110|교북동|126,서울특별시 종로구 교북동 126,경희궁자이(4단지),종로구
11110|구기동|125-5,서울특별시 종로구 구기동 125-5,마운틴뷰,종로구
11110|구기동|95-1,서울특별시 종로구 구기동 95-1,렉스팰리스,종로구
11110|구기동|95-15,서울특별시 종로구 구기동 95-15,포시즌,종로구
11110|낙원동|288,서울특별시 종로구 낙원동 288,낙원,종로구
11110|내수동|110-15,서울특별시 종로구 내수동 110-15,킹스매너,종로구
11110|내수동|167,서울특별시 종로구 내수동 167,세종로대우,종로구
11110|내수동|71,서울특별시 종로구 내수동 71,경희궁의아침2단지,종로구
11110|내수동|72,서울특별시 종로구 내수동 72,경희궁의아침3단지,종로구
11110|내수동|73,서울특별시 종로구 내수동 73,경희궁의아침4단지,종로구
11110|내수동|95,서울특별시 종로구 내수동 95,경희궁파크팰리스,종로구
11110|누상동|40,서울특별시 종로구 누상동 40,청호그린빌,종로구
11110|당주동|100,서울특별시 종로구 당주동 100,세종,종로구
11110|당주동|145,서울특별시 종로구 당주동 145,롯데미도파광화문빌딩,종로구
11110|동숭동|4-157,서울특별시 종로구 동숭동 4-157,동성아파트(2동),종로구
11110|동숭동|4-161,서울특별시 종로구 동숭동 4-161,동성아파트(1동),종로구
11110|명륜1가|19,서울특별시 종로구 명륜1가 19,렉스빌,종로구
11110|명륜1가|2-12,서울특별시 종로구 명륜1가 2-12,송림아마레스아파트,종로구
11110|명륜1가|23,서울특별시 종로구 명륜1가 23,건양하늘터,종로구
11110|명륜1가|33-85,서울특별시 종로구 명륜1가 33-85,리치캐슬아파트,종로구
11110|명륜1가|36-5,서울특별시 종로구 명륜1가 36-5,대보,종로구
11110|명륜1가|45-5,서울특별시 종로구 명륜1가 45-5,아미레스아파트,종로구
11110|명륜1가|5-89,서울특별시 종로구 명륜1가 5-89,방산아파트,종로구
11110|명륜2가|236,서울특별시 종로구 명륜2가 236,아남2,종로구
11110|명륜2가|237,서울특별시 종로구 명륜2가 237,명륜동주상복합아남아파트,종로구
11110|명륜2가|4,서울특별시 종로구 명륜2가 4,아남1,종로구
11110|명륜3가|1-102,서울특별시 종로구 명륜3가 1-102,(1-102),종로구
11110|명륜3가|1-30,서울특별시 종로구 명륜3가 1-30,한빛,종로구
11110|무악동|60,서울특별시 종로구 무악동 60,인왕산아이파크,종로구
11110|무악동|66-1,서울특별시 종로구 무악동 66-1,무악다온채,종로구
11110|무악동|82,서울특별시 종로구 무악동 82,현대,종로구
11110|무악동|88,서울특별시 종로구 무악동 88,인왕산2차아이파크,종로구
11110|무악동|89,서울특별시 종로구 무악동 89,경희궁롯데캐슬,종로구
11110|부암동|218-1,서울특별시 종로구 부암동 218-1,부암스카이뷰,종로구
11110|부암동|235-2,서울특별시 종로구 부암동 235-2,별빛고운,종로구
11110|부암동|265-10,서울특별시 종로구 부암동 265-10,프라임캐슬(케이빌라트),종로구
11110|사직동|1-8,서울특별시 종로구 사직동 1-8,사직아파트,종로구
11110|사직동|9,서울특별시 종로구 사직동 9,광화문스페이스본(101동~105동),종로구
11110|사직동|9-1,서울특별시 종로구 사직동 9-1,광화문스페이스본(106동),종로구
11110|수송동|85,서울특별시 종로구 수송동 85,로얄팰리스스위트,종로구
11110|숭인동|1392,서울특별시 종로구 숭인동 1392,익성씨티하임,종로구
11110|숭인동|1392-1,서울특별시 종로구 숭인동 1392-1,종로아인스빌,종로구
11110|숭인동|1419-2,서울특별시 종로구 숭인동 1419-2,에비뉴청계Ⅰ,종로구
11110|숭인동|1420,서울특별시 종로구 숭인동 1420,에비뉴청계Ⅱ,종로구
11110|숭인동|1421,서울특별시 종로구 숭인동 1421,버넷하임1,종로구
11110|숭인동|1421-1,서울특별시 종로구 숭인동 1421-1,종로동광모닝스카이,종로구
11110|숭인동|1421-2,서울특별시 종로구 숭인동 1421-2,숭인한양LEEPS,종로구
11110|숭인동|178-76,서울특별시 종로구 숭인동 178-76,탑스빌,종로구
11110|숭인동|181-105,서울특별시 종로구 숭인동 181-105,동문타운,종로구
11110|숭인동|181-121,서울특별시 종로구 숭인동 181-121,도시그린빌라,종로구
11110|숭인동|2-1,서울특별시 종로구 숭인동 2-1,종로센트레빌,종로구
11110|숭인동|201-11,서울특별시 종로구 숭인동 201-11,종로유케이201,종로구
11110|숭인동|202-3,서울특별시 종로구 숭인동 202-3,종로중흥S클래스,종로구
11110|숭인동|204-11#11110-2313,서울특별시 종로구 숭인동 204-11,(204-11),종로구
11110|숭인동|204-11#11110-48,서울특별시 종로구 숭인동 204-11,숭인상가,종로구
11110|숭인동|232-29,서울특별시 종로구 숭인동 232-29,동일상가,종로구
11110|숭인동|243,서울특별시 종로구 숭인동 243,블루빌,종로구
11110|숭인동|296-19,서울특별시 종로구 숭인동 296-19,삼전솔하임2차,종로구
11110|숭인동|318-2,서울특별시 종로구 숭인동 318-2,삼전솔하임4차,종로구
11110|숭인동|473,서울특별시 종로구 숭인동 473,하림빌라트,종로구
11110|숭인동|482,서울특별시 종로구 숭인동 482,동문(482-0),종로구
11110|숭인동|494,서울특별시 종로구 숭인동 494,"동문(비동,씨동)(494-0)",종로구
11110|숭인동|535,서울특별시 종로구 숭인동 535,주숭보아파트,종로구
11110|숭인동|545,서울특별시 종로구 숭인동 545,동문A,종로구
11110|숭인동|56-135,서울특별시 종로구 숭인동 56-135,할리우드파크아파트,종로구
11110|숭인동|569,서울특별시 종로구 숭인동 569,숭인모범101동,종로구
11110|숭인동|569-2,서울특별시 종로구 숭인동 569-2,숭인모범104동,종로구
11110|숭인동|569-3,서울특별시 종로구 숭인동 569-3,숭인모범105동,종로구
11110|숭인동|569-4,서울특별시 종로구 숭인동 569-4,숭인모범103동,종로구
11110|숭인동|569-5,서울특별시 종로구 숭인동 569-5,숭인모범102동,종로구
11110|숭인동|76,서울특별시 종로구 숭인동 76,롯데캐슬천지인,종로구
11110|숭인동|766,서울특별시 종로구 숭인동 766,종로청계힐스테이트,종로구
11110|숭인동|820-1,서울특별시 종로구 숭인동 820-1,도시그린빌라트18차,종로구
11110|숭인동|888,서울특별시 종로구 숭인동 888,오성,종로구
11110|신교동|6-11,서울특별시 종로구 신교동 6-11,신현(102동),종로구
11110|신교동|6-13,서울특별시 종로구 신교동 6-13,신현(101동),종로구
11110|신문로1가|238,서울특별시 종로구 신문로1가 238,신문로맨션,종로구
11110|신문로2가|171,서울특별시 종로구 신문로2가 171,디팰리스,종로구
11110|신영동|105-22,서울특별시 종로구 신영동 105-22,구암하이빌,종로구
11110|신영동|254,서울특별시 종로구 신영동 254,대아파크빌,종로구
11110|연건동|195-10,서울특별시 종로구 연건동 195-10,이화에수풀,종로구
11110|연건동|60-1,서울특별시 종로구 연건동 60-1,(60-1),종로구
11110|연지동|163-3,서울특별시 종로구 연지동 163-3,아르젠종로,종로구
11110|연지동|36-1,서울특별시 종로구 연지동 36-1,하이텍하우스,종로구
11110|옥인동|56,서울특별시 종로구 옥인동 56,세종아파트,종로구
11110|이화동|9-1,서울특별시 종로구 이화동 9-1,송림아마레스아파트,종로구
11110|익선동|30-6,서울특별시 종로구 익선동 30-6,운현신화타워,종로구
11110|익선동|55,서울특별시 종로구 익선동 55,현대뜨레비앙,종로구
11110|인의동|48-2,서울특별시 종로구 인의동 48-2,효성쥬얼리시티,종로구
11110|창신동|23-326,서울특별시 종로구 창신동 23-326,그린,종로구
11110|창신동|23-76,서울특별시 종로구 창신동 23-76,브라운스톤창신,종로구
11110|창신동|23-816,서울특별시 종로구 창신동 23-816,창신이수,종로구
11110|창신동|232,서울특별시 종로구 창신동 232,두산,종로구
11110|창신동|328-17,서울특별시 종로구 창신동 328-17,동대문,종로구
11110|창신동|436-41,서울특별시 종로구 창신동 436-41,동문상가,종로구
11110|창신동|436-64,서울특별시 종로구 창신동 436-64,동대문상가,종로구
11110|창신동|436-79,서울특별시 종로구 창신동 436-79,(436-79),종로구
11110|창신동|578-5,서울특별시 종로구 창신동 578-5,동대문맨션,종로구
11110|창신동|601,서울특별시 종로구 창신동 601,MID그린(1동),종로구
11110|창신동|601-1,서울특별시 종로구 창신동 601-1,MID그린(2동),종로구
11110|창신동|601-2,서울특별시 종로구 창신동 601-2,MID그린(3동),종로구
11110|창신동|601-4,서울특별시 종로구 창신동 601-4,MID그린(5동),종로구
11110|창신동|601-5,서울특별시 종로구 창신동 601-5,MID그린(4동),종로구
11110|창신동|601-6,서울특별시 종로구 창신동 601-6,MID그린(9동),종로구
11110|창신동|601-7,서울특별시 종로구 창신동 601-7,MID그린(6동),종로구
11110|창신동|601-8,서울특별시 종로구 창신동 601-8,MID그린(7동),종로구
11110|창신동|602,서울특별시 종로구 창신동 602,일우,종로구
11110|창신동|602-1,서울특별시 종로구 창신동 602-1,MID그린(8동),종로구
11110|창신동|627-120,서울특별시 종로구 창신동 627-120,(627-120),종로구
11110|창신동|627-21,서울특별시 종로구 창신동 627-21,흥인,종로구
11110|창신동|638-36,서울특별시 종로구 창신동 638-36,미니,종로구
11110|창신동|638-45,서울특별시 종로구 창신동 638-45,삼흥,종로구
11110|창신동|639-20,서울특별시 종로구 창신동 639-20,창림,종로구
11110|창신동|639-50,서울특별시 종로구 창신동 639-50,덕산,종로구
11110|창신동|640-252,서울특별시 종로구 창신동 640-252,성용,종로구
11110|창신동|640-76,서울특별시 종로구 창신동 640-76,유성,종로구
11110|창신동|702,서울특별시 종로구 창신동 702,창신쌍용1,종로구
11110|창신동|703,서울특별시 종로구 창신동 703,창신쌍용2,종로구
11110|청운동|56-45,서울특별시 종로구 청운동 56-45,청운현대,종로구
11110|충신동|60,서울특별시 종로구 충신동 60,힐스테이트창경궁,종로구
11110|충신동|62-2,서울특별시 종로구 충신동 62-2,CS타워,종로구
11110|통인동|5-1,서울특별시 종로구 통인동 5-1,효자,종로구
11110|평동|233,서울특별시 종로구 평동 233,경희궁자이(3단지),종로구
11110|평창동|102,서울특별시 종로구 평창동 102,르트랑시망,종로구
11110|평창동|108,서울특별시 종로구 평창동 108,롯데캐슬로잔,종로구
11110|평창동|145-5,서울특별시 종로구 평창동 145-5,일성빌라트,종로구
11110|평창동|155-1,서울특별시 종로구 평창동 155-1,노블레스빌,종로구
11110|평창동|179-5,서울특별시 종로구 평창동 179-5,밀레니엄,종로구
11110|평창동|187-1,서울특별시 종로구 평창동 187-1,그린나래,종로구
11110|평창동|33-1,서울특별시 종로구 평창동 33-1,형우럭스빌(33-1),종로구
11110|평창동|45,서울특별시 종로구 평창동 45,벽산블루밍평창힐스,종로구
11110|평창동|46-1,서울특별시 종로구 평창동 46-1,크래스빌,종로구
11110|평창동|595,서울특별시 종로구 평창동 595,갑을아파트,종로구
11110|평창동|596,서울특별시 종로구 평창동 596,삼성,종로구
11110|평창동|66-1,서울특별시 종로구 평창동 66-1,엘리시아,종로구
11110|평창동|72,서울특별시 종로구 평창동 72,롯데낙천대,종로구
11110|필운동|142,서울특별시 종로구 필운동 142,사직파크맨션,종로구
11110|필운동|174-1,서울특별시 종로구 필운동 174-1,두레엘리시안,종로구
11110|필운동|254,서울특별시 종로구 필운동 254,신동아블루아광화문의꿈,종로구
11110|행촌동|41-1,서울특별시 종로구 행촌동 41-1,대성아파트,종로구
11110|혜화동|20-12,서울특별시 종로구 혜화동 20-12,혜화훼미리,종로구
11110|홍파동|199,서울특별시 종로구 홍파동 199,경희궁자이(2단지),종로구
11110|효제동|126-2,서울특별시 종로구 효제동 126-2,이지마루종로,종로구
11110|효제동|65-2,서울특별시 종로구 효제동 65-2,포레스트힐시티,종로구
11140|남대문로5가|827,서울특별시 중구 남대문로5가 827,남산트라팰리스,중구
11140|남산동2가|42,서울특별시 중구 남산동2가 42,남산퍼시픽,중구
11140|남창동|205-44,서울특별시 중구 남창동 205-44,경서,중구
11140|만리동1가|231,서울특별시 중구 만리동1가 231,LIG서울역리가,중구
11140|만리동1가|56-11,서울특별시 중구 만리동1가 56-11,SY파크힐,중구
11140|만리동1가|62-7,서울특별시 중구 만리동1가 62-7,서울역디오빌,중구
11140|만리동2가|116-4,서울특별시 중구 만리동2가 116-4,양정,중구
11140|만리동2가|176-1,서울특별시 중구 만리동2가 176-1,서울역센트럴자이(임대),중구
11140|만리동2가|273,서울특별시 중구 만리동2가 273,서울역센트럴자이,중구
11140|만리동2가|288,서울특별시 중구 만리동2가 288,서울역한라비발디센트럴,중구
11140|묵정동|11-2,서울특별시 중구 묵정동 11-2,충무,중구
11140|묵정동|11-67,서울특별시 중구 묵정동 11-67,묵정,중구
11140|묵정동|35,서울특별시 중구 묵정동 35,힐스테이트남산,중구
11140|산림동|207-1,서울특별시 중구 산림동 207-1,청계상가,중구
11140|산림동|207-2,서울특별시 중구 산림동 207-2,대림상가,중구
11140|순화동|151,서울특별시 중구 순화동 151,순화동더샵,중구
11140|순화동|215,서울특별시 중구 순화동 215,바비엥3,중구
11140|순화동|217,서울특별시 중구 순화동 217,덕수궁롯데캐슬,중구
11140|신당동|113-5,서울특별시 중구 신당동 113-5,하이1(113-5),중구
11140|신당동|113-7,서울특별시 중구 신당동 113-7,하이,중구
11140|신당동|122-1,서울특별시 중구 신당동 122-1,그린빌,중구
11140|신당동|140-23,서울특별시 중구 신당동 140-23,신당역솔하임,중구
11140|신당동|160-5,서울특별시 중구 신당동 160-5,신당아르브,중구
11140|신당동|217-95,서울특별시 중구 신당동 217-95,동평화패션타운,중구
11140|신당동|290-42,서울특별시 중구 신당동 290-42,삼성V아파트A동,중구
11140|신당동|290-44,서울특별시 중구 신당동 290-44,삼성V아파트B동,중구
11140|신당동|290-52,서울특별시 중구 신당동 290-52,대성드림,중구
11140|신당동|290-67,서울특별시 중구 신당동 290-67,노블레스하우스,중구
11140|신당동|290-90,서울특별시 중구 신당동 290-90,청구드림,중구
11140|신당동|292-35,서울특별시 중구 신당동 292-35,청구파크뷰,중구
11140|신당동|294-12,서울특별시 중구 신당동 294-12,타워,중구
11140|신당동|313-8,서울특별시 중구 신당동 313-8,탑힐,중구
11140|신당동|333-26,서울특별시 중구 신당동 333-26,기린,중구
11140|신당동|333-42,서울특별시 중구 신당동 333-42,진달래,중구
11140|신당동|333-9,서울특별시 중구 신당동 333-9,성지,중구
11140|신당동|366-126,서울특별시 중구 신당동 366-126,남산정은스카이,중구
11140|신당동|372-13,서울특별시 중구 신당동 372-13,약수(372-13),중구
11140|신당동|372-66,서울특별시 중구 신당동 372-66,(372-66),중구
11140|신당동|377-26,서울특별시 중구 신당동 377-26,약수넥스빌,중구
11140|신당동|404-2,서울특별시 중구 신당동 404-2,란스미어,중구
11140|신당동|407-17,서울특별시 중구 신당동 407-17,벨레어카운티,중구
11140|신당동|407-7,서울특별시 중구 신당동 407-7,마이스터빌,중구
11140|신당동|413-4,서울특별시 중구 신당동 413-4,태원팰리스,중구
11140|신당동|432-1061,서울특별시 중구 신당동 432-1061,토토타워(5차),중구
11140|신당동|432-1132,서울특별시 중구 신당동 432-1132,태원팰리스5차(432-1132),중구
11140|신당동|432-1632,서울특별시 중구 신당동 432-1632,프라임1,중구
11140|신당동|432-1653,서울특별시 중구 신당동 432-1653,노블레스2,중구
11140|신당동|432-1666,서울특별시 중구 신당동 432-1666,남산FORESTHOUSE,중구
11140|신당동|432-1669,서울특별시 중구 신당동 432-1669,남산리젠트힐,중구
11140|신당동|432-1952,서울특별시 중구 신당동 432-1952,동산빌라(2차),중구
11140|신당동|432-1956,서울특별시 중구 신당동 432-1956,하영,중구
11140|신당동|432-1957,서울특별시 중구 신당동 432-1957,신신(2차),중구
11140|신당동|432-1970,서울특별시 중구 신당동 432-1970,유정,중구
11140|신당동|432-1972,서울특별시 중구 신당동 432-1972,신신(1차),중구
11140|신당동|432-1979,서울특별시 중구 신당동 432-1979,명경아트빌,중구
11140|신당동|432-1982,서울특별시 중구 신당동 432-1982,다다아파트,중구
11140|신당동|432-2000,서울특별시 중구 신당동 432-2000,스위스빌라,중구
11140|신당동|432-2001,서울특별시 중구 신당동 432-2001,(432-2001),중구
11140|신당동|432-2006,서울특별시 중구 신당동 432-2006,수산타운(2차),중구
11140|신당동|432-2008,서울특별시 중구 신당동 432-2008,각산빌,중구
11140|신당동|432-2013,서울특별시 중구 신당동 432-2013,우석,중구
11140|신당동|432-2164,서울특별시 중구 신당동 432-2164,도현블랑빌,중구
11140|신당동|432-2837,서울특별시 중구 신당동 432-2837,프라임2,중구
11140|신당동|432-479,서울특별시 중구 신당동 432-479,초원,중구
11140|신당동|432-498,서울특별시 중구 신당동 432-498,다오아트빌,중구
11140|신당동|432-502,서울특별시 중구 신당동 432-502,인성아트빌,중구
11140|신당동|432-579,서울특별시 중구 신당동 432-579,동산,중구
11140|신당동|432-657,서울특별시 중구 신당동 432-657,명경,중구
11140|신당동|432-806,서울특별시 중구 신당동 432-806,GV,중구
11140|신당동|432-904,서울특별시 중구 신당동 432-904,(432-904),중구
11140|신당동|432-921,서울특별시 중구 신당동 432-921,푸른마을(432-921),중구
11140|신당동|432-922,서울특별시 중구 신당동 432-922,푸른마을(B),중구
11140|신당동|432-970,서울특별시 중구 신당동 432-970,글로리안(B),중구
11140|신당동|432-986,서울특별시 중구 신당동 432-986,글로리안(A),중구
11140|신당동|67-129,서울특별시 중구 신당동 67-129,뉴그린아파트,중구
11140|신당동|840,서울특별시 중구 신당동 840,현대,중구
11140|신당동|841-12,서울특별시 중구 신당동 841-12,청구103동,중구
11140|신당동|842,서울특별시 중구 신당동 842,약수하이츠,중구
11140|신당동|843,서울특별시 중구 신당동 843,삼성,중구
11140|신당동|844,서울특별시 중구 신당동 844,남산타운,중구
11140|신당동|845,서울특별시 중구 신당동 845,한진해모로,중구
11140|신당동|846,서울특별시 중구 신당동 846,신당동파라다이스,중구
11140|신당동|849,서울특별시 중구 신당동 849,삼성홈타운,중구
11140|신당동|850,서울특별시 중구 신당동 850,신당푸르지오,중구
11140|신당동|851,서울특별시 중구 신당동 851,래미안하이베르,중구
11140|신당동|852,서울특별시 중구 신당동 852,청구e편한세상,중구
11140|신당동|856,서울특별시 중구 신당동 856,신당KCC스위첸,중구
11140|신당동|857,서울특별시 중구 신당동 857,약수역더시티,중구
11140|예장동|9,서울특별시 중구 예장동 9,예장동삼익,중구
11140|오장동|139-7,서울특별시 중구 오장동 139-7,오장동오팰리오,중구
11140|오장동|145-1,서울특별시 중구 오장동 145-1,오렌지카운티을지로,중구
11140|오장동|206-34,서울특별시 중구 오장동 206-34,이지마루오장,중구
11140|오장동|90-24,서울특별시 중구 오장동 90-24,코발트팰리스,중구
11140|오장동|90-8,서울특별시 중구 오장동 90-8,정석그라시아,중구
11140|을지로5가|39-1,서울특별시 중구 을지로5가 39-1,삼성파크빌,중구
11140|인현동2가|192-30,서울특별시 중구 인현동2가 192-30,인현상가/신성아파트,중구
11140|인현동2가|240,서울특별시 중구 인현동2가 240,세운푸르지오헤리시티,중구
11140|입정동|277,서울특별시 중구 입정동 277,힐스테이트세운센트럴1단지,중구
11140|입정동|280,서울특별시 중구 입정동 280,힐스테이트세운센트럴2단지,중구
11140|장충동1가|104,서울특별시 중구 장충동1가 104,상지리츠빌장충동카일룸,중구
11140|장충동1가|105-1,서울특별시 중구 장충동1가 105-1,장충동라임카운티,중구
11140|장충동1가|106-1,서울특별시 중구 장충동1가 106-1,장충레지던스,중구
11140|장충동2가|193-29,서울특별시 중구 장충동2가 193-29,장충,중구
11140|정동|15-6,서울특별시 중구 정동 15-6,정동상림원,중구
11140|정동|18-1,서울특별시 중구 정동 18-1,정동,중구
11140|정동|37,서울특별시 중구 정동 37,삼정아트테라스정동,중구
11140|중림동|149,서울특별시 중구 중림동 149,성요셉,중구
11140|중림동|200,서울특별시 중구 중림동 200,삼성사이버빌리지,중구
11140|중림동|355,서울특별시 중구 중림동 355,브라운스톤서울,중구
11140|충무로4가|120-3,서울특별시 중구 충무로4가 120-3,진양상가,중구
11140|충무로4가|306,서울특별시 중구 충무로4가 306,남산센트럴자이,중구
11140|충무로5가|36-19,서울특별시 중구 충무로5가 36-19,이지마루충무로,중구
11140|충무로5가|36-2,서울특별시 중구 충무로5가 36-2,충무로엘크루메크로시티2차,중구
11140|충무로5가|90,서울특별시 중구 충무로5가 90,충무로헤센스마트,중구
11140|필동1가|51-11,서울특별시 중구 필동1가 51-11,하니맨션,중구
11140|필동3가|62-16,서울특별시 중구 필동3가 62-16,미주,중구
11140|황학동|1005,서울특별시 중구 황학동 1005,로얄,중구
11140|황학동|1200,서울특별시 중구 황학동 1200,위너빌(Winnervill),중구
11140|황학동|1531,서울특별시 중구 황학동 1531,청계랜드힐아파트,중구
11140|황학동|1544,서울특별시 중구 황학동 1544,(1544-0),중구
11140|황학동|1546,서울특별시 중구 황학동 1546,(1546-0),중구
11140|황학동|1572,서울특별시 중구 황학동 1572,동광팰리스,중구
11140|황학동|1743,서울특별시 중구 황학동 1743,골드캐슬Ⅲ,중구
11140|황학동|19,서울특별시 중구 황학동 19,그랜드힐오피스텔,중구
11140|황학동|2015,서울특별시 중구 황학동 2015,청계리버팰리스B,중구
11140|황학동|2033,서울특별시 중구 황학동 2033,청계리버팰리스A,중구
11140|황학동|2523,서울특별시 중구 황학동 2523,황학아크로타워,중구
11140|황학동|2545,서울특별시 중구 황학동 2545,롯데캐슬,중구
11140|황학동|787,서울특별시 중구 황학동 787,한양I-Class,중구
11140|황학동|819,서울특별시 중구 황학동 819,DUO302,중구
11140|황학동|846,서울특별시 중구 황학동 846,신당블루카운티,중구
11140|황학동|882,서울특별시 중구 황학동 882,황학동코아루,중구
11140|황학동|981,서울특별시 중구 황학동 981,중구리버빌,중구
11140|회현동1가|100-12,서울특별시 중구 회현동1가 100-12,이지-빌,중구
11140|회현동1가|146-1,서울특별시 중구 회현동1가 146-1,삼풍,중구
11140|회현동1가|147-20,서울특별시 중구 회현동1가 147-20,별장,중구
11140|회현동1가|206,서울특별시 중구 회현동1가 206,SK리더스뷰남산,중구
11140|회현동1가|208,서울특별시 중구 회현동1가 208,남산롯데캐슬아이리스,중구
11140|회현동1가|97-2,서울특별시 중구 회현동1가 97-2,평화,중구
11140|회현동2가|87,서울특별시 중구 회현동2가 87,쌍용남산플래티넘,중구
11140|흥인동|119,서울특별시 중구 흥인동 119,동대문와이즈캐슬,중구
11140|흥인동|13-1,서울특별시 중구 흥인동 13-1,청계천두산위브더제니스,중구
11140|흥인동|142-1,서울특별시 중구 흥인동 142-1,위더스하임,중구
11140|흥인동|3-4,서울특별시 중구 흥인동 3-4,우일타운,중구
11140|흥인동|8,서울특별시 중구 흥인동 8,동대문솔하임,중구
11170|갈월동|6-48,서울특별시 용산구 갈월동 6-48,두리파크빌,용산구
11170|갈월동|98-6,서울특별시 용산구 갈월동 98-6,용산남영역롯데캐슬헤리티지,용산구
11170|도원동|23,서울특별시 용산구 도원동 23,삼성래미안,용산구
11170|도원동|3-4,서울특별시 용산구 도원동 3-4,제일1,용산구
11170|도원동|3-7,서울특별시 용산구 도원동 3-7,도원,용산구
11170|동빙고동|1-14,서울특별시 용산구 동빙고동 1-14,현대플라티앙2,용산구
11170|동빙고동|1-3,서울특별시 용산구 동빙고동 1-3,SOD빌,용산구
11170|동빙고동|1-30,서울특별시 용산구 동빙고동 1-30,힐하우스,용산구
11170|동빙고동|1-44,서울특별시 용산구 동빙고동 1-44,아울스타운,용산구
11170|동빙고동|1-67,서울특별시 용산구 동빙고동 1-67,현대플래티앙Ⅰ,용산구
11170|동빙고동|1-72,서울특별시 용산구 동빙고동 1-72,파인힐빌,용산구
11170|동빙고동|310-10,서울특별시 용산구 동빙고동 310-10,노블캐슬,용산구
11170|동빙고동|310-17,서울특별시 용산구 동빙고동 310-17,라이온즈,용산구
11170|동빙고동|42-17,서울특별시 용산구 동빙고동 42-17,리버힐에이동,용산구
11170|동자동|19-8,서울특별시 용산구 동자동 19-8,동자,용산구
11170|동자동|45,서울특별시 용산구 동자동 45,센트레빌아스테리움서울,용산구
11170|문배동|11-10,서울특별시 용산구 문배동 11-10,용산KCC웰츠타워,용산구
11170|문배동|11-14,서울특별시 용산구 문배동 11-14,이안용산1차(101동),용산구
11170|문배동|11-29,서울특별시 용산구 문배동 11-29,이안용산1차(103동),용산구
11170|문배동|11-34,서울특별시 용산구 문배동 11-34,G&P용산파크,용산구
11170|문배동|17-1,서울특별시 용산구 문배동 17-1,지오베르크,용산구
11170|문배동|24-21,서울특별시 용산구 문배동 24-21,아크로타워,용산구
11170|문배동|24-4,서울특별시 용산구 문배동 24-4,용산큐브,용산구
11170|문배동|24-6,서울특별시 용산구 문배동 24-6,CJ나인파크,용산구
11170|문배동|24-8,서울특별시 용산구 문배동 24-8,프라임펠리스,용산구
11170|문배동|3-3,서울특별시 용산구 문배동 3-3,이안용산프리미어,용산구
11170|문배동|40-19,서울특별시 용산구 문배동 40-19,삼라마이다스빌2,용산구
11170|문배동|40-31,서울특별시 용산구 문배동 40-31,리첸시아용산B,용산구
11170|문배동|40-39,서울특별시 용산구 문배동 40-39,이안용산3차,용산구
11170|문배동|7-6,서울특별시 용산구 문배동 7-6,이안용산1차(102동),용산구
11170|보광동|151,서울특별시 용산구 보광동 151,리버빌(삼성),용산구
11170|보광동|208-1,서울특별시 용산구 보광동 208-1,한강빌라,용산구
11170|보광동|260-6,서울특별시 용산구 보광동 260-6,주미,용산구
11170|보광동|35-5,서울특별시 용산구 보광동 35-5,카사빌라,용산구
11170|보광동|448,서울특별시 용산구 보광동 448,신동아1,용산구
11170|산천동|193,서울특별시 용산구 산천동 193,리버힐삼성,용산구
11170|산천동|194,서울특별시 용산구 산천동 194,리버힐삼성아파트(임대),용산구
11170|산천동|204,서울특별시 용산구 산천동 204,한강타운,용산구
11170|서계동|100-1,서울특별시 용산구 서계동 100-1,어반허브서울스테이션(UrbanHubSeoulStation),용산구
11170|서빙고동|241-21,서울특별시 용산구 서빙고동 241-21,신동아,용산구
11170|서빙고동|241-47,서울특별시 용산구 서빙고동 241-47,한강르네상스,용산구
11170|서빙고동|293,서울특별시 용산구 서빙고동 293,그린파크(코오롱하늘채),용산구
11170|서빙고동|296,서울특별시 용산구 서빙고동 296,금호베스트빌1,용산구
11170|서빙고동|4-18,서울특별시 용산구 서빙고동 4-18,아페르한강,용산구
11170|신계동|48,서울특별시 용산구 신계동 48,용산e편한세상,용산구
11170|신창동|102,서울특별시 용산구 신창동 102,세방리버하이빌,용산구
11170|신창동|77-27,서울특별시 용산구 신창동 77-27,대성,용산구
11170|용문동|38-213,서울특별시 용산구 용문동 38-213,대호드림빌(38-213),용산구
11170|용문동|38-235,서울특별시 용산구 용문동 38-235,대성2차,용산구
11170|용문동|38-76,서울특별시 용산구 용문동 38-76,삼성하이츠,용산구
11170|용문동|90,서울특별시 용산구 용문동 90,브라운스톤,용산구
11170|용산동2가|47-17,서울특별시 용산구 용산동2가 47-17,한신,용산구
11170|용산동2가|47-5,서울특별시 용산구 용산동2가 47-5,용암한신,용산구
11170|용산동5가|24,서울특별시 용산구 용산동5가 24,용산파크타워(24-0),용산구
11170|용산동5가|24-1,서울특별시 용산구 용산동5가 24-1,용산파크타워(24-1),용산구
11170|원효로1가|133-3,서울특별시 용산구 원효로1가 133-3,리첸시아용산A,용산구
11170|원효로1가|17-5,서울특별시 용산구 원효로1가 17-5,로얄카운티-2,용산구
11170|원효로1가|17-66,서울특별시 용산구 원효로1가 17-66,로얄카운티-3,용산구
11170|원효로1가|28-7,서울특별시 용산구 원효로1가 28-7,시온캐슬용산,용산구
11170|원효로1가|41,서울특별시 용산구 원효로1가 41,용산더프라임,용산구
11170|원효로1가|46-3,서울특별시 용산구 원효로1가 46-3,용산파크뷰(46-3),용산구
11170|원효로2가|94-2,서울특별시 용산구 원효로2가 94-2,원효,용산구
11170|원효로3가|124-1,서울특별시 용산구 원효로3가 124-1,금성아파트,용산구
11170|원효로3가|277-8,서울특별시 용산구 원효로3가 277-8,용산소미글로벌리버파크,용산구
11170|원효로4가|109-4,서울특별시 용산구 원효로4가 109-4,풍전,용산구
11170|원효로4가|118-16,서울특별시 용산구 원효로4가 118-16,산호,용산구
11170|원효로4가|128-1,서울특별시 용산구 원효로4가 128-1,한강수,용산구
11170|원효로4가|178,서울특별시 용산구 원효로4가 178,강변삼성스위트,용산구
11170|이촌동|193-3,서울특별시 용산구 이촌동 193-3,강변,용산구
11170|이촌동|193-5,서울특별시 용산구 이촌동 193-5,강서,용산구
11170|이촌동|203-14,서울특별시 용산구 이촌동 203-14,장미(203-14),용산구
11170|이촌동|206-27,서울특별시 용산구 이촌동 206-27,이촌시범,용산구
11170|이촌동|211-2,서울특별시 용산구 이촌동 211-2,시범(중산1차),용산구
11170|이촌동|212-41,서울특별시 용산구 이촌동 212-41,G&D용산드림,용산구
11170|이촌동|300-10,서울특별시 용산구 이촌동 300-10,점보,용산구
11170|이촌동|300-11,서울특별시 용산구 이촌동 300-11,왕궁,용산구
11170|이촌동|300-17,서울특별시 용산구 이촌동 300-17,중앙하이츠(A),용산구
11170|이촌동|300-23,서울특별시 용산구 이촌동 300-23,한강맨숀,용산구
11170|이촌동|300-261,서울특별시 용산구 이촌동 300-261,중앙하이츠(B),용산구
11170|이촌동|300-27,서울특별시 용산구 이촌동 300-27,리버뷰,용산구
11170|이촌동|300-3,서울특별시 용산구 이촌동 300-3,렉스,용산구
11170|이촌동|300-301,서울특별시 용산구 이촌동 300-301,삼익,용산구
11170|이촌동|301-10,서울특별시 용산구 이촌동 301-10,로얄맨숀,용산구
11170|이촌동|301-155,서울특별시 용산구 이촌동 301-155,두산위브트레지움,용산구
11170|이촌동|301-160,서울특별시 용산구 이촌동 301-160,현대맨숀,용산구
11170|이촌동|301-170,서울특별시 용산구 이촌동 301-170,반도,용산구
11170|이촌동|302-140,서울특별시 용산구 이촌동 302-140,퀸스리버빌,용산구
11170|이촌동|302-28,서울특별시 용산구 이촌동 302-28,타워맨션,용산구
11170|이촌동|302-45,서울특별시 용산구 이촌동 302-45,노들,용산구
11170|이촌동|302-48,서울특별시 용산구 이촌동 302-48,미주B,용산구
11170|이촌동|302-53#11170-3200,서울특별시 용산구 이촌동 302-53,월드메르디앙,용산구
11170|이촌동|302-53#11170-36,서울특별시 용산구 이촌동 302-53,골든맨숀,용산구
11170|이촌동|302-54,서울특별시 용산구 이촌동 302-54,미주A,용산구
11170|이촌동|302-61,서울특별시 용산구 이촌동 302-61,제일,용산구
11170|이촌동|302-62,서울특별시 용산구 이촌동 302-62,코스모스,용산구
11170|이촌동|302-63,서울특별시 용산구 이촌동 302-63,한강동부,용산구
11170|이촌동|302-64,서울특별시 용산구 이촌동 302-64,장미,용산구
11170|이촌동|302-69,서울특별시 용산구 이촌동 302-69,정우,용산구
11170|이촌동|302-86,서울특별시 용산구 이촌동 302-86,빌라맨션,용산구
11170|이촌동|395,서울특별시 용산구 이촌동 395,대림,용산구
11170|이촌동|399-1,서울특별시 용산구 이촌동 399-1,우성,용산구
11170|이촌동|400,서울특별시 용산구 이촌동 400,현대한강,용산구
11170|이촌동|402,서울특별시 용산구 이촌동 402,강촌,용산구
11170|이촌동|404,서울특별시 용산구 이촌동 404,한가람,용산구
11170|이촌동|411,서울특별시 용산구 이촌동 411,동아그린,용산구
11170|이촌동|412,서울특별시 용산구 이촌동 412,이촌코오롱(A),용산구
11170|이촌동|414,서울특별시 용산구 이촌동 414,이촌코오롱(B),용산구
11170|이촌동|415,서울특별시 용산구 이촌동 415,한강(대우),용산구
11170|이촌동|418,서울특별시 용산구 이촌동 418,동부센트레빌,용산구
11170|이촌동|422,서울특별시 용산구 이촌동 422,북한강(성원),용산구
11170|이촌동|426,서울특별시 용산구 이촌동 426,이촌동삼성리버스위트,용산구
11170|이촌동|430,서울특별시 용산구 이촌동 430,LG한강자이,용산구
11170|이촌동|434,서울특별시 용산구 이촌동 434,동원베네스트,용산구
11170|이촌동|435,서울특별시 용산구 이촌동 435,보람더하임,용산구
11170|이촌동|436,서울특별시 용산구 이촌동 436,래미안첼리투스,용산구
11170|이태원동|102-12,서울특별시 용산구 이태원동 102-12,남산힐레지던스,용산구
11170|이태원동|124-1,서울특별시 용산구 이태원동 124-1,준아트빌,용산구
11170|이태원동|124-12,서울특별시 용산구 이태원동 124-12,메이(124-12),용산구
11170|이태원동|124-13,서울특별시 용산구 이태원동 124-13,ThePlusⅢ,용산구
11170|이태원동|198-16,서울특별시 용산구 이태원동 198-16,마운틴뷰,용산구
11170|이태원동|22-2,서울특별시 용산구 이태원동 22-2,청화1,용산구
11170|이태원동|252-1,서울특별시 용산구 이태원동 252-1,창덕아파트,용산구
11170|이태원동|254-10,서울특별시 용산구 이태원동 254-10,다원,용산구
11170|이태원동|352,서울특별시 용산구 이태원동 352,퍼시픽맨션골드,용산구
11170|이태원동|669,서울특별시 용산구 이태원동 669,용산동아파트,용산구
11170|이태원동|728,서울특별시 용산구 이태원동 728,주공1,용산구
11170|이태원동|729,서울특별시 용산구 이태원동 729,남산대림,용산구
11170|이태원동|730,서울특별시 용산구 이태원동 730,이태원(이테크빌),용산구
11170|주성동|43-21,서울특별시 용산구 주성동 43-21,PRIMAVERAVILL,용산구
11170|청암동|181,서울특별시 용산구 청암동 181,GS자이,용산구
11170|청암동|64-1,서울특별시 용산구 청암동 64-1,SK청암대(64-1),용산구
11170|청암동|64-29,서울특별시 용산구 청암동 64-29,SK청암대(64-29),용산구
11170|청파동1가|1-36,서울특별시 용산구 청파동1가 1-36,아이딜,용산구
11170|청파동1가|84-3,서울특별시 용산구 청파동1가 84-3,목화,용산구
11170|청파동3가|132-13,서울특별시 용산구 청파동3가 132-13,효창PALACEVILLE,용산구
11170|청파동3가|132-15,서울특별시 용산구 청파동3가 132-15,베르체,용산구
11170|청파동3가|132-50,서울특별시 용산구 청파동3가 132-50,한울글로리A,용산구
11170|청파동3가|132-68,서울특별시 용산구 청파동3가 132-68,한울글로리B,용산구
11170|한강로1가|216-11,서울특별시 용산구 한강로1가 216-11,센트럴파크,용산구
11170|한강로1가|231-23,서울특별시 용산구 한강로1가 231-23,삼각아파트C동,용산구
11170|한강로1가|231-24,서울특별시 용산구 한강로1가 231-24,삼각아파트,용산구
11170|한강로1가|50-1,서울특별시 용산구 한강로1가 50-1,용산파크자이,용산구
11170|한강로1가|64,서울특별시 용산구 한강로1가 64,대우월드마크용산,용산구
11170|한강로2가|2-11,서울특별시 용산구 한강로2가 2-11,한강로대우아이빌,용산구
11170|한강로2가|2-185,서울특별시 용산구 한강로2가 2-185,용산아이피아대주피오레,용산구
11170|한강로2가|2-8,서울특별시 용산구 한강로2가 2-8,벽산메가트리움,용산구
11170|한강로2가|417,서울특별시 용산구 한강로2가 417,용산파크e-편한세상,용산구
11170|한강로2가|419,서울특별시 용산구 한강로2가 419,아스테리움용산,용산구
11170|한강로2가|420,서울특별시 용산구 한강로2가 420,용산푸르지오써밋(420),용산구
11170|한강로2가|422,서울특별시 용산구 한강로2가 422,래미안용산더센트럴,용산구
11170|한강로2가|429,서울특별시 용산구 한강로2가 429,호반써밋A.DITION,용산구
11170|한강로3가|16-20,서울특별시 용산구 한강로3가 16-20,원효전자상가,용산구
11170|한강로3가|16-85,서울특별시 용산구 한강로3가 16-85,한강자이에클라트,용산구
11170|한강로3가|63-387,서울특별시 용산구 한강로3가 63-387,시티파크(2단지),용산구
11170|한강로3가|63-389,서울특별시 용산구 한강로3가 63-389,용산시티파크(1단지),용산구
11170|한강로3가|65-230,서울특별시 용산구 한강로3가 65-230,한강대우트럼프월드3,용산구
11170|한강로3가|65-500,서울특별시 용산구 한강로3가 65-500,철우,용산구
11170|한강로3가|65-7,서울특별시 용산구 한강로3가 65-7,시티하우스,용산구
11170|한강로3가|82,서울특별시 용산구 한강로3가 82,전자타운한신(A),용산구
11170|한강로3가|89,서울특별시 용산구 한강로3가 89,쌍용스윗닷홈,용산구
11170|한강로3가|91,서울특별시 용산구 한강로3가 91,우림필유,용산구
11170|한강로3가|98,서울특별시 용산구 한강로3가 98,센트럴파크,용산구
11170|한남동|1-297,서울특별시 용산구 한남동 1-297,로얄튼빌라,용산구
11170|한남동|1-349,서울특별시 용산구 한남동 1-349,시범,용산구
11170|한남동|1-35,서울특별시 용산구 한남동 1-35,유엔맨숀,용산구
11170|한남동|1-44,서울특별시 용산구 한남동 1-44,힐탑트레져1동,용산구
11170|한남동|1-51,서울특별시 용산구 한남동 1-51,한남동UNVILLAGE루하우스,용산구
11170|한남동|258,서울특별시 용산구 한남동 258,리버티하우스,용산구
11170|한남동|26-10,서울특별시 용산구 한남동 26-10,트윈빌비동,용산구
11170|한남동|26-5,서울특별시 용산구 한남동 26-5,트윈빌에이동,용산구
11170|한남동|263-10,서울특별시 용산구 한남동 263-10,성아1,용산구
11170|한남동|27-2,서울특별시 용산구 한남동 27-2,형우베스트빌3차,용산구
11170|한남동|29-4,서울특별시 용산구 한남동 29-4,한성1,용산구
11170|한남동|386,서울특별시 용산구 한남동 386,르가든더메인한남,용산구
11170|한남동|4-18,서울특별시 용산구 한남동 4-18,아울스스퀘어,용산구
11170|한남동|410,서울특별시 용산구 한남동 410,파르크한남,용산구
11170|한남동|522-1,서울특별시 용산구 한남동 522-1,한남동동원베네스트,용산구
11170|한남동|550,서울특별시 용산구 한남동 550,현대하이페리온II,용산구
11170|한남동|644-2,서울특별시 용산구 한남동 644-2,태성1,용산구
11170|한남동|657-107,서울특별시 용산구 한남동 657-107,윌쏘나슈트,용산구
11170|한남동|657-33,서울특별시 용산구 한남동 657-33,오페라하우스3차,용산구
11170|한남동|665-2,서울특별시 용산구 한남동 665-2,오페라하우스WEST,용산구
11170|한남동|684-82,서울특별시 용산구 한남동 684-82,뉴캐슬하우스,용산구
11170|한남동|684-85,서울특별시 용산구 한남동 684-85,아일랜드캐슬,용산구
11170|한남동|686-30,서울특별시 용산구 한남동 686-30,한남로얄팰리스,용산구
11170|한남동|72-1,서울특별시 용산구 한남동 72-1,한남동리첸시아,용산구
11170|한남동|723-3,서울특별시 용산구 한남동 723-3,한남하우스,용산구
11170|한남동|726-74,서울특별시 용산구 한남동 726-74,남산맨션,용산구
11170|한남동|732-19,서울특별시 용산구 한남동 732-19,장미1,용산구
11170|한남동|737-28,서울특별시 용산구 한남동 737-28,현대안성타워,용산구
11170|한남동|737-60,서울특별시 용산구 한남동 737-60,스카이빌2,용산구
11170|한남동|799,서울특별시 용산구 한남동 799,효성빌리지,용산구
11170|한남동|802,서울특별시 용산구 한남동 802,리버탑,용산구
11170|한남동|805,서울특별시 용산구 한남동 805,현대하이페리온,용산구
11170|한남동|807,서울특별시 용산구 한남동 807,한남힐스테이트,용산구
11170|한남동|808,서울특별시 용산구 한남동 808,대림아르빌,용산구
11170|한남동|809,서울특별시 용산구 한남동 809,대성이태리하우스,용산구
11170|한남동|810,서울특별시 용산구 한남동 810,한남더힐,용산구
11170|한남동|825,서울특별시 용산구 한남동 825,한남파라곤,용산구
11170|한남동|827,서울특별시 용산구 한남동 827,한남해피트리,용산구
11170|한남동|828,서울특별시 용산구 한남동 828,한남아이파크애비뉴,용산구
11170|한남동|829,서울특별시 용산구 한남동 829,나인원한남,용산구
11170|한남동|96-3,서울특별시 용산구 한남동 96-3,신성미소시티,용산구
11170|효창동|130-2,서울특별시 용산구 효창동 130-2,아이딜,용산구
11170|효창동|268,서울특별시 용산구 효창동 268,세양청마루,용산구
11170|효창동|272,서울특별시 용산구 효창동 272,효창베네스,용산구
11170|효창동|274,서울특별시 용산구 효창동 274,효창파크푸르지오,용산구
11170|효창동|286,서울특별시 용산구 효창동 286,용산케이씨씨스위첸,용산구
11170|효창동|287,서울특별시 용산구 효창동 287,용산롯데캐슬센터포레,용산구
11170|효창동|288,서울특별시 용산구 효창동 288,용산데시앙포레,용산구
11170|효창동|3-197,서울특별시 용산구 효창동 3-197,효창,용산구
11170|효창동|3-3,서울특별시 용산구 효창동 3-3,효삼골드빌,용산구
11170|효창동|3-4,서울특별시 용산구 효창동 3-4,효창로즈,용산구
11170|효창동|5-1,서울특별시 용산구 효창동 5-1,태원팰리스,용산구
11170|효창동|5-11,서울특별시 용산구 효창동 5-11,현대아트빌,용산구
11170|효창동|5-127,서울특별시 용산구 효창동 5-127,울트라멤버스,용산구
11170|효창동|5-145,서울특별시 용산구 효창동 5-145,효창한신,용산구
11170|효창동|5-158,서울특별시 용산구 효창동 5-158,효창아트빌2차,용산구
11170|효창동|5-17,서울특별시 용산구 효창동 5-17,세인트힐,용산구
11170|효창동|5-258,서울특별시 용산구 효창동 5-258,대성효창,용산구
11170|효창동|5-262,서울특별시 용산구 효창동 5-262,예빌리지,용산구
11170|효창동|5-42,서울특별시 용산구 효창동 5-42,아인하우스,용산구
11170|효창동|5-45,서울특별시 용산구 효창동 5-45,화이트타운,용산구
11170|효창동|5-47,서울특별시 용산구 효창동 5-47,효창드림빌,용산구
11170|효창동|5-49,서울특별시 용산구 효창동 5-49,효창팰리스2차,용산구
11170|효창동|5-495,서울특별시 용산구 효창동 5-495,효창맨션,용산구
11170|효창동|5-606,서울특별시 용산구 효창동 5-606,로얄카운티,용산구
11170|효창동|5-72,서울특별시 용산구 효창동 5-72,임선웰빙아파트,용산구
11170|후암동|1-10,서울특별시 용산구 후암동 1-10,남산애지앙,용산구
11170|후암동|1-20,서울특별시 용산구 후암동 1-20,후암맨션,용산구
11170|후암동|123-51,서울특별시 용산구 후암동 123-51,삼안리치10차,용산구
11170|후암동|143-23,서울특별시 용산구 후암동 143-23,삼안리치8차,용산구
11170|후암동|244-106,서울특별시 용산구 후암동 244-106,후암,용산구
11170|후암동|244-143,서울특별시 용산구 후암동 244-143,혜당,용산구
11170|후암동|244-5,서울특별시 용산구 후암동 244-5,행남그랜드,용산구
11170|후암동|244-86,서울특별시 용산구 후암동 244-86,신후암,용산구
11170|후암동|244-87,서울특별시 용산구 후암동 244-87,예빌리지,용산구
11170|후암동|244-88,서울특별시 용산구 후암동 244-88,힐튼빌리지2차,용산구
11170|후암동|244-90,서울특별시 용산구 후암동 244-90,명남아띠팰리스,용산구
11170|후암동|244-91,서울특별시 용산구 후암동 244-91,힐튼빌리지1차,용산구
11170|후암동|244-99,서울특별시 용산구 후암동 244-99,화인,용산구
11170|후암동|302,서울특별시 용산구 후암동 302,신주에지앙,용산구
11170|후암동|41-1,서울특별시 용산구 후암동 41-1,몬테피오레,용산구
11170|후암동|423-1,서울특별시 용산구 후암동 423-1,후암미주,용산구
11170|후암동|426,서울특별시 용산구 후암동 426,뉴후암,용산구
11170|후암동|438-7,서울특별시 용산구 후암동 438-7,제일,용산구
11170|후암동|458,서울특별시 용산구 후암동 458,브라운스톤남산,용산구
11170|후암동|55-20,서울특별시 용산구 후암동 55-20,프리마베라빌,용산구
11170|후암동|55-24,서울특별시 용산구 후암동 55-24,미소가,용산구
11200|금호동1가|128-4,서울특별시 성동구 금호동1가 128-4,푸른마을(8차),성동구
11200|금호동1가|128-5,서울특별시 성동구 금호동1가 128-5,신금호,성동구
11200|금호동1가|1500,서울특별시 성동구 금호동1가 1500,금호삼성래미안,성동구
11200|금호동1가|1818,서울특별시 성동구 금호동1가 1818,신금호두산위브,성동구
11200|금호동1가|1823,서울특별시 성동구 금호동1가 1823,이편한세상금호파크힐스,성동구
11200|금호동1가|598-12,서울특별시 성동구 금호동1가 598-12,굿모닝하이츠,성동구
11200|금호동1가|633,서울특별시 성동구 금호동1가 633,벽산,성동구
11200|금호동1가|635,서울특별시 성동구 금호동1가 635,하나,성동구
11200|금호동2가|1,서울특별시 성동구 금호동2가 1,신금호파크자이,성동구
11200|금호동2가|1215,서울특별시 성동구 금호동2가 1215,금호자이1차,성동구
11200|금호동2가|1217,서울특별시 성동구 금호동2가 1217,래미안하이리버,성동구
11200|금호동2가|500-7,서울특별시 성동구 금호동2가 500-7,상기,성동구
11200|금호동3가|1331,서울특별시 성동구 금호동3가 1331,두산,성동구
11200|금호동3가|1662,서울특별시 성동구 금호동3가 1662,금호한신,성동구
11200|금호동3가|700,서울특별시 성동구 금호동3가 700,금호자이2차,성동구
11200|금호동3가|917,서울특별시 성동구 금호동3가 917,금호1차푸르지오,성동구
11200|금호동4가|1250,서울특별시 성동구 금호동4가 1250,롯데,성동구
11200|금호동4가|1507,서울특별시 성동구 금호동4가 1507,브라운스톤금호,성동구
11200|금호동4가|1550,서울특별시 성동구 금호동4가 1550,브라운스톤2차,성동구
11200|금호동4가|1553,서울특별시 성동구 금호동4가 1553,힐스테이트서울숲리버,성동구
11200|금호동4가|1555,서울특별시 성동구 금호동4가 1555,서울숲르씨엘,성동구
11200|금호동4가|180,서울특별시 성동구 금호동4가 180,삼산금호,성동구
11200|금호동4가|235,서울특별시 성동구 금호동4가 235,서울숲2차푸르지오,성동구
11200|금호동4가|340,서울특별시 성동구 금호동4가 340,서울숲푸르지오,성동구
11200|금호동4가|800,서울특별시 성동구 금호동4가 800,대우,성동구
11200|금호동4가|97-1,서울특별시 성동구 금호동4가 97-1,리버마이다스빌,성동구
11200|도선동|69,서울특별시 성동구 도선동 69,삼성쉐르빌,성동구
11200|마장동|512-2,서울특별시 성동구 마장동 512-2,한건토파즈빌,성동구
11200|마장동|767-1,서울특별시 성동구 마장동 767-1,장원,성동구
11200|마장동|768-1,서울특별시 성동구 마장동 768-1,아트리움,성동구
11200|마장동|768-17,서울특별시 성동구 마장동 768-17,행복드림,성동구
11200|마장동|778-1,서울특별시 성동구 마장동 778-1,삼웅아파트1동,성동구
11200|마장동|778-2,서울특별시 성동구 마장동 778-2,삼웅아파트2동,성동구
11200|마장동|783-5,서울특별시 성동구 마장동 783-5,한영스테이,성동구
11200|마장동|784,서울특별시 성동구 마장동 784,세림,성동구
11200|마장동|797-3,서울특별시 성동구 마장동 797-3,마장동해맑은아파트,성동구
11200|마장동|817,서울특별시 성동구 마장동 817,왕십리삼성아파트,성동구
11200|마장동|818,서울특별시 성동구 마장동 818,현대,성동구
11200|마장동|819,서울특별시 성동구 마장동 819,마장동중앙하이츠,성동구
11200|마장동|820,서울특별시 성동구 마장동 820,왕십리금호어울림,성동구
11200|마장동|822,서울특별시 성동구 마장동 822,신성미소지움,성동구
11200|마장동|825,서울특별시 성동구 마장동 825,대성유니드,성동구
11200|마장동|829,서울특별시 성동구 마장동 829,태성,성동구
11200|마장동|830,서울특별시 성동구 마장동 830,신명스카이뷰,성동구
11200|마장동|834,서울특별시 성동구 마장동 834,삼성홈타운,성동구
11200|마장동|835,서울특별시 성동구 마장동 835,우성에비뉴,성동구
11200|마장동|836,서울특별시 성동구 마장동 836,라봄성동,성동구
11200|사근동|198-1,서울특별시 성동구 사근동 198-1,드림시드,성동구
11200|사근동|199,서울특별시 성동구 사근동 199,중앙하이츠,성동구
11200|사근동|314,서울특별시 성동구 사근동 314,벽산,성동구
11200|사근동|315,서울특별시 성동구 사근동 315,한양마이라움,성동구
11200|상왕십리동|12-47,서울특별시 성동구 상왕십리동 12-47,센트럴큐브,성동구
11200|상왕십리동|811,서울특별시 성동구 상왕십리동 811,텐즈힐(2단지),성동구
11200|성수동1가|13-157,서울특별시 성동구 성수동1가 13-157,뚝섬현대,성동구
11200|성수동1가|33-2,서울특별시 성동구 성수동1가 33-2,현대그린,성동구
11200|성수동1가|479-1,서울특별시 성동구 성수동1가 479-1,강변동양,성동구
11200|성수동1가|656-234,서울특별시 성동구 성수동1가 656-234,서울숲대림,성동구
11200|성수동1가|656-320,서울특별시 성동구 성수동1가 656-320,동아,성동구
11200|성수동1가|656-421,서울특별시 성동구 성수동1가 656-421,신장미,성동구
11200|성수동1가|676-5,서울특별시 성동구 성수동1가 676-5,서울숲성수현대,성동구
11200|성수동1가|685-191,서울특별시 성동구 성수동1가 685-191,성수파크빌,성동구
11200|성수동1가|685-696,서울특별시 성동구 성수동1가 685-696,갤러리아포레,성동구
11200|성수동1가|685-700,서울특별시 성동구 성수동1가 685-700,아크로서울포레스트,성동구
11200|성수동1가|704,서울특별시 성동구 성수동1가 704,한진타운,성동구
11200|성수동1가|705,서울특별시 성동구 성수동1가 705,우방,성동구
11200|성수동1가|706,서울특별시 성동구 성수동1가 706,쌍용,성동구
11200|성수동1가|707,서울특별시 성동구 성수동1가 707,서울숲한양현대,성동구
11200|성수동1가|708,서울특별시 성동구 성수동1가 708,동아그린,성동구
11200|성수동1가|709,서울특별시 성동구 성수동1가 709,대우2,성동구
11200|성수동1가|710,서울특별시 성동구 성수동1가 710,강변건영아파트,성동구
11200|성수동1가|714,서울특별시 성동구 성수동1가 714,금호,성동구
11200|성수동1가|715,서울특별시 성동구 성수동1가 715,중앙하이츠빌,성동구
11200|성수동1가|716,서울특별시 성동구 성수동1가 716,우성,성동구
11200|성수동1가|717,서울특별시 성동구 성수동1가 717,서울숲해오름(717-0),성동구
11200|성수동1가|718,서울특별시 성동구 성수동1가 718,트리마제,성동구
11200|성수동1가|721,서울특별시 성동구 성수동1가 721,서울숲아이파크리버포레1차,성동구
11200|성수동1가|723,서울특별시 성동구 성수동1가 723,서울숲아이파크리버포레2차,성동구
11200|성수동2가|223-6,서울특별시 성동구 성수동2가 223-6,삼익,성동구
11200|성수동2가|279-50,서울특별시 성동구 성수동2가 279-50,성수1차대우아파트,성동구
11200|성수동2가|286,서울특별시 성동구 성수동2가 286,성수우방2차아파트,성동구
11200|성수동2가|320-2,서울특별시 성동구 성수동2가 320-2,이화101동,성동구
11200|성수동2가|320-6,서울특별시 성동구 성수동2가 320-6,이화102동,성동구
11200|성수동2가|336-2,서울특별시 성동구 성수동2가 336-2,성동상가,성동구
11200|성수동2가|400,서울특별시 성동구 성수동2가 400,강변현대,성동구
11200|성수동2가|442,서울특별시 성동구 성수동2가 442,한신한강,성동구
11200|성수동2가|609-2,서울특별시 성동구 성수동2가 609-2,강변임광,성동구
11200|성수동2가|712,서울특별시 성동구 성수동2가 712,청구강변1,성동구
11200|성수동2가|745,서울특별시 성동구 성수동2가 745,강변청구3,성동구
11200|성수동2가|830,서울특별시 성동구 성수동2가 830,강변금호타운,성동구
11200|성수동2가|832,서울특별시 성동구 성수동2가 832,금호타운2차아파트,성동구
11200|성수동2가|833,서울특별시 성동구 성수동2가 833,신성미소지움,성동구
11200|성수동2가|834,서울특별시 성동구 성수동2가 834,현대I-PARK,성동구
11200|성수동2가|835,서울특별시 성동구 성수동2가 835,롯데캐슬파크,성동구
11200|성수동2가|836,서울특별시 성동구 성수동2가 836,서울숲금강아미움,성동구
11200|성수동2가|837,서울특별시 성동구 성수동2가 837,우성2차,성동구
11200|성수동2가|838,서울특별시 성동구 성수동2가 838,성수동두산위브,성동구
11200|성수동2가|840,서울특별시 성동구 성수동2가 840,대명루첸,성동구
11200|성수동2가|843,서울특별시 성동구 성수동2가 843,서울숲힐스테이트,성동구
11200|성수동2가|846,서울특별시 성동구 성수동2가 846,E-아름다운세상,성동구
11200|송정동|103,서울특별시 성동구 송정동 103,금호베스트빌,성동구
11200|송정동|104,서울특별시 성동구 송정동 104,서울숲아이파크,성동구
11200|송정동|67-5,서울특별시 성동구 송정동 67-5,히페리온리버팰리스,성동구
11200|송정동|72-25,서울특별시 성동구 송정동 72-25,성동리버뷰,성동구
11200|송정동|90,서울특별시 성동구 송정동 90,건영,성동구
11200|송정동|97,서울특별시 성동구 송정동 97,양지쉐르빌아파트,성동구
11200|신당동|845,서울특별시 성동구 신당동 845,한진해모로,성동구
11200|옥수동|100,서울특별시 성동구 옥수동 100,옥수하이츠,성동구
11200|옥수동|12,서울특별시 성동구 옥수동 12,동인샤인빌,성동구
11200|옥수동|191-3,서울특별시 성동구 옥수동 191-3,벽산빌라트,성동구
11200|옥수동|220-1,서울특별시 성동구 옥수동 220-1,한남하이츠,성동구
11200|옥수동|220-2,서울특별시 성동구 옥수동 220-2,레미테지,성동구
11200|옥수동|250,서울특별시 성동구 옥수동 250,옥수삼성,성동구
11200|옥수동|306,서울특별시 성동구 옥수동 306,옥수,성동구
11200|옥수동|365-11,서울특별시 성동구 옥수동 365-11,예건네스빌,성동구
11200|옥수동|4,서울특별시 성동구 옥수동 4,현대,성동구
11200|옥수동|428,서울특별시 성동구 옥수동 428,극동,성동구
11200|옥수동|436#11200-2885,서울특별시 성동구 옥수동 436,"극동그린(임대,103동)",성동구
11200|옥수동|436#11200-39,서울특별시 성동구 옥수동 436,극동그린,성동구
11200|옥수동|436-6,서울특별시 성동구 옥수동 436-6,화이트캐슬,성동구
11200|옥수동|478-1,서울특별시 성동구 옥수동 478-1,모닝빌아파트,성동구
11200|옥수동|528,서울특별시 성동구 옥수동 528,옥수파크힐스101동~116동,성동구
11200|옥수동|528-1,서울특별시 성동구 옥수동 528-1,옥수파크힐스117동~125동,성동구
11200|옥수동|557,서울특별시 성동구 옥수동 557,극동옥정,성동구
11200|옥수동|558,서울특별시 성동구 옥수동 558,옥수이테크빌,성동구
11200|옥수동|559,서울특별시 성동구 옥수동 559,옥수힐,성동구
11200|옥수동|560,서울특별시 성동구 옥수동 560,옥수어울림,성동구
11200|옥수동|561,서울특별시 성동구 옥수동 561,래미안 옥수 리버젠,성동구
11200|옥수동|60,서울특별시 성동구 옥수동 60,풍림아이원,성동구
11200|용답동|15,서울특별시 성동구 용답동 15,중앙하이츠,성동구
11200|용답동|226-4,서울특별시 성동구 용답동 226-4,YM프라젠,성동구
11200|용답동|252,서울특별시 성동구 용답동 252,덕현해밀,성동구
11200|용답동|253,서울특별시 성동구 용답동 253,청계SKVIEW,성동구
11200|응봉동|100,서울특별시 성동구 응봉동 100,대림(1차),성동구
11200|응봉동|15,서울특별시 성동구 응봉동 15,대림강변타운,성동구
11200|응봉동|275,서울특별시 성동구 응봉동 275,신동아,성동구
11200|응봉동|276,서울특별시 성동구 응봉동 276,서울숲리버그린동아아파트,성동구
11200|응봉동|97,서울특별시 성동구 응봉동 97,대림(2차),성동구
11200|응봉동|98,서울특별시 성동구 응봉동 98,금호현대,성동구
11200|하왕십리동|1002,서울특별시 성동구 하왕십리동 1002,왕십리KCC스위첸,성동구
11200|하왕십리동|1050,서울특별시 성동구 하왕십리동 1050,한진해모로,성동구
11200|하왕십리동|1052,서울특별시 성동구 하왕십리동 1052,금호베스트빌,성동구
11200|하왕십리동|1058,서울특별시 성동구 하왕십리동 1058,극동미라주,성동구
11200|하왕십리동|1061,서울특별시 성동구 하왕십리동 1061,왕십리풍림아이원,성동구
11200|하왕십리동|1064,서울특별시 성동구 하왕십리동 1064,왕십리지웰,성동구
11200|하왕십리동|1066,서울특별시 성동구 하왕십리동 1066,텐즈힐(1단지),성동구
11200|하왕십리동|1070,서울특별시 성동구 하왕십리동 1070,센트라스,성동구
11200|하왕십리동|1071,서울특별시 성동구 하왕십리동 1071,왕십리자이,성동구
11200|하왕십리동|258,서울특별시 성동구 하왕십리동 258,벽산,성동구
11200|하왕십리동|887-2,서울특별시 성동구 하왕십리동 887-2,뉴타운,성동구
11200|하왕십리동|890-103,서울특별시 성동구 하왕십리동 890-103,상왕아파트,성동구
11200|하왕십리동|890-115,서울특별시 성동구 하왕십리동 890-115,드림,성동구
11200|하왕십리동|890-446,서울특별시 성동구 하왕십리동 890-446,블루빌,성동구
11200|하왕십리동|966-18,서울특별시 성동구 하왕십리동 966-18,상리제나우스,성동구
11200|하왕십리동|966-19,서울특별시 성동구 하왕십리동 966-19,왕십리지음재,성동구
11200|하왕십리동|990,서울특별시 성동구 하왕십리동 990,한신무학,성동구
11200|하왕십리동|992,서울특별시 성동구 하왕십리동 992,무학현대,성동구
11200|행당동|1-10,서울특별시 성동구 행당동 1-10,(1-10),성동구
11200|행당동|1-115,서울특별시 성동구 행당동 1-115,서울숲한성,성동구
11200|행당동|1-4,서울특별시 성동구 행당동 1-4,우성포커스,성동구
11200|행당동|128,서울특별시 성동구 행당동 128,라체르보푸르지오써밋,성동구
11200|행당동|147,서울특별시 성동구 행당동 147,서울숲삼부아파트,성동구
11200|행당동|344,서울특별시 성동구 행당동 344,신동아,성동구
11200|행당동|345,서울특별시 성동구 행당동 345,두산,성동구
11200|행당동|346,서울특별시 성동구 행당동 346,행당한진타운,성동구
11200|행당동|347,서울특별시 성동구 행당동 347,대림e-편한세상,성동구
11200|행당동|347-4,서울특별시 성동구 행당동 347-4,다울아크로빌,성동구
11200|행당동|349,서울특별시 성동구 행당동 349,서울숲 한신 더 휴,성동구
11200|행당동|364,서울특별시 성동구 행당동 364,행당브라운스톤,성동구
11200|행당동|375#11200-2899,서울특별시 성동구 행당동 375,행당두산위브,성동구
11200|행당동|375#11200-2915,서울특별시 성동구 행당동 375,"행당두산위브(임대,201동)",성동구
11200|행당동|376,서울특별시 성동구 행당동 376,서울숲행당푸르지오,성동구
11200|행당동|377,서울특별시 성동구 행당동 377,서울숲더샵,성동구
11200|행당동|380,서울특별시 성동구 행당동 380,서울숲리버뷰자이,성동구
11200|홍익동|119-1,서울특별시 성동구 홍익동 119-1,홍익한신,성동구
11200|홍익동|366,서울특별시 성동구 홍익동 366,주암해븐,성동구
11200|홍익동|53,서울특별시 성동구 홍익동 53,청계대주파크빌,성동구
11215|광장동|105,서울특별시 광진구 광장동 105,워커힐현대빌,광진구
11215|광장동|107,서울특별시 광진구 광장동 107,동북아스위트힐아파트,광진구
11215|광장동|118,서울특별시 광진구 광장동 118,동북아스위트힐(리버리치빌),광진구
11215|광장동|121,서울특별시 광진구 광장동 121,유진스웰,광진구
11215|광장동|124,서울특별시 광진구 광장동 124,워커힐리버빌,광진구
11215|광장동|125,서울특별시 광진구 광장동 125,워커힐 팰리스,광진구
11215|광장동|131-1,서울특별시 광진구 광장동 131-1,현대리버빌,광진구
11215|광장동|137,서울특별시 광진구 광장동 137,다강리버빌,광진구
11215|광장동|145-8,서울특별시 광진구 광장동 145-8,워커힐,광진구
11215|광장동|148-4,서울특별시 광진구 광장동 148-4,워커힐푸르지오,광진구
11215|광장동|184-1,서울특별시 광진구 광장동 184-1,연세리버빌6차,광진구
11215|광장동|188-27,서울특별시 광진구 광장동 188-27,흥화빌라트,광진구
11215|광장동|218-1#11215-3,서울특별시 광진구 광장동 218-1,극동1,광진구
11215|광장동|218-1#11215-4,서울특별시 광진구 광장동 218-1,극동2,광진구
11215|광장동|250,서울특별시 광진구 광장동 250,신동아파밀리에,광진구
11215|광장동|350-1,서울특별시 광진구 광장동 350-1,광장동현대Ⅰ빌라트,광진구
11215|광장동|453-1,서울특별시 광진구 광장동 453-1,삼성광장2,광진구
11215|광장동|457-24,서울특별시 광진구 광장동 457-24,한강현대아파트,광진구
11215|광장동|484,서울특별시 광진구 광장동 484,현대3,광진구
11215|광장동|530-1,서울특별시 광진구 광장동 530-1,광장르엣지29,광진구
11215|광장동|554-7,서울특별시 광진구 광장동 554-7,현대5,광진구
11215|광장동|561,서울특별시 광진구 광장동 561,삼성광장1,광진구
11215|광장동|565,서울특별시 광진구 광장동 565,"현대8(801동,802동)",광진구
11215|광장동|566,서울특별시 광진구 광장동 566,청구,광진구
11215|광장동|567,서울특별시 광진구 광장동 567,광나루현대,광진구
11215|광장동|569,서울특별시 광진구 광장동 569,현대8(803동),광진구
11215|광장동|570,서울특별시 광진구 광장동 570,상록타워아파트,광진구
11215|광장동|576,서울특별시 광진구 광장동 576,광장현대9단지,광진구
11215|광장동|577,서울특별시 광진구 광장동 577,현대파크빌,광진구
11215|광장동|578,서울특별시 광진구 광장동 578,금호베스트빌,광진구
11215|광장동|579,서울특별시 광진구 광장동 579,광장11현대홈타운,광진구
11215|광장동|580,서울특별시 광진구 광장동 580,현대홈타운12차,광진구
11215|광장동|581,서울특별시 광진구 광장동 581,광장자이,광진구
11215|광장동|582,서울특별시 광진구 광장동 582,광장힐스테이트,광진구
11215|광장동|583,서울특별시 광진구 광장동 583,포제스한강,광진구
11215|구의동|16-26,서울특별시 광진구 구의동 16-26,삼성로얄아파트,광진구
11215|구의동|198-4,서울특별시 광진구 구의동 198-4,광남캐스빌(198-4),광진구
11215|구의동|198-5,서울특별시 광진구 구의동 198-5,강변아파트,광진구
11215|구의동|199-18,서울특별시 광진구 구의동 199-18,삼성쉐르빌,광진구
11215|구의동|199-23,서울특별시 광진구 구의동 199-23,현대13차폴라트리움,광진구
11215|구의동|205-18,서울특별시 광진구 구의동 205-18,그레이스홈타운(102동),광진구
11215|구의동|205-6,서울특별시 광진구 구의동 205-6,그레이스홈타운(101동),광진구
11215|구의동|208-1,서울특별시 광진구 구의동 208-1,욱현(208-1),광진구
11215|구의동|208-52,서울특별시 광진구 구의동 208-52,우신,광진구
11215|구의동|224-1,서울특별시 광진구 구의동 224-1,하늘애,광진구
11215|구의동|224-7,서울특별시 광진구 구의동 224-7,신덕하이빌,광진구
11215|구의동|225-26,서울특별시 광진구 구의동 225-26,삼성로얄,광진구
11215|구의동|226-12,서울특별시 광진구 구의동 226-12,구의청정,광진구
11215|구의동|231-18,서울특별시 광진구 구의동 231-18,현대팰리스,광진구
11215|구의동|235-30,서울특별시 광진구 구의동 235-30,도성,광진구
11215|구의동|236-25,서울특별시 광진구 구의동 236-25,솔렌시아2,광진구
11215|구의동|237-5,서울특별시 광진구 구의동 237-5,명성,광진구
11215|구의동|244-6,서울특별시 광진구 구의동 244-6,퓨전빌,광진구
11215|구의동|251-177,서울특별시 광진구 구의동 251-177,솔렌시아,광진구
11215|구의동|252-9,서울특별시 광진구 구의동 252-9,AZ0213,광진구
11215|구의동|254-123,서울특별시 광진구 구의동 254-123,대영(1동),광진구
11215|구의동|254-41,서울특별시 광진구 구의동 254-41,대영(2동),광진구
11215|구의동|29-1,서울특별시 광진구 구의동 29-1,성원쌍떼빌,광진구
11215|구의동|31-9,서울특별시 광진구 구의동 31-9,동우아파트,광진구
11215|구의동|45-11,서울특별시 광진구 구의동 45-11,데쟈뷰아파트,광진구
11215|구의동|47-23,서울특별시 광진구 구의동 47-23,해성아파트,광진구
11215|구의동|47-3,서울특별시 광진구 구의동 47-3,선화아파트,광진구
11215|구의동|546-7,서울특별시 광진구 구의동 546-7,구의강변우성아파트,광진구
11215|구의동|547,서울특별시 광진구 구의동 547,강변현대하이엘,광진구
11215|구의동|547-7,서울특별시 광진구 구의동 547-7,광진해모로리버뷰,광진구
11215|구의동|552-6,서울특별시 광진구 구의동 552-6,대성빌라트(552-6),광진구
11215|구의동|56-22,서울특별시 광진구 구의동 56-22,욱현아파트,광진구
11215|구의동|56-6,서울특별시 광진구 구의동 56-6,한솔아파트,광진구
11215|구의동|560-15,서울특별시 광진구 구의동 560-15,청목파크빌,광진구
11215|구의동|57-3,서울특별시 광진구 구의동 57-3,은진아파트5차,광진구
11215|구의동|57-4,서울특별시 광진구 구의동 57-4,노블리스아파트,광진구
11215|구의동|58-25,서울특별시 광진구 구의동 58-25,아차산인앤인W클래스102동,광진구
11215|구의동|58-26,서울특별시 광진구 구의동 58-26,아차산인앤인W클래스101동,광진구
11215|구의동|587-54,서울특별시 광진구 구의동 587-54,구의현대7단지현대홈타운,광진구
11215|구의동|587-58,서울특별시 광진구 구의동 587-58,파르네빌,광진구
11215|구의동|587-6,서울특별시 광진구 구의동 587-6,강변스카이타워,광진구
11215|구의동|587-64,서울특별시 광진구 구의동 587-64,옥산그린타워,광진구
11215|구의동|589-10,서울특별시 광진구 구의동 589-10,아크로리버,광진구
11215|구의동|59-1,서울특별시 광진구 구의동 59-1,스타파크,광진구
11215|구의동|590,서울특별시 광진구 구의동 590,신원빌라트,광진구
11215|구의동|590-7,서울특별시 광진구 구의동 590-7,나크빌라트,광진구
11215|구의동|591-29,서울특별시 광진구 구의동 591-29,우남위시빌,광진구
11215|구의동|596-1,서울특별시 광진구 구의동 596-1,강변힐하우스,광진구
11215|구의동|610,서울특별시 광진구 구의동 610,구의현대6단지,광진구
11215|구의동|611,서울특별시 광진구 구의동 611,구의현대2단지,광진구
11215|구의동|620-6,서울특별시 광진구 구의동 620-6,광남캐스빌,광진구
11215|구의동|631-1,서울특별시 광진구 구의동 631-1,현대프라임,광진구
11215|구의동|656,서울특별시 광진구 구의동 656,새한,광진구
11215|구의동|657,서울특별시 광진구 구의동 657,성동강변파크빌101(강변타워),광진구
11215|구의동|658,서울특별시 광진구 구의동 658,세양,광진구
11215|구의동|659,서울특별시 광진구 구의동 659,세림리오빌,광진구
11215|구의동|660,서울특별시 광진구 구의동 660,구의동현진에버빌,광진구
11215|구의동|662,서울특별시 광진구 구의동 662,아차산한라아파트,광진구
11215|구의동|663,서울특별시 광진구 구의동 663,아차산포레안,광진구
11215|구의동|664,서울특별시 광진구 구의동 664,주성힐스톤,광진구
11215|구의동|665,서울특별시 광진구 구의동 665,파크타운,광진구
11215|구의동|667,서울특별시 광진구 구의동 667,강변에스케이뷰,광진구
11215|구의동|668,서울특별시 광진구 구의동 668,래미안파크스위트,광진구
11215|구의동|670,서울특별시 광진구 구의동 670,광진파크프라이빗,광진구
11215|구의동|671,서울특별시 광진구 구의동 671,구의자이르네,광진구
11215|구의동|680,서울특별시 광진구 구의동 680,e편한세상광진그랜드파크,광진구
11215|구의동|682,서울특별시 광진구 구의동 682,광진파크하우스,광진구
11215|구의동|683,서울특별시 광진구 구의동 683,리마크빌구의,광진구
11215|구의동|71-1,서울특별시 광진구 구의동 71-1,스위트빌(71-1),광진구
11215|구의동|71-6,서울특별시 광진구 구의동 71-6,한영해시안아파트,광진구
11215|구의동|80-37,서울특별시 광진구 구의동 80-37,스타파크아파트,광진구
11215|군자동|100-109,서울특별시 광진구 군자동 100-109,서원힐탑,광진구
11215|군자동|100-2,서울특별시 광진구 군자동 100-2,현대(힐탑),광진구
11215|군자동|343-12,서울특별시 광진구 군자동 343-12,호동,광진구
11215|군자동|346-18,서울특별시 광진구 군자동 346-18,홍익봄마을(101동),광진구
11215|군자동|346-44,서울특별시 광진구 군자동 346-44,홍익봄마을(102동),광진구
11215|군자동|355-5,서울특별시 광진구 군자동 355-5,에피소드1,광진구
11215|군자동|358-9,서울특별시 광진구 군자동 358-9,광진동양파라곤2단지,광진구
11215|군자동|360-20,서울특별시 광진구 군자동 360-20,광진동양파라곤1단지,광진구
11215|군자동|503,서울특별시 광진구 군자동 503,광진We’vePark,광진구
11215|군자동|99,서울특별시 광진구 군자동 99,일성파크,광진구
11215|능동|246-11,서울특별시 광진구 능동 246-11,(246-11),광진구
11215|능동|283-9,서울특별시 광진구 능동 283-9,그린,광진구
11215|자양동|219-11,서울특별시 광진구 자양동 219-11,자양동명진센트라임,광진구
11215|자양동|219-31,서울특별시 광진구 자양동 219-31,태천해오름주상복합,광진구
11215|자양동|227-7,서울특별시 광진구 자양동 227-7,더샵스타시티,광진구
11215|자양동|24-28,서울특별시 광진구 자양동 24-28,청정(A),광진구
11215|자양동|24-31,서울특별시 광진구 자양동 24-31,청정(B),광진구
11215|자양동|498-2,서울특별시 광진구 자양동 498-2,한강로얄,광진구
11215|자양동|507-6,서울특별시 광진구 자양동 507-6,이튼타워리버2차,광진구
11215|자양동|510-5,서울특별시 광진구 자양동 510-5,이튼타워리버1차,광진구
11215|자양동|515-1,서울특별시 광진구 자양동 515-1,우성6,광진구
11215|자양동|516,서울특별시 광진구 자양동 516,우성3,광진구
11215|자양동|520-2,서울특별시 광진구 자양동 520-2,우성2,광진구
11215|자양동|553-314,서울특별시 광진구 자양동 553-314,대종리버빌,광진구
11215|자양동|553-41,서울특별시 광진구 자양동 553-41,우성5,광진구
11215|자양동|57-103,서울특별시 광진구 자양동 57-103,한강극동,광진구
11215|자양동|578,서울특별시 광진구 자양동 578,우성4,광진구
11215|자양동|579,서울특별시 광진구 자양동 579,우성1,광진구
11215|자양동|582-15,서울특별시 광진구 자양동 582-15,금성,광진구
11215|자양동|587-6,서울특별시 광진구 자양동 587-6,대원리버빌,광진구
11215|자양동|588,서울특별시 광진구 자양동 588,태원강변,광진구
11215|자양동|588-20,서울특별시 광진구 자양동 588-20,진넥스빌,광진구
11215|자양동|591-12,서울특별시 광진구 자양동 591-12,신호빌라트,광진구
11215|자양동|591-13,서울특별시 광진구 자양동 591-13,한강이레,광진구
11215|자양동|607-31,서울특별시 광진구 자양동 607-31,명성,광진구
11215|자양동|610-47,서울특별시 광진구 자양동 610-47,도성,광진구
11215|자양동|624-45,서울특별시 광진구 자양동 624-45,대원캐슬빌,광진구
11215|자양동|636-11,서울특별시 광진구 자양동 636-11,그랜드아파트,광진구
11215|자양동|641,서울특별시 광진구 자양동 641,경남,광진구
11215|자양동|642,서울특별시 광진구 자양동 642,자양현대5,광진구
11215|자양동|643-19,서울특별시 광진구 자양동 643-19,기산빌라트,광진구
11215|자양동|643-23,서울특별시 광진구 자양동 643-23,현대빌라트(643-23),광진구
11215|자양동|644,서울특별시 광진구 자양동 644,로얄동아,광진구
11215|자양동|645-1,서울특별시 광진구 자양동 645-1,자양동삼성,광진구
11215|자양동|645-5,서울특별시 광진구 자양동 645-5,자양동현대,광진구
11215|자양동|658-14,서울특별시 광진구 자양동 658-14,자양,광진구
11215|자양동|663-21,서울특별시 광진구 자양동 663-21,와이엠프라젠스파,광진구
11215|자양동|665,서울특별시 광진구 자양동 665,그린,광진구
11215|자양동|666-28,서울특별시 광진구 자양동 666-28,경남아너스빌,광진구
11215|자양동|670,서울특별시 광진구 자양동 670,현대3,광진구
11215|자양동|672,서울특별시 광진구 자양동 672,한솔리베르,광진구
11215|자양동|673,서울특별시 광진구 자양동 673,현대강변,광진구
11215|자양동|678-8,서울특별시 광진구 자양동 678-8,자양훼밀리,광진구
11215|자양동|690-58,서울특별시 광진구 자양동 690-58,파라다이스리버빌,광진구
11215|자양동|695,서울특별시 광진구 자양동 695,한양,광진구
11215|자양동|761,서울특별시 광진구 자양동 761,자양2현대,광진구
11215|자양동|762,서울특별시 광진구 자양동 762,한라아파트,광진구
11215|자양동|767,서울특별시 광진구 자양동 767,스카이빌1차,광진구
11215|자양동|769-1,서울특별시 광진구 자양동 769-1,노블스카이,광진구
11215|자양동|769-3,서울특별시 광진구 자양동 769-3,스카이빌2차,광진구
11215|자양동|770-1,서울특별시 광진구 자양동 770-1,유림,광진구
11215|자양동|770-2,서울특별시 광진구 자양동 770-2,삼성홈타운,광진구
11215|자양동|779-11,서울특별시 광진구 자양동 779-11,구의현대하이엘,광진구
11215|자양동|779-8,서울특별시 광진구 자양동 779-8,구의현대홈시티,광진구
11215|자양동|783-1,서울특별시 광진구 자양동 783-1,자양우성7,광진구
11215|자양동|784-1,서울특별시 광진구 자양동 784-1,대동,광진구
11215|자양동|786,서울특별시 광진구 자양동 786,자양현대6,광진구
11215|자양동|787,서울특별시 광진구 자양동 787,자양삼성,광진구
11215|자양동|788,서울특별시 광진구 자양동 788,자양7차현대홈타운,광진구
11215|자양동|789,서울특별시 광진구 자양동 789,자양8차현대홈타운,광진구
11215|자양동|790,서울특별시 광진구 자양동 790,자양9차현대홈타운,광진구
11215|자양동|791,서울특별시 광진구 자양동 791,금강KCC,광진구
11215|자양동|792,서울특별시 광진구 자양동 792,자양10차현대홈타운,광진구
11215|자양동|793,서울특별시 광진구 자양동 793,우방리버파크,광진구
11215|자양동|798-3,서울특별시 광진구 자양동 798-3,대보아파트(798-3),광진구
11215|자양동|798-4,서울특별시 광진구 자양동 798-4,대보아파트(798-4),광진구
11215|자양동|809,서울특별시 광진구 자양동 809,자양강변I-Park,광진구
11215|자양동|810,서울특별시 광진구 자양동 810,자양힐101동,광진구
11215|자양동|811,서울특별시 광진구 자양동 811,광진하나플러스,광진구
11215|자양동|813,서울특별시 광진구 자양동 813,광진하우스토리한강,광진구
11215|자양동|829,서울특별시 광진구 자양동 829,한강현대,광진구
11215|자양동|830,서울특별시 광진구 자양동 830,한강아남,광진구
11215|자양동|831-1,서울특별시 광진구 자양동 831-1,한강성원,광진구
11215|자양동|853,서울특별시 광진구 자양동 853,한화꿈에그린,광진구
11215|자양동|854,서울특별시 광진구 자양동 854,광진트라팰리스,광진구
11215|자양동|855,서울특별시 광진구 자양동 855,이튼타워리버3차,광진구
11215|자양동|856,서울특별시 광진구 자양동 856,이튼타워리버5차,광진구
11215|자양동|858,서울특별시 광진구 자양동 858,한영해시안,광진구
11215|자양동|859,서울특별시 광진구 자양동 859,래미안프리미어팰리스,광진구
11215|자양동|860,서울특별시 광진구 자양동 860,테라팰리스건대2차,광진구
11215|자양동|861,서울특별시 광진구 자양동 861,자양호반써밋,광진구
11215|자양동|862,서울특별시 광진구 자양동 862,자양하늘채베르,광진구
11215|자양동|863,서울특별시 광진구 자양동 863,롯데캐슬리버파크시그니쳐,광진구
11215|자양동|87-1,서울특별시 광진구 자양동 87-1,한강우성,광진구
11215|자양동|870,서울특별시 광진구 자양동 870,이스트폴,광진구
11215|중곡동|107-4,서울특별시 광진구 중곡동 107-4,삼보드림,광진구
11215|중곡동|109-11,서울특별시 광진구 중곡동 109-11,랜드,광진구
11215|중곡동|109-13,서울특별시 광진구 중곡동 109-13,삼성로얄2,광진구
11215|중곡동|109-2,서울특별시 광진구 중곡동 109-2,삼성로얄3,광진구
11215|중곡동|109-9,서울특별시 광진구 중곡동 109-9,삼성로얄,광진구
11215|중곡동|110-33,서울특별시 광진구 중곡동 110-33,예다움,광진구
11215|중곡동|120-18,서울특별시 광진구 중곡동 120-18,대광그린,광진구
11215|중곡동|130-1,서울특별시 광진구 중곡동 130-1,그린트리,광진구
11215|중곡동|130-5,서울특별시 광진구 중곡동 130-5,주성AURA,광진구
11215|중곡동|133-7,서울특별시 광진구 중곡동 133-7,대영1동,광진구
11215|중곡동|133-9,서울특별시 광진구 중곡동 133-9,대영2동,광진구
11215|중곡동|135-13,서울특별시 광진구 중곡동 135-13,두리,광진구
11215|중곡동|168-1,서울특별시 광진구 중곡동 168-1,에이탑,광진구
11215|중곡동|186-9,서울특별시 광진구 중곡동 186-9,삼성베스트빌(31차),광진구
11215|중곡동|190-26,서울특별시 광진구 중곡동 190-26,중곡2단지,광진구
11215|중곡동|190-29,서울특별시 광진구 중곡동 190-29,엘림퍼스트중곡동,광진구
11215|중곡동|191-77,서울특별시 광진구 중곡동 191-77,중곡1단지,광진구
11215|중곡동|231-1,서울특별시 광진구 중곡동 231-1,신성그랜드타워,광진구
11215|중곡동|238-6,서울특별시 광진구 중곡동 238-6,한영해시안아파트,광진구
11215|중곡동|252-8,서울특별시 광진구 중곡동 252-8,진흥아르미,광진구
11215|중곡동|254-12,서울특별시 광진구 중곡동 254-12,호동,광진구
11215|중곡동|292,서울특별시 광진구 중곡동 292,에스케이,광진구
11215|중곡동|35-10,서울특별시 광진구 중곡동 35-10,웰빙,광진구
11215|중곡동|51-31,서울특별시 광진구 중곡동 51-31,그랑,광진구
11215|중곡동|609,서울특별시 광진구 중곡동 609,삼민,광진구
11215|중곡동|62-68,서울특별시 광진구 중곡동 62-68,대영(62-68),광진구
11215|중곡동|624-19,서울특별시 광진구 중곡동 624-19,테라팰리스중곡1,광진구
11215|중곡동|646-10,서울특별시 광진구 중곡동 646-10,광남캐스빌3차,광진구
11215|중곡동|647-1,서울특별시 광진구 중곡동 647-1,삼보글로벌101동,광진구
11215|중곡동|647-2,서울특별시 광진구 중곡동 647-2,삼보글로벌102동,광진구
11215|중곡동|68-6,서울특별시 광진구 중곡동 68-6,대영(68-6),광진구
11215|중곡동|681,서울특별시 광진구 중곡동 681,성원,광진구
11215|중곡동|683,서울특별시 광진구 중곡동 683,중곡동광덕,광진구
11215|중곡동|699,서울특별시 광진구 중곡동 699,욱현하이브Ⅲ,광진구
11215|중곡동|90-18,서울특별시 광진구 중곡동 90-18,욱현,광진구
11215|중곡동|93-13,서울특별시 광진구 중곡동 93-13,백악관타워,광진구
11215|화양동|110-37,서울특별시 광진구 화양동 110-37,화양타워,광진구
11215|화양동|111-102,서울특별시 광진구 화양동 111-102,아스하임(111-102),광진구
11215|화양동|111-88,서울특별시 광진구 화양동 111-88,신원리브웰화양동주상복합,광진구
11215|화양동|111-89,서울특별시 광진구 화양동 111-89,위너스힐(111-89),광진구
11215|화양동|113-1,서울특별시 광진구 화양동 113-1,광진코지웰,광진구
11215|화양동|116-2,서울특별시 광진구 화양동 116-2,화양동동도센트리움캠퍼스파크,광진구
11215|화양동|17-16,서울특별시 광진구 화양동 17-16,아스하임,광진구
11215|화양동|18-12,서울특별시 광진구 화양동 18-12,광진청년생활,광진구
11215|화양동|20-3,서울특별시 광진구 화양동 20-3,(20-3),광진구
11215|화양동|21-2,서울특별시 광진구 화양동 21-2,브라운스톤,광진구
11215|화양동|23-5,서울특별시 광진구 화양동 23-5,더메종건대,광진구
11215|화양동|234,서울특별시 광진구 화양동 234,화양현대,광진구
11215|화양동|530,서울특별시 광진구 화양동 530,씨즈건대힐스,광진구
11215|화양동|531,서울특별시 광진구 화양동 531,테라팰리스건대1차,광진구
11215|화양동|532,서울특별시 광진구 화양동 532,광진스위트엠아파트,광진구
11215|화양동|9-91,서울특별시 광진구 화양동 9-91,캠퍼스프라자,광진구
11230|답십리동|10,서울특별시 동대문구 답십리동 10,동아,동대문구
11230|답십리동|1000,서울특별시 동대문구 답십리동 1000,래미안엘파인아파트,동대문구
11230|답십리동|1000-1,서울특별시 동대문구 답십리동 1000-1,래미안엘파인(임대),동대문구
11230|답십리동|1001,서울특별시 동대문구 답십리동 1001,한신휴플러스그린파크,동대문구
11230|답십리동|1002,서울특별시 동대문구 답십리동 1002,청계한신휴플러스,동대문구
11230|답십리동|1003,서울특별시 동대문구 답십리동 1003,래미안위브,동대문구
11230|답십리동|1008,서울특별시 동대문구 답십리동 1008,청계와이즈노벨리아,동대문구
11230|답십리동|1009,서울특별시 동대문구 답십리동 1009,힐스테이트청계,동대문구
11230|답십리동|1013,서울특별시 동대문구 답십리동 1013,래미안미드카운티,동대문구
11230|답십리동|1014,서울특별시 동대문구 답십리동 1014,답십리파크자이,동대문구
11230|답십리동|1015,서울특별시 동대문구 답십리동 1015,답십리엘림퍼스트,동대문구
11230|답십리동|1016,서울특별시 동대문구 답십리동 1016,e편한세상답십리아르테포레,동대문구
11230|답십리동|111,서울특별시 동대문구 답십리동 111,답십리대우,동대문구
11230|답십리동|111-1,서울특별시 동대문구 답십리동 111-1,답십리대우(임대),동대문구
11230|답십리동|268-3,서울특별시 동대문구 답십리동 268-3,엘림스퀘어3,동대문구
11230|답십리동|41,서울특별시 동대문구 답십리동 41,동서울한양,동대문구
11230|답십리동|42,서울특별시 동대문구 답십리동 42,동답한신,동대문구
11230|답십리동|464-1,서울특별시 동대문구 답십리동 464-1,신답극동,동대문구
11230|답십리동|465-55,서울특별시 동대문구 답십리동 465-55,한원힐트리움아파트,동대문구
11230|답십리동|488-18,서울특별시 동대문구 답십리동 488-18,센시티16,동대문구
11230|답십리동|493-5,서울특별시 동대문구 답십리동 493-5,클래식타워,동대문구
11230|답십리동|494-1,서울특별시 동대문구 답십리동 494-1,한일노벨리아,동대문구
11230|답십리동|494-2,서울특별시 동대문구 답십리동 494-2,우창프라자,동대문구
11230|답십리동|497-23,서울특별시 동대문구 답십리동 497-23,청계푸르지오시티,동대문구
11230|답십리동|498-7,서울특별시 동대문구 답십리동 498-7,청계지웰에스테이트,동대문구
11230|답십리동|530-15,서울특별시 동대문구 답십리동 530-15,현대썬앤빌청계,동대문구
11230|답십리동|530-4,서울특별시 동대문구 답십리동 530-4,보광타워,동대문구
11230|답십리동|530-5,서울특별시 동대문구 답십리동 530-5,삼희,동대문구
11230|답십리동|645-8,서울특별시 동대문구 답십리동 645-8,신답경남,동대문구
11230|답십리동|75-18,서울특별시 동대문구 답십리동 75-18,그린힐스아파트,동대문구
11230|답십리동|80,서울특별시 동대문구 답십리동 80,답십리청솔우성,동대문구
11230|답십리동|80-2,서울특별시 동대문구 답십리동 80-2,청솔2차우성,동대문구
11230|답십리동|808,서울특별시 동대문구 답십리동 808,대림,동대문구
11230|답십리동|989-1,서울특별시 동대문구 답십리동 989-1,우성그린,동대문구
11230|답십리동|990,서울특별시 동대문구 답십리동 990,두산,동대문구
11230|답십리동|994,서울특별시 동대문구 답십리동 994,답십리한화,동대문구
11230|답십리동|997,서울특별시 동대문구 답십리동 997,세양청마루,동대문구
11230|답십리동|998,서울특별시 동대문구 답십리동 998,두산위브,동대문구
11230|답십리동|999,서울특별시 동대문구 답십리동 999,청계벽산메가트리움,동대문구
11230|신설동|100-26,서울특별시 동대문구 신설동 100-26,포레스트힐시티,동대문구
11230|신설동|109-13,서울특별시 동대문구 신설동 109-13,청계천대성스카이렉스1,동대문구
11230|신설동|398,서울특별시 동대문구 신설동 398,신설에스하임,동대문구
11230|신설동|8-1,서울특별시 동대문구 신설동 8-1,주함해븐아파트,동대문구
11230|신설동|89-38,서울특별시 동대문구 신설동 89-38,더나인,동대문구
11230|신설동|96-48,서울특별시 동대문구 신설동 96-48,신설동역자이르네,동대문구
11230|용두동|100-5,서울특별시 동대문구 용두동 100-5,동대문베네스트,동대문구
11230|용두동|102-172,서울특별시 동대문구 용두동 102-172,홈-스타,동대문구
11230|용두동|104-3,서울특별시 동대문구 용두동 104-3,동대문푸르지오시티(도시형생활주택),동대문구
11230|용두동|104-34,서울특별시 동대문구 용두동 104-34,가우디캐슬,동대문구
11230|용두동|112-8,서울특별시 동대문구 용두동 112-8,한양아이클래스,동대문구
11230|용두동|138-41,서울특별시 동대문구 용두동 138-41,두산베어스타워,동대문구
11230|용두동|138-52,서울특별시 동대문구 용두동 138-52,삼성힐,동대문구
11230|용두동|235-30,서울특별시 동대문구 용두동 235-30,서안팰리스,동대문구
11230|용두동|236-1,서울특별시 동대문구 용두동 236-1,신설동역대우아이빌1,동대문구
11230|용두동|255-49,서울특별시 동대문구 용두동 255-49,청계한양아이클래스,동대문구
11230|용두동|255-66,서울특별시 동대문구 용두동 255-66,청계천대성스카이렉스2,동대문구
11230|용두동|29-1,서울특별시 동대문구 용두동 29-1,리채,동대문구
11230|용두동|39-446,서울특별시 동대문구 용두동 39-446,용두아파트,동대문구
11230|용두동|779,서울특별시 동대문구 용두동 779,신동아,동대문구
11230|용두동|785,서울특별시 동대문구 용두동 785,청재제일타운,동대문구
11230|용두동|790,서울특별시 동대문구 용두동 790,롯데캐슬피렌체,동대문구
11230|용두동|791,서울특별시 동대문구 용두동 791,용두두산위브,동대문구
11230|용두동|792,서울특별시 동대문구 용두동 792,래미안 허브리츠,동대문구
11230|용두동|794,서울특별시 동대문구 용두동 794,용두롯데캐슬리치,동대문구
11230|용두동|795,서울특별시 동대문구 용두동 795,이편한세상청계센트럴포레,동대문구
11230|용두동|796,서울특별시 동대문구 용두동 796,래미안엘리니티,동대문구
11230|용두동|797,서울특별시 동대문구 용두동 797,청량리역해링턴플레이스,동대문구
11230|용두동|798,서울특별시 동대문구 용두동 798,청량리역한양수자인그라시엘,동대문구
11230|용두동|801,서울특별시 동대문구 용두동 801,LOFT129,동대문구
11230|이문동|225,서울특별시 동대문구 이문동 225,대림e-편한세상,동대문구
11230|이문동|254-40,서울특별시 동대문구 이문동 254-40,주성아우라,동대문구
11230|이문동|256-2,서울특별시 동대문구 이문동 256-2,투니온,동대문구
11230|이문동|257-42,서울특별시 동대문구 이문동 257-42,래미안라그란데,동대문구
11230|이문동|257-516,서울특별시 동대문구 이문동 257-516,(257-516),동대문구
11230|이문동|264-368,서울특별시 동대문구 이문동 264-368,삼보스위트홈,동대문구
11230|이문동|291-35,서울특별시 동대문구 이문동 291-35,이문스카이뷰,동대문구
11230|이문동|292-10,서울특별시 동대문구 이문동 292-10,이문동웰츠타워,동대문구
11230|이문동|311,서울특별시 동대문구 이문동 311,래미안이문2차,동대문구
11230|이문동|327-1,서울특별시 동대문구 이문동 327-1,민족통일MJ캠퍼스외대3차,동대문구
11230|이문동|327-4,서울특별시 동대문구 이문동 327-4,민족통일MJ캠퍼스외대2차,동대문구
11230|이문동|327-7,서울특별시 동대문구 이문동 327-7,세진빌딩,동대문구
11230|이문동|329-1,서울특별시 동대문구 이문동 329-1,민족통일MJ캠퍼스외대,동대문구
11230|이문동|425,서울특별시 동대문구 이문동 425,이문삼성래미안아파트,동대문구
11230|이문동|427,서울특별시 동대문구 이문동 427,이문2차푸르지오,동대문구
11230|이문동|428,서울특별시 동대문구 이문동 428,신이문금호어울림,동대문구
11230|이문동|429,서울특별시 동대문구 이문동 429,대성유니드아파트,동대문구
11230|이문동|45,서울특별시 동대문구 이문동 45,대우,동대문구
11230|이문동|54,서울특별시 동대문구 이문동 54,현대,동대문구
11230|이문동|64,서울특별시 동대문구 이문동 64,쌍용,동대문구
11230|이문동|73,서울특별시 동대문구 이문동 73,삼익,동대문구
11230|이문동|84,서울특별시 동대문구 이문동 84,중앙하이츠빌,동대문구
11230|장안동|131-1,서울특별시 동대문구 장안동 131-1,유엔팰리스(131-1),동대문구
11230|장안동|169-48,서울특별시 동대문구 장안동 169-48,대성하이빌(A동),동대문구
11230|장안동|169-54,서울특별시 동대문구 장안동 169-54,대성하이빌(B동),동대문구
11230|장안동|241-13,서울특별시 동대문구 장안동 241-13,동재(A동),동대문구
11230|장안동|241-8,서울특별시 동대문구 장안동 241-8,동재(B동),동대문구
11230|장안동|284-3,서울특별시 동대문구 장안동 284-3,푸른마을(284-3),동대문구
11230|장안동|302-2,서울특별시 동대문구 장안동 302-2,장안동파크뷰,동대문구
11230|장안동|306-10,서울특별시 동대문구 장안동 306-10,새한그린빌(306-10),동대문구
11230|장안동|306-13,서울특별시 동대문구 장안동 306-13,장안트윈B동,동대문구
11230|장안동|306-8,서울특별시 동대문구 장안동 306-8,장안트윈A동,동대문구
11230|장안동|309-6,서울특별시 동대문구 장안동 309-6,SM해그린아파트,동대문구
11230|장안동|309-7,서울특별시 동대문구 장안동 309-7,브이티스타일,동대문구
11230|장안동|310-14,서울특별시 동대문구 장안동 310-14,아인리베(310-14),동대문구
11230|장안동|310-5,서울특별시 동대문구 장안동 310-5,아인리베(310-5),동대문구
11230|장안동|311-6,서울특별시 동대문구 장안동 311-6,화성(311-6),동대문구
11230|장안동|312-7,서울특별시 동대문구 장안동 312-7,SM이로빌5차,동대문구
11230|장안동|312-8,서울특별시 동대문구 장안동 312-8,태솔에버빌,동대문구
11230|장안동|313-7,서울특별시 동대문구 장안동 313-7,신부파스카(313-7),동대문구
11230|장안동|313-8,서울특별시 동대문구 장안동 313-8,르메이에르7차(313-8),동대문구
11230|장안동|319-2,서울특별시 동대문구 장안동 319-2,신부파스카(319-2),동대문구
11230|장안동|319-3,서울특별시 동대문구 장안동 319-3,신부파스카(319-3),동대문구
11230|장안동|319-6,서울특별시 동대문구 장안동 319-6,U-포그니,동대문구
11230|장안동|326-10,서울특별시 동대문구 장안동 326-10,삼성그린,동대문구
11230|장안동|327,서울특별시 동대문구 장안동 327,정은스카이빌101동,동대문구
11230|장안동|329-2,서울특별시 동대문구 장안동 329-2,장안힐스테이트,동대문구
11230|장안동|329-3,서울특별시 동대문구 장안동 329-3,래미안장안2차,동대문구
11230|장안동|332-2,서울특별시 동대문구 장안동 332-2,정은101동(332-2),동대문구
11230|장안동|332-6,서울특별시 동대문구 장안동 332-6,천강(332-6),동대문구
11230|장안동|333-5,서울특별시 동대문구 장안동 333-5,삼현팰리체,동대문구
11230|장안동|334-3,서울특별시 동대문구 장안동 334-3,태솔아파트5차,동대문구
11230|장안동|334-5,서울특별시 동대문구 장안동 334-5,공감대5차(334-5),동대문구
11230|장안동|334-6,서울특별시 동대문구 장안동 334-6,우성2차아파트(334-6),동대문구
11230|장안동|335-10,서울특별시 동대문구 장안동 335-10,태솔아파트4차,동대문구
11230|장안동|335-7,서울특별시 동대문구 장안동 335-7,젬스톤힐즈,동대문구
11230|장안동|335-8,서울특별시 동대문구 장안동 335-8,르미에르장안타운5차,동대문구
11230|장안동|336,서울특별시 동대문구 장안동 336,장안현대홈타운(336),동대문구
11230|장안동|337-2,서울특별시 동대문구 장안동 337-2,월튼파크뷰2차,동대문구
11230|장안동|337-3,서울특별시 동대문구 장안동 337-3,르메이에르장안타운3차,동대문구
11230|장안동|339-7,서울특별시 동대문구 장안동 339-7,네오빌,동대문구
11230|장안동|342-11,서울특별시 동대문구 장안동 342-11,르메이에르장안타운II(342-11),동대문구
11230|장안동|342-13,서울특별시 동대문구 장안동 342-13,광남캐스빌,동대문구
11230|장안동|342-21,서울특별시 동대문구 장안동 342-21,월튼파크뷰(342-21),동대문구
11230|장안동|342-3,서울특별시 동대문구 장안동 342-3,르메이에르장안타운6차,동대문구
11230|장안동|344-1,서울특별시 동대문구 장안동 344-1,르메이에르1차(344-1),동대문구
11230|장안동|344-11,서울특별시 동대문구 장안동 344-11,우정A(344-11),동대문구
11230|장안동|344-2,서울특별시 동대문구 장안동 344-2,다우하임,동대문구
11230|장안동|344-5,서울특별시 동대문구 장안동 344-5,선일크라시아,동대문구
11230|장안동|344-6,서울특별시 동대문구 장안동 344-6,우정B(344-6),동대문구
11230|장안동|344-8,서울특별시 동대문구 장안동 344-8,태솔타운(1차),동대문구
11230|장안동|345-10,서울특별시 동대문구 장안동 345-10,코지언레지던스,동대문구
11230|장안동|346-1,서울특별시 동대문구 장안동 346-1,태솔아파트3차,동대문구
11230|장안동|346-11,서울특별시 동대문구 장안동 346-11,선경이노블,동대문구
11230|장안동|346-2,서울특별시 동대문구 장안동 346-2,태솔아파트2차,동대문구
11230|장안동|346-21,서울특별시 동대문구 장안동 346-21,광진아트빌12차,동대문구
11230|장안동|346-28,서울특별시 동대문구 장안동 346-28,NS파크타운,동대문구
11230|장안동|346-9,서울특별시 동대문구 장안동 346-9,대성장안애캐슬,동대문구
11230|장안동|347-8,서울특별시 동대문구 장안동 347-8,정은스카이빌201동,동대문구
11230|장안동|350-11,서울특별시 동대문구 장안동 350-11,SM이로빌(350-11),동대문구
11230|장안동|350-5,서울특별시 동대문구 장안동 350-5,현대리노빌103동,동대문구
11230|장안동|350-6,서울특별시 동대문구 장안동 350-6,현대리노빌102동,동대문구
11230|장안동|350-7,서울특별시 동대문구 장안동 350-7,현대리노빌101동,동대문구
11230|장안동|351-5,서울특별시 동대문구 장안동 351-5,에메랄드(351-5),동대문구
11230|장안동|354-2,서울특별시 동대문구 장안동 354-2,래미안장안,동대문구
11230|장안동|358-18,서울특별시 동대문구 장안동 358-18,SM이로빌3차(358-18),동대문구
11230|장안동|360-2,서울특별시 동대문구 장안동 360-2,장안SM드림빌(360-2),동대문구
11230|장안동|360-7,서울특별시 동대문구 장안동 360-7,제이슨(360-7),동대문구
11230|장안동|362-7,서울특별시 동대문구 장안동 362-7,SM해그린(362-7),동대문구
11230|장안동|363-11,서울특별시 동대문구 장안동 363-11,정암(363-11),동대문구
11230|장안동|364-7,서울특별시 동대문구 장안동 364-7,스마트트라움,동대문구
11230|장안동|364-9,서울특별시 동대문구 장안동 364-9,태솔타워,동대문구
11230|장안동|365-4,서울특별시 동대문구 장안동 365-4,서희스타힐스,동대문구
11230|장안동|367-11,서울특별시 동대문구 장안동 367-11,태솔타운3차,동대문구
11230|장안동|367-4,서울특별시 동대문구 장안동 367-4,태솔타운2차,동대문구
11230|장안동|371-1,서울특별시 동대문구 장안동 371-1,장안삼성쉐르빌,동대문구
11230|장안동|372-12,서울특별시 동대문구 장안동 372-12,아르떼하임,동대문구
11230|장안동|372-16,서울특별시 동대문구 장안동 372-16,청솔아파트(B동),동대문구
11230|장안동|372-5,서울특별시 동대문구 장안동 372-5,장안뉴시티,동대문구
11230|장안동|372-8,서울특별시 동대문구 장안동 372-8,청명에버아트3차,동대문구
11230|장안동|372-9,서울특별시 동대문구 장안동 372-9,청솔아파트(A동),동대문구
11230|장안동|373-1,서울특별시 동대문구 장안동 373-1,양우내안애애플,동대문구
11230|장안동|373-3,서울특별시 동대문구 장안동 373-3,현대썬앤빌601,동대문구
11230|장안동|373-7,서울특별시 동대문구 장안동 373-7,가야써니빌(373-7),동대문구
11230|장안동|374-8,서울특별시 동대문구 장안동 374-8,가우디트윈캐슬2,동대문구
11230|장안동|374-9,서울특별시 동대문구 장안동 374-9,가우디트윈캐슬1,동대문구
11230|장안동|375-11,서울특별시 동대문구 장안동 375-11,장안동공감대(375-11),동대문구
11230|장안동|375-7,서울특별시 동대문구 장안동 375-7,공감대2차(375-7),동대문구
11230|장안동|378-3,서울특별시 동대문구 장안동 378-3,공감대(378-3),동대문구
11230|장안동|380-1,서울특별시 동대문구 장안동 380-1,공감대(380-1),동대문구
11230|장안동|381-3,서울특별시 동대문구 장안동 381-3,한강훼미리주상복합아파트,동대문구
11230|장안동|382-14,서울특별시 동대문구 장안동 382-14,성진위드빌,동대문구
11230|장안동|382-2,서울특별시 동대문구 장안동 382-2,제이드파크(382-2),동대문구
11230|장안동|382-3,서울특별시 동대문구 장안동 382-3,청명에버아트1차,동대문구
11230|장안동|382-4,서울특별시 동대문구 장안동 382-4,청명에버아트2차,동대문구
11230|장안동|382-5,서울특별시 동대문구 장안동 382-5,태솔아파트1차,동대문구
11230|장안동|383-10,서울특별시 동대문구 장안동 383-10,태솔에버빌2차,동대문구
11230|장안동|383-11,서울특별시 동대문구 장안동 383-11,태솔에버빌3차,동대문구
11230|장안동|384-1,서울특별시 동대문구 장안동 384-1,공감대6차(384-1),동대문구
11230|장안동|385-2,서울특별시 동대문구 장안동 385-2,리치,동대문구
11230|장안동|390-5,서울특별시 동대문구 장안동 390-5,성림(390-5),동대문구
11230|장안동|393-8,서울특별시 동대문구 장안동 393-8,시온,동대문구
11230|장안동|400-1,서울특별시 동대문구 장안동 400-1,청솔브레싱(A동)(400-1),동대문구
11230|장안동|400-3,서울특별시 동대문구 장안동 400-3,(해오름),동대문구
11230|장안동|400-9,서울특별시 동대문구 장안동 400-9,청솔브레싱(B동)(400-9),동대문구
11230|장안동|401-1,서울특별시 동대문구 장안동 401-1,화성(401-1),동대문구
11230|장안동|404-13,서울특별시 동대문구 장안동 404-13,(아이엔에스새터),동대문구
11230|장안동|410-13,서울특별시 동대문구 장안동 410-13,이한센토빌(410-13),동대문구
11230|장안동|415-1,서울특별시 동대문구 장안동 415-1,양지쉐르빌아파트(415-1),동대문구
11230|장안동|415-10,서울특별시 동대문구 장안동 415-10,글로벌팰리스,동대문구
11230|장안동|415-14,서울특별시 동대문구 장안동 415-14,가우디캐슬,동대문구
11230|장안동|416-1,서울특별시 동대문구 장안동 416-1,에스아이팰리스장안센텀,동대문구
11230|장안동|417-10,서울특별시 동대문구 장안동 417-10,베스트빌(417-10),동대문구
11230|장안동|417-11,서울특별시 동대문구 장안동 417-11,형인허브빌102동(417-11),동대문구
11230|장안동|417-3,서울특별시 동대문구 장안동 417-3,형인허브빌101동(417-3),동대문구
11230|장안동|418-4,서울특별시 동대문구 장안동 418-4,장안예원(418-4),동대문구
11230|장안동|424-1,서울특별시 동대문구 장안동 424-1,한일(424-1),동대문구
11230|장안동|426-3,서울특별시 동대문구 장안동 426-3,엘림하우스2차,동대문구
11230|장안동|432-11,서울특별시 동대문구 장안동 432-11,프라하임장안1,동대문구
11230|장안동|432-12,서울특별시 동대문구 장안동 432-12,장안솔렌시아6,동대문구
11230|장안동|437-2,서울특별시 동대문구 장안동 437-2,비젼(437-2),동대문구
11230|장안동|440-1,서울특별시 동대문구 장안동 440-1,상록파라브,동대문구
11230|장안동|440-12,서울특별시 동대문구 장안동 440-12,공감대(440-12),동대문구
11230|장안동|440-2,서울특별시 동대문구 장안동 440-2,상록파라브2차,동대문구
11230|장안동|440-3,서울특별시 동대문구 장안동 440-3,상록파라브3차,동대문구
11230|장안동|440-5,서울특별시 동대문구 장안동 440-5,흥해오크팰리스(440-5),동대문구
11230|장안동|440-7,서울특별시 동대문구 장안동 440-7,상록파라브아파트105동,동대문구
11230|장안동|444-9,서울특별시 동대문구 장안동 444-9,금호(444-9),동대문구
11230|장안동|450-4,서울특별시 동대문구 장안동 450-4,형인허브빌(450-4),동대문구
11230|장안동|454-1,서울특별시 동대문구 장안동 454-1,비젼아파트103동,동대문구
11230|장안동|454-2,서울특별시 동대문구 장안동 454-2,비젼아파트102동,동대문구
11230|장안동|455-1,서울특별시 동대문구 장안동 455-1,비젼아파트101동,동대문구
11230|장안동|455-10,서울특별시 동대문구 장안동 455-10,JS아파트,동대문구
11230|장안동|455-4,서울특별시 동대문구 장안동 455-4,SM이로빌4차B동(455-4),동대문구
11230|장안동|455-5,서울특별시 동대문구 장안동 455-5,SM이로빌4차A동(455-5),동대문구
11230|장안동|456-8,서울특별시 동대문구 장안동 456-8,스타파크아파트,동대문구
11230|장안동|463-10,서울특별시 동대문구 장안동 463-10,장안동우성4차,동대문구
11230|장안동|465-4,서울특별시 동대문구 장안동 465-4,장안동하트리움,동대문구
11230|장안동|466-5,서울특별시 동대문구 장안동 466-5,장안푸르미에,동대문구
11230|장안동|555-1,서울특별시 동대문구 장안동 555-1,한신아파트,동대문구
11230|장안동|556,서울특별시 동대문구 장안동 556,방원예뜨랑,동대문구
11230|장안동|561,서울특별시 동대문구 장안동 561,형인허브빌아파트301동,동대문구
11230|장안동|562,서울특별시 동대문구 장안동 562,우성3차(562),동대문구
11230|장안동|563,서울특별시 동대문구 장안동 563,신부파스카(563),동대문구
11230|장안동|564,서울특별시 동대문구 장안동 564,신일해피트리아파트101동,동대문구
11230|장안동|565,서울특별시 동대문구 장안동 565,대명이룸아파트(565-0),동대문구
11230|장안동|566,서울특별시 동대문구 장안동 566,형인허브빌2차(566),동대문구
11230|장안동|567,서울특별시 동대문구 장안동 567,신일해피트리2차(567),동대문구
11230|장안동|568,서울특별시 동대문구 장안동 568,신일해피트리3차(568),동대문구
11230|장안동|569,서울특별시 동대문구 장안동 569,현대홈타운2차,동대문구
11230|장안동|570,서울특별시 동대문구 장안동 570,청원파크빌,동대문구
11230|장안동|571,서울특별시 동대문구 장안동 571,현대홈타운3차,동대문구
11230|장안동|572,서울특별시 동대문구 장안동 572,은하수드림필,동대문구
11230|장안동|573,서울특별시 동대문구 장안동 573,장한평월드메르디앙,동대문구
11230|장안동|574,서울특별시 동대문구 장안동 574,금강아미움,동대문구
11230|장안동|575,서울특별시 동대문구 장안동 575,장안평월드메르디앙2차,동대문구
11230|장안동|576,서울특별시 동대문구 장안동 576,흥해오크팰리스(576-0),동대문구
11230|장안동|577,서울특별시 동대문구 장안동 577,서광아침의빛,동대문구
11230|장안동|578,서울특별시 동대문구 장안동 578,경남하이빌,동대문구
11230|장안동|579,서울특별시 동대문구 장안동 579,은하수드림빌,동대문구
11230|장안동|580,서울특별시 동대문구 장안동 580,장안위더스빌,동대문구
11230|장안동|581,서울특별시 동대문구 장안동 581,일성트루엘,동대문구
11230|장안동|582,서울특별시 동대문구 장안동 582,홍해오크펠리스3차,동대문구
11230|장안동|583,서울특별시 동대문구 장안동 583,우성5차에비뉴,동대문구
11230|장안동|584,서울특별시 동대문구 장안동 584,형인휴아름101동,동대문구
11230|장안동|586,서울특별시 동대문구 장안동 586,U포그니2차,동대문구
11230|장안동|587,서울특별시 동대문구 장안동 587,동대문더퍼스트데시앙,동대문구
11230|장안동|93-128,서울특별시 동대문구 장안동 93-128,금성아파트,동대문구
11230|장안동|95-1,서울특별시 동대문구 장안동 95-1,장안현대,동대문구
11230|전농동|10,서울특별시 동대문구 전농동 10,전농SK,동대문구
11230|전농동|100-1,서울특별시 동대문구 전농동 100-1,다스하우스,동대문구
11230|전농동|103-22,서울특별시 동대문구 전농동 103-22,세화,동대문구
11230|전농동|103-231,서울특별시 동대문구 전농동 103-231,봄봄하이츠,동대문구
11230|전농동|103-233,서울특별시 동대문구 전농동 103-233,샤인파크,동대문구
11230|전농동|103-340,서울특별시 동대문구 전농동 103-340,씨티빌라트,동대문구
11230|전농동|127-34,서울특별시 동대문구 전농동 127-34,오크밸리,동대문구
11230|전농동|127-359,서울특별시 동대문구 전농동 127-359,퀸즈W청량리역,동대문구
11230|전농동|155,서울특별시 동대문구 전농동 155,전농동삼성래미안,동대문구
11230|전농동|209-44,서울특별시 동대문구 전농동 209-44,퍼시픽하우스44차,동대문구
11230|전농동|32-4,서울특별시 동대문구 전농동 32-4,전농동하우스토리,동대문구
11230|전농동|597-5,서울특별시 동대문구 전농동 597-5,리베르떼,동대문구
11230|전농동|6,서울특별시 동대문구 전농동 6,전농우성,동대문구
11230|전농동|620-47,서울특별시 동대문구 전농동 620-47,청량리역롯데캐슬 SKY-L65,동대문구
11230|전농동|645-2,서울특별시 동대문구 전농동 645-2,동아,동대문구
11230|전농동|687,서울특별시 동대문구 전농동 687,전농동신성미소지움,동대문구
11230|전농동|688,서울특별시 동대문구 전농동 688,래미안아름숲,동대문구
11230|전농동|690,서울특별시 동대문구 전농동 690,래미안크레시티,동대문구
11230|전농동|695,서울특별시 동대문구 전농동 695,동대문롯데캐슬노블레스,동대문구
11230|제기동|1158-10,서울특별시 동대문구 제기동 1158-10,청우,동대문구
11230|제기동|1158-17,서울특별시 동대문구 제기동 1158-17,동성네스트빌(1158-17),동대문구
11230|제기동|1158-18,서울특별시 동대문구 제기동 1158-18,그랜드힐,동대문구
11230|제기동|1158-25,서울특별시 동대문구 제기동 1158-25,월드캐슬,동대문구
11230|제기동|1158-40,서울특별시 동대문구 제기동 1158-40,어반넥서스,동대문구
11230|제기동|1158-6,서울특별시 동대문구 제기동 1158-6,동성네스트빌,동대문구
11230|제기동|120-10,서울특별시 동대문구 제기동 120-10,홍파,동대문구
11230|제기동|1212,서울특별시 동대문구 제기동 1212,한신아파트,동대문구
11230|제기동|1213,서울특별시 동대문구 제기동 1213,어진재,동대문구
11230|제기동|134-73,서울특별시 동대문구 제기동 134-73,효성트럼프,동대문구
11230|제기동|136-3,서울특별시 동대문구 제기동 136-3,리스트안암,동대문구
11230|제기동|153,서울특별시 동대문구 제기동 153,안암골벽산,동대문구
11230|제기동|252,서울특별시 동대문구 제기동 252,이수브라운스톤,동대문구
11230|제기동|274-21,서울특별시 동대문구 제기동 274-21,동성네스트빌2,동대문구
11230|제기동|757-12,서울특별시 동대문구 제기동 757-12,건영스타밸리,동대문구
11230|제기동|892-114,서울특별시 동대문구 제기동 892-114,명경아트빌,동대문구
11230|제기동|892-65,서울특별시 동대문구 제기동 892-65,공성,동대문구
11230|제기동|892-66,서울특별시 동대문구 제기동 892-66,현대,동대문구
11230|제기동|892-68,서울특별시 동대문구 제기동 892-68,경동미주,동대문구
11230|청량리동|205-755,서울특별시 동대문구 청량리동 205-755,청량리신주,동대문구
11230|청량리동|212,서울특별시 동대문구 청량리동 212,홍릉동부,동대문구
11230|청량리동|234-2,서울특별시 동대문구 청량리동 234-2,현대,동대문구
11230|청량리동|235-1,서울특별시 동대문구 청량리동 235-1,미주,동대문구
11230|청량리동|425,서울특별시 동대문구 청량리동 425,광남캐스빌,동대문구
11230|청량리동|60,서울특별시 동대문구 청량리동 60,한신,동대문구
11230|청량리동|738,서울특별시 동대문구 청량리동 738,현대코아,동대문구
11230|청량리동|949,서울특별시 동대문구 청량리동 949,샹그레빌아파트,동대문구
11230|회기동|346-18,서울특별시 동대문구 회기동 346-18,베라체캠퍼스,동대문구
11230|회기동|347-7,서울특별시 동대문구 회기동 347-7,회기아파트(347-7),동대문구
11230|회기동|351,서울특별시 동대문구 회기동 351,회기힐스테이트,동대문구
11230|회기동|60-223,서울특별시 동대문구 회기동 60-223,동일스카이시티3차,동대문구
11230|회기동|60-230,서울특별시 동대문구 회기동 60-230,동일스카이시티2차,동대문구
11230|회기동|65,서울특별시 동대문구 회기동 65,신현대,동대문구
11230|회기동|65-39,서울특별시 동대문구 회기동 65-39,민족통일MJ캠퍼스경희대2차,동대문구
11230|회기동|65-81,서울특별시 동대문구 회기동 65-81,동일스카이씨티,동대문구
11230|회기동|67-3,서울특별시 동대문구 회기동 67-3,민족통일MJ캠퍼스경희대,동대문구
11230|휘경동|106,서울특별시 동대문구 휘경동 106,휘경미소지움,동대문구
11230|휘경동|108-4,서울특별시 동대문구 휘경동 108-4,월드아파트,동대문구
11230|휘경동|109,서울특별시 동대문구 휘경동 109,롯데낙천대,동대문구
11230|휘경동|115,서울특별시 동대문구 휘경동 115,동양1차,동대문구
11230|휘경동|117,서울특별시 동대문구 휘경동 117,동양2차,동대문구
11230|휘경동|172,서울특별시 동대문구 휘경동 172,휘경자이디센시아,동대문구
11230|휘경동|264-2,서울특별시 동대문구 휘경동 264-2,효자워너빌,동대문구
11230|휘경동|281-24,서울특별시 동대문구 휘경동 281-24,현대캐슬,동대문구
11230|휘경동|308-110,서울특별시 동대문구 휘경동 308-110,동성,동대문구
11230|휘경동|336-32,서울특별시 동대문구 휘경동 336-32,캠퍼스드림오피스텔,동대문구
11230|휘경동|363,서울특별시 동대문구 휘경동 363,현대,동대문구
11230|휘경동|365,서울특별시 동대문구 휘경동 365,휘경동일하이빌,동대문구
11230|휘경동|366,서울특별시 동대문구 휘경동 366,동일스위트리버,동대문구
11230|휘경동|367,서울특별시 동대문구 휘경동 367,휘경센트레빌,동대문구
11230|휘경동|368,서울특별시 동대문구 휘경동 368,브라운스톤휘경,동대문구
11230|휘경동|369,서울특별시 동대문구 휘경동 369,휘경제이스카이아파트,동대문구
11230|휘경동|372,서울특별시 동대문구 휘경동 372,휘경SK뷰,동대문구
11230|휘경동|375,서울특별시 동대문구 휘경동 375,휘경해모로프레스티지,동대문구
11230|휘경동|377,서울특별시 동대문구 휘경동 377,이문휘경지웰에스테이트,동대문구
11230|휘경동|43-66,서울특별시 동대문구 휘경동 43-66,휘경,동대문구
11230|휘경동|49-5,서울특별시 동대문구 휘경동 49-5,서울가든,동대문구
11230|휘경동|52,서울특별시 동대문구 휘경동 52,휘경베스트빌현대,동대문구
11230|휘경동|57#11230-53,서울특별시 동대문구 휘경동 57,휘경리오포레아파트(1단지),동대문구
11230|휘경동|57#11230-64,서울특별시 동대문구 휘경동 57,휘경리오포레아파트(2단지),동대문구
11230|휘경동|78,서울특별시 동대문구 휘경동 78,롯데,동대문구
11260|망우동|133-14,서울특별시 중랑구 망우동 133-14,다우하임아파트,중랑구
11260|망우동|133-15,서울특별시 중랑구 망우동 133-15,예아아트월드,중랑구
11260|망우동|178-80,서울특별시 중랑구 망우동 178-80,"염광(5,8,10,11동)",중랑구
11260|망우동|184-13,서울특별시 중랑구 망우동 184-13,주영,중랑구
11260|망우동|184-16,서울특별시 중랑구 망우동 184-16,주영파크뷰,중랑구
11260|망우동|184-6,서울특별시 중랑구 망우동 184-6,망우,중랑구
11260|망우동|202-16,서울특별시 중랑구 망우동 202-16,성도아트빌,중랑구
11260|망우동|207-6,서울특별시 중랑구 망우동 207-6,세움삼익플라주,중랑구
11260|망우동|213-3,서울특별시 중랑구 망우동 213-3,개나리,중랑구
11260|망우동|226,서울특별시 중랑구 망우동 226,경남,중랑구
11260|망우동|236-7,서울특별시 중랑구 망우동 236-7,대보,중랑구
11260|망우동|401-21,서울특별시 중랑구 망우동 401-21,예성그린캐슬2차,중랑구
11260|망우동|460-26,서울특별시 중랑구 망우동 460-26,진명,중랑구
11260|망우동|461-12,서울특별시 중랑구 망우동 461-12,산솔트윈,중랑구
11260|망우동|479,서울특별시 중랑구 망우동 479,한일써너스빌리젠시1단지(101동),중랑구
11260|망우동|490-30,서울특별시 중랑구 망우동 490-30,문수해오름,중랑구
11260|망우동|494-17,서울특별시 중랑구 망우동 494-17,천보,중랑구
11260|망우동|495,서울특별시 중랑구 망우동 495,한일써너스빌리젠시2단지,중랑구
11260|망우동|506-22,서울특별시 중랑구 망우동 506-22,아스테르아파트,중랑구
11260|망우동|506-3,서울특별시 중랑구 망우동 506-3,월드102,중랑구
11260|망우동|506-8,서울특별시 중랑구 망우동 506-8,EGSoulLeader,중랑구
11260|망우동|508-11,서울특별시 중랑구 망우동 508-11,해오름102동,중랑구
11260|망우동|508-14,서울특별시 중랑구 망우동 508-14,해오름101동,중랑구
11260|망우동|508-15,서울특별시 중랑구 망우동 508-15,로얄팰리스주상복합아파트,중랑구
11260|망우동|508-17,서울특별시 중랑구 망우동 508-17,현대,중랑구
11260|망우동|508-27,서울특별시 중랑구 망우동 508-27,다성,중랑구
11260|망우동|508-34,서울특별시 중랑구 망우동 508-34,예원캐슬,중랑구
11260|망우동|508-50,서울특별시 중랑구 망우동 508-50,월드101,중랑구
11260|망우동|508-6,서울특별시 중랑구 망우동 508-6,더하이어,중랑구
11260|망우동|572,서울특별시 중랑구 망우동 572,용마프라자,중랑구
11260|망우동|573,서울특별시 중랑구 망우동 573,신원,중랑구
11260|망우동|574,서울특별시 중랑구 망우동 574,백림금호,중랑구
11260|망우동|575,서울특별시 중랑구 망우동 575,청광,중랑구
11260|망우동|576,서울특별시 중랑구 망우동 576,가야써니빌,중랑구
11260|망우동|577,서울특별시 중랑구 망우동 577,예성그린캐슬,중랑구
11260|망우동|578,서울특별시 중랑구 망우동 578,한진해모로,중랑구
11260|망우동|579,서울특별시 중랑구 망우동 579,한울네세창,중랑구
11260|망우동|580,서울특별시 중랑구 망우동 580,금호어울림(580),중랑구
11260|망우동|580-1,서울특별시 중랑구 망우동 580-1,금호어울림(580-1),중랑구
11260|망우동|582,서울특별시 중랑구 망우동 582,주함해븐(101동),중랑구
11260|망우동|583,서울특별시 중랑구 망우동 583,중랑숲리가,중랑구
11260|망우동|598,서울특별시 중랑구 망우동 598,신내역힐데스하임참좋은아파트,중랑구
11260|망우동|610,서울특별시 중랑구 망우동 610,신내역금강펜테리움센트럴파크,중랑구
11260|망우동|620,서울특별시 중랑구 망우동 620,중랑숲시티프라디움,중랑구
11260|면목동|1-41,서울특별시 중랑구 면목동 1-41,개인택시주택조합(미성아파트),중랑구
11260|면목동|105-4,서울특별시 중랑구 면목동 105-4,건원베스트원,중랑구
11260|면목동|1073,서울특별시 중랑구 면목동 1073,용마한신2,중랑구
11260|면목동|1077-1,서울특별시 중랑구 면목동 1077-1,용마한신,중랑구
11260|면목동|121-32,서울특별시 중랑구 면목동 121-32,한영드림,중랑구
11260|면목동|126-1,서울특별시 중랑구 면목동 126-1,킴스아파트,중랑구
11260|면목동|126-48,서울특별시 중랑구 면목동 126-48,아이쉐르빌,중랑구
11260|면목동|1278,서울특별시 중랑구 면목동 1278,형제,중랑구
11260|면목동|1286-1,서울특별시 중랑구 면목동 1286-1,동일스카이씨티(37차),중랑구
11260|면목동|132-63,서울특별시 중랑구 면목동 132-63,세모하이츠(A),중랑구
11260|면목동|132-64,서울특별시 중랑구 면목동 132-64,세모하이츠(B),중랑구
11260|면목동|1339-2,서울특별시 중랑구 면목동 1339-2,동성네스트빌101,중랑구
11260|면목동|1339-3,서울특별시 중랑구 면목동 1339-3,동성네스트빌102,중랑구
11260|면목동|136-2,서울특별시 중랑구 면목동 136-2,그린캐슬APT,중랑구
11260|면목동|136-77,서울특별시 중랑구 면목동 136-77,미래한건아파트101동,중랑구
11260|면목동|136-96,서울특별시 중랑구 면목동 136-96,미래한건아파트,중랑구
11260|면목동|138-15,서울특별시 중랑구 면목동 138-15,우정아파트,중랑구
11260|면목동|138-28,서울특별시 중랑구 면목동 138-28,한강훼미리(138-28),중랑구
11260|면목동|138-62,서울특별시 중랑구 면목동 138-62,한강훼미리(138-62),중랑구
11260|면목동|142-64,서울특별시 중랑구 면목동 142-64,포인트아파트에이동,중랑구
11260|면목동|142-8,서울특별시 중랑구 면목동 142-8,포인트아파트비동,중랑구
11260|면목동|1499,서울특별시 중랑구 면목동 1499,용마동아,중랑구
11260|면목동|1500,서울특별시 중랑구 면목동 1500,두산1,중랑구
11260|면목동|1501,서울특별시 중랑구 면목동 1501,두산6,중랑구
11260|면목동|1502,서울특별시 중랑구 면목동 1502,현대,중랑구
11260|면목동|1505,서울특별시 중랑구 면목동 1505,리치카운티,중랑구
11260|면목동|1508,서울특별시 중랑구 면목동 1508,동원베네스트,중랑구
11260|면목동|151-4,서울특별시 중랑구 면목동 151-4,승일카이저,중랑구
11260|면목동|1510,서울특별시 중랑구 면목동 1510,두산2,중랑구
11260|면목동|1511,서울특별시 중랑구 면목동 1511,두산3,중랑구
11260|면목동|1512,서울특별시 중랑구 면목동 1512,형진,중랑구
11260|면목동|1513,서울특별시 중랑구 면목동 1513,면목삼호101,중랑구
11260|면목동|1514,서울특별시 중랑구 면목동 1514,풍림,중랑구
11260|면목동|1515,서울특별시 중랑구 면목동 1515,성원상떼빌,중랑구
11260|면목동|1516,서울특별시 중랑구 면목동 1516,면목삼익아파트,중랑구
11260|면목동|1517,서울특별시 중랑구 면목동 1517,진로,중랑구
11260|면목동|1518,서울특별시 중랑구 면목동 1518,신우,중랑구
11260|면목동|1519,서울특별시 중랑구 면목동 1519,신성,중랑구
11260|면목동|1520,서울특별시 중랑구 면목동 1520,일신강변,중랑구
11260|면목동|1521,서울특별시 중랑구 면목동 1521,두원,중랑구
11260|면목동|1522,서울특별시 중랑구 면목동 1522,두산4,중랑구
11260|면목동|1522-1,서울특별시 중랑구 면목동 1522-1,두산5,중랑구
11260|면목동|1523,서울특별시 중랑구 면목동 1523,솔루테아파트,중랑구
11260|면목동|1524,서울특별시 중랑구 면목동 1524,온세솔내움,중랑구
11260|면목동|1525,서울특별시 중랑구 면목동 1525,용마산금호어울림,중랑구
11260|면목동|1526,서울특별시 중랑구 면목동 1526,남청파인힐(101동),중랑구
11260|면목동|1527,서울특별시 중랑구 면목동 1527,신성미소지움,중랑구
11260|면목동|1528,서울특별시 중랑구 면목동 1528,면목동금호어울림아파트,중랑구
11260|면목동|1529,서울특별시 중랑구 면목동 1529,경남아너스빌,중랑구
11260|면목동|1530,서울특별시 중랑구 면목동 1530,면목동2차미소지움아파트,중랑구
11260|면목동|1531,서울특별시 중랑구 면목동 1531,마젤란21,중랑구
11260|면목동|1532,서울특별시 중랑구 면목동 1532,대명미르테,중랑구
11260|면목동|1534,서울특별시 중랑구 면목동 1534,IS아파트,중랑구
11260|면목동|1535,서울특별시 중랑구 면목동 1535,현대휴온,중랑구
11260|면목동|1537,서울특별시 중랑구 면목동 1537,용마산하늘채,중랑구
11260|면목동|1542,서울특별시 중랑구 면목동 1542,면목루브루,중랑구
11260|면목동|1543,서울특별시 중랑구 면목동 1543,한양수자인사가정파크,중랑구
11260|면목동|1544,서울특별시 중랑구 면목동 1544,라온프라이빗,중랑구
11260|면목동|1545,서울특별시 중랑구 면목동 1545,사가정센트럴아이파크,중랑구
11260|면목동|1548,서울특별시 중랑구 면목동 1548,쌍용더플래티넘용마산,중랑구
11260|면목동|1549,서울특별시 중랑구 면목동 1549,용마산모아엘가파크포레,중랑구
11260|면목동|1554,서울특별시 중랑구 면목동 1554,이니지오,중랑구
11260|면목동|157-3,서울특별시 중랑구 면목동 157-3,영우,중랑구
11260|면목동|173-21,서울특별시 중랑구 면목동 173-21,진성그린건설테라스아파트,중랑구
11260|면목동|174-1,서울특별시 중랑구 면목동 174-1,동서그랜드맨션,중랑구
11260|면목동|177-56,서울특별시 중랑구 면목동 177-56,효성,중랑구
11260|면목동|178-10,서울특별시 중랑구 면목동 178-10,다울(178-10),중랑구
11260|면목동|178-50,서울특별시 중랑구 면목동 178-50,다울101동,중랑구
11260|면목동|178-9,서울특별시 중랑구 면목동 178-9,다울(178-9),중랑구
11260|면목동|181-30,서울특별시 중랑구 면목동 181-30,동성네스트빌,중랑구
11260|면목동|193-1,서울특별시 중랑구 면목동 193-1,면목한신,중랑구
11260|면목동|194-3,서울특별시 중랑구 면목동 194-3,삼성제이드아파트,중랑구
11260|면목동|353-55,서울특별시 중랑구 면목동 353-55,동진노블클래스,중랑구
11260|면목동|354-12,서울특별시 중랑구 면목동 354-12,용마,중랑구
11260|면목동|376-5,서울특별시 중랑구 면목동 376-5,동일,중랑구
11260|면목동|390-1,서울특별시 중랑구 면목동 390-1,공감대(390-1),중랑구
11260|면목동|390-24,서울특별시 중랑구 면목동 390-24,공감대(390-24),중랑구
11260|면목동|408-5,서울특별시 중랑구 면목동 408-5,성진리버타운,중랑구
11260|면목동|472-8,서울특별시 중랑구 면목동 472-8,아람플러스,중랑구
11260|면목동|494,서울특별시 중랑구 면목동 494,용마금호타운,중랑구
11260|면목동|499-42,서울특별시 중랑구 면목동 499-42,삼일,중랑구
11260|면목동|538,서울특별시 중랑구 면목동 538,신영,중랑구
11260|면목동|564-1,서울특별시 중랑구 면목동 564-1,글로벌파크,중랑구
11260|면목동|581,서울특별시 중랑구 면목동 581,대원칸타빌,중랑구
11260|면목동|612-6,서울특별시 중랑구 면목동 612-6,유진뜨레지움,중랑구
11260|면목동|624-5,서울특별시 중랑구 면목동 624-5,강호,중랑구
11260|면목동|636-5,서울특별시 중랑구 면목동 636-5,대한,중랑구
11260|면목동|637-2,서울특별시 중랑구 면목동 637-2,킴스타워,중랑구
11260|면목동|668-1,서울특별시 중랑구 면목동 668-1,SM해그린,중랑구
11260|면목동|715,서울특별시 중랑구 면목동 715,늘푸른동아,중랑구
11260|면목동|727-302,서울특별시 중랑구 면목동 727-302,포르투나,중랑구
11260|면목동|88-52,서울특별시 중랑구 면목동 88-52,한건브리앙,중랑구
11260|면목동|91-15,서울특별시 중랑구 면목동 91-15,주함해븐,중랑구
11260|면목동|91-58,서울특별시 중랑구 면목동 91-58,세모,중랑구
11260|묵동|121-302,서울특별시 중랑구 묵동 121-302,하늘빛아파트,중랑구
11260|묵동|122-146,서울특별시 중랑구 묵동 122-146,백운,중랑구
11260|묵동|122-55,서울특별시 중랑구 묵동 122-55,로얄,중랑구
11260|묵동|13,서울특별시 중랑구 묵동 13,신내,중랑구
11260|묵동|154-18,서울특별시 중랑구 묵동 154-18,정은스카이빌,중랑구
11260|묵동|161-4,서울특별시 중랑구 묵동 161-4,삼성,중랑구
11260|묵동|162-17,서울특별시 중랑구 묵동 162-17,헤르만스테이트,중랑구
11260|묵동|164-4,서울특별시 중랑구 묵동 164-4,묵동자이(1단지),중랑구
11260|묵동|167,서울특별시 중랑구 묵동 167,신도,중랑구
11260|묵동|168-16,서울특별시 중랑구 묵동 168-16,고덕골든빌(102동),중랑구
11260|묵동|168-4,서울특별시 중랑구 묵동 168-4,늘봄,중랑구
11260|묵동|168-7,서울특별시 중랑구 묵동 168-7,고덕골든빌(103동),중랑구
11260|묵동|168-8,서울특별시 중랑구 묵동 168-8,고덕골든빌(101동),중랑구
11260|묵동|169-10,서울특별시 중랑구 묵동 169-10,신도브래뉴,중랑구
11260|묵동|169-11,서울특별시 중랑구 묵동 169-11,위더스빌,중랑구
11260|묵동|170-1,서울특별시 중랑구 묵동 170-1,묵동자이(2단지),중랑구
11260|묵동|170-27,서울특별시 중랑구 묵동 170-27,월등스카이뷰,중랑구
11260|묵동|171-4,서울특별시 중랑구 묵동 171-4,공감대,중랑구
11260|묵동|172-3,서울특별시 중랑구 묵동 172-3,대성웰빙,중랑구
11260|묵동|174-9,서울특별시 중랑구 묵동 174-9,문수해오름,중랑구
11260|묵동|177-12,서울특별시 중랑구 묵동 177-12,리치빌,중랑구
11260|묵동|184-20,서울특별시 중랑구 묵동 184-20,풍산쉐르빌,중랑구
11260|묵동|188-1,서울특별시 중랑구 묵동 188-1,장미,중랑구
11260|묵동|20#11260-53,서울특별시 중랑구 묵동 20,신내대림아파트,중랑구
11260|묵동|20#11260-54,서울특별시 중랑구 묵동 20,신내두산아파트,중랑구
11260|묵동|239-180,서울특별시 중랑구 묵동 239-180,성원팰리스,중랑구
11260|묵동|245-64,서울특별시 중랑구 묵동 245-64,우성,중랑구
11260|묵동|377,서울특별시 중랑구 묵동 377,세원,중랑구
11260|묵동|378,서울특별시 중랑구 묵동 378,한국,중랑구
11260|묵동|379,서울특별시 중랑구 묵동 379,극동늘푸른,중랑구
11260|묵동|380,서울특별시 중랑구 묵동 380,신도2,중랑구
11260|묵동|381,서울특별시 중랑구 묵동 381,신안1,중랑구
11260|묵동|382,서울특별시 중랑구 묵동 382,신안2,중랑구
11260|묵동|383,서울특별시 중랑구 묵동 383,세방,중랑구
11260|묵동|384,서울특별시 중랑구 묵동 384,신안3,중랑구
11260|묵동|385,서울특별시 중랑구 묵동 385,현대아이파크,중랑구
11260|묵동|386,서울특별시 중랑구 묵동 386,금호어울림,중랑구
11260|묵동|387,서울특별시 중랑구 묵동 387,브라운스톤태릉,중랑구
11260|묵동|388,서울특별시 중랑구 묵동 388,동구햇살,중랑구
11260|묵동|389,서울특별시 중랑구 묵동 389,태창네스트빌,중랑구
11260|묵동|390,서울특별시 중랑구 묵동 390,SM해그린,중랑구
11260|묵동|391,서울특별시 중랑구 묵동 391,효산센터빌,중랑구
11260|묵동|392,서울특별시 중랑구 묵동 392,월드메르디앙,중랑구
11260|묵동|393,서울특별시 중랑구 묵동 393,묵동포레시타,중랑구
11260|묵동|396,서울특별시 중랑구 묵동 396,이편한세상화랑대,중랑구
11260|묵동|397,서울특별시 중랑구 묵동 397,세이지움태릉입구역,중랑구
11260|묵동|58-1,서울특별시 중랑구 묵동 58-1,풀내음(A동),중랑구
11260|묵동|58-3,서울특별시 중랑구 묵동 58-3,풀내음(B동),중랑구
11260|묵동|8,서울특별시 중랑구 묵동 8,에이트플레이스,중랑구
11260|상봉동|1,서울특별시 중랑구 상봉동 1,건영1,중랑구
11260|상봉동|101-19,서울특별시 중랑구 상봉동 101-19,상봉베스트원,중랑구
11260|상봉동|104-10,서울특별시 중랑구 상봉동 104-10,리더스,중랑구
11260|상봉동|105-97,서울특별시 중랑구 상봉동 105-97,상봉태솔아파트101동,중랑구
11260|상봉동|106,서울특별시 중랑구 상봉동 106,상봉힐스테이,중랑구
11260|상봉동|113,서울특별시 중랑구 상봉동 113,상봉어반뷰,중랑구
11260|상봉동|113-1,서울특별시 중랑구 상봉동 113-1,포시티,중랑구
11260|상봉동|114,서울특별시 중랑구 상봉동 114,아뜨리즈,중랑구
11260|상봉동|115-31,서울특별시 중랑구 상봉동 115-31,미랜드프래임빌(101동),중랑구
11260|상봉동|115-61,서울특별시 중랑구 상봉동 115-61,주함해븐타워,중랑구
11260|상봉동|115-84,서울특별시 중랑구 상봉동 115-84,미랜드프래임빌(102동),중랑구
11260|상봉동|116-49,서울특별시 중랑구 상봉동 116-49,상봉생활,중랑구
11260|상봉동|127-15,서울특별시 중랑구 상봉동 127-15,베스트엘리시온,중랑구
11260|상봉동|128-10,서울특별시 중랑구 상봉동 128-10,SG타워,중랑구
11260|상봉동|128-34,서울특별시 중랑구 상봉동 128-34,스마트트라움,중랑구
11260|상봉동|136-100,서울특별시 중랑구 상봉동 136-100,매원아파트,중랑구
11260|상봉동|136-102,서울특별시 중랑구 상봉동 136-102,e-푸른나동,중랑구
11260|상봉동|136-11,서울특별시 중랑구 상봉동 136-11,e-푸른가동,중랑구
11260|상봉동|210-2,서울특별시 중랑구 상봉동 210-2,해동훼미리,중랑구
11260|상봉동|226-20,서울특별시 중랑구 상봉동 226-20,풍산쉐르빌101동,중랑구
11260|상봉동|226-25,서울특별시 중랑구 상봉동 226-25,풍산쉐르빌102동,중랑구
11260|상봉동|269-7,서울특별시 중랑구 상봉동 269-7,정우아파트,중랑구
11260|상봉동|284-11,서울특별시 중랑구 상봉동 284-11,동일스카이시티101동,중랑구
11260|상봉동|284-13,서울특별시 중랑구 상봉동 284-13,동일스카이시티102동,중랑구
11260|상봉동|32-1,서울특별시 중랑구 상봉동 32-1,동성네스트빌1동,중랑구
11260|상봉동|333-1,서울특별시 중랑구 상봉동 333-1,그랑아파트,중랑구
11260|상봉동|474-10,서울특별시 중랑구 상봉동 474-10,태솔에버빌,중랑구
11260|상봉동|484,서울특별시 중랑구 상봉동 484,"엘지,쌍용아파트",중랑구
11260|상봉동|494,서울특별시 중랑구 상봉동 494,금강산아파트,중랑구
11260|상봉동|495,서울특별시 중랑구 상봉동 495,동부아파트,중랑구
11260|상봉동|496,서울특별시 중랑구 상봉동 496,우정아파트,중랑구
11260|상봉동|497,서울특별시 중랑구 상봉동 497,태영데시앙1,중랑구
11260|상봉동|498,서울특별시 중랑구 상봉동 498,태영데시앙2(1411동),중랑구
11260|상봉동|499,서울특별시 중랑구 상봉동 499,건영캐스빌,중랑구
11260|상봉동|500,서울특별시 중랑구 상봉동 500,프레미어스엠코,중랑구
11260|상봉동|501,서울특별시 중랑구 상봉동 501,상봉듀오트리스,중랑구
11260|상봉동|504,서울특별시 중랑구 상봉동 504,와이센트럴시티상봉,중랑구
11260|상봉동|63,서울특별시 중랑구 상봉동 63,건영2차아파트,중랑구
11260|상봉동|74,서울특별시 중랑구 상봉동 74,한국프라우드,중랑구
11260|상봉동|81-5,서울특별시 중랑구 상봉동 81-5,한일써너스빌,중랑구
11260|상봉동|84-11,서울특별시 중랑구 상봉동 84-11,솔렌시아5,중랑구
11260|상봉동|84-39,서울특별시 중랑구 상봉동 84-39,백운아파트,중랑구
11260|상봉동|85-1,서울특별시 중랑구 상봉동 85-1,솔렌시아3(85-1),중랑구
11260|상봉동|85-18,서울특별시 중랑구 상봉동 85-18,문수해오름,중랑구
11260|상봉동|85-4,서울특별시 중랑구 상봉동 85-4,더클래스,중랑구
11260|상봉동|87-27,서울특별시 중랑구 상봉동 87-27,센트럴파크55,중랑구
11260|상봉동|87-43,서울특별시 중랑구 상봉동 87-43,청운명가프라임,중랑구
11260|상봉동|89-10,서울특별시 중랑구 상봉동 89-10,레그노시티,중랑구
11260|신내동|317,서울특별시 중랑구 신내동 317,데시앙,중랑구
11260|신내동|397,서울특별시 중랑구 신내동 397,동성1,중랑구
11260|신내동|408-2,서울특별시 중랑구 신내동 408-2,원당,중랑구
11260|신내동|437,서울특별시 중랑구 신내동 437,벽산,중랑구
11260|신내동|449-1,서울특별시 중랑구 신내동 449-1,경원,중랑구
11260|신내동|450-1,서울특별시 중랑구 신내동 450-1,신내아트빌,중랑구
11260|신내동|479,서울특별시 중랑구 신내동 479,중앙하이츠,중랑구
11260|신내동|487,서울특별시 중랑구 신내동 487,라이프미성,중랑구
11260|신내동|492-26,서울특별시 중랑구 신내동 492-26,조호그레이스2,중랑구
11260|신내동|492-5,서울특별시 중랑구 신내동 492-5,조호그레이스,중랑구
11260|신내동|493-158,서울특별시 중랑구 신내동 493-158,월드,중랑구
11260|신내동|495-42,서울특별시 중랑구 신내동 495-42,신천빌리지,중랑구
11260|신내동|591,서울특별시 중랑구 신내동 591,동성아파트,중랑구
11260|신내동|616-1,서울특별시 중랑구 신내동 616-1,월드크라운,중랑구
11260|신내동|618,서울특별시 중랑구 신내동 618,동성3,중랑구
11260|신내동|650,서울특별시 중랑구 신내동 650,신내6대주,중랑구
11260|신내동|654,서울특별시 중랑구 신내동 654,진로아파트,중랑구
11260|신내동|656#11260-85,서울특별시 중랑구 신내동 656,화성.두산아파트,중랑구
11260|신내동|656#11260-96,서울특별시 중랑구 신내동 656,화성,중랑구
11260|신내동|657,서울특별시 중랑구 신내동 657,신내9진흥,중랑구
11260|신내동|661,서울특별시 중랑구 신내동 661,신내11대명,중랑구
11260|신내동|783,서울특별시 중랑구 신내동 783,성원,중랑구
11260|신내동|785,서울특별시 중랑구 신내동 785,건영2차,중랑구
11260|신내동|786,서울특별시 중랑구 신내동 786,동성타워프라자,중랑구
11260|신내동|787,서울특별시 중랑구 신내동 787,석탑,중랑구
11260|신내동|788,서울특별시 중랑구 신내동 788,동성5,중랑구
11260|신내동|795,서울특별시 중랑구 신내동 795,새한,중랑구
11260|신내동|796,서울특별시 중랑구 신내동 796,다우훼밀리,중랑구
11260|신내동|797,서울특별시 중랑구 신내동 797,동성7,중랑구
11260|신내동|799,서울특별시 중랑구 신내동 799,광남,중랑구
11260|신내동|800,서울특별시 중랑구 신내동 800,동광오뜨빌,중랑구
11260|신내동|801,서울특별시 중랑구 신내동 801,영풍마드레빌,중랑구
11260|신내동|802,서울특별시 중랑구 신내동 802,우남푸르미아,중랑구
11260|신내동|803,서울특별시 중랑구 신내동 803,대성유니트,중랑구
11260|신내동|804,서울특별시 중랑구 신내동 804,경남아너스빌,중랑구
11260|신내동|816,서울특별시 중랑구 신내동 816,신내우디안1단지,중랑구
11260|신내동|817,서울특별시 중랑구 신내동 817,신내 데시앙포레,중랑구
11260|신내동|838,서울특별시 중랑구 신내동 838,망우역신원아침도시,중랑구
11260|중화동|11,서울특별시 중랑구 중화동 11,현대휴앤미,중랑구
11260|중화동|11-7,서울특별시 중랑구 중화동 11-7,현대휴앤미(102동),중랑구
11260|중화동|110-26,서울특별시 중랑구 중화동 110-26,로얄,중랑구
11260|중화동|19,서울특별시 중랑구 중화동 19,극동,중랑구
11260|중화동|19-16,서울특별시 중랑구 중화동 19-16,한솔e(A동),중랑구
11260|중화동|19-3,서울특별시 중랑구 중화동 19-3,한솔e(B동),중랑구
11260|중화동|207-12,서울특별시 중랑구 중화동 207-12,미영리치타운103,중랑구
11260|중화동|207-14,서울특별시 중랑구 중화동 207-14,미영리치타운,중랑구
11260|중화동|208-33,서울특별시 중랑구 중화동 208-33,동양엔파트,중랑구
11260|중화동|208-4,서울특별시 중랑구 중화동 208-4,범양프레체,중랑구
11260|중화동|274-51,서울특별시 중랑구 중화동 274-51,한영(101),중랑구
11260|중화동|274-75,서울특별시 중랑구 중화동 274-75,한영(102),중랑구
11260|중화동|274-76,서울특별시 중랑구 중화동 274-76,한영(103),중랑구
11260|중화동|274-77,서울특별시 중랑구 중화동 274-77,한영(104),중랑구
11260|중화동|286-22,서울특별시 중랑구 중화동 286-22,청원다미소,중랑구
11260|중화동|297-84,서울특별시 중랑구 중화동 297-84,금강,중랑구
11260|중화동|307-6,서울특별시 중랑구 중화동 307-6,강오(B동),중랑구
11260|중화동|307-76,서울특별시 중랑구 중화동 307-76,강오(A동),중랑구
11260|중화동|314-1,서울특별시 중랑구 중화동 314-1,태능에셈빌,중랑구
11260|중화동|318-81,서울특별시 중랑구 중화동 318-81,태솔,중랑구
11260|중화동|331-64,서울특별시 중랑구 중화동 331-64,연합파크빌,중랑구
11260|중화동|413-8,서울특별시 중랑구 중화동 413-8,남광타운,중랑구
11260|중화동|42,서울특별시 중랑구 중화동 42,중화동건영아파트,중랑구
11260|중화동|438,서울특별시 중랑구 중화동 438,삼익아파트.상가동,중랑구
11260|중화동|450,서울특별시 중랑구 중화동 450,한신아파트상가동유치원동(103~109),중랑구
11260|중화동|452,서울특별시 중랑구 중화동 452,동구햇살아파트101동,중랑구
11260|중화동|453,서울특별시 중랑구 중화동 453,청광플러스원,중랑구
11260|중화동|454,서울특별시 중랑구 중화동 454,동양엔파트2차,중랑구
11260|중화동|462,서울특별시 중랑구 중화동 462,리버센SKVIEW롯데캐슬,중랑구
11290|길음동|1054,서울특별시 성북구 길음동 1054,금호,성북구
11290|길음동|1076,서울특별시 성북구 길음동 1076,신아,성북구
11290|길음동|1276,서울특별시 성북구 길음동 1276,삼부컨비니언,성북구
11290|길음동|1277,서울특별시 성북구 길음동 1277,길음현대,성북구
11290|길음동|1278,서울특별시 성북구 길음동 1278,길음동동부센트레빌(1278-0),성북구
11290|길음동|1279,서울특별시 성북구 길음동 1279,길음뉴타운1단지(래미안길음1차),성북구
11290|길음동|1280,서울특별시 성북구 길음동 1280,길음뉴타운2단지푸르지오,성북구
11290|길음동|1280-1,서울특별시 성북구 길음동 1280-1,길음뉴타운3단지푸르지오,성북구
11290|길음동|1281,서울특별시 성북구 길음동 1281,길음뉴타운4단지(e편한세상),성북구
11290|길음동|1282,서울특별시 성북구 길음동 1282,길음뉴타운5단지(래미안),성북구
11290|길음동|1283,서울특별시 성북구 길음동 1283,길음뉴타운6단지(래미안),성북구
11290|길음동|1284,서울특별시 성북구 길음동 1284,길음뉴타운8단지(래미안),성북구
11290|길음동|1285,서울특별시 성북구 길음동 1285,길음뉴타운7단지(두산위브),성북구
11290|길음동|1286,서울특별시 성북구 길음동 1286,길음뉴타운9단지(래미안),성북구
11290|길음동|1287-1,서울특별시 성북구 길음동 1287-1,롯데캐슬골든힐스,성북구
11290|길음동|1288,서울특별시 성북구 길음동 1288,래미안길음센터피스,성북구
11290|길음동|1289,서울특별시 성북구 길음동 1289,롯데캐슬클라시아,성북구
11290|길음동|1290,서울특별시 성북구 길음동 1290,길음역롯데캐슬트윈골드아파트,성북구
11290|길음동|542-1,서울특별시 성북구 길음동 542-1,길음역롯데캐슬트윈골드,성북구
11290|길음동|635-168,서울특별시 성북구 길음동 635-168,길음뉴타운신안파크아파트,성북구
11290|길음동|973-2,서울특별시 성북구 길음동 973-2,두이노블레스(2),성북구
11290|길음동|998,서울특별시 성북구 길음동 998,프리젠트빌,성북구
11290|돈암동|1,서울특별시 성북구 돈암동 1,돈암현대아파트,성북구
11290|돈암동|15-1,서울특별시 성북구 돈암동 15-1,돈암동삼성,성북구
11290|돈암동|42-32,서울특별시 성북구 돈암동 42-32,고명,성북구
11290|돈암동|524,서울특별시 성북구 돈암동 524,일신건영휴먼빌아파트,성북구
11290|돈암동|552-9,서울특별시 성북구 돈암동 552-9,삼성아지오아파트,성북구
11290|돈암동|603,서울특별시 성북구 돈암동 603,돈암동더샵아파트,성북구
11290|돈암동|609-1#11290-19,서울특별시 성북구 돈암동 609-1,한신,성북구
11290|돈암동|609-1#11290-20,서울특별시 성북구 돈암동 609-1,한진(609-1),성북구
11290|돈암동|609-1#11290-3639,서울특별시 성북구 돈암동 609-1,한진임대아파트(301동)(609-1),성북구
11290|돈암동|624,서울특별시 성북구 돈암동 624,구현대,성북구
11290|돈암동|630,서울특별시 성북구 돈암동 630,동소문현대,성북구
11290|돈암동|631,서울특별시 성북구 돈암동 631,범양,성북구
11290|돈암동|632,서울특별시 성북구 돈암동 632,돈암동 풍림아파트 101~105동,성북구
11290|돈암동|633,서울특별시 성북구 돈암동 633,동부센트레빌,성북구
11290|돈암동|636,서울특별시 성북구 돈암동 636,이수브라운스톤돈암,성북구
11290|돈암동|637,서울특별시 성북구 돈암동 637,성일우리미,성북구
11290|돈암동|639,서울특별시 성북구 돈암동 639,돈암힐스테이트,성북구
11290|돈암동|641,서울특별시 성북구 돈암동 641,대성유니드(641-0),성북구
11290|돈암동|642,서울특별시 성북구 돈암동 642,돈암동해피트리,성북구
11290|돈암동|643,서울특별시 성북구 돈암동 643,길음역금호어울림센터힐,성북구
11290|돈암동|644,서울특별시 성북구 돈암동 644,돈암코오롱하늘채,성북구
11290|돈암동|7-15,서울특별시 성북구 돈암동 7-15,서라벌,성북구
11290|동선동1가|121-6,서울특별시 성북구 동선동1가 121-6,코아루센타시아,성북구
11290|동선동3가|257,서울특별시 성북구 동선동3가 257,태극에버빌,성북구
11290|동선동4가|295-1,서울특별시 성북구 동선동4가 295-1,한양수자인,성북구
11290|동선동5가|69-1,서울특별시 성북구 동선동5가 69-1,트라움하임,성북구
11290|동소문동4가|103-20,서울특별시 성북구 동소문동4가 103-20,삼보힐하우스,성북구
11290|동소문동4가|241,서울특별시 성북구 동소문동4가 241,양지,성북구
11290|동소문동4가|279,서울특별시 성북구 동소문동4가 279,송산아파트,성북구
11290|동소문동4가|280,서울특별시 성북구 동소문동4가 280,한신플러스A,성북구
11290|동소문동5가|120,서울특별시 성북구 동소문동5가 120,돈암동일하이빌,성북구
11290|동소문동5가|15,서울특별시 성북구 동소문동5가 15,성신여대역솔하임,성북구
11290|동소문동6가|24,서울특별시 성북구 동소문동6가 24,청기와,성북구
11290|동소문동6가|261,서울특별시 성북구 동소문동6가 261,한신플러스B,성북구
11290|동소문동6가|3-1,서울특별시 성북구 동소문동6가 3-1,시티플레이스,성북구
11290|동소문동7가|120,서울특별시 성북구 동소문동7가 120,브라운스톤동선,성북구
11290|동소문동7가|23,서울특별시 성북구 동소문동7가 23,한신플러스C,성북구
11290|동소문동7가|75-10,서울특별시 성북구 동소문동7가 75-10,샤인힐,성북구
11290|보문동1가|228,서울특별시 성북구 보문동1가 228,보문리슈빌하우트,성북구
11290|보문동2가|6-5,서울특별시 성북구 보문동2가 6-5,광남캐스빌,성북구
11290|보문동3가|2,서울특별시 성북구 보문동3가 2,현대I-PARK,성북구
11290|보문동3가|214,서울특별시 성북구 보문동3가 214,코지아뜨리에,성북구
11290|보문동3가|230,서울특별시 성북구 보문동3가 230,이편한세상보문,성북구
11290|보문동4가|116,서울특별시 성북구 보문동4가 116,보문하우스토리,성북구
11290|보문동6가|356,서울특별시 성북구 보문동6가 356,동문골드빌B동,성북구
11290|보문동6가|36-2,서울특별시 성북구 보문동6가 36-2,아남,성북구
11290|보문동6가|433,서울특별시 성북구 보문동6가 433,동문골드빌A동,성북구
11290|보문동6가|458,서울특별시 성북구 보문동6가 458,보문파크뷰자이,성북구
11290|보문동7가|139-1,서울특별시 성북구 보문동7가 139-1,DH팰리스타워,성북구
11290|삼선동2가|420,서울특별시 성북구 삼선동2가 420,삼선현대힐스테이트,성북구
11290|삼선동2가|425,서울특별시 성북구 삼선동2가 425,삼선푸르지오,성북구
11290|삼선동3가|116,서울특별시 성북구 삼선동3가 116,삼선에스케이뷰,성북구
11290|삼선동3가|18-2,서울특별시 성북구 삼선동3가 18-2,성종그린,성북구
11290|삼선동3가|21-4,서울특별시 성북구 삼선동3가 21-4,유니아테라스,성북구
11290|삼선동3가|23,서울특별시 성북구 삼선동3가 23,제일,성북구
11290|삼선동3가|26,서울특별시 성북구 삼선동3가 26,동림푸른,성북구
11290|삼선동3가|3-1,서울특별시 성북구 삼선동3가 3-1,진성,성북구
11290|삼선동3가|6-4,서울특별시 성북구 삼선동3가 6-4,주승보타운,성북구
11290|삼선동4가|44,서울특별시 성북구 삼선동4가 44,공신,성북구
11290|삼선동4가|73,서울특별시 성북구 삼선동4가 73,코오롱,성북구
11290|삼선동5가|63-3,서울특별시 성북구 삼선동5가 63-3,청기와,성북구
11290|삼선동5가|68,서울특별시 성북구 삼선동5가 68,삼선동,성북구
11290|상월곡동|101,서울특별시 성북구 상월곡동 101,동아에코빌,성북구
11290|상월곡동|24-51,서울특별시 성북구 상월곡동 24-51,한솔,성북구
11290|상월곡동|55-56,서울특별시 성북구 상월곡동 55-56,우남푸르미아,성북구
11290|석관동|10,서울특별시 성북구 석관동 10,두산,성북구
11290|석관동|110-2,서울특별시 성북구 석관동 110-2,중앙하이츠,성북구
11290|석관동|404,서울특별시 성북구 석관동 404,삼성,성북구
11290|석관동|405,서울특별시 성북구 석관동 405,코오롱,성북구
11290|석관동|407,서울특별시 성북구 석관동 407,석관래미안,성북구
11290|석관동|408,서울특별시 성북구 석관동 408,신동아파밀리에,성북구
11290|석관동|410,서울특별시 성북구 석관동 410,래미안아트리치,성북구
11290|석관동|413,서울특별시 성북구 석관동 413,장위아트포레,성북구
11290|성북동1가|115-5,서울특별시 성북구 성북동1가 115-5,스타팰리스,성북구
11290|성북동1가|35-22,서울특별시 성북구 성북동1가 35-22,휴아름스튜디오,성북구
11290|성북동|179-96,서울특별시 성북구 성북동 179-96,성북좋은,성북구
11290|성북동|286,서울특별시 성북구 성북동 286,주암,성북구
11290|성북동|348-3,서울특별시 성북구 성북동 348-3,성북,성북구
11290|안암동1가|361,서울특별시 성북구 안암동1가 361,안암동삼성래미안,성북구
11290|안암동3가|135,서울특별시 성북구 안암동3가 135,삼익,성북구
11290|안암동3가|136-1,서울특별시 성북구 안암동3가 136-1,대광,성북구
11290|안암동3가|138,서울특별시 성북구 안암동3가 138,해링턴플레이스안암,성북구
11290|안암동3가|42-1,서울특별시 성북구 안암동3가 42-1,동관아트빌,성북구
11290|안암동3가|79-4,서울특별시 성북구 안암동3가 79-4,동아쉐르빌,성북구
11290|안암동4가|23-3,서울특별시 성북구 안암동4가 23-3,안암,성북구
11290|안암동5가|160-16,서울특별시 성북구 안암동5가 160-16,(160-16),성북구
11290|장위동|230-214,서울특별시 성북구 장위동 230-214,신장위아파트,성북구
11290|장위동|233-608,서울특별시 성북구 장위동 233-608,세영아파트,성북구
11290|장위동|312,서울특별시 성북구 장위동 312,우방아파트,성북구
11290|장위동|314,서울특별시 성북구 장위동 314,그린빌아파트,성북구
11290|장위동|315,서울특별시 성북구 장위동 315,경헌그린아파트,성북구
11290|장위동|316-5,서울특별시 성북구 장위동 316-5,참누리아파트,성북구
11290|장위동|317,서울특별시 성북구 장위동 317,꿈의숲대명루첸아파트,성북구
11290|장위동|319,서울특별시 성북구 장위동 319,꿈의숲코오롱하늘채,성북구
11290|장위동|320,서울특별시 성북구 장위동 320,래미안장위퍼스트하이,성북구
11290|장위동|322,서울특별시 성북구 장위동 322,래미안포레카운티,성북구
11290|장위동|322-22,서울특별시 성북구 장위동 322-22,장위지웰에스테이트,성북구
11290|장위동|323,서울특별시 성북구 장위동 323,꿈의숲아이파크,성북구
11290|장위동|50-50,서울특별시 성북구 장위동 50-50,장위동동원베네스트,성북구
11290|장위동|60-1,서울특별시 성북구 장위동 60-1,삼익아파트,성북구
11290|장위동|62-1#11290-5983,서울특별시 성북구 장위동 62-1,장위자이레디언트(4단지),성북구
11290|장위동|62-1#11290-5989,서울특별시 성북구 장위동 62-1,장위자이레디언트(3단지),성북구
11290|장위동|65-239,서울특별시 성북구 장위동 65-239,라인캐슬,성북구
11290|장위동|68-1014,서울특별시 성북구 장위동 68-1014,코코아파트,성북구
11290|장위동|8-2,서울특별시 성북구 장위동 8-2,석계역한일노벨리아시티,성북구
11290|정릉동|1013,서울특별시 성북구 정릉동 1013,청구,성북구
11290|정릉동|1014,서울특별시 성북구 정릉동 1014,정릉스카이쌍용아파트,성북구
11290|정릉동|1015,서울특별시 성북구 정릉동 1015,길음뉴타운경남아너스빌,성북구
11290|정릉동|1016,서울특별시 성북구 정릉동 1016,우방,성북구
11290|정릉동|1017,서울특별시 성북구 정릉동 1017,쌍용2,성북구
11290|정릉동|1018,서울특별시 성북구 정릉동 1018,길음뉴타운데시앙,성북구
11290|정릉동|1019,서울특별시 성북구 정릉동 1019,정릉성원상떼빌,성북구
11290|정릉동|1020,서울특별시 성북구 정릉동 1020,정릉우성아파트 101~105동,성북구
11290|정릉동|1021,서울특별시 성북구 정릉동 1021,대우,성북구
11290|정릉동|1022,서울특별시 성북구 정릉동 1022,대동아파트,성북구
11290|정릉동|1024,서울특별시 성북구 정릉동 1024,피오레,성북구
11290|정릉동|1025,서울특별시 성북구 정릉동 1025,정릉힐스테이트,성북구
11290|정릉동|1028,서울특별시 성북구 정릉동 1028,정릉e-편한세상,성북구
11290|정릉동|1029,서울특별시 성북구 정릉동 1029,정릉한일유앤아이,성북구
11290|정릉동|1030,서울특별시 성북구 정릉동 1030,정릉힐스테이트1차,성북구
11290|정릉동|1031,서울특별시 성북구 정릉동 1031,정릉힐스테이트3차,성북구
11290|정릉동|1032,서울특별시 성북구 정릉동 1032,정릉2차대주피오레,성북구
11290|정릉동|1033,서울특별시 성북구 정릉동 1033,우정에쉐르,성북구
11290|정릉동|1034,서울특별시 성북구 정릉동 1034,라온유,성북구
11290|정릉동|1035,서울특별시 성북구 정릉동 1035,정릉2차e-편한세상,성북구
11290|정릉동|1037,서울특별시 성북구 정릉동 1037,정릉꿈에그린,성북구
11290|정릉동|1057,서울특별시 성북구 정릉동 1057,이니지오2,성북구
11290|정릉동|150-27,서울특별시 성북구 정릉동 150-27,갤럭시더정릉,성북구
11290|정릉동|210,서울특별시 성북구 정릉동 210,정릉푸른마을동아,성북구
11290|정릉동|239,서울특별시 성북구 정릉동 239,정릉풍림아이원,성북구
11290|정릉동|266-32,서울특별시 성북구 정릉동 266-32,대창쉐르빌,성북구
11290|정릉동|365-4,서울특별시 성북구 정릉동 365-4,미양산타빌,성북구
11290|정릉동|406,서울특별시 성북구 정릉동 406,정릉푸르지오,성북구
11290|정릉동|435,서울특별시 성북구 정릉동 435,중앙하이츠빌2단지,성북구
11290|정릉동|494,서울특별시 성북구 정릉동 494,중앙하이츠빌1단지,성북구
11290|정릉동|508-201,서울특별시 성북구 정릉동 508-201,장원,성북구
11290|정릉동|670-50,서울특별시 성북구 정릉동 670-50,스카이아파트,성북구
11290|정릉동|716-117,서울특별시 성북구 정릉동 716-117,청옥,성북구
11290|정릉동|727-7,서울특별시 성북구 정릉동 727-7,동우,성북구
11290|정릉동|767-2,서울특별시 성북구 정릉동 767-2,정릉동푸른,성북구
11290|정릉동|780,서울특별시 성북구 정릉동 780,"산장아파트가동,나동",성북구
11290|정릉동|800-95,서울특별시 성북구 정릉동 800-95,동일스카이,성북구
11290|정릉동|809,서울특별시 성북구 정릉동 809,정릉중앙하이츠아파트,성북구
11290|정릉동|815-1,서울특별시 성북구 정릉동 815-1,풍산쉐르빌(815-1),성북구
11290|정릉동|822-1,서울특별시 성북구 정릉동 822-1,대원아파트,성북구
11290|종암동|10-178,서울특별시 성북구 종암동 10-178,동진,성북구
11290|종암동|104-1,서울특별시 성북구 종암동 104-1,종암에스케이,성북구
11290|종암동|125-1,서울특별시 성북구 종암동 125-1,고려,성북구
11290|종암동|127,서울특별시 성북구 종암동 127,선경(127),성북구
11290|종암동|128,서울특별시 성북구 종암동 128,극동,성북구
11290|종암동|130,서울특별시 성북구 종암동 130,아이파크종암동1차,성북구
11290|종암동|131,서울특별시 성북구 종암동 131,아이파크종암동2차,성북구
11290|종암동|132,서울특별시 성북구 종암동 132,우림카이저팰리스,성북구
11290|종암동|133,서울특별시 성북구 종암동 133,래미안세레니티,성북구
11290|종암동|134,서울특별시 성북구 종암동 134,래미안라센트,성북구
11290|종암동|135,서울특별시 성북구 종암동 135,종암2차SKVIEW,성북구
11290|종암동|3-301,서울특별시 성북구 종암동 3-301,해가온팰리스아파트,성북구
11290|종암동|3-91,서울특별시 성북구 종암동 3-91,노블레스타워,성북구
11290|종암동|33-45,서울특별시 성북구 종암동 33-45,중앙드림빌,성북구
11290|종암동|34-3,서울특별시 성북구 종암동 34-3,종암선경,성북구
11290|종암동|46-43,서울특별시 성북구 종암동 46-43,센트럴힐,성북구
11290|종암동|48-9,서울특별시 성북구 종암동 48-9,황지클래스,성북구
11290|종암동|80,서울특별시 성북구 종암동 80,래미안크리시엘,성북구
11290|종암동|83-3,서울특별시 성북구 종암동 83-3,종암라온프라이빗,성북구
11290|청량리동|949,서울특별시 성북구 청량리동 949,샹그레빌아파트,성북구
11290|하월곡동|218,서울특별시 성북구 하월곡동 218,아남,성북구
11290|하월곡동|219,서울특별시 성북구 하월곡동 219,동신,성북구
11290|하월곡동|222,서울특별시 성북구 하월곡동 222,월곡두산위브,성북구
11290|하월곡동|223,서울특별시 성북구 하월곡동 223,수산동양빌,성북구
11290|하월곡동|224,서울특별시 성북구 하월곡동 224,샹그레빌아파트,성북구
11290|하월곡동|225,서울특별시 성북구 하월곡동 225,래미안월곡,성북구
11290|하월곡동|226,서울특별시 성북구 하월곡동 226,월곡래미안루나밸리,성북구
11290|하월곡동|227,서울특별시 성북구 하월곡동 227,월곡갑을명가,성북구
11290|하월곡동|228,서울특별시 성북구 하월곡동 228,꿈의숲푸르지오,성북구
11290|하월곡동|229,서울특별시 성북구 하월곡동 229,길음서희스타힐스,성북구
11290|하월곡동|230,서울특별시 성북구 하월곡동 230,동일하이빌뉴시티,성북구
11290|하월곡동|46-73,서울특별시 성북구 하월곡동 46-73,코업스타클래스,성북구
11290|하월곡동|70-4,서울특별시 성북구 하월곡동 70-4,동신주택,성북구
11290|하월곡동|88-510,서울특별시 성북구 하월곡동 88-510,삼전솔하임3차,성북구
11290|하월곡동|88-64,서울특별시 성북구 하월곡동 88-64,성북힐스테이트(101동),성북구
11290|하월곡동|88-957,서울특별시 성북구 하월곡동 88-957,성북힐스테이트(102동),성북구
11290|하월곡동|90-1213,서울특별시 성북구 하월곡동 90-1213,창방트윈(A동),성북구
11290|하월곡동|90-2066,서울특별시 성북구 하월곡동 90-2066,창방트윈(B동),성북구
11290|하월곡동|90-700,서울특별시 성북구 하월곡동 90-700,베로니스,성북구
11290|하월곡동|90-723,서울특별시 성북구 하월곡동 90-723,광남캐스빌,성북구
11305|도봉동|642,서울특별시 강북구 도봉동 642,현대성우,강북구
11305|미아동|103-183,서울특별시 강북구 미아동 103-183,젬스톤타운,강북구
11305|미아동|133-12,서울특별시 강북구 미아동 133-12,현대캐슬,강북구
11305|미아동|135-44,서울특별시 강북구 미아동 135-44,태솔,강북구
11305|미아동|1351,서울특별시 강북구 미아동 1351,두원프라자,강북구
11305|미아동|1352,서울특별시 강북구 미아동 1352,미아신구,강북구
11305|미아동|1353,서울특별시 강북구 미아동 1353,에스케이북한산시티,강북구
11305|미아동|1354,서울특별시 강북구 미아동 1354,벽산라이브파크,강북구
11305|미아동|1355,서울특별시 강북구 미아동 1355,미아한일유앤아이,강북구
11305|미아동|1356,서울특별시 강북구 미아동 1356,경남아너스빌(1356-0),강북구
11305|미아동|1357,서울특별시 강북구 미아동 1357,삼각산아이원,강북구
11305|미아동|1358,서울특별시 강북구 미아동 1358,신일해피트리,강북구
11305|미아동|1361,서울특별시 강북구 미아동 1361,이너스내안에,강북구
11305|미아동|1369,서울특별시 강북구 미아동 1369,꿈의숲해링턴플레이스,강북구
11305|미아동|137-17,서울특별시 강북구 미아동 137-17,한솔드림빌,강북구
11305|미아동|137-7,서울특별시 강북구 미아동 137-7,신대상,강북구
11305|미아동|1371,서울특별시 강북구 미아동 1371,꿈의숲한신더휴,강북구
11305|미아동|1372,서울특별시 강북구 미아동 1372,포르투나,강북구
11305|미아동|1373,서울특별시 강북구 미아동 1373,미아에스하임,강북구
11305|미아동|1374,서울특별시 강북구 미아동 1374,북서울자이폴라리스(1단지),강북구
11305|미아동|1375,서울특별시 강북구 미아동 1375,북서울자이폴라리스(2단지),강북구
11305|미아동|1379,서울특별시 강북구 미아동 1379,한화포레나미아,강북구
11305|미아동|152,서울특별시 강북구 미아동 152,요진,강북구
11305|미아동|160-3,서울특별시 강북구 미아동 160-3,푸르지오시티,강북구
11305|미아동|163-21,서울특별시 강북구 미아동 163-21,신일,강북구
11305|미아동|189-30,서울특별시 강북구 미아동 189-30,헤리움,강북구
11305|미아동|190-2,서울특별시 강북구 미아동 190-2,현대(190-2),강북구
11305|미아동|192-16,서울특별시 강북구 미아동 192-16,동아하이빌14차,강북구
11305|미아동|198-16,서울특별시 강북구 미아동 198-16,은진스톤하우스21차,강북구
11305|미아동|198-27,서울특별시 강북구 미아동 198-27,보람빌라트,강북구
11305|미아동|198-36,서울특별시 강북구 미아동 198-36,그린힐빌라트,강북구
11305|미아동|224-40,서울특별시 강북구 미아동 224-40,인성,강북구
11305|미아동|258-732,서울특별시 강북구 미아동 258-732,한일,강북구
11305|미아동|302-33,서울특별시 강북구 미아동 302-33,현대쉐르빌(302-33),강북구
11305|미아동|311-10,서울특별시 강북구 미아동 311-10,월드빌라(311-10),강북구
11305|미아동|311-9,서울특별시 강북구 미아동 311-9,월드,강북구
11305|미아동|318-5,서울특별시 강북구 미아동 318-5,성북프라자,강북구
11305|미아동|4,서울특별시 강북구 미아동 4,꿈의숲롯데캐슬,강북구
11305|미아동|461#11305-4158,서울특별시 강북구 미아동 461,송천센트레빌,강북구
11305|미아동|461#11305-4199,서울특별시 강북구 미아동 461,송천센트레빌(임대),강북구
11305|미아동|474,서울특별시 강북구 미아동 474,미아동부센트레빌,강북구
11305|미아동|561-2,서울특별시 강북구 미아동 561-2,현대성우,강북구
11305|미아동|796,서울특별시 강북구 미아동 796,경남아너스빌,강북구
11305|미아동|797,서울특별시 강북구 미아동 797,미아1차래미안,강북구
11305|미아동|8-318,서울특별시 강북구 미아동 8-318,두예파크빌,강북구
11305|미아동|8-87,서울특별시 강북구 미아동 8-87,스카이빌(8-87),강북구
11305|미아동|811,서울특별시 강북구 미아동 811,두산위브트레지움,강북구
11305|미아동|812#11305-4129,서울특별시 강북구 미아동 812,삼성래미안트리베라2단지,강북구
11305|미아동|812#11305-4130,서울특별시 강북구 미아동 812,래미안트리베라2단지(임대),강북구
11305|미아동|813,서울특별시 강북구 미아동 813,래미안트리베라1단지,강북구
11305|번동|118-15,서울특별시 강북구 번동 118-15,꿈의숲수림채,강북구
11305|번동|133-1,서울특별시 강북구 번동 133-1,번동한양아파트,강북구
11305|번동|136,서울특별시 강북구 번동 136,번동솔그린,강북구
11305|번동|138,서울특별시 강북구 번동 138,한솔솔파크,강북구
11305|번동|139,서울특별시 강북구 번동 139,해모로아파트,강북구
11305|번동|148-490,서울특별시 강북구 번동 148-490,훼밀리힐,강북구
11305|번동|148-494,서울특별시 강북구 번동 148-494,현대(148-494),강북구
11305|번동|148-496,서울특별시 강북구 번동 148-496,번동완성주상복합아파트,강북구
11305|번동|148-500,서울특별시 강북구 번동 148-500,장원(101),강북구
11305|번동|148-503,서울특별시 강북구 번동 148-503,장원(503),강북구
11305|번동|191,서울특별시 강북구 번동 191,기산그린,강북구
11305|번동|204,서울특별시 강북구 번동 204,신원,강북구
11305|번동|234,서울특별시 강북구 번동 234,주공4단지,강북구
11305|번동|242,서울특별시 강북구 번동 242,주공1단지,강북구
11305|번동|271-2,서울특별시 강북구 번동 271-2,현대꿈에그린,강북구
11305|번동|410,서울특별시 강북구 번동 410,수유역두산위브1,강북구
11305|번동|410-32,서울특별시 강북구 번동 410-32,더조은홈,강북구
11305|번동|411,서울특별시 강북구 번동 411,수유역두산위브2,강북구
11305|번동|418-3,서울특별시 강북구 번동 418-3,효성네오인텔리안,강북구
11305|번동|432-6,서울특별시 강북구 번동 432-6,빌드아르떼APT,강북구
11305|번동|443-6,서울특별시 강북구 번동 443-6,아츠스테이수유점,강북구
11305|번동|446-57,서울특별시 강북구 번동 446-57,파크에비뉴,강북구
11305|번동|446-59,서울특별시 강북구 번동 446-59,스카이캐슬,강북구
11305|번동|459-110,서울특별시 강북구 번동 459-110,쌍용,강북구
11305|번동|459-63,서울특별시 강북구 번동 459-63,다우(459-63),강북구
11305|번동|461-1,서울특별시 강북구 번동 461-1,백운,강북구
11305|번동|470-1,서울특별시 강북구 번동 470-1,삼성,강북구
11305|번동|656,서울특별시 강북구 번동 656,번동금호어울림,강북구
11305|번동|657,서울특별시 강북구 번동 657,동문,강북구
11305|번동|658,서울특별시 강북구 번동 658,한진,강북구
11305|번동|760,서울특별시 강북구 번동 760,오동공원현대,강북구
11305|번동|761,서울특별시 강북구 번동 761,센트로힐,강북구
11305|수유동|130-43,서울특별시 강북구 수유동 130-43,JKapartment,강북구
11305|수유동|177-2,서울특별시 강북구 수유동 177-2,다경하이빌,강북구
11305|수유동|178-1,서울특별시 강북구 수유동 178-1,청솔,강북구
11305|수유동|180-31,서울특별시 강북구 수유동 180-31,진명,강북구
11305|수유동|190-18,서울특별시 강북구 수유동 190-18,포엠빌,강북구
11305|수유동|191-28,서울특별시 강북구 수유동 191-28,크라운빌,강북구
11305|수유동|192-61,서울특별시 강북구 수유동 192-61,영남,강북구
11305|수유동|205,서울특별시 강북구 수유동 205,수유벽산1차,강북구
11305|수유동|223-14,서울특별시 강북구 수유동 223-14,삼성빌리지(223-14),강북구
11305|수유동|223-7,서울특별시 강북구 수유동 223-7,예도팔라티움,강북구
11305|수유동|229-49,서울특별시 강북구 수유동 229-49,경남아너스빌,강북구
11305|수유동|229-50,서울특별시 강북구 수유동 229-50,우암센스뷰,강북구
11305|수유동|245-8,서울특별시 강북구 수유동 245-8,청솔리치,강북구
11305|수유동|268-17,서울특별시 강북구 수유동 268-17,경원북한산휴그린,강북구
11305|수유동|269-25,서울특별시 강북구 수유동 269-25,청솔(269-25),강북구
11305|수유동|274-3,서울특별시 강북구 수유동 274-3,FIRSTVIEW,강북구
11305|수유동|279-74,서울특별시 강북구 수유동 279-74,수유다우아트리체,강북구
11305|수유동|280-14,서울특별시 강북구 수유동 280-14,궁전,강북구
11305|수유동|281-32,서울특별시 강북구 수유동 281-32,풍산쉐르빌A동,강북구
11305|수유동|281-51,서울특별시 강북구 수유동 281-51,부강쉐르빌,강북구
11305|수유동|282-11,서울특별시 강북구 수유동 282-11,파크(가),강북구
11305|수유동|282-12,서울특별시 강북구 수유동 282-12,파크(나),강북구
11305|수유동|282-20,서울특별시 강북구 수유동 282-20,정원,강북구
11305|수유동|334-3,서울특별시 강북구 수유동 334-3,썬힐하우스,강북구
11305|수유동|338-1,서울특별시 강북구 수유동 338-1,삼성타운,강북구
11305|수유동|392-132,서울특별시 강북구 수유동 392-132,프롬하우징,강북구
11305|수유동|403-17,서울특별시 강북구 수유동 403-17,세영,강북구
11305|수유동|410-45,서울특별시 강북구 수유동 410-45,한솔힐스빌,강북구
11305|수유동|45-93,서울특별시 강북구 수유동 45-93,대성월드빌,강북구
11305|수유동|461-13,서울특별시 강북구 수유동 461-13,화계맨숀,강북구
11305|수유동|47-13,서울특별시 강북구 수유동 47-13,대원쉐르빌(47-13),강북구
11305|수유동|47-23,서울특별시 강북구 수유동 47-23,수유아름채,강북구
11305|수유동|48-8,서울특별시 강북구 수유동 48-8,수유프리미어엠,강북구
11305|수유동|50-20,서울특별시 강북구 수유동 50-20,태솔캡슬,강북구
11305|수유동|50-24,서울특별시 강북구 수유동 50-24,어반레프대원,강북구
11305|수유동|50-31,서울특별시 강북구 수유동 50-31,삼성쉐르빌(50-31),강북구
11305|수유동|50-75,서울특별시 강북구 수유동 50-75,대림(수유),강북구
11305|수유동|50-82,서울특별시 강북구 수유동 50-82,성덕,강북구
11305|수유동|51-7,서울특별시 강북구 수유동 51-7,태솔타워,강북구
11305|수유동|519-10,서울특별시 강북구 수유동 519-10,훼밀리,강북구
11305|수유동|52-27,서울특별시 강북구 수유동 52-27,현대맨션(52-27),강북구
11305|수유동|52-30,서울특별시 강북구 수유동 52-30,태솔에버빌,강북구
11305|수유동|553-61,서울특별시 강북구 수유동 553-61,극동,강북구
11305|수유동|560-24,서울특별시 강북구 수유동 560-24,오페라하우스,강북구
11305|수유동|562-4,서울특별시 강북구 수유동 562-4,진안골드밸리,강북구
11305|수유동|569,서울특별시 강북구 수유동 569,골드빌,강북구
11305|수유동|63,서울특별시 강북구 수유동 63,수유삼호,강북구
11305|수유동|648,서울특별시 강북구 수유동 648,수유벽산2차,강북구
11305|수유동|690-9,서울특별시 강북구 수유동 690-9,은진,강북구
11305|수유동|697-1,서울특별시 강북구 수유동 697-1,은석,강북구
11305|수유동|710-15,서울특별시 강북구 수유동 710-15,백두골드,강북구
11305|수유동|729,서울특별시 강북구 수유동 729,수유현대,강북구
11305|수유동|730,서울특별시 강북구 수유동 730,래미안수유,강북구
11305|수유동|732,서울특별시 강북구 수유동 732,형인휴아름,강북구
11305|수유동|733,서울특별시 강북구 수유동 733,수유역하이씨티,강북구
11305|수유동|734,서울특별시 강북구 수유동 734,북한산네이처파크,강북구
11305|수유동|738,서울특별시 강북구 수유동 738,한원힐트리움수유,강북구
11305|수유동|739,서울특별시 강북구 수유동 739,북한산스카이뷰아파트,강북구
11305|수유동|741,서울특별시 강북구 수유동 741,칸타빌수유팰리스,강북구
11305|수유동|77-9,서울특별시 강북구 수유동 77-9,태솔타운,강북구
11305|수유동|87-5,서울특별시 강북구 수유동 87-5,수유시그니티,강북구
11305|우이동|1,서울특별시 강북구 우이동 1,성원상떼빌,강북구
11305|우이동|117-3,서울특별시 강북구 우이동 117-3,다인플레움,강북구
11305|우이동|175,서울특별시 강북구 우이동 175,북한산굿모닝,강북구
11305|우이동|340,서울특별시 강북구 우이동 340,성원그린(103동),강북구
11305|우이동|342,서울특별시 강북구 우이동 342,대우,강북구
11305|우이동|5-5,서울특별시 강북구 우이동 5-5,두온리치벨리,강북구
11305|우이동|84-8,서울특별시 강북구 우이동 84-8,북한산노블리스빌,강북구
11320|도봉동|30-1,서울특별시 도봉구 도봉동 30-1,한신,도봉구
11320|도봉동|51-12,서울특별시 도봉구 도봉동 51-12,중흥에스-클래스,도봉구
11320|도봉동|555,서울특별시 도봉구 도봉동 555,서울가든,도봉구
11320|도봉동|556-18,서울특별시 도봉구 도봉동 556-18,우영,도봉구
11320|도봉동|570-10,서울특별시 도봉구 도봉동 570-10,삼안리치,도봉구
11320|도봉동|571,서울특별시 도봉구 도봉동 571,도봉산리베니움,도봉구
11320|도봉동|588,서울특별시 도봉구 도봉동 588,신도봉,도봉구
11320|도봉동|595,서울특별시 도봉구 도봉동 595,럭키,도봉구
11320|도봉동|641,서울특별시 도봉구 도봉동 641,서원,도봉구
11320|도봉동|642,서울특별시 도봉구 도봉동 642,현대성우,도봉구
11320|도봉동|643,서울특별시 도봉구 도봉동 643,서광,도봉구
11320|도봉동|644,서울특별시 도봉구 도봉동 644,도봉파크빌3,도봉구
11320|도봉동|647,서울특별시 도봉구 도봉동 647,도봉파크빌2,도봉구
11320|도봉동|654,서울특별시 도봉구 도봉동 654,동아에코빌,도봉구
11320|도봉동|655,서울특별시 도봉구 도봉동 655,래미안도봉,도봉구
11320|도봉동|656,서울특별시 도봉구 도봉동 656,양우내안애,도봉구
11320|도봉동|657,서울특별시 도봉구 도봉동 657,한양수자인,도봉구
11320|도봉동|81-1,서울특별시 도봉구 도봉동 81-1,극동,도봉구
11320|도봉동|83,서울특별시 도봉구 도봉동 83,유원도봉,도봉구
11320|도봉동|87,서울특별시 도봉구 도봉동 87,삼환도봉,도봉구
11320|방학동|266-3,서울특별시 도봉구 방학동 266-3,성원105동,도봉구
11320|방학동|271-1,서울특별시 도봉구 방학동 271-1,신동아아파트1,도봉구
11320|방학동|274,서울특별시 도봉구 방학동 274,삼익세라믹아파트,도봉구
11320|방학동|275,서울특별시 도봉구 방학동 275,벽산아파트1,도봉구
11320|방학동|444-31,서울특별시 도봉구 방학동 444-31,대원그린아파트,도봉구
11320|방학동|496,서울특별시 도봉구 방학동 496,벽산아파트2,도봉구
11320|방학동|507,서울특별시 도봉구 방학동 507,우성아파트1,도봉구
11320|방학동|508,서울특별시 도봉구 방학동 508,우성아파트2,도봉구
11320|방학동|519-1,서울특별시 도봉구 방학동 519-1,선덕빌라트아파트,도봉구
11320|방학동|522,서울특별시 도봉구 방학동 522,북한산팰리스아파트,도봉구
11320|방학동|530,서울특별시 도봉구 방학동 530,신동아아파트3,도봉구
11320|방학동|531,서울특별시 도봉구 방학동 531,신동아아파트2,도봉구
11320|방학동|612-2,서울특별시 도봉구 방학동 612-2,태양아파트(612-2),도봉구
11320|방학동|612-34,서울특별시 도봉구 방학동 612-34,태양아파트(612-34),도봉구
11320|방학동|618-1,서울특별시 도봉구 방학동 618-1,부흥아파트,도봉구
11320|방학동|621-6,서울특별시 도봉구 방학동 621-6,동일아파트,도봉구
11320|방학동|636,서울특별시 도봉구 방학동 636,송학휴스테이,도봉구
11320|방학동|669-7,서울특별시 도봉구 방학동 669-7,청화아파트,도봉구
11320|방학동|689,서울특별시 도봉구 방학동 689,동부센트레빌아파트,도봉구
11320|방학동|690-3,서울특별시 도봉구 방학동 690-3,부영팰리스,도봉구
11320|방학동|695-10,서울특별시 도봉구 방학동 695-10,신주아파트(A동),도봉구
11320|방학동|695-21,서울특별시 도봉구 방학동 695-21,신주아파트B,도봉구
11320|방학동|701-15,서울특별시 도봉구 방학동 701-15,거성학마을아파트,도봉구
11320|방학동|705-17,서울특별시 도봉구 방학동 705-17,퍼스티안,도봉구
11320|방학동|712-17,서울특별시 도봉구 방학동 712-17,태솔에버빌아파트,도봉구
11320|방학동|712-5,서울특별시 도봉구 방학동 712-5,태솔에버빌(712-5),도봉구
11320|방학동|713,서울특별시 도봉구 방학동 713,브라운스톤방학아파트,도봉구
11320|방학동|713-12,서울특별시 도봉구 방학동 713-12,우암쎈스뷰아파트,도봉구
11320|방학동|714-1,서울특별시 도봉구 방학동 714-1,금광포란재아파트,도봉구
11320|방학동|715-12,서울특별시 도봉구 방학동 715-12,방학동삼성래미안2,도봉구
11320|방학동|716-1,서울특별시 도봉구 방학동 716-1,이에스에이아파트3,도봉구
11320|방학동|716-5,서울특별시 도봉구 방학동 716-5,이에스에이아파트2,도봉구
11320|방학동|717-2,서울특별시 도봉구 방학동 717-2,방학지음재힐스,도봉구
11320|방학동|718-7,서울특별시 도봉구 방학동 718-7,이에스에이아파트1,도봉구
11320|방학동|720-1,서울특별시 도봉구 방학동 720-1,대상타운현대아파트,도봉구
11320|방학동|720-18,서울특별시 도봉구 방학동 720-18,방학동삼성래미안1,도봉구
11320|방학동|725-9,서울특별시 도봉구 방학동 725-9,한원힐트리움아레나,도봉구
11320|방학동|730,서울특별시 도봉구 방학동 730,극동아파트,도봉구
11320|방학동|731,서울특별시 도봉구 방학동 731,한화성원아파트,도봉구
11320|방학동|732,서울특별시 도봉구 방학동 732,신동아아파트4,도봉구
11320|방학동|734,서울특별시 도봉구 방학동 734,청구아파트,도봉구
11320|방학동|735,서울특별시 도봉구 방학동 735,성원아파트,도봉구
11320|방학동|736,서울특별시 도봉구 방학동 736,신동아타워아파트,도봉구
11320|방학동|738,서울특별시 도봉구 방학동 738,신동아아파트5,도봉구
11320|방학동|739,서울특별시 도봉구 방학동 739,효성하이타운아파트,도봉구
11320|방학동|740,서울특별시 도봉구 방학동 740,동양크레오아파트,도봉구
11320|방학동|741,서울특별시 도봉구 방학동 741,성진파크뷰아파트,도봉구
11320|방학동|743,서울특별시 도봉구 방학동 743,북한산청호아파트,도봉구
11320|쌍문동|100-2,서울특별시 도봉구 쌍문동 100-2,성원팰리스,도봉구
11320|쌍문동|103-69,서울특별시 도봉구 쌍문동 103-69,쌍문리버뷰,도봉구
11320|쌍문동|103-85,서울특별시 도봉구 쌍문동 103-85,빌드아르떼APT,도봉구
11320|쌍문동|11-5,서울특별시 도봉구 쌍문동 11-5,선우,도봉구
11320|쌍문동|128-2,서울특별시 도봉구 쌍문동 128-2,한솔캐스빌,도봉구
11320|쌍문동|13-2,서울특별시 도봉구 쌍문동 13-2,대웅,도봉구
11320|쌍문동|138-33,서울특별시 도봉구 쌍문동 138-33,원산,도봉구
11320|쌍문동|139-37,서울특별시 도봉구 쌍문동 139-37,새울(139-37),도봉구
11320|쌍문동|139-52,서울특별시 도봉구 쌍문동 139-52,신동아,도봉구
11320|쌍문동|143-52,서울특별시 도봉구 쌍문동 143-52,영진,도봉구
11320|쌍문동|153,서울특별시 도봉구 쌍문동 153,기용,도봉구
11320|쌍문동|158,서울특별시 도봉구 쌍문동 158,한양7,도봉구
11320|쌍문동|159,서울특별시 도봉구 쌍문동 159,대우파크빌,도봉구
11320|쌍문동|160,서울특별시 도봉구 쌍문동 160,미라보,도봉구
11320|쌍문동|19,서울특별시 도봉구 쌍문동 19,쌍문동LG트윈빌1,도봉구
11320|쌍문동|19-20,서울특별시 도봉구 쌍문동 19-20,동일씨티빌,도봉구
11320|쌍문동|195,서울특별시 도봉구 쌍문동 195,청구,도봉구
11320|쌍문동|199-1,서울특별시 도봉구 쌍문동 199-1,금호1,도봉구
11320|쌍문동|20,서울특별시 도봉구 쌍문동 20,벽산송화프라자,도봉구
11320|쌍문동|20-4,서울특별시 도봉구 쌍문동 20-4,쌍문동LG트윈빌2,도봉구
11320|쌍문동|256,서울특별시 도봉구 쌍문동 256,신원에벤에셀,도봉구
11320|쌍문동|277-5,서울특별시 도봉구 쌍문동 277-5,신일라이프(B동),도봉구
11320|쌍문동|285-5,서울특별시 도봉구 쌍문동 285-5,동익미라벨,도봉구
11320|쌍문동|311,서울특별시 도봉구 쌍문동 311,그린스테이트,도봉구
11320|쌍문동|315-20,서울특별시 도봉구 쌍문동 315-20,신건영주택A,도봉구
11320|쌍문동|315-39,서울특별시 도봉구 쌍문동 315-39,월드,도봉구
11320|쌍문동|315-48,서울특별시 도봉구 쌍문동 315-48,하루방,도봉구
11320|쌍문동|321,서울특별시 도봉구 쌍문동 321,쌍문금용,도봉구
11320|쌍문동|357-14,서울특별시 도봉구 쌍문동 357-14,로얄,도봉구
11320|쌍문동|357-6,서울특별시 도봉구 쌍문동 357-6,금강,도봉구
11320|쌍문동|388-33,서울특별시 도봉구 쌍문동 388-33,한양1,도봉구
11320|쌍문동|450,서울특별시 도봉구 쌍문동 450,청화,도봉구
11320|쌍문동|460-8,서울특별시 도봉구 쌍문동 460-8,삼보,도봉구
11320|쌍문동|50,서울특별시 도봉구 쌍문동 50,현대2,도봉구
11320|쌍문동|53,서울특별시 도봉구 쌍문동 53,성원,도봉구
11320|쌍문동|54,서울특별시 도봉구 쌍문동 54,현대1,도봉구
11320|쌍문동|56,서울특별시 도봉구 쌍문동 56,삼익세라믹,도봉구
11320|쌍문동|567,서울특별시 도봉구 쌍문동 567,성원하이츠(C동),도봉구
11320|쌍문동|574,서울특별시 도봉구 쌍문동 574,성원하이츠A동,도봉구
11320|쌍문동|574-1,서울특별시 도봉구 쌍문동 574-1,성원하이츠(B동),도봉구
11320|쌍문동|575,서울특별시 도봉구 쌍문동 575,시그마팰리스,도봉구
11320|쌍문동|59#11320-21,서울특별시 도봉구 쌍문동 59,한양2,도봉구
11320|쌍문동|59#11320-22,서울특별시 도봉구 쌍문동 59,한양3,도봉구
11320|쌍문동|59#11320-23,서울특별시 도봉구 쌍문동 59,한양4,도봉구
11320|쌍문동|59-3,서울특별시 도봉구 쌍문동 59-3,한양5,도봉구
11320|쌍문동|59-5,서울특별시 도봉구 쌍문동 59-5,한양6,도봉구
11320|쌍문동|594,서울특별시 도봉구 쌍문동 594,젬스톤타운,도봉구
11320|쌍문동|600,서울특별시 도봉구 쌍문동 600,신라샤르망,도봉구
11320|쌍문동|639-1,서울특별시 도봉구 쌍문동 639-1,한영,도봉구
11320|쌍문동|642,서울특별시 도봉구 쌍문동 642,동순미,도봉구
11320|쌍문동|658,서울특별시 도봉구 쌍문동 658,그린힐스아파트,도봉구
11320|쌍문동|68-1,서울특별시 도봉구 쌍문동 68-1,피스플하우스,도봉구
11320|쌍문동|711,서울특별시 도봉구 쌍문동 711,도봉금강아미움파크타운,도봉구
11320|쌍문동|713,서울특별시 도봉구 쌍문동 713,에덴,도봉구
11320|쌍문동|719,서울특별시 도봉구 쌍문동 719,현대3,도봉구
11320|쌍문동|721,서울특별시 도봉구 쌍문동 721,극동아파트,도봉구
11320|쌍문동|722,서울특별시 도봉구 쌍문동 722,염광,도봉구
11320|쌍문동|723,서울특별시 도봉구 쌍문동 723,신원2,도봉구
11320|쌍문동|724,서울특별시 도봉구 쌍문동 724,백조,도봉구
11320|쌍문동|725,서울특별시 도봉구 쌍문동 725,쌍문동삼성래미안,도봉구
11320|쌍문동|726,서울특별시 도봉구 쌍문동 726,신일라이프,도봉구
11320|쌍문동|727,서울특별시 도봉구 쌍문동 727,파라다이스빌,도봉구
11320|쌍문동|728,서울특별시 도봉구 쌍문동 728,북한산월드메르디앙,도봉구
11320|쌍문동|729,서울특별시 도봉구 쌍문동 729,브라운스톤쌍문,도봉구
11320|쌍문동|73,서울특별시 도봉구 쌍문동 73,경남,도봉구
11320|쌍문동|730,서울특별시 도봉구 쌍문동 730,대우파크힐(쌍문동이안),도봉구
11320|쌍문동|731,서울특별시 도봉구 쌍문동 731,e편한세상,도봉구
11320|쌍문동|732,서울특별시 도봉구 쌍문동 732,북한산코오롱하늘채,도봉구
11320|쌍문동|733,서울특별시 도봉구 쌍문동 733,솔밭노블리안,도봉구
11320|쌍문동|734,서울특별시 도봉구 쌍문동 734,시티프라디움,도봉구
11320|쌍문동|75-29,서울특별시 도봉구 쌍문동 75-29,풀내음아파트,도봉구
11320|쌍문동|81-151,서울특별시 도봉구 쌍문동 81-151,신성오크힐,도봉구
11320|쌍문동|88-14,서울특별시 도봉구 쌍문동 88-14,영진팰리스,도봉구
11320|쌍문동|88-17,서울특별시 도봉구 쌍문동 88-17,한성쉐르빌,도봉구
11320|쌍문동|88-72,서울특별시 도봉구 쌍문동 88-72,신성,도봉구
11320|쌍문동|96-39,서울특별시 도봉구 쌍문동 96-39,스마트빌,도봉구
11320|쌍문동|산69-1,서울특별시 도봉구 쌍문동 산69-1,금호2,도봉구
11320|창동|254-30,서울특별시 도봉구 창동 254-30,창동그린아파트,도봉구
11320|창동|254-5,서울특별시 도봉구 창동 254-5,현진아파트,도봉구
11320|창동|26,서울특별시 도봉구 창동 26,동아,도봉구
11320|창동|27,서울특별시 도봉구 창동 27,주공19단지(창동리버타운),도봉구
11320|창동|299,서울특별시 도봉구 창동 299,상아1차아파트,도봉구
11320|창동|30,서울특별시 도봉구 창동 30,창동주공18단지,도봉구
11320|창동|300,서울특별시 도봉구 창동 300,상아2차아파트,도봉구
11320|창동|305,서울특별시 도봉구 창동 305,창동주공1단지,도봉구
11320|창동|316,서울특별시 도봉구 창동 316,창동주공2단지,도봉구
11320|창동|347,서울특별시 도봉구 창동 347,창동주공3단지(해등마을),도봉구
11320|창동|366,서울특별시 도봉구 창동 366,서울가든,도봉구
11320|창동|373,서울특별시 도봉구 창동 373,창동주공4단지,도봉구
11320|창동|38,서울특별시 도봉구 창동 38,주공17단지,도봉구
11320|창동|442-17,서울특별시 도봉구 창동 442-17,세인트라디움,도봉구
11320|창동|442-33,서울특별시 도봉구 창동 442-33,DK포시즌,도봉구
11320|창동|442-5,서울특별시 도봉구 창동 442-5,퍼스트뷰아파트,도봉구
11320|창동|443-1,서울특별시 도봉구 창동 443-1,삼성브래뉴,도봉구
11320|창동|443-4,서울특별시 도봉구 창동 443-4,파크힐,도봉구
11320|창동|45,서울특별시 도봉구 창동 45,삼성래미안,도봉구
11320|창동|451,서울특별시 도봉구 창동 451,한신APT,도봉구
11320|창동|471-9,서울특별시 도봉구 창동 471-9,신창빌라트,도봉구
11320|창동|552-12,서울특별시 도봉구 창동 552-12,엘리시아,도봉구
11320|창동|553-50,서울특별시 도봉구 창동 553-50,세명,도봉구
11320|창동|581-4,서울특별시 도봉구 창동 581-4,청하아파트A동,도봉구
11320|창동|581-74,서울특별시 도봉구 창동 581-74,청하아파트B동,도봉구
11320|창동|582-21,서울특별시 도봉구 창동 582-21,영창하모니A,도봉구
11320|창동|603-25,서울특별시 도봉구 창동 603-25,"은성드림존101동,102동",도봉구
11320|창동|607-4,서울특별시 도봉구 창동 607-4,보람아파트,도봉구
11320|창동|608-167,서울특별시 도봉구 창동 608-167,새울아파트,도봉구
11320|창동|609-11,서울특별시 도봉구 창동 609-11,대림아파트,도봉구
11320|창동|621-1,서울특별시 도봉구 창동 621-1,한일아파트,도봉구
11320|창동|621-69,서울특별시 도봉구 창동 621-69,창동한신휴플러스(621-69),도봉구
11320|창동|629-24,서울특별시 도봉구 창동 629-24,금강101,도봉구
11320|창동|629-29,서울특별시 도봉구 창동 629-29,금강102,도봉구
11320|창동|635-42,서울특별시 도봉구 창동 635-42,LIG건영캐스빌,도봉구
11320|창동|661-10,서울특별시 도봉구 창동 661-10,하우니티,도봉구
11320|창동|661-13,서울특별시 도봉구 창동 661-13,원산아파트33차,도봉구
11320|창동|661-55,서울특별시 도봉구 창동 661-55,스마트트라움,도봉구
11320|창동|661-78,서울특별시 도봉구 창동 661-78,한솔,도봉구
11320|창동|661-88,서울특별시 도봉구 창동 661-88,리치,도봉구
11320|창동|661-89,서울특별시 도봉구 창동 661-89,황지,도봉구
11320|창동|662-103,서울특별시 도봉구 창동 662-103,동일하이빌,도봉구
11320|창동|665-21,서울특별시 도봉구 창동 665-21,중흥에스클래스,도봉구
11320|창동|665-25,서울특별시 도봉구 창동 665-25,금성파크A동,도봉구
11320|창동|665-26,서울특별시 도봉구 창동 665-26,금성파크B동,도봉구
11320|창동|7,서울특별시 도봉구 창동 7,월가타워,도봉구
11320|창동|715-25,서울특별시 도봉구 창동 715-25,새울(715-25),도봉구
11320|창동|715-3,서울특별시 도봉구 창동 715-3,미소애,도봉구
11320|창동|731-54,서울특별시 도봉구 창동 731-54,새로움아파트,도봉구
11320|창동|743-15,서울특별시 도봉구 창동 743-15,성원상떼빌,도봉구
11320|창동|743-23,서울특별시 도봉구 창동 743-23,창동역블루핀2동,도봉구
11320|창동|743-28,서울특별시 도봉구 창동 743-28,창동역블루핀1동,도봉구
11320|창동|804,서울특별시 도봉구 창동 804,대우,도봉구
11320|창동|805,서울특별시 도봉구 창동 805,동아그린,도봉구
11320|창동|807,서울특별시 도봉구 창동 807,쌍용,도봉구
11320|창동|808,서울특별시 도봉구 창동 808,동아청솔,도봉구
11320|창동|809,서울특별시 도봉구 창동 809,금용,도봉구
11320|창동|810,서울특별시 도봉구 창동 810,신창,도봉구
11320|창동|811,서울특별시 도봉구 창동 811,대동,도봉구
11320|창동|812,서울특별시 도봉구 창동 812,창동현대타운,도봉구
11320|창동|813,서울특별시 도봉구 창동 813,현대조합,도봉구
11320|창동|814,서울특별시 도봉구 창동 814,대우그린,도봉구
11320|창동|815,서울특별시 도봉구 창동 815,창동2차현대,도봉구
11320|창동|816,서울특별시 도봉구 창동 816,창동3차현대,도봉구
11320|창동|817,서울특별시 도봉구 창동 817,수산트리플,도봉구
11320|창동|818,서울특별시 도봉구 창동 818,창동현대4차,도봉구
11320|창동|819,서울특별시 도봉구 창동 819,태영데시앙,도봉구
11320|창동|820,서울특별시 도봉구 창동 820,창동신도브래뉴1차,도봉구
11320|창동|821,서울특별시 도봉구 창동 821,초안산신도브래뉴,도봉구
11320|창동|822,서울특별시 도봉구 창동 822,대림e-편한세상,도봉구
11320|창동|823,서울특별시 도봉구 창동 823,금호어울림,도봉구
11320|창동|824,서울특별시 도봉구 창동 824,창동한승미메이드,도봉구
11320|창동|825,서울특별시 도봉구 창동 825,북한산아이파크5차,도봉구
11320|창동|826,서울특별시 도봉구 창동 826,북한산한신휴플러스,도봉구
11320|창동|827,서울특별시 도봉구 창동 827,동도센트리움,도봉구
11350|공릉동|106,서울특별시 노원구 공릉동 106,공릉해링턴플레이스,노원구
11350|공릉동|108,서울특별시 노원구 공릉동 108,우방아파트,노원구
11350|공릉동|109,서울특별시 노원구 공릉동 109,비선아파트,노원구
11350|공릉동|111,서울특별시 노원구 공릉동 111,화랑타운아파트,노원구
11350|공릉동|222,서울특별시 노원구 공릉동 222,하늘공원(101동),노원구
11350|공릉동|222-15,서울특별시 노원구 공릉동 222-15,하늘공원아파트(103동),노원구
11350|공릉동|222-4,서울특별시 노원구 공릉동 222-4,하늘공원아파트(102동),노원구
11350|공릉동|230#11350-185,서울특별시 노원구 공릉동 230,현대아파트,노원구
11350|공릉동|230#11350-261,서울특별시 노원구 공릉동 230,현대연립주택,노원구
11350|공릉동|254,서울특별시 노원구 공릉동 254,태릉우성아파트,노원구
11350|공릉동|269-2,서울특별시 노원구 공릉동 269-2,청구빌아파트,노원구
11350|공릉동|270-47,서울특별시 노원구 공릉동 270-47,청수대아파트,노원구
11350|공릉동|270-71,서울특별시 노원구 공릉동 270-71,대명아파트,노원구
11350|공릉동|351-1,서울특별시 노원구 공릉동 351-1,서로퍼스트빌,노원구
11350|공릉동|351-2,서울특별시 노원구 공릉동 351-2,주완위즈빌,노원구
11350|공릉동|366-15,서울특별시 노원구 공릉동 366-15,테라파크뷰,노원구
11350|공릉동|370-4,서울특별시 노원구 공릉동 370-4,신원아파트,노원구
11350|공릉동|371-11,서울특별시 노원구 공릉동 371-11,서일이츠뷰,노원구
11350|공릉동|379-2,서울특별시 노원구 공릉동 379-2,엘림타운,노원구
11350|공릉동|379-5,서울특별시 노원구 공릉동 379-5,남청파인힐,노원구
11350|공릉동|379-9,서울특별시 노원구 공릉동 379-9,신대림아파트,노원구
11350|공릉동|380-1,서울특별시 노원구 공릉동 380-1,대동아파트2,노원구
11350|공릉동|380-10,서울특별시 노원구 공릉동 380-10,청솔브레싱B동,노원구
11350|공릉동|380-56,서울특별시 노원구 공릉동 380-56,청솔브레씽A동,노원구
11350|공릉동|382-14,서울특별시 노원구 공릉동 382-14,신명아파트,노원구
11350|공릉동|389-13,서울특별시 노원구 공릉동 389-13,임성아파트,노원구
11350|공릉동|395-6,서울특별시 노원구 공릉동 395-6,참다움아파트,노원구
11350|공릉동|395-7,서울특별시 노원구 공릉동 395-7,진명비베레,노원구
11350|공릉동|400-8,서울특별시 노원구 공릉동 400-8,신한양아파트,노원구
11350|공릉동|404-3,서울특별시 노원구 공릉동 404-3,건영아파트,노원구
11350|공릉동|408-23,서울특별시 노원구 공릉동 408-23,한진아파트,노원구
11350|공릉동|492-1,서울특별시 노원구 공릉동 492-1,대아2차아파트,노원구
11350|공릉동|492-3,서울특별시 노원구 공릉동 492-3,서진프라자아파트,노원구
11350|공릉동|493-20,서울특별시 노원구 공릉동 493-20,서경하누리아파트,노원구
11350|공릉동|504-5,서울특별시 노원구 공릉동 504-5,주완위즈빌2,노원구
11350|공릉동|504-7,서울특별시 노원구 공릉동 504-7,탑스빌아파트,노원구
11350|공릉동|568-6,서울특별시 노원구 공릉동 568-6,씨엠아파트,노원구
11350|공릉동|569-20,서울특별시 노원구 공릉동 569-20,청우씨티아파트,노원구
11350|공릉동|569-26,서울특별시 노원구 공릉동 569-26,우성2차아파트101동,노원구
11350|공릉동|569-28,서울특별시 노원구 공릉동 569-28,우성2차아파트102동,노원구
11350|공릉동|575-24,서울특별시 노원구 공릉동 575-24,라메즈아파트,노원구
11350|공릉동|576-11,서울특별시 노원구 공릉동 576-11,세영아파트,노원구
11350|공릉동|585-6,서울특별시 노원구 공릉동 585-6,진주브라운,노원구
11350|공릉동|585-7,서울특별시 노원구 공릉동 585-7,진주브라운,노원구
11350|공릉동|586-15,서울특별시 노원구 공릉동 586-15,보람노블레스아파트,노원구
11350|공릉동|587-8,서울특별시 노원구 공릉동 587-8,하나플러스,노원구
11350|공릉동|589-3,서울특별시 노원구 공릉동 589-3,새울센스빌아파트,노원구
11350|공릉동|590-1,서울특별시 노원구 공릉동 590-1,현대(고려)아파트,노원구
11350|공릉동|593-6,서울특별시 노원구 공릉동 593-6,백영아파트,노원구
11350|공릉동|604-11,서울특별시 노원구 공릉동 604-11,대동아파트,노원구
11350|공릉동|609-3,서울특별시 노원구 공릉동 609-3,동아하이빌아파트101동,노원구
11350|공릉동|609-57,서울특별시 노원구 공릉동 609-57,동아하이빌아파트102동,노원구
11350|공릉동|661-20,서울특별시 노원구 공릉동 661-20,플라체76,노원구
11350|공릉동|670-20,서울특별시 노원구 공릉동 670-20,노원프레미어스엠코,노원구
11350|공릉동|670-6,서울특별시 노원구 공릉동 670-6,미라쉘,노원구
11350|공릉동|670-7,서울특별시 노원구 공릉동 670-7,67디벨리움,노원구
11350|공릉동|683-14,서울특별시 노원구 공릉동 683-14,한일휴니스빌,노원구
11350|공릉동|684-22,서울특별시 노원구 공릉동 684-22,남광아파트,노원구
11350|공릉동|684-41,서울특별시 노원구 공릉동 684-41,태릉입구역이니티움,노원구
11350|공릉동|684-60,서울특별시 노원구 공릉동 684-60,남광미르빌,노원구
11350|공릉동|690-10,서울특별시 노원구 공릉동 690-10,탑스빌아파트(101동),노원구
11350|공릉동|690-2,서울특별시 노원구 공릉동 690-2,삼익아파트,노원구
11350|공릉동|690-23,서울특별시 노원구 공릉동 690-23,탑스빌아파트(102동),노원구
11350|공릉동|705,서울특별시 노원구 공릉동 705,동부아파트,노원구
11350|공릉동|707,서울특별시 노원구 공릉동 707,시영2단지(라이프)아파트,노원구
11350|공릉동|708,서울특별시 노원구 공릉동 708,공릉1단지아파트,노원구
11350|공릉동|714,서울특별시 노원구 공릉동 714,삼익4단지아파트,노원구
11350|공릉동|715,서울특별시 노원구 공릉동 715,시영3차(라이프)아파트,노원구
11350|공릉동|725,서울특별시 노원구 공릉동 725,풍림아파트A,노원구
11350|공릉동|727,서울특별시 노원구 공릉동 727,풍림아파트B,노원구
11350|공릉동|737,서울특별시 노원구 공릉동 737,삼익포레스트아파트,노원구
11350|공릉동|738,서울특별시 노원구 공릉동 738,공릉우성아파트,노원구
11350|공릉동|740,서울특별시 노원구 공릉동 740,대아아파트1차,노원구
11350|공릉동|741,서울특별시 노원구 공릉동 741,현대성우아파트,노원구
11350|공릉동|742,서울특별시 노원구 공릉동 742,효성아파트,노원구
11350|공릉동|743,서울특별시 노원구 공릉동 743,공릉동한보에센시티아파트,노원구
11350|공릉동|744,서울특별시 노원구 공릉동 744,건영장미아파트,노원구
11350|공릉동|745,서울특별시 노원구 공릉동 745,동신아파트,노원구
11350|공릉동|746,서울특별시 노원구 공릉동 746,화랑해링턴플레이스아파트,노원구
11350|공릉동|747,서울특별시 노원구 공릉동 747,두산힐스빌아파트,노원구
11350|공릉동|748,서울특별시 노원구 공릉동 748,신도1차아파트,노원구
11350|공릉동|749,서울특별시 노원구 공릉동 749,공릉2신도브래뉴아파트,노원구
11350|공릉동|750,서울특별시 노원구 공릉동 750,녹주아파트,노원구
11350|공릉동|751,서울특별시 노원구 공릉동 751,대주파크빌아파트,노원구
11350|공릉동|752,서울특별시 노원구 공릉동 752,광덕파크빌아파트,노원구
11350|공릉동|753,서울특별시 노원구 공릉동 753,길성그랑프리텔아파트,노원구
11350|공릉동|754,서울특별시 노원구 공릉동 754,삼익2차아파트,노원구
11350|공릉동|755,서울특별시 노원구 공릉동 755,비콘아파트,노원구
11350|공릉동|756,서울특별시 노원구 공릉동 756,신성미소지움아파트,노원구
11350|공릉동|757,서울특별시 노원구 공릉동 757,우국리더스빌,노원구
11350|공릉동|758,서울특별시 노원구 공릉동 758,태릉해링턴플레이스,노원구
11350|공릉동|759,서울특별시 노원구 공릉동 759,태승훼미리아파트,노원구
11350|공릉동|760,서울특별시 노원구 공릉동 760,화랑대디오베이션,노원구
11350|공릉동|81,서울특별시 노원구 공릉동 81,태강아파트(아이파크),노원구
11350|공릉동|90,서울특별시 노원구 공릉동 90,청솔아파트9,노원구
11350|공릉동|91,서울특별시 노원구 공릉동 91,청솔아파트8,노원구
11350|상계동|1021-12,서울특별시 노원구 상계동 1021-12,대동황토빌라트,노원구
11350|상계동|1049-43,서울특별시 노원구 상계동 1049-43,청솔,노원구
11350|상계동|1055,서울특별시 노원구 상계동 1055,상계1차현대아파트,노원구
11350|상계동|1063,서울특별시 노원구 상계동 1063,상계현대3차,노원구
11350|상계동|1065-6,서울특별시 노원구 상계동 1065-6,동일씨티빌,노원구
11350|상계동|1068,서울특별시 노원구 상계동 1068,중앙하이츠(5지역),노원구
11350|상계동|107-970,서울특별시 노원구 상계동 107-970,불암신기102동,노원구
11350|상계동|107-980,서울특별시 노원구 상계동 107-980,불암신기101동,노원구
11350|상계동|1078,서울특별시 노원구 상계동 1078,현대2차,노원구
11350|상계동|1087-4,서울특별시 노원구 상계동 1087-4,수락파크,노원구
11350|상계동|1090-2,서울특별시 노원구 상계동 1090-2,보람그린APT101동,노원구
11350|상계동|1094,서울특별시 노원구 상계동 1094,보람그린102동,노원구
11350|상계동|1101-2,서울특별시 노원구 상계동 1101-2,송이월드A동,노원구
11350|상계동|1101-33,서울특별시 노원구 상계동 1101-33,송이월드B동,노원구
11350|상계동|1110,서울특별시 노원구 상계동 1110,두산,노원구
11350|상계동|1117-12,서울특별시 노원구 상계동 1117-12,D.S아파트,노원구
11350|상계동|1128,서울특별시 노원구 상계동 1128,극동늘푸른,노원구
11350|상계동|1251,서울특별시 노원구 상계동 1251,노원우성,노원구
11350|상계동|1255,서울특별시 노원구 상계동 1255,은빛1단지,노원구
11350|상계동|1256,서울특별시 노원구 상계동 1256,은빛2단지,노원구
11350|상계동|1265,서울특별시 노원구 상계동 1265,수락산벨리체,노원구
11350|상계동|1269,서울특별시 노원구 상계동 1269,수락파크빌,노원구
11350|상계동|1270,서울특별시 노원구 상계동 1270,금호타운,노원구
11350|상계동|1271,서울특별시 노원구 상계동 1271,현대4차,노원구
11350|상계동|1272,서울특별시 노원구 상계동 1272,수락현대,노원구
11350|상계동|1273,서울특별시 노원구 상계동 1273,북부현대,노원구
11350|상계동|1275,서울특별시 노원구 상계동 1275,청암1단지,노원구
11350|상계동|1276,서울특별시 노원구 상계동 1276,청암2단지,노원구
11350|상계동|1277,서울특별시 노원구 상계동 1277,수락한신,노원구
11350|상계동|1279,서울특별시 노원구 상계동 1279,상계1차중앙하이츠,노원구
11350|상계동|1280,서울특별시 노원구 상계동 1280,희락,노원구
11350|상계동|1281,서울특별시 노원구 상계동 1281,코오롱,노원구
11350|상계동|1282,서울특별시 노원구 상계동 1282,상계2차중앙하이츠,노원구
11350|상계동|1283,서울특별시 노원구 상계동 1283,성원상떼빌,노원구
11350|상계동|1284,서울특별시 노원구 상계동 1284,대동황토방,노원구
11350|상계동|1285,서울특별시 노원구 상계동 1285,동아불암,노원구
11350|상계동|1289,서울특별시 노원구 상계동 1289,상계불암대림,노원구
11350|상계동|1293,서울특별시 노원구 상계동 1293,불암현대,노원구
11350|상계동|1295,서울특별시 노원구 상계동 1295,상계우방유쉘,노원구
11350|상계동|1296,서울특별시 노원구 상계동 1296,상록수1단지,노원구
11350|상계동|1297,서울특별시 노원구 상계동 1297,상록수2단지,노원구
11350|상계동|1298,서울특별시 노원구 상계동 1298,신이모닝빌,노원구
11350|상계동|1299,서울특별시 노원구 상계동 1299,양우,노원구
11350|상계동|1301,서울특별시 노원구 상계동 1301,상계대림e편한세상,노원구
11350|상계동|1302,서울특별시 노원구 상계동 1302,대창센시티,노원구
11350|상계동|1303,서울특별시 노원구 상계동 1303,문수해오름,노원구
11350|상계동|1304,서울특별시 노원구 상계동 1304,대망드림힐1,노원구
11350|상계동|1305,서울특별시 노원구 상계동 1305,동양엔파트,노원구
11350|상계동|1306,서울특별시 노원구 상계동 1306,우림루미아트1,노원구
11350|상계동|1307,서울특별시 노원구 상계동 1307,우림루미아트201동,노원구
11350|상계동|1308,서울특별시 노원구 상계동 1308,비콘드림힐2,노원구
11350|상계동|1309,서울특별시 노원구 상계동 1309,한일유앤아이,노원구
11350|상계동|1310,서울특별시 노원구 상계동 1310,비콘드림힐3,노원구
11350|상계동|1312,서울특별시 노원구 상계동 1312,수락리버시티3단지,노원구
11350|상계동|1313,서울특별시 노원구 상계동 1313,수락리버시티4단지,노원구
11350|상계동|1317,서울특별시 노원구 상계동 1317,수락산늘푸른,노원구
11350|상계동|1318,서울특별시 노원구 상계동 1318,노원IPARK,노원구
11350|상계동|1320,서울특별시 노원구 상계동 1320,미라보(성림),노원구
11350|상계동|1321,서울특별시 노원구 상계동 1321,건영,노원구
11350|상계동|1322,서울특별시 노원구 상계동 1322,중계센트럴파크,노원구
11350|상계동|135,서울특별시 노원구 상계동 135,한신1차,노원구
11350|상계동|1355,서울특별시 노원구 상계동 1355,노원센트럴푸르지오,노원구
11350|상계동|1373-2,서울특별시 노원구 상계동 1373-2,센트럴,노원구
11350|상계동|1401-8,서울특별시 노원구 상계동 1401-8,코지한주,노원구
11350|상계동|1410,서울특별시 노원구 상계동 1410,노원롯데캐슬시그니처,노원구
11350|상계동|144-3,서울특별시 노원구 상계동 144-3,보미,노원구
11350|상계동|172,서울특별시 노원구 상계동 172,상계대림,노원구
11350|상계동|173-1,서울특별시 노원구 상계동 173-1,벽산,노원구
11350|상계동|330-29,서울특별시 노원구 상계동 330-29,소담빌,노원구
11350|상계동|359,서울특별시 노원구 상계동 359,노원현대,노원구
11350|상계동|407-7,서울특별시 노원구 상계동 407-7,충효파크타운,노원구
11350|상계동|43-5,서울특별시 노원구 상계동 43-5,범하세라믹,노원구
11350|상계동|451,서울특별시 노원구 상계동 451,한신2차,노원구
11350|상계동|458,서울특별시 노원구 상계동 458,한신3차,노원구
11350|상계동|463,서울특별시 노원구 상계동 463,상계신동아,노원구
11350|상계동|581-2,서울특별시 노원구 상계동 581-2,센트럴타워,노원구
11350|상계동|624,서울특별시 노원구 상계동 624,상계주공16(고층),노원구
11350|상계동|626#11350-204,서울특별시 노원구 상계동 626,상계주공14(저층),노원구
11350|상계동|626#11350-34,서울특별시 노원구 상계동 626,상계주공14(고층),노원구
11350|상계동|637,서울특별시 노원구 상계동 637,상계주공13(고층),노원구
11350|상계동|639#11350-11,서울특별시 노원구 상계동 639,보람2단지,노원구
11350|상계동|639#11350-202,서울특별시 노원구 상계동 639,보람아파트,노원구
11350|상계동|647,서울특별시 노원구 상계동 647,상계주공12(고층),노원구
11350|상계동|652,서울특별시 노원구 상계동 652,상계주공11(고층),노원구
11350|상계동|666#11350-205,서울특별시 노원구 상계동 666,상계주공10(저층),노원구
11350|상계동|666#11350-30,서울특별시 노원구 상계동 666,상계주공10(고층),노원구
11350|상계동|670,서울특별시 노원구 상계동 670,상계주공9(고층),노원구
11350|상계동|677,서울특별시 노원구 상계동 677,상계주공8(저층),노원구
11350|상계동|680,서울특별시 노원구 상계동 680,포레나노원,노원구
11350|상계동|690,서울특별시 노원구 상계동 690,해링턴플레이스노원센트럴,노원구
11350|상계동|691,서울특별시 노원구 상계동 691,상계주공7(고층),노원구
11350|상계동|694,서울특별시 노원구 상계동 694,임광,노원구
11350|상계동|695,서울특별시 노원구 상계동 695,대림,노원구
11350|상계동|720,서울특별시 노원구 상계동 720,상계주공6(고층),노원구
11350|상계동|721,서울특별시 노원구 상계동 721,상계주공5(저층),노원구
11350|상계동|730-2,서울특별시 노원구 상계동 730-2,상계주공3(고층),노원구
11350|상계동|737,서울특별시 노원구 상계동 737,상계주공3(저층),노원구
11350|상계동|740#11350-206,서울특별시 노원구 상계동 740,상계주공2(저층),노원구
11350|상계동|740#11350-36,서울특별시 노원구 상계동 740,상계주공2(고층),노원구
11350|상계동|749-5,서울특별시 노원구 상계동 749-5,상계주공4(고층),노원구
11350|상계동|757,서울특별시 노원구 상계동 757,한양,노원구
11350|상계동|765#11350-203,서울특별시 노원구 상계동 765,상계주공1(저층),노원구
11350|상계동|765#11350-29,서울특별시 노원구 상계동 765,상계주공1(고층),노원구
11350|상계동|766-1,서울특별시 노원구 상계동 766-1,미도,노원구
11350|상계동|90-1,서울특별시 노원구 상계동 90-1,현대하이츠,노원구
11350|상계동|925-1,서울특별시 노원구 상계동 925-1,한창늘푸른,노원구
11350|상계동|95-274,서울특별시 노원구 상계동 95-274,공감대,노원구
11350|상계동|95-6,서울특별시 노원구 상계동 95-6,뉴-동부아파트,노원구
11350|상계동|995,서울특별시 노원구 상계동 995,한신4차,노원구
11350|상계동|996-16,서울특별시 노원구 상계동 996-16,삼성,노원구
11350|월계동|12,서울특별시 노원구 월계동 12,삼호4,노원구
11350|월계동|13#11350-139,서울특별시 노원구 월계동 13,미륭,노원구
11350|월계동|13#11350-140,서울특별시 노원구 월계동 13,미성,노원구
11350|월계동|13#11350-197,서울특별시 노원구 월계동 13,삼호3,노원구
11350|월계동|18,서울특별시 노원구 월계동 18,한진한화그랑빌,노원구
11350|월계동|289-5,서울특별시 노원구 월계동 289-5,현대(289-5),노원구
11350|월계동|320-11,서울특별시 노원구 월계동 320-11,사슴3,노원구
11350|월계동|322-1,서울특별시 노원구 월계동 322-1,성원(사슴4),노원구
11350|월계동|380-1,서울특별시 노원구 월계동 380-1,삼능스페이스향,노원구
11350|월계동|383-40,서울특별시 노원구 월계동 383-40,성북맨션,노원구
11350|월계동|387,서울특별시 노원구 월계동 387,월계로즈빌(387),노원구
11350|월계동|410-3,서울특별시 노원구 월계동 410-3,광운대역현대프라힐스,노원구
11350|월계동|436,서울특별시 노원구 월계동 436,동신,노원구
11350|월계동|448-3,서울특별시 노원구 월계동 448-3,삼창,노원구
11350|월계동|492-1,서울특별시 노원구 월계동 492-1,우남(저층),노원구
11350|월계동|496-2,서울특별시 노원구 월계동 496-2,송암,노원구
11350|월계동|556,서울특별시 노원구 월계동 556,주공2,노원구
11350|월계동|775,서울특별시 노원구 월계동 775,대우,노원구
11350|월계동|780,서울특별시 노원구 월계동 780,청백3,노원구
11350|월계동|781,서울특별시 노원구 월계동 781,청백4,노원구
11350|월계동|803-1,서울특별시 노원구 월계동 803-1,극동,노원구
11350|월계동|880,서울특별시 노원구 월계동 880,유원,노원구
11350|월계동|922,서울특별시 노원구 월계동 922,서광,노원구
11350|월계동|923,서울특별시 노원구 월계동 923,초안1,노원구
11350|월계동|924,서울특별시 노원구 월계동 924,초안2,노원구
11350|월계동|925,서울특별시 노원구 월계동 925,대동,노원구
11350|월계동|926,서울특별시 노원구 월계동 926,한일1,노원구
11350|월계동|927,서울특별시 노원구 월계동 927,한일2,노원구
11350|월계동|929,서울특별시 노원구 월계동 929,현대,노원구
11350|월계동|930,서울특별시 노원구 월계동 930,우남그랜드,노원구
11350|월계동|931,서울특별시 노원구 월계동 931,장은하이빌,노원구
11350|월계동|938,서울특별시 노원구 월계동 938,건양노블레스빌,노원구
11350|월계동|939,서울특별시 노원구 월계동 939,월계흥화브라운빌,노원구
11350|월계동|940,서울특별시 노원구 월계동 940,동원베네스트,노원구
11350|월계동|941,서울특별시 노원구 월계동 941,성북역신도브래뉴,노원구
11350|월계동|942,서울특별시 노원구 월계동 942,월계역신도브래뉴,노원구
11350|월계동|943,서울특별시 노원구 월계동 943,세양청마루,노원구
11350|월계동|944,서울특별시 노원구 월계동 944,풍림아이원,노원구
11350|월계동|945,서울특별시 노원구 월계동 945,초안산쌍용스윗닷홈,노원구
11350|월계동|946,서울특별시 노원구 월계동 946,우남푸르미아,노원구
11350|월계동|947,서울특별시 노원구 월계동 947,롯데캐슬루나,노원구
11350|월계동|949,서울특별시 노원구 월계동 949,꿈의숲SKVIEW,노원구
11350|월계동|950,서울특별시 노원구 월계동 950,녹천역두산위브아파트,노원구
11350|월계동|951,서울특별시 노원구 월계동 951,월계센트럴아이파크,노원구
11350|중계동|103,서울특별시 노원구 중계동 103,동진,노원구
11350|중계동|137-28,서울특별시 노원구 중계동 137-28,코지아뜨리에101,노원구
11350|중계동|137-39,서울특별시 노원구 중계동 137-39,정진아트리움,노원구
11350|중계동|161-1#11350-122,서울특별시 노원구 중계동 161-1,중앙하이츠,노원구
11350|중계동|161-1#11350-208,서울특별시 노원구 중계동 161-1,중앙하이츠2,노원구
11350|중계동|34-5,서울특별시 노원구 중계동 34-5,현대(6차),노원구
11350|중계동|358-2,서울특별시 노원구 중계동 358-2,주공4,노원구
11350|중계동|359-1,서울특별시 노원구 중계동 359-1,주공5,노원구
11350|중계동|360-15,서울특별시 노원구 중계동 360-15,건영3,노원구
11350|중계동|360-16,서울특별시 노원구 중계동 360-16,주공10,노원구
11350|중계동|360-2,서울특별시 노원구 중계동 360-2,청구3,노원구
11350|중계동|361-1,서울특별시 노원구 중계동 361-1,롯데우성,노원구
11350|중계동|362-1,서울특별시 노원구 중계동 362-1,주공8,노원구
11350|중계동|363,서울특별시 노원구 중계동 363,대림벽산(363),노원구
11350|중계동|363-1,서울특별시 노원구 중계동 363-1,주공7,노원구
11350|중계동|364,서울특별시 노원구 중계동 364,동진신안,노원구
11350|중계동|364-12,서울특별시 노원구 중계동 364-12,주공6,노원구
11350|중계동|366#11350-103,서울특별시 노원구 중계동 366,신동아(366),노원구
11350|중계동|366#11350-124,서울특별시 노원구 중계동 366,청구(366),노원구
11350|중계동|366#11350-95,서울특별시 노원구 중계동 366,라이프,노원구
11350|중계동|369,서울특별시 노원구 중계동 369,주공2,노원구
11350|중계동|435-1,서울특별시 노원구 중계동 435-1,중계현대2,노원구
11350|중계동|445,서울특별시 노원구 중계동 445,염광,노원구
11350|중계동|49,서울특별시 노원구 중계동 49,현대그린,노원구
11350|중계동|502-1,서울특별시 노원구 중계동 502-1,중계그린1단지,노원구
11350|중계동|505#11350-90,서울특별시 노원구 중계동 505,경남,노원구
11350|중계동|505#11350-96,서울특별시 노원구 중계동 505,롯데(505),노원구
11350|중계동|505#11350-99,서울특별시 노원구 중계동 505,상아,노원구
11350|중계동|512,서울특별시 노원구 중계동 512,중계무지개,노원구
11350|중계동|514,서울특별시 노원구 중계동 514,중앙하이츠아쿠아,노원구
11350|중계동|515-2,서울특별시 노원구 중계동 515-2,건영2,노원구
11350|중계동|576,서울특별시 노원구 중계동 576,현대(3차),노원구
11350|중계동|577,서울특별시 노원구 중계동 577,현대1(4차),노원구
11350|중계동|578,서울특별시 노원구 중계동 578,현대2(4차),노원구
11350|중계동|579,서울특별시 노원구 중계동 579,화인상가,노원구
11350|중계동|58-34,서울특별시 노원구 중계동 58-34,이연아마빌레,노원구
11350|중계동|580,서울특별시 노원구 중계동 580,성원1,노원구
11350|중계동|581,서울특별시 노원구 중계동 581,성원2,노원구
11350|중계동|582,서울특별시 노원구 중계동 582,청암3단지(582),노원구
11350|중계동|583,서울특별시 노원구 중계동 583,금호타운(583),노원구
11350|중계동|584-1,서울특별시 노원구 중계동 584-1,삼창타워주상프라자,노원구
11350|중계동|585,서울특별시 노원구 중계동 585,중계3우성,노원구
11350|중계동|586,서울특별시 노원구 중계동 586,LIG건영,노원구
11350|중계동|587,서울특별시 노원구 중계동 587,양지마을(대림)1,노원구
11350|중계동|588,서울특별시 노원구 중계동 588,양지마을(대림)2,노원구
11350|중계동|589,서울특별시 노원구 중계동 589,신일,노원구
11350|중계동|590,서울특별시 노원구 중계동 590,신안,노원구
11350|중계동|591,서울특별시 노원구 중계동 591,대호,노원구
11350|중계동|592,서울특별시 노원구 중계동 592,중계3벽산,노원구
11350|중계동|593,서울특별시 노원구 중계동 593,삼성,노원구
11350|중계동|597,서울특별시 노원구 중계동 597,경남아너스빌,노원구
11350|중계동|598,서울특별시 노원구 중계동 598,한화꿈에그린,노원구
11350|중계동|599,서울특별시 노원구 중계동 599,중계스타클래스,노원구
11350|중계동|600,서울특별시 노원구 중계동 600,극동의푸른별1차,노원구
11350|중계동|601,서울특별시 노원구 중계동 601,동도센트리움(601),노원구
11350|중계동|602,서울특별시 노원구 중계동 602,비콘드림힐(602),노원구
11350|중계동|606,서울특별시 노원구 중계동 606,한화꿈에그린TheFIRST,노원구
11350|중계동|68-1,서울특별시 노원구 중계동 68-1,한신월드,노원구
11350|중계동|78,서울특별시 노원구 중계동 78,진로유통조합대림,노원구
11350|중계동|90-30,서울특별시 노원구 중계동 90-30,부강쉘브르,노원구
11350|하계동|167-10,서울특별시 노원구 하계동 167-10,아주,노원구
11350|하계동|251,서울특별시 노원구 하계동 251,하계1청구,노원구
11350|하계동|251-12,서울특별시 노원구 하계동 251-12,청구3,노원구
11350|하계동|255-1,서울특별시 노원구 하계동 255-1,삼익선경,노원구
11350|하계동|256-5,서울특별시 노원구 하계동 256-5,한신동성,노원구
11350|하계동|270#11350-75,서울특별시 노원구 하계동 270,우성,노원구
11350|하계동|270#11350-85,서울특별시 노원구 하계동 270,현대,노원구
11350|하계동|271-3#11350-67,서울특별시 노원구 하계동 271-3,건영,노원구
11350|하계동|271-3#11350-68,서울특별시 노원구 하계동 271-3,극동,노원구
11350|하계동|271-3#11350-70,서울특별시 노원구 하계동 271-3,벽산,노원구
11350|하계동|273,서울특별시 노원구 하계동 273,장미(시영6),노원구
11350|하계동|274,서울특별시 노원구 하계동 274,청솔(시영7),노원구
11350|하계동|280,서울특별시 노원구 하계동 280,미성,노원구
11350|하계동|284#11350-76,서울특별시 노원구 하계동 284,청구,노원구
11350|하계동|284#11350-81,서울특별시 노원구 하계동 284,한신1,노원구
11350|하계동|284#11350-82,서울특별시 노원구 하계동 284,한신2,노원구
11350|하계동|288,서울특별시 노원구 하계동 288,하계2현대,노원구
11350|하계동|353,서울특별시 노원구 하계동 353,우방,노원구
11350|하계동|354,서울특별시 노원구 하계동 354,학여울청구,노원구
11380|갈현동|136-6,서울특별시 은평구 갈현동 136-6,대훈,은평구
11380|갈현동|241-9,서울특별시 은평구 갈현동 241-9,한아름,은평구
11380|갈현동|258-1,서울특별시 은평구 갈현동 258-1,반도하우드,은평구
11380|갈현동|267-1,서울특별시 은평구 갈현동 267-1,라이프시티,은평구
11380|갈현동|276-37,서울특별시 은평구 갈현동 276-37,천지,은평구
11380|갈현동|281-208,서울특별시 은평구 갈현동 281-208,대양,은평구
11380|갈현동|281-215,서울특별시 은평구 갈현동 281-215,인우(281-215),은평구
11380|갈현동|281-236,서울특별시 은평구 갈현동 281-236,인우(281-236),은평구
11380|갈현동|327-15,서울특별시 은평구 갈현동 327-15,힐튼,은평구
11380|갈현동|327-40,서울특별시 은평구 갈현동 327-40,해오름,은평구
11380|갈현동|327-54,서울특별시 은평구 갈현동 327-54,한우리,은평구
11380|갈현동|395-2,서울특별시 은평구 갈현동 395-2,효민아크로뷰,은평구
11380|갈현동|406-46,서울특별시 은평구 갈현동 406-46,호림리슈리안,은평구
11380|갈현동|415-40,서울특별시 은평구 갈현동 415-40,천지홈타운,은평구
11380|갈현동|428-6,서울특별시 은평구 갈현동 428-6,수정럭스(428-6),은평구
11380|갈현동|456-19,서울특별시 은평구 갈현동 456-19,골드스타,은평구
11380|갈현동|456-8,서울특별시 은평구 갈현동 456-8,만연센텀시티,은평구
11380|갈현동|463-16,서울특별시 은평구 갈현동 463-16,연서노벨(463-16),은평구
11380|갈현동|465-12,서울특별시 은평구 갈현동 465-12,동광갈현베르빌,은평구
11380|갈현동|467-2,서울특별시 은평구 갈현동 467-2,역촌맨션,은평구
11380|갈현동|468-4,서울특별시 은평구 갈현동 468-4,플라잉캐슬,은평구
11380|갈현동|468-5,서울특별시 은평구 갈현동 468-5,베로니스,은평구
11380|갈현동|474-4,서울특별시 은평구 갈현동 474-4,행운,은평구
11380|갈현동|477-8,서울특별시 은평구 갈현동 477-8,수정럭스,은평구
11380|갈현동|487-2,서울특별시 은평구 갈현동 487-2,지캐슬,은평구
11380|갈현동|488-16,서울특별시 은평구 갈현동 488-16,천수,은평구
11380|갈현동|499-18,서울특별시 은평구 갈현동 499-18,선구,은평구
11380|갈현동|521-2,서울특별시 은평구 갈현동 521-2,명성,은평구
11380|갈현동|522-16,서울특별시 은평구 갈현동 522-16,웰빙,은평구
11380|갈현동|522-19,서울특별시 은평구 갈현동 522-19,웰빙존,은평구
11380|갈현동|526-2,서울특별시 은평구 갈현동 526-2,아름(526-2),은평구
11380|갈현동|537,서울특별시 은평구 갈현동 537,갈현동현대,은평구
11380|갈현동|538,서울특별시 은평구 갈현동 538,미미,은평구
11380|갈현동|539,서울특별시 은평구 갈현동 539,한솔,은평구
11380|갈현동|540,서울특별시 은평구 갈현동 540,우남,은평구
11380|갈현동|541-1,서울특별시 은평구 갈현동 541-1,갈현건영,은평구
11380|갈현동|542-1,서울특별시 은평구 갈현동 542-1,현재트윈빌,은평구
11380|갈현동|543,서울특별시 은평구 갈현동 543,메카,은평구
11380|갈현동|544,서울특별시 은평구 갈현동 544,갈현삼성,은평구
11380|갈현동|545,서울특별시 은평구 갈현동 545,코오롱하늘채,은평구
11380|갈현동|548,서울특별시 은평구 갈현동 548,유호루하스,은평구
11380|갈현동|550,서울특별시 은평구 갈현동 550,대경아르체,은평구
11380|구산동|14-21,서울특별시 은평구 구산동 14-21,에덴드림,은평구
11380|구산동|147-46,서울특별시 은평구 구산동 147-46,푸른솔,은평구
11380|구산동|159-10,서울특별시 은평구 구산동 159-10,브라운스톤구산,은평구
11380|구산동|16-28,서울특별시 은평구 구산동 16-28,뉴월드빌(16-28),은평구
11380|구산동|162-1,서울특별시 은평구 구산동 162-1,경향파크,은평구
11380|구산동|167-1,서울특별시 은평구 구산동 167-1,명남아파트,은평구
11380|구산동|169-1,서울특별시 은평구 구산동 169-1,한성산장,은평구
11380|구산동|18-10,서울특별시 은평구 구산동 18-10,캐슬아파트(18-10),은평구
11380|구산동|199-24,서울특별시 은평구 구산동 199-24,신호(199-24),은평구
11380|구산동|199-25,서울특별시 은평구 구산동 199-25,구산,은평구
11380|구산동|202-8,서울특별시 은평구 구산동 202-8,천지로얄,은평구
11380|구산동|21-61,서울특별시 은평구 구산동 21-61,산호,은평구
11380|구산동|213-17,서울특별시 은평구 구산동 213-17,새천년드림,은평구
11380|구산동|213-4,서울특별시 은평구 구산동 213-4,새천년구산2차,은평구
11380|구산동|220-2,서울특별시 은평구 구산동 220-2,새천년3차드림,은평구
11380|구산동|222,서울특별시 은평구 구산동 222,세화샤이닝1,은평구
11380|구산동|223,서울특별시 은평구 구산동 223,세화샤이닝2,은평구
11380|구산동|224,서울특별시 은평구 구산동 224,경남아너스빌,은평구
11380|구산동|225,서울특별시 은평구 구산동 225,한국프라우드,은평구
11380|구산동|226,서울특별시 은평구 구산동 226,구산그린빌,은평구
11380|구산동|23-30,서울특별시 은평구 구산동 23-30,동양,은평구
11380|구산동|24-59,서울특별시 은평구 구산동 24-59,송학,은평구
11380|구산동|24-77,서울특별시 은평구 구산동 24-77,그린,은평구
11380|구산동|25-41,서울특별시 은평구 구산동 25-41,온세,은평구
11380|구산동|25-53,서울특별시 은평구 구산동 25-53,우신,은평구
11380|구산동|26-25,서울특별시 은평구 구산동 26-25,태영홈아파트,은평구
11380|구산동|26-4,서울특별시 은평구 구산동 26-4,우공아트빌,은평구
11380|구산동|26-41,서울특별시 은평구 구산동 26-41,엔에스아파트,은평구
11380|구산동|27-15,서울특별시 은평구 구산동 27-15,예승빌라트,은평구
11380|구산동|304-1,서울특별시 은평구 구산동 304-1,세영아파트,은평구
11380|구산동|308-3,서울특별시 은평구 구산동 308-3,두일,은평구
11380|구산동|308-5,서울특별시 은평구 구산동 308-5,타워,은평구
11380|구산동|308-81,서울특별시 은평구 구산동 308-81,이안,은평구
11380|구산동|308-86,서울특별시 은평구 구산동 308-86,무지개아파트(308-86),은평구
11380|구산동|321-28,서울특별시 은평구 구산동 321-28,벨뷰아파트,은평구
11380|구산동|347-1,서울특별시 은평구 구산동 347-1,진성아파트,은평구
11380|구산동|355-81,서울특별시 은평구 구산동 355-81,금광포란재(102),은평구
11380|구산동|355-82,서울특별시 은평구 구산동 355-82,금강포란재(101),은평구
11380|구산동|355-90,서울특별시 은평구 구산동 355-90,벽산스카이파크,은평구
11380|구산동|355-95,서울특별시 은평구 구산동 355-95,동익파크1동(355-95),은평구
11380|구산동|355-98,서울특별시 은평구 구산동 355-98,동익파크2동(355-98),은평구
11380|구산동|382,서울특별시 은평구 구산동 382,갈현현대,은평구
11380|구산동|546,서울특별시 은평구 구산동 546,대림e-편한세상2,은평구
11380|구산동|547,서울특별시 은평구 구산동 547,갈현1단지e-편한세상,은평구
11380|구산동|548,서울특별시 은평구 구산동 548,은평서해그랑블,은평구
11380|녹번동|100-32,서울특별시 은평구 녹번동 100-32,초우레디안아트빌,은평구
11380|녹번동|100-55,서울특별시 은평구 녹번동 100-55,녹번현대아파트,은평구
11380|녹번동|141-8,서울특별시 은평구 녹번동 141-8,동호스카이,은평구
11380|녹번동|160-3,서울특별시 은평구 녹번동 160-3,녹번타워,은평구
11380|녹번동|168-33,서울특별시 은평구 녹번동 168-33,대신홈타운(168-33),은평구
11380|녹번동|176-22,서울특별시 은평구 녹번동 176-22,유일아트리움,은평구
11380|녹번동|176-8,서울특별시 은평구 녹번동 176-8,신현대,은평구
11380|녹번동|182,서울특별시 은평구 녹번동 182,거장카운티,은평구
11380|녹번동|183-2,서울특별시 은평구 녹번동 183-2,거장메카,은평구
11380|녹번동|276,서울특별시 은평구 녹번동 276,대림아파트(276),은평구
11380|녹번동|278-1,서울특별시 은평구 녹번동 278-1,녹번2현대,은평구
11380|녹번동|279-1,서울특별시 은평구 녹번동 279-1,해주드림빌,은평구
11380|녹번동|280-1,서울특별시 은평구 녹번동 280-1,녹번JR아파트,은평구
11380|녹번동|281,서울특별시 은평구 녹번동 281,북한산푸르지오,은평구
11380|녹번동|282,서울특별시 은평구 녹번동 282,힐스테이트녹번,은평구
11380|녹번동|283,서울특별시 은평구 녹번동 283,래미안베라힐즈,은평구
11380|녹번동|29-106,서울특별시 은평구 녹번동 29-106,월든힐스,은평구
11380|녹번동|29-108,서울특별시 은평구 녹번동 29-108,리베하임,은평구
11380|녹번동|31-36,서울특별시 은평구 녹번동 31-36,제니더클래식,은평구
11380|녹번동|35-122,서울특별시 은평구 녹번동 35-122,현재맨션,은평구
11380|녹번동|71-8,서울특별시 은평구 녹번동 71-8,청솔아파트,은평구
11380|녹번동|83-16,서울특별시 은평구 녹번동 83-16,경원파발리안,은평구
11380|녹번동|83-18,서울특별시 은평구 녹번동 83-18,굿모닝기룡아파트,은평구
11380|녹번동|83-26,서울특별시 은평구 녹번동 83-26,DH팰리스타워,은평구
11380|녹번동|83-37,서울특별시 은평구 녹번동 83-37,거성,은평구
11380|녹번동|83-47,서울특별시 은평구 녹번동 83-47,송학파크팰리스,은평구
11380|녹번동|83-51,서울특별시 은평구 녹번동 83-51,세민HIPARK,은평구
11380|녹번동|86-126,서울특별시 은평구 녹번동 86-126,예원(86-126),은평구
11380|녹번동|86-20,서울특별시 은평구 녹번동 86-20,산수(86-20),은평구
11380|녹번동|90-2,서울특별시 은평구 녹번동 90-2,보배빌아파트(90-2),은평구
11380|녹번동|91-7,서울특별시 은평구 녹번동 91-7,시니어캐슬클라시온,은평구
11380|녹번동|91-9,서울특별시 은평구 녹번동 91-9,청록MS(91-9),은평구
11380|녹번동|96-6,서울특별시 은평구 녹번동 96-6,굿모닝기룡아파트(96-6),은평구
11380|대조동|12-8,서울특별시 은평구 대조동 12-8,효민아크로뷰,은평구
11380|대조동|14-320,서울특별시 은평구 대조동 14-320,유성아이비아파트,은평구
11380|대조동|15-114,서울특별시 은평구 대조동 15-114,정익제이원아파트(15-114),은평구
11380|대조동|15-121,서울특별시 은평구 대조동 15-121,보성리엔빌,은평구
11380|대조동|15-122,서울특별시 은평구 대조동 15-122,영화노블레스아파트,은평구
11380|대조동|15-32,서울특별시 은평구 대조동 15-32,뉴캐슬,은평구
11380|대조동|15-49,서울특별시 은평구 대조동 15-49,루체하임,은평구
11380|대조동|15-58,서울특별시 은평구 대조동 15-58,서경아파트(15-58),은평구
11380|대조동|15-92,서울특별시 은평구 대조동 15-92,위너빌,은평구
11380|대조동|172-75,서울특별시 은평구 대조동 172-75,호림리슈리안,은평구
11380|대조동|179-16,서울특별시 은평구 대조동 179-16,북한산포레스트,은평구
11380|대조동|185-71,서울특별시 은평구 대조동 185-71,대덕타워,은평구
11380|대조동|186-12,서울특별시 은평구 대조동 186-12,정익제이원6차,은평구
11380|대조동|186-21,서울특별시 은평구 대조동 186-21,서경아파트,은평구
11380|대조동|186-44,서울특별시 은평구 대조동 186-44,YS홈타운,은평구
11380|대조동|186-9,서울특별시 은평구 대조동 186-9,미르라이프,은평구
11380|대조동|191-24,서울특별시 은평구 대조동 191-24,부림베스트빌,은평구
11380|대조동|195-14,서울특별시 은평구 대조동 195-14,신세계드림빌1,은평구
11380|대조동|195-20,서울특별시 은평구 대조동 195-20,신세계드림빌2,은평구
11380|대조동|197-1,서울특별시 은평구 대조동 197-1,유진아이디움,은평구
11380|대조동|197-16,서울특별시 은평구 대조동 197-16,경인에버빌,은평구
11380|대조동|197-3,서울특별시 은평구 대조동 197-3,메트하임,은평구
11380|대조동|197-9,서울특별시 은평구 대조동 197-9,정은노블스,은평구
11380|대조동|198-10,서울특별시 은평구 대조동 198-10,대조동아트캐슬주상복합,은평구
11380|대조동|204-1,서울특별시 은평구 대조동 204-1,삼오,은평구
11380|대조동|231,서울특별시 은평구 대조동 231,삼성타운,은평구
11380|대조동|241,서울특별시 은평구 대조동 241,베르디움STAY1,은평구
11380|대조동|26-14,서울특별시 은평구 대조동 26-14,대경아르체아파트,은평구
11380|대조동|31-17,서울특별시 은평구 대조동 31-17,장미아파트,은평구
11380|대조동|4-10,서울특별시 은평구 대조동 4-10,제이타워2,은평구
11380|대조동|4-11,서울특별시 은평구 대조동 4-11,벽산메트로시티,은평구
11380|대조동|4-12,서울특별시 은평구 대조동 4-12,제이타워1,은평구
11380|대조동|4-14,서울특별시 은평구 대조동 4-14,제이타워3,은평구
11380|대조동|4-18,서울특별시 은평구 대조동 4-18,아이안빌,은평구
11380|대조동|4-6,서울특별시 은평구 대조동 4-6,정익제이원,은평구
11380|대조동|4-8,서울특별시 은평구 대조동 4-8,대조리치빌III,은평구
11380|대조동|5-11,서울특별시 은평구 대조동 5-11,DasHaus,은평구
11380|대조동|59-20,서울특별시 은평구 대조동 59-20,아이안,은평구
11380|대조동|59-48,서울특별시 은평구 대조동 59-48,만민하늘愛,은평구
11380|대조동|6-13,서울특별시 은평구 대조동 6-13,예가크레시아,은평구
11380|대조동|6-17,서울특별시 은평구 대조동 6-17,미래하임,은평구
11380|대조동|6-18,서울특별시 은평구 대조동 6-18,나이스홈,은평구
11380|대조동|6-19,서울특별시 은평구 대조동 6-19,미래하임(6-19),은평구
11380|대조동|6-25,서울특별시 은평구 대조동 6-25,영화빌리지,은평구
11380|대조동|6-26,서울특별시 은평구 대조동 6-26,정익제이원,은평구
11380|대조동|84-21,서울특별시 은평구 대조동 84-21,동명베스트(84-21),은평구
11380|대조동|87-30,서울특별시 은평구 대조동 87-30,초원넥스빌,은평구
11380|대조동|88-69,서울특별시 은평구 대조동 88-69,효원,은평구
11380|대조동|89-258,서울특별시 은평구 대조동 89-258,디안(89-258),은평구
11380|대조동|89-77,서울특별시 은평구 대조동 89-77,디안(89-77),은평구
11380|대조동|9-14,서울특별시 은평구 대조동 9-14,주주베에이,은평구
11380|대조동|9-18,서울특별시 은평구 대조동 9-18,모아아파트(104동),은평구
11380|대조동|9-19,서울특별시 은평구 대조동 9-19,모아아파트(103동),은평구
11380|대조동|9-20,서울특별시 은평구 대조동 9-20,모아아파트(102동),은평구
11380|대조동|9-21,서울특별시 은평구 대조동 9-21,모아아파트(101동),은평구
11380|대조동|9-25,서울특별시 은평구 대조동 9-25,대일아이안(9-25),은평구
11380|대조동|9-29,서울특별시 은평구 대조동 9-29,뉴캐슬,은평구
11380|대조동|9-31,서울특별시 은평구 대조동 9-31,주주베B,은평구
11380|대조동|9-40,서울특별시 은평구 대조동 9-40,해오름시티,은평구
11380|대조동|9-45,서울특별시 은평구 대조동 9-45,대경홈타운,은평구
11380|대조동|9-46,서울특별시 은평구 대조동 9-46,미래하임(9-46),은평구
11380|대조동|9-50,서울특별시 은평구 대조동 9-50,제이타워4,은평구
11380|불광동|12-3,서울특별시 은평구 불광동 12-3,선우아파트,은평구
11380|불광동|16-142,서울특별시 은평구 불광동 16-142,명남뉴타운,은평구
11380|불광동|16-61,서울특별시 은평구 불광동 16-61,태양아파트,은평구
11380|불광동|171-59,서울특별시 은평구 불광동 171-59,서강아파트,은평구
11380|불광동|171-61,서울특별시 은평구 불광동 171-61,현대아파트,은평구
11380|불광동|217,서울특별시 은평구 불광동 217,동호스카이,은평구
11380|불광동|217-9,서울특별시 은평구 불광동 217-9,삼익(217-9),은평구
11380|불광동|230-2,서울특별시 은평구 불광동 230-2,그린라이프,은평구
11380|불광동|230-3,서울특별시 은평구 불광동 230-3,대암아파트,은평구
11380|불광동|241-23,서울특별시 은평구 불광동 241-23,신우아파트,은평구
11380|불광동|248,서울특별시 은평구 불광동 248,라이프미성,은평구
11380|불광동|281-81,서울특별시 은평구 불광동 281-81,갤럭시타운,은평구
11380|불광동|281-89,서울특별시 은평구 불광동 281-89,디앤제이하우징(281-89),은평구
11380|불광동|285-18,서울특별시 은평구 불광동 285-18,경인에버빌(285-18),은평구
11380|불광동|30,서울특별시 은평구 불광동 30,청송,은평구
11380|불광동|302-13,서울특별시 은평구 불광동 302-13,LUMINO816,은평구
11380|불광동|305-22,서울특별시 은평구 불광동 305-22,두진아이브(305-22),은평구
11380|불광동|311-13,서울특별시 은평구 불광동 311-13,극동메트로타워,은평구
11380|불광동|329-11,서울특별시 은평구 불광동 329-11,에덴,은평구
11380|불광동|330-14,서울특별시 은평구 불광동 330-14,청나아파트,은평구
11380|불광동|346-3,서울특별시 은평구 불광동 346-3,금상아파트,은평구
11380|불광동|391-68,서울특별시 은평구 불광동 391-68,대광월드,은평구
11380|불광동|444-41,서울특별시 은평구 불광동 444-41,엘지아파트,은평구
11380|불광동|455,서울특별시 은평구 불광동 455,쉐라톤,은평구
11380|불광동|479-10,서울특별시 은평구 불광동 479-10,남양구르미아파트,은평구
11380|불광동|483-11,서울특별시 은평구 불광동 483-11,해피플러스1,은평구
11380|불광동|484-103,서울특별시 은평구 불광동 484-103,송광(484-103),은평구
11380|불광동|484-56,서울특별시 은평구 불광동 484-56,정익제이원(4차),은평구
11380|불광동|484-57,서울특별시 은평구 불광동 484-57,삼흥아파트,은평구
11380|불광동|484-60,서울특별시 은평구 불광동 484-60,제이타워,은평구
11380|불광동|484-63,서울특별시 은평구 불광동 484-63,연신내역트리플라101동,은평구
11380|불광동|484-73,서울특별시 은평구 불광동 484-73,효민아크로뷰,은평구
11380|불광동|484-90,서울특별시 은평구 불광동 484-90,윤현(484-90),은평구
11380|불광동|486-13,서울특별시 은평구 불광동 486-13,연신내역트리플라102동,은평구
11380|불광동|486-14,서울특별시 은평구 불광동 486-14,정익제이원5차,은평구
11380|불광동|486-17,서울특별시 은평구 불광동 486-17,베로니스,은평구
11380|불광동|629,서울특별시 은평구 불광동 629,대호아파트,은평구
11380|불광동|631-1,서울특별시 은평구 불광동 631-1,대호프라자아파트,은평구
11380|불광동|632,서울특별시 은평구 불광동 632,남해그린힐,은평구
11380|불광동|633,서울특별시 은평구 불광동 633,북한산현대홈타운,은평구
11380|불광동|634,서울특별시 은평구 불광동 634,은혜스카이빌아파트,은평구
11380|불광동|635,서울특별시 은평구 불광동 635,북한산힐스테이트1차아파트,은평구
11380|불광동|636,서울특별시 은평구 불광동 636,북한산한양수자인아파트,은평구
11380|불광동|637,서울특별시 은평구 불광동 637,북한산래미안아파트(2단지),은평구
11380|불광동|638,서울특별시 은평구 불광동 638,북한산래미안아파트(1단지),은평구
11380|불광동|641,서울특별시 은평구 불광동 641,북한산현대힐스테이트3차아파트,은평구
11380|불광동|643,서울특별시 은평구 불광동 643,북한산힐스테이트7차,은평구
11380|불광동|644,서울특별시 은평구 불광동 644,북한산동호스카이,은평구
11380|불광동|645,서울특별시 은평구 불광동 645,불광롯데캐슬,은평구
11380|불광동|71-16,서울특별시 은평구 불광동 71-16,북한산대창센시티,은평구
11380|불광동|8-51,서울특별시 은평구 불광동 8-51,월드그린,은평구
11380|수색동|148-2,서울특별시 은평구 수색동 148-2,밀레니엄삼우,은평구
11380|수색동|17-9,서울특별시 은평구 수색동 17-9,"수정가,나동",은평구
11380|수색동|325-17,서울특별시 은평구 수색동 325-17,국도,은평구
11380|수색동|326-12,서울특별시 은평구 수색동 326-12,성우,은평구
11380|수색동|328-3,서울특별시 은평구 수색동 328-3,도현,은평구
11380|수색동|345-4,서울특별시 은평구 수색동 345-4,제일아파트가동(345-4),은평구
11380|수색동|345-5,서울특별시 은평구 수색동 345-5,제일아파트나동(345-5),은평구
11380|수색동|356-3,서울특별시 은평구 수색동 356-3,상아,은평구
11380|수색동|358-11,서울특별시 은평구 수색동 358-11,동하아트빌,은평구
11380|수색동|413,서울특별시 은평구 수색동 413,청구,은평구
11380|수색동|415-1,서울특별시 은평구 수색동 415-1,e편한세상 수색 에코포레,은평구
11380|수색동|416-1,서울특별시 은평구 수색동 416-1,DMC 진흥,은평구
11380|수색동|417,서울특별시 은평구 수색동 417,DMC롯데캐슬더퍼스트,은평구
11380|수색동|418,서울특별시 은평구 수색동 418,DMCSKVIEW,은평구
11380|수색동|419,서울특별시 은평구 수색동 419,DMCSK뷰아이파크포레,은평구
11380|수색동|431,서울특별시 은평구 수색동 431,DMC파인시티자이,은평구
11380|수색동|432,서울특별시 은평구 수색동 432,DMC아트포레자이,은평구
11380|수색동|75,서울특별시 은평구 수색동 75,DMC자이1단지,은평구
11380|신사동|1-136,서울특별시 은평구 신사동 1-136,대운,은평구
11380|신사동|11-21,서울특별시 은평구 신사동 11-21,유한베스트빌,은평구
11380|신사동|11-22,서울특별시 은평구 신사동 11-22,연세,은평구
11380|신사동|12-1,서울특별시 은평구 신사동 12-1,임탑(12-1)100동,은평구
11380|신사동|140-1,서울특별시 은평구 신사동 140-1,미성,은평구
11380|신사동|155-1,서울특별시 은평구 신사동 155-1,신성,은평구
11380|신사동|19-117,서울특별시 은평구 신사동 19-117,홍익,은평구
11380|신사동|19-147,서울특별시 은평구 신사동 19-147,승윤노블리안,은평구
11380|신사동|19-162,서울특별시 은평구 신사동 19-162,명남더블레스(19-162),은평구
11380|신사동|19-84,서울특별시 은평구 신사동 19-84,형진,은평구
11380|신사동|200-115,서울특별시 은평구 신사동 200-115,명진(200-115),은평구
11380|신사동|200-16,서울특별시 은평구 신사동 200-16,명남(200-16),은평구
11380|신사동|200-28,서울특별시 은평구 신사동 200-28,성현,은평구
11380|신사동|21-14,서울특별시 은평구 신사동 21-14,거성리젠시,은평구
11380|신사동|21-8,서울특별시 은평구 신사동 21-8,대광,은평구
11380|신사동|226-5,서울특별시 은평구 신사동 226-5,뉴월드(226-5),은평구
11380|신사동|229-24,서울특별시 은평구 신사동 229-24,미래하임(아파트),은평구
11380|신사동|23-42,서울특별시 은평구 신사동 23-42,(23-42),은평구
11380|신사동|23-44,서울특별시 은평구 신사동 23-44,유성,은평구
11380|신사동|23-45,서울특별시 은평구 신사동 23-45,명남(23-45),은평구
11380|신사동|23-53,서울특별시 은평구 신사동 23-53,정은노블스B,은평구
11380|신사동|23-9,서울특별시 은평구 신사동 23-9,정은노블스A,은평구
11380|신사동|241,서울특별시 은평구 신사동 241,양지파크,은평구
11380|신사동|241-2,서울특별시 은평구 신사동 241-2,벨로스아파트,은평구
11380|신사동|242,서울특별시 은평구 신사동 242,예성그린,은평구
11380|신사동|26-20,서울특별시 은평구 신사동 26-20,신선,은평구
11380|신사동|263-2,서울특별시 은평구 신사동 263-2,덕산,은평구
11380|신사동|277-19,서울특별시 은평구 신사동 277-19,뉴서울(277-19),은평구
11380|신사동|277-2,서울특별시 은평구 신사동 277-2,뉴서울(277-2),은평구
11380|신사동|278-1,서울특별시 은평구 신사동 278-1,우공101동,은평구
11380|신사동|278-34,서울특별시 은평구 신사동 278-34,우공102동,은평구
11380|신사동|29-26,서울특별시 은평구 신사동 29-26,린든빌(29-26),은평구
11380|신사동|297,서울특별시 은평구 신사동 297,신사씨티,은평구
11380|신사동|33-10,서울특별시 은평구 신사동 33-10,부흥아파트(33-10),은평구
11380|신사동|337-5,서울특별시 은평구 신사동 337-5,신현,은평구
11380|신사동|338-2,서울특별시 은평구 신사동 338-2,테마빌2,은평구
11380|신사동|338-7,서울특별시 은평구 신사동 338-7,뉴월드,은평구
11380|신사동|34-6,서울특별시 은평구 신사동 34-6,새한,은평구
11380|신사동|34-7,서울특별시 은평구 신사동 34-7,에코벨리,은평구
11380|신사동|348-11,서울특별시 은평구 신사동 348-11,경남,은평구
11380|신사동|348-12,서울특별시 은평구 신사동 348-12,선정(348-12),은평구
11380|신사동|348-7,서울특별시 은평구 신사동 348-7,명진(348-7),은평구
11380|신사동|35-2,서울특별시 은평구 신사동 35-2,선정(35-2),은평구
11380|신사동|354,서울특별시 은평구 신사동 354,라이프씨티,은평구
11380|신사동|355,서울특별시 은평구 신사동 355,현대2,은평구
11380|신사동|356,서울특별시 은평구 신사동 356,뉴신사신성,은평구
11380|신사동|358,서울특별시 은평구 신사동 358,신성수정,은평구
11380|신사동|359,서울특별시 은평구 신사동 359,현대1,은평구
11380|신사동|360,서울특별시 은평구 신사동 360,신사성원,은평구
11380|신사동|361,서울특별시 은평구 신사동 361,삼부,은평구
11380|신사동|362,서울특별시 은평구 신사동 362,청운제일(362-0),은평구
11380|신사동|363,서울특별시 은평구 신사동 363,청운,은평구
11380|신사동|364,서울특별시 은평구 신사동 364,임탑(364)101동,은평구
11380|신사동|365,서울특별시 은평구 신사동 365,신사동한신휴플러스,은평구
11380|신사동|366,서울특별시 은평구 신사동 366,구암,은평구
11380|신사동|367,서울특별시 은평구 신사동 367,이랜드타운아파트,은평구
11380|신사동|368,서울특별시 은평구 신사동 368,대주파크빌,은평구
11380|신사동|369,서울특별시 은평구 신사동 369,굿모닝기룡(369-0),은평구
11380|신사동|370,서울특별시 은평구 신사동 370,은평신사두산위브,은평구
11380|신사동|371,서울특별시 은평구 신사동 371,은평신사두산위브2차,은평구
11380|신사동|372,서울특별시 은평구 신사동 372,응암역효성해링턴플레이스,은평구
11380|신사동|38-30,서울특별시 은평구 신사동 38-30,정명네스트,은평구
11380|신사동|39-11,서울특별시 은평구 신사동 39-11,다원그린,은평구
11380|신사동|39-12,서울특별시 은평구 신사동 39-12,예승,은평구
11380|신사동|39-19,서울특별시 은평구 신사동 39-19,명남더블레스(39-19),은평구
11380|신사동|39-2,서울특별시 은평구 신사동 39-2,회림,은평구
11380|신사동|39-21,서울특별시 은평구 신사동 39-21,모델리안1,은평구
11380|신사동|39-4,서울특별시 은평구 신사동 39-4,명남더블레스(39-4),은평구
11380|신사동|40-2,서울특별시 은평구 신사동 40-2,세민하이파크,은평구
11380|신사동|6-5,서울특별시 은평구 신사동 6-5,신아,은평구
11380|신사동|7-11,서울특별시 은평구 신사동 7-11,개성하이뷰,은평구
11380|신사동|9-24,서울특별시 은평구 신사동 9-24,신사코아,은평구
11380|역촌동|1-30,서울특별시 은평구 역촌동 1-30,역촌,은평구
11380|역촌동|10-83,서울특별시 은평구 역촌동 10-83,진주하이츠2차,은평구
11380|역촌동|10-89,서울특별시 은평구 역촌동 10-89,진주하이츠(10-89),은평구
11380|역촌동|17-17,서울특별시 은평구 역촌동 17-17,위산엘리시움,은평구
11380|역촌동|17-28,서울특별시 은평구 역촌동 17-28,위산엘리시움,은평구
11380|역촌동|17-51,서울특별시 은평구 역촌동 17-51,아이언,은평구
11380|역촌동|19-3,서울특별시 은평구 역촌동 19-3,역촌월드,은평구
11380|역촌동|19-4,서울특별시 은평구 역촌동 19-4,푸른솔,은평구
11380|역촌동|2-1,서울특별시 은평구 역촌동 2-1,고도아파트,은평구
11380|역촌동|2-100,서울특별시 은평구 역촌동 2-100,라움,은평구
11380|역촌동|2-38,서울특별시 은평구 역촌동 2-38,SM벨리체,은평구
11380|역촌동|21-21,서울특별시 은평구 역촌동 21-21,두성,은평구
11380|역촌동|219,서울특별시 은평구 역촌동 219,두성아파트,은평구
11380|역촌동|231,서울특별시 은평구 역촌동 231,한국리치빌,은평구
11380|역촌동|232,서울특별시 은평구 역촌동 232,역촌센트레빌,은평구
11380|역촌동|234,서울특별시 은평구 역촌동 234,개성팰리스,은평구
11380|역촌동|237,서울특별시 은평구 역촌동 237,센트레빌아스테리움시그니처,은평구
11380|역촌동|24-25,서울특별시 은평구 역촌동 24-25,한명딩크,은평구
11380|역촌동|31-6,서울특별시 은평구 역촌동 31-6,아그네스풍림아이원,은평구
11380|역촌동|32-3,서울특별시 은평구 역촌동 32-3,명남뉴(32-3),은평구
11380|역촌동|32-35,서울특별시 은평구 역촌동 32-35,건우샹그리라,은평구
11380|역촌동|32-37,서울특별시 은평구 역촌동 32-37,서안,은평구
11380|역촌동|32-42,서울특별시 은평구 역촌동 32-42,에버그린,은평구
11380|역촌동|36-14,서울특별시 은평구 역촌동 36-14,예청,은평구
11380|역촌동|36-37,서울특별시 은평구 역촌동 36-37,연리지,은평구
11380|역촌동|37-53,서울특별시 은평구 역촌동 37-53,역산미르빌,은평구
11380|역촌동|39-1,서울특별시 은평구 역촌동 39-1,미랜드,은평구
11380|역촌동|40-55,서울특별시 은평구 역촌동 40-55,신아굿모닝(40-55),은평구
11380|역촌동|42-7,서울특별시 은평구 역촌동 42-7,만민하늘애2차,은평구
11380|역촌동|43-4,서울특별시 은평구 역촌동 43-4,하늘애,은평구
11380|역촌동|43-40,서울특별시 은평구 역촌동 43-40,도올탑스텔,은평구
11380|역촌동|43-55,서울특별시 은평구 역촌동 43-55,청우참조은,은평구
11380|역촌동|44-23,서울특별시 은평구 역촌동 44-23,거성리젠시,은평구
11380|역촌동|44-6,서울특별시 은평구 역촌동 44-6,거성리젠시2차,은평구
11380|역촌동|45-30,서울특별시 은평구 역촌동 45-30,디케이,은평구
11380|역촌동|46-29,서울특별시 은평구 역촌동 46-29,엔에스,은평구
11380|역촌동|47-31,서울특별시 은평구 역촌동 47-31,솔빛,은평구
11380|역촌동|49-12,서울특별시 은평구 역촌동 49-12,역촌빌라트,은평구
11380|역촌동|50-24,서울특별시 은평구 역촌동 50-24,디딤빌아파트,은평구
11380|역촌동|50-45,서울특별시 은평구 역촌동 50-45,예승,은평구
11380|역촌동|52-15,서울특별시 은평구 역촌동 52-15,만민라이프,은평구
11380|역촌동|52-26,서울특별시 은평구 역촌동 52-26,귀빈,은평구
11380|역촌동|57-39,서울특별시 은평구 역촌동 57-39,월드,은평구
11380|역촌동|58-33,서울특별시 은평구 역촌동 58-33,신아굿모닝,은평구
11380|역촌동|58-4,서울특별시 은평구 역촌동 58-4,부호(101동),은평구
11380|역촌동|58-41,서울특별시 은평구 역촌동 58-41,부호(103동),은평구
11380|역촌동|58-9,서울특별시 은평구 역촌동 58-9,부호(102동),은평구
11380|역촌동|59-15,서울특별시 은평구 역촌동 59-15,만민라이프(A동),은평구
11380|역촌동|59-18,서울특별시 은평구 역촌동 59-18,만민라이프(B동),은평구
11380|역촌동|62-16,서울특별시 은평구 역촌동 62-16,무궁화,은평구
11380|역촌동|63-16,서울특별시 은평구 역촌동 63-16,뉴캐슬,은평구
11380|역촌동|63-2,서울특별시 은평구 역촌동 63-2,소망,은평구
11380|역촌동|64-15,서울특별시 은평구 역촌동 64-15,신아굿모닝(64-15),은평구
11380|역촌동|68-19,서울특별시 은평구 역촌동 68-19,이즈캐슬,은평구
11380|역촌동|68-22,서울특별시 은평구 역촌동 68-22,궁전,은평구
11380|역촌동|71-1,서울특별시 은평구 역촌동 71-1,현대타운,은평구
11380|역촌동|72-4,서울특별시 은평구 역촌동 72-4,명남뉴아파트,은평구
11380|역촌동|77-3,서울특별시 은평구 역촌동 77-3,한양아트빌(77-3),은평구
11380|역촌동|79-50,서울특별시 은평구 역촌동 79-50,코아,은평구
11380|역촌동|8-24,서울특별시 은평구 역촌동 8-24,혜승밸라지오,은평구
11380|역촌동|81-17,서울특별시 은평구 역촌동 81-17,태경맨션,은평구
11380|역촌동|83-26,서울특별시 은평구 역촌동 83-26,명남뉴,은평구
11380|역촌동|83-67,서울특별시 은평구 역촌동 83-67,청운퀸즈,은평구
11380|역촌동|85-1,서울특별시 은평구 역촌동 85-1,더-위일이노펠리체,은평구
11380|역촌동|85-12,서울특별시 은평구 역촌동 85-12,센타폴리스,은평구
11380|역촌동|85-41,서울특별시 은평구 역촌동 85-41,리더스파크,은평구
11380|역촌동|9-54,서울특별시 은평구 역촌동 9-54,프라우드아파트,은평구
11380|응암동|104-25,서울특별시 은평구 응암동 104-25,진흥펠리체,은평구
11380|응암동|107-4,서울특별시 은평구 응암동 107-4,다원(107-4),은평구
11380|응암동|109-22,서울특별시 은평구 응암동 109-22,드림캐시아2,은평구
11380|응암동|109-3,서울특별시 은평구 응암동 109-3,서강스카이빌,은평구
11380|응암동|110-1,서울특별시 은평구 응암동 110-1,위산일리온시티,은평구
11380|응암동|110-9,서울특별시 은평구 응암동 110-9,메트로럭스,은평구
11380|응암동|111-48,서울특별시 은평구 응암동 111-48,프라임팰리스,은평구
11380|응암동|112-26,서울특별시 은평구 응암동 112-26,신현대,은평구
11380|응암동|113-2,서울특별시 은평구 응암동 113-2,예승,은평구
11380|응암동|113-27,서울특별시 은평구 응암동 113-27,상아,은평구
11380|응암동|113-28,서울특별시 은평구 응암동 113-28,우리스페이스(113-28),은평구
11380|응암동|113-35,서울특별시 은평구 응암동 113-35,애필리움,은평구
11380|응암동|115-27,서울특별시 은평구 응암동 115-27,자선메르시안(115),은평구
11380|응암동|115-4,서울특별시 은평구 응암동 115-4,신진뉴캐슬,은평구
11380|응암동|116-17,서울특별시 은평구 응암동 116-17,서강스카이빌2,은평구
11380|응암동|116-22,서울특별시 은평구 응암동 116-22,거장메카(116-22),은평구
11380|응암동|116-24,서울특별시 은평구 응암동 116-24,서강스카이빌3(116-24),은평구
11380|응암동|116-26,서울특별시 은평구 응암동 116-26,드림캐시아1,은평구
11380|응암동|117-22,서울특별시 은평구 응암동 117-22,응암하이포롬,은평구
11380|응암동|117-24,서울특별시 은평구 응암동 117-24,펠리시티,은평구
11380|응암동|117-35,서울특별시 은평구 응암동 117-35,미소세상,은평구
11380|응암동|117-54,서울특별시 은평구 응암동 117-54,삼흥리치,은평구
11380|응암동|118-12,서울특별시 은평구 응암동 118-12,대운브랜뉴,은평구
11380|응암동|118-62,서울특별시 은평구 응암동 118-62,자선메르시안(118-62),은평구
11380|응암동|118-68,서울특별시 은평구 응암동 118-68,에버그린,은평구
11380|응암동|119-15,서울특별시 은평구 응암동 119-15,자선메르시안(119-15),은평구
11380|응암동|119-16,서울특별시 은평구 응암동 119-16,벧엘블레스빌,은평구
11380|응암동|119-29,서울특별시 은평구 응암동 119-29,마이유,은평구
11380|응암동|120-10,서울특별시 은평구 응암동 120-10,월드빌(120-10),은평구
11380|응암동|120-5,서울특별시 은평구 응암동 120-5,월드빌(120-5),은평구
11380|응암동|120-50,서울특별시 은평구 응암동 120-50,삼성맨션,은평구
11380|응암동|120-6,서울특별시 은평구 응암동 120-6,월드빌(120-6),은평구
11380|응암동|120-9,서울특별시 은평구 응암동 120-9,월드빌(120-9),은평구
11380|응암동|122-10,서울특별시 은평구 응암동 122-10,명남(122-10),은평구
11380|응암동|122-12,서울특별시 은평구 응암동 122-12,예청B,은평구
11380|응암동|122-13,서울특별시 은평구 응암동 122-13,예청A,은평구
11380|응암동|122-26,서울특별시 은평구 응암동 122-26,재연,은평구
11380|응암동|122-30,서울특별시 은평구 응암동 122-30,길훈,은평구
11380|응암동|122-35,서울특별시 은평구 응암동 122-35,예청C,은평구
11380|응암동|122-4,서울특별시 은평구 응암동 122-4,명남래희안(122-4),은평구
11380|응암동|122-7,서울특별시 은평구 응암동 122-7,다원,은평구
11380|응암동|123-25,서울특별시 은평구 응암동 123-25,자선메르시안102동(123-25),은평구
11380|응암동|123-26,서울특별시 은평구 응암동 123-26,자선메르시안101동(123-26),은평구
11380|응암동|176,서울특별시 은평구 응암동 176,응암푸르지오,은평구
11380|응암동|197-78,서울특별시 은평구 응암동 197-78,신동아,은평구
11380|응암동|227-22,서울특별시 은평구 응암동 227-22,청록,은평구
11380|응암동|236-7,서울특별시 은평구 응암동 236-7,푸른숲,은평구
11380|응암동|240-63,서울특별시 은평구 응암동 240-63,뉴월드(240-63),은평구
11380|응암동|360-15,서울특별시 은평구 응암동 360-15,명진,은평구
11380|응암동|365-35,서울특별시 은평구 응암동 365-35,모아(365-35),은평구
11380|응암동|368-6,서울특별시 은평구 응암동 368-6,청안파인,은평구
11380|응암동|376-1,서울특별시 은평구 응암동 376-1,미가마하나임,은평구
11380|응암동|39-23,서울특별시 은평구 응암동 39-23,한일(39-23),은평구
11380|응암동|4-40,서울특별시 은평구 응암동 4-40,청송아파트,은평구
11380|응암동|400,서울특별시 은평구 응암동 400,자선메르시안(400),은평구
11380|응암동|402-112,서울특별시 은평구 응암동 402-112,뉴월드(402-112),은평구
11380|응암동|402-120,서울특별시 은평구 응암동 402-120,뉴월드(402-120),은평구
11380|응암동|402-42,서울특별시 은평구 응암동 402-42,뉴월드(402-42),은평구
11380|응암동|403-32,서울특별시 은평구 응암동 403-32,뉴월드(403-32),은평구
11380|응암동|427-113,서울특별시 은평구 응암동 427-113,밝은문,은평구
11380|응암동|577-16,서울특별시 은평구 응암동 577-16,명남더블레스,은평구
11380|응암동|577-28,서울특별시 은평구 응암동 577-28,거장메카,은평구
11380|응암동|577-7,서울특별시 은평구 응암동 577-7,아르지움주상복합,은평구
11380|응암동|581-3,서울특별시 은평구 응암동 581-3,세종레디안,은평구
11380|응암동|589-4,서울특별시 은평구 응암동 589-4,동부그린B,은평구
11380|응암동|589-5,서울특별시 은평구 응암동 589-5,동부그린A,은평구
11380|응암동|590-10,서울특별시 은평구 응암동 590-10,명남스카이뷰,은평구
11380|응암동|590-15,서울특별시 은평구 응암동 590-15,유성아이비아파트,은평구
11380|응암동|590-23,서울특별시 은평구 응암동 590-23,디우아르떼,은평구
11380|응암동|626-108,서울특별시 은평구 응암동 626-108,서안,은평구
11380|응암동|669-1,서울특별시 은평구 응암동 669-1,대주피오레,은평구
11380|응암동|694-1,서울특별시 은평구 응암동 694-1,우성,은평구
11380|응암동|714,서울특별시 은평구 응암동 714,경남,은평구
11380|응암동|738,서울특별시 은평구 응암동 738,해태드림타운,은평구
11380|응암동|739,서울특별시 은평구 응암동 739,응암동금호,은평구
11380|응암동|742-3,서울특별시 은평구 응암동 742-3,남청파인힐,은평구
11380|응암동|757,서울특별시 은평구 응암동 757,형미그린(101),은평구
11380|응암동|758,서울특별시 은평구 응암동 758,형미그린(758-0),은평구
11380|응암동|759,서울특별시 은평구 응암동 759,백련산힐스테이트1차,은평구
11380|응암동|76-2,서울특별시 은평구 응암동 76-2,삼영노블레스,은평구
11380|응암동|760,서울특별시 은평구 응암동 760,백련산힐스테이트2차,은평구
11380|응암동|761,서울특별시 은평구 응암동 761,백련산힐스테이트3차,은평구
11380|응암동|762,서울특별시 은평구 응암동 762,녹번역센트레빌,은평구
11380|응암동|763,서울특별시 은평구 응암동 763,모아아파트,은평구
11380|응암동|764,서울특별시 은평구 응암동 764,백련산힐스테이트4차,은평구
11380|응암동|766,서울특별시 은평구 응암동 766,백련산파크자이,은평구
11380|응암동|767,서울특별시 은평구 응암동 767,백련산에스케이뷰아이파크,은평구
11380|응암동|768,서울특별시 은평구 응암동 768,백련산해모로,은평구
11380|응암동|769,서울특별시 은평구 응암동 769,녹번역e편한세상캐슬,은평구
11380|응암동|770,서울특별시 은평구 응암동 770,힐스테이트녹번역,은평구
11380|응암동|771,서울특별시 은평구 응암동 771,e편한세상백련산,은평구
11380|응암동|81-164,서울특별시 은평구 응암동 81-164,유로카운티,은평구
11380|응암동|81-173,서울특별시 은평구 응암동 81-173,더위일,은평구
11380|응암동|88-16,서울특별시 은평구 응암동 88-16,남광쉐르빌,은평구
11380|응암동|88-8,서울특별시 은평구 응암동 88-8,응암아네스트,은평구
11380|응암동|89-12,서울특별시 은평구 응암동 89-12,역산아이지아,은평구
11380|응암동|90-23,서울특별시 은평구 응암동 90-23,조이팰리스(90-23),은평구
11380|응암동|91-3,서울특별시 은평구 응암동 91-3,거장메카,은평구
11380|응암동|92-7,서울특별시 은평구 응암동 92-7,유성아이비,은평구
11380|응암동|93-6,서울특별시 은평구 응암동 93-6,명남더블레스,은평구
11380|응암동|93-8,서울특별시 은평구 응암동 93-8,경원파발리안,은평구
11380|응암동|96-18,서울특별시 은평구 응암동 96-18,경향렉스빌,은평구
11380|응암동|96-19,서울특별시 은평구 응암동 96-19,삼영N-CITY,은평구
11380|응암동|96-41,서울특별시 은평구 응암동 96-41,엘엔씨레반트,은평구
11380|응암동|97-3,서울특별시 은평구 응암동 97-3,서안에이스,은평구
11380|증산동|161-8,서울특별시 은평구 증산동 161-8,네르비,은평구
11380|증산동|162-18,서울특별시 은평구 증산동 162-18,자선메르시안(162-18),은평구
11380|증산동|162-20,서울특별시 은평구 증산동 162-20,자선메르시안(162-20),은평구
11380|증산동|162-21,서울특별시 은평구 증산동 162-21,자선메르시안(162-21),은평구
11380|증산동|164-17,서울특별시 은평구 증산동 164-17,자선메르시안(164-17),은평구
11380|증산동|164-31,서울특별시 은평구 증산동 164-31,자산메르시안(164-31),은평구
11380|증산동|164-5,서울특별시 은평구 증산동 164-5,목화,은평구
11380|증산동|167-1,서울특별시 은평구 증산동 167-1,문영마운틴(167-1),은평구
11380|증산동|167-2,서울특별시 은평구 증산동 167-2,문영마운틴(167-2),은평구
11380|증산동|169-3,서울특별시 은평구 증산동 169-3,청록,은평구
11380|증산동|173-1,서울특별시 은평구 증산동 173-1,디오반,은평구
11380|증산동|174-14,서울특별시 은평구 증산동 174-14,자선메르시안(102),은평구
11380|증산동|174-2,서울특별시 은평구 증산동 174-2,자선메르시안(103),은평구
11380|증산동|174-3,서울특별시 은평구 증산동 174-3,럭스빌(102동),은평구
11380|증산동|174-5,서울특별시 은평구 증산동 174-5,럭스빌(101동),은평구
11380|증산동|174-8,서울특별시 은평구 증산동 174-8,삼성베스트빌,은평구
11380|증산동|177-20,서울특별시 은평구 증산동 177-20,선정(177),은평구
11380|증산동|178-8,서울특별시 은평구 증산동 178-8,청운,은평구
11380|증산동|179-8,서울특별시 은평구 증산동 179-8,월드메르시안(179-8),은평구
11380|증산동|179-9,서울특별시 은평구 증산동 179-9,월드메르시안(179-9),은평구
11380|증산동|185-19,서울특별시 은평구 증산동 185-19,두성,은평구
11380|증산동|185-2,서울특별시 은평구 증산동 185-2,칠산(185-2),은평구
11380|증산동|188-12,서울특별시 은평구 증산동 188-12,세영,은평구
11380|증산동|193-1,서울특별시 은평구 증산동 193-1,자선메르시안(193),은평구
11380|증산동|202-7,서울특별시 은평구 증산동 202-7,명남태봉,은평구
11380|증산동|213-20,서울특별시 은평구 증산동 213-20,삼신,은평구
11380|증산동|214-13,서울특별시 은평구 증산동 214-13,에쉐르,은평구
11380|증산동|214-8,서울특별시 은평구 증산동 214-8,LG그린빌,은평구
11380|증산동|216-10,서울특별시 은평구 증산동 216-10,LG그린,은평구
11380|증산동|220-1,서울특별시 은평구 증산동 220-1,DMC덕원,은평구
11380|증산동|223-28,서울특별시 은평구 증산동 223-28,DMC자이2단지,은평구
11380|증산동|244,서울특별시 은평구 증산동 244,DMC우방,은평구
11380|증산동|248,서울특별시 은평구 증산동 248,증산중앙하이츠,은평구
11380|증산동|249,서울특별시 은평구 증산동 249,태광,은평구
11380|증산동|250,서울특별시 은평구 증산동 250,DMC월드,은평구
11380|증산동|251,서울특별시 은평구 증산동 251,선정(178),은평구
11380|증산동|252,서울특별시 은평구 증산동 252,인우,은평구
11380|증산동|253,서울특별시 은평구 증산동 253,자선메르시안(101),은평구
11380|증산동|254,서울특별시 은평구 증산동 254,DMC문영퀸즈파크아파트,은평구
11380|증산동|255,서울특별시 은평구 증산동 255,두산위브,은평구
11380|증산동|256,서울특별시 은평구 증산동 256,미그린,은평구
11380|증산동|257,서울특별시 은평구 증산동 257,베로니스,은평구
11380|증산동|258#11380-11265,서울특별시 은평구 증산동 258,DMC센트럴자이(3단지),은평구
11380|증산동|258#11380-11266,서울특별시 은평구 증산동 258,DMC센트럴자이(2단지),은평구
11380|증산동|258#11380-11267,서울특별시 은평구 증산동 258,DMC센트럴자이(1단지),은평구
11380|증산동|258#11380-11268,서울특별시 은평구 증산동 258,DMC센트럴자이(4단지),은평구
11380|진관동|1,서울특별시 은평구 진관동 1,상림마을6단지푸르지오(615~621동)BL1-6,은평구
11380|진관동|10,서울특별시 은평구 진관동 10,상림마을7단지아이파크(730~742동)BL1-14,은평구
11380|진관동|101#11380-8391,서울특별시 은평구 진관동 101,박석고개1단지힐스테이트(101~111동)BL2-12,은평구
11380|진관동|101#11380-8556,서울특별시 은평구 진관동 101,박석고개1단지힐스테이트(101~111동)임대BL2-12,은평구
11380|진관동|102,서울특별시 은평구 진관동 102,박석고개1단지힐스테이트(116~131동)BL2-1,은평구
11380|진관동|105,서울특별시 은평구 진관동 105,마고정3단지센트레빌(323~335동)BL2-2,은평구
11380|진관동|106,서울특별시 은평구 진관동 106,마고정3단지센트레빌(301~309동)BL2-11,은평구
11380|진관동|107,서울특별시 은평구 진관동 107,마고정3단지센트레빌(310~322동)BL2-3,은평구
11380|진관동|11,서울특별시 은평구 진관동 11,상림마을7단지아이파크(719~729동)BL1-13,은평구
11380|진관동|12,서울특별시 은평구 진관동 12,상림마을7단지아이파크(709~712동)BL1-10,은평구
11380|진관동|123,서울특별시 은평구 진관동 123,박석고개1단지힐스테이트(112~115동)BL2-13,은평구
11380|진관동|13,서울특별시 은평구 진관동 13,상림마을7단지아이파크(706~708동)BL1-3,은평구
11380|진관동|132,서울특별시 은평구 진관동 132,폭포동4단지힐스테이트(423~425동)BL3-10,은평구
11380|진관동|135,서울특별시 은평구 진관동 135,폭포동4단지힐스테이트(426~428동)BL3-11,은평구
11380|진관동|14,서울특별시 은평구 진관동 14,상림마을8단지롯데캐슬(801~809동)BL1-2,은평구
11380|진관동|140,서울특별시 은평구 진관동 140,폭포동4단지힐스테이트(408~422동)BL3-9,은평구
11380|진관동|15,서울특별시 은평구 진관동 15,상림마을7단지아이파크(713~718동)BL1-11,은평구
11380|진관동|150,서울특별시 은평구 진관동 150,은평뉴타운기자촌11단지,은평구
11380|진관동|154,서울특별시 은평구 진관동 154,은평뉴타운 제각말 푸르지오(5-1단지),은평구
11380|진관동|155,서울특별시 은평구 진관동 155,은평뉴타운 제각말 푸르지오(5-2단지),은평구
11380|진관동|19,서울특별시 은평구 진관동 19,상림마을8단지롯데캐슬(810~820동)BL1-1,은평구
11380|진관동|2,서울특별시 은평구 진관동 2,상림마을6단지푸르지오(606~614동)BL1-7,은평구
11380|진관동|20,서울특별시 은평구 진관동 20,상림마을8단지롯데캐슬(821~830동)BL1-12,은평구
11380|진관동|25,서울특별시 은평구 진관동 25,구파발9단지래미안(916~928동)BL3-2,은평구
11380|진관동|27,서울특별시 은평구 진관동 27,구파발10단지어울림(1011~1019동)BL3-1,은평구
11380|진관동|3,서울특별시 은평구 진관동 3,상림마을6단지푸르지오(601~605동)BL1-8,은평구
11380|진관동|5,서울특별시 은평구 진관동 5,상림마을6단지푸르지오(622~629동)BL1-5,은평구
11380|진관동|6,서울특별시 은평구 진관동 6,상림마을7단지아이파크(702~705동)BL1-4,은평구
11380|진관동|60,서울특별시 은평구 진관동 60,은평뉴타운솔하임,은평구
11380|진관동|62,서울특별시 은평구 진관동 62,은평스카이뷰자이,은평구
11380|진관동|64,서울특별시 은평구 진관동 64,힐데스하임,은평구
11380|진관동|65,서울특별시 은평구 진관동 65,은평뉴타운엘크루,은평구
11380|진관동|66,서울특별시 은평구 진관동 66,은평뉴타운꿈에그린,은평구
11380|진관동|81,서울특별시 은평구 진관동 81,우물골2단지두산위브(245~255동)BL2-6,은평구
11380|진관동|82,서울특별시 은평구 진관동 82,우물골2단지두산위브(201~203동)BL2-4,은평구
11380|진관동|83,서울특별시 은평구 진관동 83,우물골2단지두산위브(204~208동)BL2-5,은평구
11380|진관동|84,서울특별시 은평구 진관동 84,우물골2단지두산위브(223~244동)BL2-7,은평구
11380|진관동|88,서울특별시 은평구 진관동 88,우물골2단지두산위브(209~222동)BL2-8,은평구
11380|진관동|92,서울특별시 은평구 진관동 92,은평뉴타운 제각말 푸르지오(5-4단지),은평구
11380|진관동|94,서울특별시 은평구 진관동 94,은평뉴타운 제각말 푸르지오(5-3단지),은평구
11410|길동|103-5,서울특별시 서대문구 길동 103-5,청원파크빌3,서대문구
11410|남가좌동|105-1,서울특별시 서대문구 남가좌동 105-1,창덕에버빌,서대문구
11410|남가좌동|132-29,서울특별시 서대문구 남가좌동 132-29,엠화일비동,서대문구
11410|남가좌동|135-6,서울특별시 서대문구 남가좌동 135-6,엠화일에이동,서대문구
11410|남가좌동|335-18,서울특별시 서대문구 남가좌동 335-18,명지플러스빌아파트(B),서대문구
11410|남가좌동|335-7,서울특별시 서대문구 남가좌동 335-7,명지플러스빌아파트(A),서대문구
11410|남가좌동|345-4,서울특별시 서대문구 남가좌동 345-4,백련미라보,서대문구
11410|남가좌동|376,서울특별시 서대문구 남가좌동 376,남가좌동현대,서대문구
11410|남가좌동|377,서울특별시 서대문구 남가좌동 377,DMC래미안클라시스,서대문구
11410|남가좌동|379,서울특별시 서대문구 남가좌동 379,래미안남가좌2차,서대문구
11410|남가좌동|380,서울특별시 서대문구 남가좌동 380,쌍용스윗닷홈,서대문구
11410|남가좌동|381,서울특별시 서대문구 남가좌동 381,DMC센트레빌,서대문구
11410|남가좌동|385#11410-4479,서울특별시 서대문구 남가좌동 385,DMC파크뷰자이1단지,서대문구
11410|남가좌동|385#11410-4480,서울특별시 서대문구 남가좌동 385,DMC파크뷰자이2단지,서대문구
11410|남가좌동|385#11410-4481,서울특별시 서대문구 남가좌동 385,DMC파크뷰자이3단지,서대문구
11410|남가좌동|385#11410-4482,서울특별시 서대문구 남가좌동 385,DMC파크뷰자이4단지,서대문구
11410|남가좌동|385#11410-4483,서울특별시 서대문구 남가좌동 385,DMC파크뷰자이5단지,서대문구
11410|남가좌동|387,서울특별시 서대문구 남가좌동 387,디엠씨엘가,서대문구
11410|남가좌동|388,서울특별시 서대문구 남가좌동 388,DMC센트럴아이파크,서대문구
11410|남가좌동|389,서울특별시 서대문구 남가좌동 389,DMC에코자이,서대문구
11410|남가좌동|390,서울특별시 서대문구 남가좌동 390,래미안루센티아,서대문구
11410|남가좌동|396,서울특별시 서대문구 남가좌동 396,DMC금호리첸시아,서대문구
11410|냉천동|260,서울특별시 서대문구 냉천동 260,동부센트레빌,서대문구
11410|냉천동|261,서울특별시 서대문구 냉천동 261,돈의문센트레빌,서대문구
11410|냉천동|74-99,서울특별시 서대문구 냉천동 74-99,금화지구시범,서대문구
11410|대현동|101-7,서울특별시 서대문구 대현동 101-7,혜우,서대문구
11410|대현동|104-36,서울특별시 서대문구 대현동 104-36,신촌자이엘라,서대문구
11410|대현동|144,서울특별시 서대문구 대현동 144,신촌럭키,서대문구
11410|대현동|145,서울특별시 서대문구 대현동 145,예스에이피엠,서대문구
11410|대현동|53-4,서울특별시 서대문구 대현동 53-4,대현,서대문구
11410|대현동|54-1,서울특별시 서대문구 대현동 54-1,무궁화,서대문구
11410|대현동|90-20,서울특별시 서대문구 대현동 90-20,이대경우타운,서대문구
11410|대현동|90-70,서울특별시 서대문구 대현동 90-70,파라타워,서대문구
11410|미근동|215,서울특별시 서대문구 미근동 215,서소문,서대문구
11410|북가좌동|150,서울특별시 서대문구 북가좌동 150,요진,서대문구
11410|북가좌동|273-12,서울특별시 서대문구 북가좌동 273-12,동도하이츠에이동,서대문구
11410|북가좌동|273-17,서울특별시 서대문구 북가좌동 273-17,동도하이츠비동,서대문구
11410|북가좌동|3-33,서울특별시 서대문구 북가좌동 3-33,성암,서대문구
11410|북가좌동|3-71,서울특별시 서대문구 북가좌동 3-71,대성,서대문구
11410|북가좌동|3-74,서울특별시 서대문구 북가좌동 3-74,세라,서대문구
11410|북가좌동|304-10,서울특별시 서대문구 북가좌동 304-10,청솔하이츠1동,서대문구
11410|북가좌동|304-52,서울특별시 서대문구 북가좌동 304-52,청솔하이츠2동,서대문구
11410|북가좌동|325-18,서울특별시 서대문구 북가좌동 325-18,충우팰리스1,서대문구
11410|북가좌동|325-43,서울특별시 서대문구 북가좌동 325-43,충우팰리스2,서대문구
11410|북가좌동|336-4,서울특별시 서대문구 북가좌동 336-4,명진,서대문구
11410|북가좌동|371-1,서울특별시 서대문구 북가좌동 371-1,월드컵현대,서대문구
11410|북가좌동|378-15,서울특별시 서대문구 북가좌동 378-15,선결,서대문구
11410|북가좌동|384-1,서울특별시 서대문구 북가좌동 384-1,우공팰리스,서대문구
11410|북가좌동|418-22,서울특별시 서대문구 북가좌동 418-22,한울뉴타운,서대문구
11410|북가좌동|431,서울특별시 서대문구 북가좌동 431,DMC한양,서대문구
11410|북가좌동|449,서울특별시 서대문구 북가좌동 449,북가좌삼호,서대문구
11410|북가좌동|453,서울특별시 서대문구 북가좌동 453,DMC현대아파트,서대문구
11410|북가좌동|455,서울특별시 서대문구 북가좌동 455,신일해피트리,서대문구
11410|북가좌동|456,서울특별시 서대문구 북가좌동 456,DMC휴먼빌아파트,서대문구
11410|북가좌동|458,서울특별시 서대문구 북가좌동 458,DMC아이파크,서대문구
11410|북가좌동|459,서울특별시 서대문구 북가좌동 459,DMC두산위브,서대문구
11410|북가좌동|460,서울특별시 서대문구 북가좌동 460,DMC이랜드해가든,서대문구
11410|북가좌동|467,서울특별시 서대문구 북가좌동 467,DMC서부인터빌,서대문구
11410|북가좌동|481,서울특별시 서대문구 북가좌동 481,DMC래미안e편한세상,서대문구
11410|북가좌동|488,서울특별시 서대문구 북가좌동 488,대경아르체,서대문구
11410|북가좌동|5-19,서울특별시 서대문구 북가좌동 5-19,동림아파트,서대문구
11410|북가좌동|5-22,서울특별시 서대문구 북가좌동 5-22,투데이,서대문구
11410|북가좌동|68-3,서울특별시 서대문구 북가좌동 68-3,주은스카이빌,서대문구
11410|북가좌동|7-2,서울특별시 서대문구 북가좌동 7-2,한솔,서대문구
11410|북아현동|1-106,서울특별시 서대문구 북아현동 1-106,수목아이엠,서대문구
11410|북아현동|1-1201,서울특별시 서대문구 북아현동 1-1201,조은1차,서대문구
11410|북아현동|1-122,서울특별시 서대문구 북아현동 1-122,그린빌,서대문구
11410|북아현동|1-1836,서울특별시 서대문구 북아현동 1-1836,조은2차,서대문구
11410|북아현동|1-342,서울특별시 서대문구 북아현동 1-342,대성,서대문구
11410|북아현동|1-422,서울특별시 서대문구 북아현동 1-422,비버리힐,서대문구
11410|북아현동|1-46,서울특별시 서대문구 북아현동 1-46,문영센스빌,서대문구
11410|북아현동|1-49,서울특별시 서대문구 북아현동 1-49,우민B,서대문구
11410|북아현동|1-50,서울특별시 서대문구 북아현동 1-50,우민A,서대문구
11410|북아현동|1-52,서울특별시 서대문구 북아현동 1-52,건일팰리스,서대문구
11410|북아현동|1-70,서울특별시 서대문구 북아현동 1-70,훼미리(1-70),서대문구
11410|북아현동|1-77,서울특별시 서대문구 북아현동 1-77,진흥1차,서대문구
11410|북아현동|1-78,서울특별시 서대문구 북아현동 1-78,화신,서대문구
11410|북아현동|1-97,서울특별시 서대문구 북아현동 1-97,성우아파트,서대문구
11410|북아현동|1006,서울특별시 서대문구 북아현동 1006,북아현경남,서대문구
11410|북아현동|1009,서울특별시 서대문구 북아현동 1009,두산,서대문구
11410|북아현동|1010,서울특별시 서대문구 북아현동 1010,경남102동,서대문구
11410|북아현동|1011,서울특별시 서대문구 북아현동 1011,신촌푸르지오,서대문구
11410|북아현동|1013#11410-4617,서울특별시 서대문구 북아현동 1013,e편한세상신촌3단지,서대문구
11410|북아현동|1013#11410-4618,서울특별시 서대문구 북아현동 1013,e편한세상신촌2단지,서대문구
11410|북아현동|1013#11410-4619,서울특별시 서대문구 북아현동 1013,e편한세상신촌1단지,서대문구
11410|북아현동|1013#11410-4645,서울특별시 서대문구 북아현동 1013,e편한세상신촌4단지,서대문구
11410|북아현동|1017,서울특별시 서대문구 북아현동 1017,힐스테이트신촌,서대문구
11410|북아현동|114-1,서울특별시 서대문구 북아현동 114-1,북아현맨션,서대문구
11410|북아현동|118-9,서울특별시 서대문구 북아현동 118-9,경남(2차),서대문구
11410|북아현동|123-1,서울특별시 서대문구 북아현동 123-1,삼우빌라,서대문구
11410|북아현동|123-73,서울특별시 서대문구 북아현동 123-73,늘푸른,서대문구
11410|북아현동|153-1,서울특별시 서대문구 북아현동 153-1,삼익,서대문구
11410|북아현동|153-25,서울특별시 서대문구 북아현동 153-25,153-25,서대문구
11410|북아현동|187-12,서울특별시 서대문구 북아현동 187-12,북아현2차,서대문구
11410|북아현동|187-14,서울특별시 서대문구 북아현동 187-14,북아현1차,서대문구
11410|북아현동|189-22,서울특별시 서대문구 북아현동 189-22,북아현3차,서대문구
11410|북아현동|189-24,서울특별시 서대문구 북아현동 189-24,북아현4차,서대문구
11410|북아현동|998,서울특별시 서대문구 북아현동 998,신촌헤리센트,서대문구
11410|연희동|1-78,서울특별시 서대문구 연희동 1-78,파크카운티,서대문구
11410|연희동|104-3,서울특별시 서대문구 연희동 104-3,싸이,서대문구
11410|연희동|105-16,서울특별시 서대문구 연희동 105-16,충우,서대문구
11410|연희동|105-4,서울특별시 서대문구 연희동 105-4,은하,서대문구
11410|연희동|106-2,서울특별시 서대문구 연희동 106-2,삼우장미,서대문구
11410|연희동|163-30,서울특별시 서대문구 연희동 163-30,신원,서대문구
11410|연희동|169-3,서울특별시 서대문구 연희동 169-3,드리밍아파트,서대문구
11410|연희동|169-9,서울특별시 서대문구 연희동 169-9,에코빌리지,서대문구
11410|연희동|171-10,서울특별시 서대문구 연희동 171-10,제니스APT,서대문구
11410|연희동|187-118,서울특별시 서대문구 연희동 187-118,연우,서대문구
11410|연희동|187-122,서울특별시 서대문구 연희동 187-122,우민,서대문구
11410|연희동|188-41,서울특별시 서대문구 연희동 188-41,시민,서대문구
11410|연희동|196-1,서울특별시 서대문구 연희동 196-1,연희궁,서대문구
11410|연희동|218-16,서울특별시 서대문구 연희동 218-16,일진아이윌,서대문구
11410|연희동|37-1,서울특별시 서대문구 연희동 37-1,리베르떼-빌(LibertVille),서대문구
11410|연희동|446-316,서울특별시 서대문구 연희동 446-316,우공팰리스,서대문구
11410|연희동|47,서울특별시 서대문구 연희동 47,연희궁그린빌라트,서대문구
11410|연희동|51-151,서울특별시 서대문구 연희동 51-151,충우하이빌,서대문구
11410|연희동|51-74,서울특별시 서대문구 연희동 51-74,로엠아트빌(A동),서대문구
11410|연희동|69-21,서울특별시 서대문구 연희동 69-21,백광,서대문구
11410|연희동|700,서울특별시 서대문구 연희동 700,대림,서대문구
11410|연희동|703-25,서울특별시 서대문구 연희동 703-25,선명(102동),서대문구
11410|연희동|703-32,서울특별시 서대문구 연희동 703-32,선명(101동),서대문구
11410|연희동|705-4,서울특별시 서대문구 연희동 705-4,연희에스엠,서대문구
11410|연희동|708-4,서울특별시 서대문구 연희동 708-4,홍연,서대문구
11410|연희동|711-32,서울특별시 서대문구 연희동 711-32,제일,서대문구
11410|연희동|712-25,서울특별시 서대문구 연희동 712-25,파크빌,서대문구
11410|연희동|717-29,서울특별시 서대문구 연희동 717-29,한인트윈빌,서대문구
11410|연희동|721-6,서울특별시 서대문구 연희동 721-6,흥연,서대문구
11410|연희동|723-9,서울특별시 서대문구 연희동 723-9,홍연(723-9),서대문구
11410|연희동|738,서울특별시 서대문구 연희동 738,임광,서대문구
11410|연희동|739,서울특별시 서대문구 연희동 739,대우푸르지오,서대문구
11410|연희동|74-14,서울특별시 서대문구 연희동 74-14,동도아카데미하우스2차,서대문구
11410|연희동|740,서울특별시 서대문구 연희동 740,성원,서대문구
11410|연희동|742,서울특별시 서대문구 연희동 742,성원쌍떼빌팰리스,서대문구
11410|연희동|743,서울특별시 서대문구 연희동 743,우국한마음,서대문구
11410|연희동|745,서울특별시 서대문구 연희동 745,연희자이엘라,서대문구
11410|연희동|746,서울특별시 서대문구 연희동 746,연희웨스트팰리스,서대문구
11410|연희동|747,서울특별시 서대문구 연희동 747,연희파크푸르지오,서대문구
11410|연희동|75-1,서울특별시 서대문구 연희동 75-1,동도아카데미하우스3차,서대문구
11410|연희동|81-6,서울특별시 서대문구 연희동 81-6,제이아델리아,서대문구
11410|연희동|87-33,서울특별시 서대문구 연희동 87-33,경향빌라트,서대문구
11410|연희동|89-9,서울특별시 서대문구 연희동 89-9,연화,서대문구
11410|연희동|91-2,서울특별시 서대문구 연희동 91-2,연희아트빌,서대문구
11410|연희동|93-4,서울특별시 서대문구 연희동 93-4,연희리젠시빌,서대문구
11410|영천동|100,서울특별시 서대문구 영천동 100,독립문삼호,서대문구
11410|창천동|359,서울특별시 서대문구 창천동 359,건우그린,서대문구
11410|창천동|368,서울특별시 서대문구 창천동 368,엘르빌2차,서대문구
11410|창천동|381,서울특별시 서대문구 창천동 381,센타폴리스,서대문구
11410|창천동|416,서울특별시 서대문구 창천동 416,노블레스,서대문구
11410|창천동|468,서울특별시 서대문구 창천동 468,씨밀레,서대문구
11410|창천동|470,서울특별시 서대문구 창천동 470,하이펠리스,서대문구
11410|창천동|501-14,서울특별시 서대문구 창천동 501-14,삼성아트빌,서대문구
11410|창천동|506-27,서울특별시 서대문구 창천동 506-27,엘르빌,서대문구
11410|창천동|510-2,서울특별시 서대문구 창천동 510-2,3RU-City,서대문구
11410|창천동|511-5,서울특별시 서대문구 창천동 511-5,래디앙,서대문구
11410|창천동|512-4,서울특별시 서대문구 창천동 512-4,광남캐스빌1(512-4),서대문구
11410|창천동|512-5,서울특별시 서대문구 창천동 512-5,광남캐스빌(512-5),서대문구
11410|창천동|518,서울특별시 서대문구 창천동 518,연대JK,서대문구
11410|창천동|72-31,서울특별시 서대문구 창천동 72-31,(72-31),서대문구
11410|천연동|117-23,서울특별시 서대문구 천연동 117-23,산경,서대문구
11410|천연동|145,서울특별시 서대문구 천연동 145,천연뜨란채,서대문구
11410|천연동|98-17,서울특별시 서대문구 천연동 98-17,반석블레스포레,서대문구
11410|충정로2가|185-15,서울특별시 서대문구 충정로2가 185-15,현대,서대문구
11410|충정로2가|69-23,서울특별시 서대문구 충정로2가 69-23,로얄훼미리아파트A동,서대문구
11410|충정로2가|69-60,서울특별시 서대문구 충정로2가 69-60,로얄패밀리아파트B동,서대문구
11410|충정로3가|1-37,서울특별시 서대문구 충정로3가 1-37,동호,서대문구
11410|충정로3가|189-8,서울특별시 서대문구 충정로3가 189-8,미동,서대문구
11410|충정로3가|222,서울특별시 서대문구 충정로3가 222,피어리스,서대문구
11410|충정로3가|250-5,서울특별시 서대문구 충정로3가 250-5,충정,서대문구
11410|충정로3가|3-19,서울특별시 서대문구 충정로3가 3-19,새롬,서대문구
11410|충정로3가|3-46,서울특별시 서대문구 충정로3가 3-46,행복한,서대문구
11410|충정로3가|30-17,서울특별시 서대문구 충정로3가 30-17,충정솔레디움(101동),서대문구
11410|충정로3가|30-2,서울특별시 서대문구 충정로3가 30-2,충정솔레디움(102동),서대문구
11410|충정로3가|30-9,서울특별시 서대문구 충정로3가 30-9,장미,서대문구
11410|충정로3가|32-10,서울특별시 서대문구 충정로3가 32-10,글로리,서대문구
11410|충정로3가|465,서울특별시 서대문구 충정로3가 465,충정리시온,서대문구
11410|충정로3가|466,서울특별시 서대문구 충정로3가 466,우리유앤미,서대문구
11410|충정로3가|477,서울특별시 서대문구 충정로3가 477,충림예하임,서대문구
11410|합동|118,서울특별시 서대문구 합동 118,에스케이뷰,서대문구
11410|합동|31-9,서울특별시 서대문구 합동 31-9,사랑채,서대문구
11410|현저동|1019,서울특별시 서대문구 현저동 1019,독립문파크빌,서대문구
11410|현저동|200,서울특별시 서대문구 현저동 200,독립문극동(200-0),서대문구
11410|홍은동|11-111,서울특별시 서대문구 홍은동 11-111,서대문센트럴아이파크,서대문구
11410|홍은동|13-25,서울특별시 서대문구 홍은동 13-25,북한산두산위브2차,서대문구
11410|홍은동|14-4,서울특별시 서대문구 홍은동 14-4,미건스카이빌,서대문구
11410|홍은동|150-13,서울특별시 서대문구 홍은동 150-13,신계,서대문구
11410|홍은동|186-1,서울특별시 서대문구 홍은동 186-1,홍은미성,서대문구
11410|홍은동|186-22,서울특별시 서대문구 홍은동 186-22,서강1차(1동),서대문구
11410|홍은동|186-25,서울특별시 서대문구 홍은동 186-25,서강2차(2동),서대문구
11410|홍은동|188-72,서울특별시 서대문구 홍은동 188-72,동아빌라(188-72),서대문구
11410|홍은동|189-9,서울특별시 서대문구 홍은동 189-9,미든푸르지,서대문구
11410|홍은동|195-8,서울특별시 서대문구 홍은동 195-8,강림스위트빌(A동),서대문구
11410|홍은동|202-5,서울특별시 서대문구 홍은동 202-5,"현대(1,2차)",서대문구
11410|홍은동|22,서울특별시 서대문구 홍은동 22,유원,서대문구
11410|홍은동|265-281,서울특별시 서대문구 홍은동 265-281,동평늘푸른,서대문구
11410|홍은동|265-293,서울특별시 서대문구 홍은동 265-293,나눔스타빌,서대문구
11410|홍은동|265-296,서울특별시 서대문구 홍은동 265-296,도양라비앙(101동),서대문구
11410|홍은동|265-344,서울특별시 서대문구 홍은동 265-344,도양라비앙(102동),서대문구
11410|홍은동|265-350,서울특별시 서대문구 홍은동 265-350,홍은드림아파트,서대문구
11410|홍은동|265-364,서울특별시 서대문구 홍은동 265-364,나영힐빌리지,서대문구
11410|홍은동|265-366,서울특별시 서대문구 홍은동 265-366,세윤외인빌리지,서대문구
11410|홍은동|265-46,서울특별시 서대문구 홍은동 265-46,그랜드(B동),서대문구
11410|홍은동|265-49,서울특별시 서대문구 홍은동 265-49,그랜드(A동),서대문구
11410|홍은동|265-54,서울특별시 서대문구 홍은동 265-54,서부사이버,서대문구
11410|홍은동|274-32,서울특별시 서대문구 홍은동 274-32,서대문노블루체,서대문구
11410|홍은동|274-59,서울특별시 서대문구 홍은동 274-59,미주,서대문구
11410|홍은동|274-60,서울특별시 서대문구 홍은동 274-60,장성미모아,서대문구
11410|홍은동|274-99,서울특별시 서대문구 홍은동 274-99,홍은그린,서대문구
11410|홍은동|277-104,서울특별시 서대문구 홍은동 277-104,Elleville,서대문구
11410|홍은동|277-105,서울특별시 서대문구 홍은동 277-105,백련,서대문구
11410|홍은동|277-108,서울특별시 서대문구 홍은동 277-108,제이씨라디앙,서대문구
11410|홍은동|277-145,서울특별시 서대문구 홍은동 277-145,교수(A),서대문구
11410|홍은동|277-148,서울특별시 서대문구 홍은동 277-148,교수(B),서대문구
11410|홍은동|277-169,서울특별시 서대문구 홍은동 277-169,아르팰리스,서대문구
11410|홍은동|277-43,서울특별시 서대문구 홍은동 277-43,풍림아트빌(277-43),서대문구
11410|홍은동|277-60,서울특별시 서대문구 홍은동 277-60,넥서스빌,서대문구
11410|홍은동|277-69,서울특별시 서대문구 홍은동 277-69,넥서스빌2,서대문구
11410|홍은동|277-95,서울특별시 서대문구 홍은동 277-95,명지2차,서대문구
11410|홍은동|281,서울특별시 서대문구 홍은동 281,로하스,서대문구
11410|홍은동|304,서울특별시 서대문구 홍은동 304,연희베벌리힐즈,서대문구
11410|홍은동|392-1,서울특별시 서대문구 홍은동 392-1,베벌리힐즈,서대문구
11410|홍은동|392-11,서울특별시 서대문구 홍은동 392-11,신원지벤스타3,서대문구
11410|홍은동|392-7,서울특별시 서대문구 홍은동 392-7,신원지벤스타1,서대문구
11410|홍은동|392-9,서울특별시 서대문구 홍은동 392-9,신원지벤스타2,서대문구
11410|홍은동|393-1,서울특별시 서대문구 홍은동 393-1,신원지벤스타4,서대문구
11410|홍은동|393-2,서울특별시 서대문구 홍은동 393-2,신원지벤스타5,서대문구
11410|홍은동|393-3,서울특별시 서대문구 홍은동 393-3,신원지벤스타6,서대문구
11410|홍은동|394-1,서울특별시 서대문구 홍은동 394-1,신원지벤스타7,서대문구
11410|홍은동|395-1,서울특별시 서대문구 홍은동 395-1,부림,서대문구
11410|홍은동|396-22,서울특별시 서대문구 홍은동 396-22,건우아트빌,서대문구
11410|홍은동|398-6,서울특별시 서대문구 홍은동 398-6,명가,서대문구
11410|홍은동|402-39,서울특별시 서대문구 홍은동 402-39,성우,서대문구
11410|홍은동|403-2,서울특별시 서대문구 홍은동 403-2,부림베스트빌,서대문구
11410|홍은동|404-1,서울특별시 서대문구 홍은동 404-1,서강주상복합,서대문구
11410|홍은동|413-38,서울특별시 서대문구 홍은동 413-38,현대하이츠,서대문구
11410|홍은동|435-10,서울특별시 서대문구 홍은동 435-10,유림그랑블,서대문구
11410|홍은동|437-2,서울특별시 서대문구 홍은동 437-2,G패밀리움,서대문구
11410|홍은동|439-1,서울특별시 서대문구 홍은동 439-1,홍은동아더프라임,서대문구
11410|홍은동|440-1,서울특별시 서대문구 홍은동 440-1,반석블레스,서대문구
11410|홍은동|440-3,서울특별시 서대문구 홍은동 440-3,풍림1차,서대문구
11410|홍은동|453-2,서울특별시 서대문구 홍은동 453-2,풍림2,서대문구
11410|홍은동|454,서울특별시 서대문구 홍은동 454,극동,서대문구
11410|홍은동|455,서울특별시 서대문구 홍은동 455,홍은동벽산,서대문구
11410|홍은동|456,서울특별시 서대문구 홍은동 456,두산,서대문구
11410|홍은동|457,서울특별시 서대문구 홍은동 457,동일,서대문구
11410|홍은동|459,서울특별시 서대문구 홍은동 459,진흥,서대문구
11410|홍은동|460,서울특별시 서대문구 홍은동 460,홍은동풍림아이원,서대문구
11410|홍은동|461,서울특별시 서대문구 홍은동 461,홍은센트레빌,서대문구
11410|홍은동|463,서울특별시 서대문구 홍은동 463,동원베네스트,서대문구
11410|홍은동|464,서울특별시 서대문구 홍은동 464,북한산더샵,서대문구
11410|홍은동|465,서울특별시 서대문구 홍은동 465,HDX휴팰리스,서대문구
11410|홍은동|467,서울특별시 서대문구 홍은동 467,북한산두산위브,서대문구
11410|홍은동|468,서울특별시 서대문구 홍은동 468,북한산두산위브2차,서대문구
11410|홍은동|469,서울특별시 서대문구 홍은동 469,e편한세상서대문,서대문구
11410|홍은동|470,서울특별시 서대문구 홍은동 470,힐스테이트홍은포레스트,서대문구
11410|홍은동|48,서울특별시 서대문구 홍은동 48,유진맨션,서대문구
11410|홍은동|8-1091,서울특별시 서대문구 홍은동 8-1091,북한산삼부르네상스205동206동207동,서대문구
11410|홍은동|8-205,서울특별시 서대문구 홍은동 8-205,북한산삼부르네상스101동,서대문구
11410|홍은동|8-230,서울특별시 서대문구 홍은동 8-230,북한산삼부르네상스201동,서대문구
11410|홍은동|8-26,서울특별시 서대문구 홍은동 8-26,초원,서대문구
11410|홍은동|8-285,서울특별시 서대문구 홍은동 8-285,북한산삼부르네상스301동302동303동,서대문구
11410|홍은동|8-294,서울특별시 서대문구 홍은동 8-294,북한산삼부르네상스304동305동,서대문구
11410|홍은동|8-476,서울특별시 서대문구 홍은동 8-476,동림,서대문구
11410|홍은동|8-920,서울특별시 서대문구 홍은동 8-920,북한산삼부르네상스102동103동104동,서대문구
11410|홍은동|8-933,서울특별시 서대문구 홍은동 8-933,북한산삼부르네상스202동203동204동,서대문구
11410|홍은동|산11-244,서울특별시 서대문구 홍은동 산11-244,세한숲속마을,서대문구
11410|홍제동|104-1,서울특별시 서대문구 홍제동 104-1,인왕,서대문구
11410|홍제동|104-20,서울특별시 서대문구 홍제동 104-20,안산맨숀,서대문구
11410|홍제동|104-6,서울특별시 서대문구 홍제동 104-6,인왕궁맨숀,서대문구
11410|홍제동|131-18,서울특별시 서대문구 홍제동 131-18,그레이스A동,서대문구
11410|홍제동|131-2,서울특별시 서대문구 홍제동 131-2,제니스,서대문구
11410|홍제동|131-9,서울특별시 서대문구 홍제동 131-9,그레이스(B동),서대문구
11410|홍제동|132-5,서울특별시 서대문구 홍제동 132-5,에이원,서대문구
11410|홍제동|156-200,서울특별시 서대문구 홍제동 156-200,고은,서대문구
11410|홍제동|157-3,서울특별시 서대문구 홍제동 157-3,홍제원그린뷰아파트,서대문구
11410|홍제동|157-68,서울특별시 서대문구 홍제동 157-68,광산,서대문구
11410|홍제동|158-13,서울특별시 서대문구 홍제동 158-13,아름채,서대문구
11410|홍제동|175-3,서울특별시 서대문구 홍제동 175-3,홍제헤렌,서대문구
11410|홍제동|196-26,서울특별시 서대문구 홍제동 196-26,제니스뷰아파트,서대문구
11410|홍제동|20-11,서울특별시 서대문구 홍제동 20-11,로얄,서대문구
11410|홍제동|24-16,서울특별시 서대문구 홍제동 24-16,동양드림,서대문구
11410|홍제동|247-19,서울특별시 서대문구 홍제동 247-19,홍일,서대문구
11410|홍제동|283-36,서울특별시 서대문구 홍제동 283-36,마체스터,서대문구
11410|홍제동|294-36,서울특별시 서대문구 홍제동 294-36,원일,서대문구
11410|홍제동|307-9,서울특별시 서대문구 홍제동 307-9,홍제맨션,서대문구
11410|홍제동|312-121,서울특별시 서대문구 홍제동 312-121,굿모닝하이츠,서대문구
11410|홍제동|312-221,서울특별시 서대문구 홍제동 312-221,동일5차101동,서대문구
11410|홍제동|312-223,서울특별시 서대문구 홍제동 312-223,월드뷰,서대문구
11410|홍제동|312-237,서울특별시 서대문구 홍제동 312-237,동일2차,서대문구
11410|홍제동|312-240,서울특별시 서대문구 홍제동 312-240,동일1차,서대문구
11410|홍제동|312-243,서울특별시 서대문구 홍제동 312-243,파크힐,서대문구
11410|홍제동|312-248,서울특별시 서대문구 홍제동 312-248,동일4차,서대문구
11410|홍제동|312-275,서울특별시 서대문구 홍제동 312-275,동일5차102동,서대문구
11410|홍제동|312-44,서울특별시 서대문구 홍제동 312-44,동일3차,서대문구
11410|홍제동|312-67,서울특별시 서대문구 홍제동 312-67,럭키힐,서대문구
11410|홍제동|315-7,서울특별시 서대문구 홍제동 315-7,서울맨션,서대문구
11410|홍제동|322-134,서울특별시 서대문구 홍제동 322-134,송도그린빌A동,서대문구
11410|홍제동|322-138,서울특별시 서대문구 홍제동 322-138,홍제에스피엘,서대문구
11410|홍제동|322-79,서울특별시 서대문구 홍제동 322-79,경일,서대문구
11410|홍제동|322-87,서울특별시 서대문구 홍제동 322-87,풍진베이스타운,서대문구
11410|홍제동|322-91,서울특별시 서대문구 홍제동 322-91,송도그린빌B동,서대문구
11410|홍제동|322-95,서울특별시 서대문구 홍제동 322-95,송도그린빌C동,서대문구
11410|홍제동|331,서울특별시 서대문구 홍제동 331,홍제현대,서대문구
11410|홍제동|335-10,서울특별시 서대문구 홍제동 335-10,초원드림빌,서대문구
11410|홍제동|342,서울특별시 서대문구 홍제동 342,중앙하이츠,서대문구
11410|홍제동|346-7,서울특별시 서대문구 홍제동 346-7,힐탑,서대문구
11410|홍제동|354-6,서울특별시 서대문구 홍제동 354-6,서강,서대문구
11410|홍제동|373,서울특별시 서대문구 홍제동 373,태영으뜸(데시앙),서대문구
11410|홍제동|453,서울특별시 서대문구 홍제동 453,청구1차,서대문구
11410|홍제동|453-1,서울특별시 서대문구 홍제동 453-1,청구2차,서대문구
11410|홍제동|454,서울특별시 서대문구 홍제동 454,유원하나,서대문구
11410|홍제동|455,서울특별시 서대문구 홍제동 455,현대그린,서대문구
11410|홍제동|456,서울특별시 서대문구 홍제동 456,성원,서대문구
11410|홍제동|457,서울특별시 서대문구 홍제동 457,남양,서대문구
11410|홍제동|458,서울특별시 서대문구 홍제동 458,조한,서대문구
11410|홍제동|459,서울특별시 서대문구 홍제동 459,홍제원현대(459-0),서대문구
11410|홍제동|460,서울특별시 서대문구 홍제동 460,인왕산현대,서대문구
11410|홍제동|461,서울특별시 서대문구 홍제동 461,홍제삼성래미안,서대문구
11410|홍제동|462,서울특별시 서대문구 홍제동 462,청구3차,서대문구
11410|홍제동|463,서울특별시 서대문구 홍제동 463,문화촌현대,서대문구
11410|홍제동|464,서울특별시 서대문구 홍제동 464,무악재한화,서대문구
11410|홍제동|465,서울특별시 서대문구 홍제동 465,인왕산벽산,서대문구
11410|홍제동|466,서울특별시 서대문구 홍제동 466,홍제해성,서대문구
11410|홍제동|467,서울특별시 서대문구 홍제동 467,인왕산어울림,서대문구
11410|홍제동|468,서울특별시 서대문구 홍제동 468,홍제비콘드림힐,서대문구
11410|홍제동|469,서울특별시 서대문구 홍제동 469,인왕산한신휴플러스,서대문구
11410|홍제동|470,서울특별시 서대문구 홍제동 470,제일아파트,서대문구
11410|홍제동|471,서울특별시 서대문구 홍제동 471,금호어울림,서대문구
11410|홍제동|473,서울특별시 서대문구 홍제동 473,홍제센트럴IPARK,서대문구
11410|홍제동|474,서울특별시 서대문구 홍제동 474,홍제역해링턴플레이스,서대문구
11410|홍제동|478,서울특별시 서대문구 홍제동 478,서대문푸르지오센트럴파크,서대문구
11410|홍제동|82,서울특별시 서대문구 홍제동 82,홍제한양,서대문구
11410|홍제동|82-81,서울특별시 서대문구 홍제동 82-81,인왕드림빌,서대문구
11410|홍제동|92-1,서울특별시 서대문구 홍제동 92-1,서강맨션,서대문구
11440|공덕동|108-57,서울특별시 마포구 공덕동 108-57,공덕헤리지움,마포구
11440|공덕동|11-168,서울특별시 마포구 공덕동 11-168,효창그린아파트,마포구
11440|공덕동|11-174,서울특별시 마포구 공덕동 11-174,현대빌라,마포구
11440|공덕동|111-416,서울특별시 마포구 공덕동 111-416,로즈빌B,마포구
11440|공덕동|111-7,서울특별시 마포구 공덕동 111-7,로즈빌A,마포구
11440|공덕동|188-108,서울특별시 마포구 공덕동 188-108,마포현대,마포구
11440|공덕동|30-10,서울특별시 마포구 공덕동 30-10,솔리스타,마포구
11440|공덕동|370-9,서울특별시 마포구 공덕동 370-9,공덕현대,마포구
11440|공덕동|371,서울특별시 마포구 공덕동 371,공덕1삼성래미안,마포구
11440|공덕동|4-32,서울특별시 마포구 공덕동 4-32,공덕스카이아파트,마포구
11440|공덕동|43,서울특별시 마포구 공덕동 43,공덕2삼성래미안,마포구
11440|공덕동|457,서울특별시 마포구 공덕동 457,공덕3삼성래미안,마포구
11440|공덕동|460,서울특별시 마포구 공덕동 460,한화꿈에그린,마포구
11440|공덕동|462,서울특별시 마포구 공덕동 462,마포공덕파크팰리스Ⅱ,마포구
11440|공덕동|464,서울특별시 마포구 공덕동 464,래미안공덕4차,마포구
11440|공덕동|467,서울특별시 마포구 공덕동 467,롯데캐슬프레지던트,마포구
11440|공덕동|468,서울특별시 마포구 공덕동 468,두영이지안,마포구
11440|공덕동|469,서울특별시 마포구 공덕동 469,래미안공덕5차,마포구
11440|공덕동|476,서울특별시 마포구 공덕동 476,공덕파크자이,마포구
11440|공덕동|478,서울특별시 마포구 공덕동 478,공덕더샵,마포구
11440|공덕동|479#11440-5909,서울특별시 마포구 공덕동 479,공덕SK리더스뷰,마포구
11440|공덕동|479#11440-5910,서울특별시 마포구 공덕동 479,공덕SK리더스뷰,마포구
11440|구수동|41-4,서울특별시 마포구 구수동 41-4,영풍,마포구
11440|노고산동|1-25,서울특별시 마포구 노고산동 1-25,신촌다올노블리움,마포구
11440|노고산동|1-3,서울특별시 마포구 노고산동 1-3,신촌포스빌,마포구
11440|노고산동|107-36,서울특별시 마포구 노고산동 107-36,현대벤처빌,마포구
11440|노고산동|129,서울특별시 마포구 노고산동 129,빌리브디에이블,마포구
11440|대흥동|12-41,서울특별시 마포구 대흥동 12-41,서희스타힐스,마포구
11440|대흥동|18-55,서울특별시 마포구 대흥동 18-55,성신,마포구
11440|대흥동|660,서울특별시 마포구 대흥동 660,대흥동태영아파트,마포구
11440|대흥동|802,서울특별시 마포구 대흥동 802,대흥동세양,마포구
11440|대흥동|803,서울특별시 마포구 대흥동 803,동양엔파트,마포구
11440|대흥동|804,서울특별시 마포구 대흥동 804,마포자이2차,마포구
11440|대흥동|806,서울특별시 마포구 대흥동 806,마포그랑자이,마포구
11440|대흥동|807,서울특별시 마포구 대흥동 807,마포그랑자이(2단지),마포구
11440|도화동|240-1,서울특별시 마포구 도화동 240-1,현대예술아파트,마포구
11440|도화동|353,서울특별시 마포구 도화동 353,현대홈타운,마포구
11440|도화동|357,서울특별시 마포구 도화동 357,도화동현대,마포구
11440|도화동|536,서울특별시 마포구 도화동 536,정우상가맨션,마포구
11440|도화동|538,서울특별시 마포구 도화동 538,성지,마포구
11440|도화동|544,서울특별시 마포구 도화동 544,고려,마포구
11440|도화동|547,서울특별시 마포구 도화동 547,도화현대,마포구
11440|도화동|550#11440-15,서울특별시 마포구 도화동 550,삼성,마포구
11440|도화동|550#11440-4645,서울특별시 마포구 도화동 550,삼성(550-0),마포구
11440|도화동|555,서울특별시 마포구 도화동 555,한화오벨리스크,마포구
11440|도화동|559,서울특별시 마포구 도화동 559,마포트라팰리스,마포구
11440|도화동|563,서울특별시 마포구 도화동 563,마포아크로타워,마포구
11440|도화동|564,서울특별시 마포구 도화동 564,마포동원베네스트,마포구
11440|도화동|82,서울특별시 마포구 도화동 82,우성,마포구
11440|동교동|200-38,서울특별시 마포구 동교동 200-38,광남벨라스1동,마포구
11440|동교동|200-4,서울특별시 마포구 동교동 200-4,광남벨라스2동,마포구
11440|마포동|253,서울특별시 마포구 마포동 253,마포쌍용황금아파트,마포구
11440|마포동|350,서울특별시 마포구 마포동 350,강변한신코아,마포구
11440|마포동|442,서울특별시 마포구 마포동 442,보성,마포구
11440|마포동|449,서울특별시 마포구 마포동 449,비체힐리버뷰,마포구
11440|망원동|236-2,서울특별시 마포구 망원동 236-2,한강그린1차아파트,마포구
11440|망원동|239,서울특별시 마포구 망원동 239,월드,마포구
11440|망원동|381-9,서울특별시 마포구 망원동 381-9,삼우하이뷰,마포구
11440|망원동|382-3,서울특별시 마포구 망원동 382-3,해오름2차,마포구
11440|망원동|384-7,서울특별시 마포구 망원동 384-7,삼우월드,마포구
11440|망원동|400-2,서울특별시 마포구 망원동 400-2,해오름,마포구
11440|망원동|412-19,서울특별시 마포구 망원동 412-19,뉴서울,마포구
11440|망원동|417-2,서울특별시 마포구 망원동 417-2,한강로얄스위트,마포구
11440|망원동|418-29,서울특별시 마포구 망원동 418-29,예향,마포구
11440|망원동|418-5,서울특별시 마포구 망원동 418-5,크라운빌,마포구
11440|망원동|419-3,서울특별시 마포구 망원동 419-3,참존1차(419-3),마포구
11440|망원동|420,서울특별시 마포구 망원동 420,성원1,마포구
11440|망원동|422-11,서울특별시 마포구 망원동 422-11,태영,마포구
11440|망원동|422-12,서울특별시 마포구 망원동 422-12,청화,마포구
11440|망원동|429-3,서울특별시 마포구 망원동 429-3,대성2,마포구
11440|망원동|429-4,서울특별시 마포구 망원동 429-4,대성1,마포구
11440|망원동|432-63,서울특별시 마포구 망원동 432-63,신부,마포구
11440|망원동|433-3,서울특별시 마포구 망원동 433-3,성신,마포구
11440|망원동|433-4,서울특별시 마포구 망원동 433-4,뉴성신아파트,마포구
11440|망원동|433-9,서울특별시 마포구 망원동 433-9,미원2,마포구
11440|망원동|435-4,서울특별시 마포구 망원동 435-4,광남캐스빌,마포구
11440|망원동|436-6,서울특별시 마포구 망원동 436-6,천우,마포구
11440|망원동|439-1,서울특별시 마포구 망원동 439-1,솔루체,마포구
11440|망원동|454-1,서울특별시 마포구 망원동 454-1,참존2차(101동),마포구
11440|망원동|454-36,서울특별시 마포구 망원동 454-36,참존2차(102동),마포구
11440|망원동|455-2,서울특별시 마포구 망원동 455-2,리버뷰,마포구
11440|망원동|455-4,서울특별시 마포구 망원동 455-4,길명2차(455-4),마포구
11440|망원동|456-60,서울특별시 마포구 망원동 456-60,태경크레앙스(102동),마포구
11440|망원동|456-65,서울특별시 마포구 망원동 456-65,태경크레앙스(101동),마포구
11440|망원동|456-9,서울특별시 마포구 망원동 456-9,길명1차아파트,마포구
11440|망원동|460-15,서울특별시 마포구 망원동 460-15,현대리버빌,마포구
11440|망원동|463-2,서울특별시 마포구 망원동 463-2,동보프리미아,마포구
11440|망원동|464-11,서울특별시 마포구 망원동 464-11,그린월드,마포구
11440|망원동|464-5,서울특별시 마포구 망원동 464-5,현대그린,마포구
11440|망원동|465-3,서울특별시 마포구 망원동 465-3,광남캐스빌B,마포구
11440|망원동|465-32,서울특별시 마포구 망원동 465-32,광남캐스빌D,마포구
11440|망원동|465-33,서울특별시 마포구 망원동 465-33,광남캐스빌C,마포구
11440|망원동|465-34,서울특별시 마포구 망원동 465-34,광남캐스빌A,마포구
11440|망원동|468-18,서울특별시 마포구 망원동 468-18,세광,마포구
11440|망원동|470-1,서울특별시 마포구 망원동 470-1,몬드리안,마포구
11440|망원동|470-2,서울특별시 마포구 망원동 470-2,삼화아크빌(470-2),마포구
11440|망원동|470-39,서울특별시 마포구 망원동 470-39,삼화아크빌(470-39),마포구
11440|망원동|471-3,서울특별시 마포구 망원동 471-3,노아아크빌,마포구
11440|망원동|475-3,서울특별시 마포구 망원동 475-3,송주보르미타운,마포구
11440|망원동|476-3,서울특별시 마포구 망원동 476-3,스카이캐슬,마포구
11440|망원동|478-27,서울특별시 마포구 망원동 478-27,미원1,마포구
11440|망원동|483-3,서울특별시 마포구 망원동 483-3,리츠,마포구
11440|망원동|483-6,서울특별시 마포구 망원동 483-6,목화,마포구
11440|망원동|489,서울특별시 마포구 망원동 489,성원2,마포구
11440|망원동|490,서울특별시 마포구 망원동 490,강변타운,마포구
11440|망원동|491,서울특별시 마포구 망원동 491,대상3,마포구
11440|망원동|492,서울특별시 마포구 망원동 492,대상4,마포구
11440|망원동|493,서울특별시 마포구 망원동 493,함성백합,마포구
11440|망원동|494,서울특별시 마포구 망원동 494,삼성화원,마포구
11440|망원동|495,서울특별시 마포구 망원동 495,신부3차파스카,마포구
11440|망원동|496,서울특별시 마포구 망원동 496,대림1,마포구
11440|망원동|497,서울특별시 마포구 망원동 497,대림2,마포구
11440|망원동|498,서울특별시 마포구 망원동 498,우림루미아트,마포구
11440|망원동|499,서울특별시 마포구 망원동 499,한강2차대주피오레,마포구
11440|망원동|500,서울특별시 마포구 망원동 500,한강1차대주피오레,마포구
11440|망원동|501,서울특별시 마포구 망원동 501,태청,마포구
11440|망원동|502,서울특별시 마포구 망원동 502,함성월드빌,마포구
11440|망원동|503,서울특별시 마포구 망원동 503,현진에버빌2,마포구
11440|망원동|504,서울특별시 마포구 망원동 504,시티,마포구
11440|망원동|505,서울특별시 마포구 망원동 505,함성드림빌,마포구
11440|망원동|506,서울특별시 마포구 망원동 506,탑건진선미,마포구
11440|망원동|507,서울특별시 마포구 망원동 507,신부파스카4차,마포구
11440|망원동|508,서울특별시 마포구 망원동 508,강림스위트빌,마포구
11440|망원동|509,서울특별시 마포구 망원동 509,휴먼빌,마포구
11440|망원동|510,서울특별시 마포구 망원동 510,두영이지안,마포구
11440|망원동|511,서울특별시 마포구 망원동 511,함성월드빌2차,마포구
11440|망원동|512,서울특별시 마포구 망원동 512,예지안파크뷰,마포구
11440|망원동|513,서울특별시 마포구 망원동 513,상암마젤란21,마포구
11440|망원동|514,서울특별시 마포구 망원동 514,함성월드빌3차301동,마포구
11440|망원동|515,서울특별시 마포구 망원동 515,한강월드컵,마포구
11440|망원동|516,서울특별시 마포구 망원동 516,망원동동원데쟈뷰,마포구
11440|망원동|517,서울특별시 마포구 망원동 517,영화블렌하임,마포구
11440|망원동|518,서울특별시 마포구 망원동 518,신부파스카5차,마포구
11440|망원동|521,서울특별시 마포구 망원동 521,마포한강아이파크,마포구
11440|망원동|522,서울특별시 마포구 망원동 522,마포한강제이스카이,마포구
11440|망원동|523,서울특별시 마포구 망원동 523,마포월드컵제이스카이,마포구
11440|망원동|525,서울특별시 마포구 망원동 525,솔루체2차아파트,마포구
11440|상수동|353-4,서울특별시 마포구 상수동 353-4,밤섬리오팰리스,마포구
11440|상수동|363,서울특별시 마포구 상수동 363,상수동월드메르디앙,마포구
11440|상수동|394,서울특별시 마포구 상수동 394,신구강변연가,마포구
11440|상수동|395,서울특별시 마포구 상수동 395,밤섬리버베르빌,마포구
11440|상수동|396,서울특별시 마포구 상수동 396,상수두산위브,마포구
11440|상수동|398,서울특별시 마포구 상수동 398,래미안밤섬리베뉴Ⅱ,마포구
11440|상수동|402,서울특별시 마포구 상수동 402,래미안밤섬리베뉴Ⅰ,마포구
11440|상암동|1618,서울특별시 마포구 상암동 1618,DMC상암센트럴파크2단지,마포구
11440|상암동|1630,서울특별시 마포구 상암동 1630,DMC상암센트럴파크1단지,마포구
11440|상암동|1637,서울특별시 마포구 상암동 1637,상암월드컵파크2단지,마포구
11440|상암동|1641,서울특별시 마포구 상암동 1641,상암카이저팰리스클래식,마포구
11440|상암동|1643,서울특별시 마포구 상암동 1643,상암월드컵파크3단지,마포구
11440|상암동|1655,서울특별시 마포구 상암동 1655,상암월드컵파크4단지,마포구
11440|상암동|1658,서울특별시 마포구 상암동 1658,상암월드컵파크5단지,마포구
11440|상암동|1660,서울특별시 마포구 상암동 1660,상암월드컵파크7단지,마포구
11440|상암동|1689,서울특별시 마포구 상암동 1689,상암월드컵파크6단지,마포구
11440|상암동|1736,서울특별시 마포구 상암동 1736,상암월드컵파크10단지,마포구
11440|상암동|1741,서울특별시 마포구 상암동 1741,상암월드컵파크11단지,마포구
11440|상암동|1743,서울특별시 마포구 상암동 1743,상암월드컵파크12단지,마포구
11440|상암동|1752,서울특별시 마포구 상암동 1752,상암월드컵파크9단지,마포구
11440|상암동|34-51,서울특별시 마포구 상암동 34-51,예인하우스,마포구
11440|서교동|247-112,서울특별시 마포구 서교동 247-112,기정MAY(247-112),마포구
11440|서교동|247-28,서울특별시 마포구 서교동 247-28,기정MAY(247-28),마포구
11440|서교동|247-72,서울특별시 마포구 서교동 247-72,함성참좋은,마포구
11440|서교동|329-2,서울특별시 마포구 서교동 329-2,대아,마포구
11440|서교동|371-7,서울특별시 마포구 서교동 371-7,엠제이더퍼스트홍대,마포구
11440|서교동|380-44,서울특별시 마포구 서교동 380-44,대운,마포구
11440|서교동|381-4,서울특별시 마포구 서교동 381-4,광남푸른마을,마포구
11440|서교동|453-14,서울특별시 마포구 서교동 453-14,엘림,마포구
11440|서교동|453-15,서울특별시 마포구 서교동 453-15,센트레,마포구
11440|서교동|458-22,서울특별시 마포구 서교동 458-22,광남벨라스2차,마포구
11440|서교동|458-6,서울특별시 마포구 서교동 458-6,에덴지우,마포구
11440|서교동|465-1,서울특별시 마포구 서교동 465-1,광남벨라스(1차),마포구
11440|서교동|470-20,서울특별시 마포구 서교동 470-20,신세계드림빌,마포구
11440|서교동|478-4,서울특별시 마포구 서교동 478-4,청기와,마포구
11440|서교동|486,서울특별시 마포구 서교동 486,서교푸르지오,마포구
11440|서교동|487,서울특별시 마포구 서교동 487,대우미래사랑,마포구
11440|서교동|488,서울특별시 마포구 서교동 488,삼익플라주서교1,마포구
11440|서교동|490,서울특별시 마포구 서교동 490,메세나폴리스,마포구
11440|성산동|114-3,서울특별시 마포구 성산동 114-3,성일빌딩,마포구
11440|성산동|13-21,서울특별시 마포구 성산동 13-21,예림아너스,마포구
11440|성산동|142-9,서울특별시 마포구 성산동 142-9,세원,마포구
11440|성산동|17-18,서울특별시 마포구 성산동 17-18,선경빌라트,마포구
11440|성산동|199-15,서울특별시 마포구 성산동 199-15,한림201동,마포구
11440|성산동|199-53,서울특별시 마포구 성산동 199-53,한림101동,마포구
11440|성산동|210-10,서울특별시 마포구 성산동 210-10,골든빌(210-10),마포구
11440|성산동|214-15,서울특별시 마포구 성산동 214-15,엘지(214-15),마포구
11440|성산동|214-70,서울특별시 마포구 성산동 214-70,엘지(214-70),마포구
11440|성산동|23-1,서울특별시 마포구 성산동 23-1,해피존2,마포구
11440|성산동|239-25,서울특별시 마포구 성산동 239-25,삼호빌라트,마포구
11440|성산동|240-5,서울특별시 마포구 성산동 240-5,보영퍼팩트,마포구
11440|성산동|249-12,서울특별시 마포구 성산동 249-12,반트,마포구
11440|성산동|249-21,서울특별시 마포구 성산동 249-21,해피존,마포구
11440|성산동|25-1,서울특별시 마포구 성산동 25-1,라인성서,마포구
11440|성산동|250-43,서울특별시 마포구 성산동 250-43,진흥하임시티,마포구
11440|성산동|254-28,서울특별시 마포구 성산동 254-28,그레이스,마포구
11440|성산동|254-29,서울특별시 마포구 성산동 254-29,부림베스트빌,마포구
11440|성산동|254-7,서울특별시 마포구 성산동 254-7,벨로스,마포구
11440|성산동|254-8,서울특별시 마포구 성산동 254-8,현대하이츠아파트,마포구
11440|성산동|255-11,서울특별시 마포구 성산동 255-11,유안,마포구
11440|성산동|271-23,서울특별시 마포구 성산동 271-23,상인파크빌,마포구
11440|성산동|446#11440-109,서울특별시 마포구 성산동 446,성산시영(유원),마포구
11440|성산동|446#11440-168,서울특별시 마포구 성산동 446,성산시영(선경),마포구
11440|성산동|446#11440-169,서울특별시 마포구 성산동 446,성산시영(대우),마포구
11440|성산동|49-3,서울특별시 마포구 성산동 49-3,월드,마포구
11440|성산동|50-1,서울특별시 마포구 성산동 50-1,골든빌3차,마포구
11440|성산동|54-7,서울특별시 마포구 성산동 54-7,만민하늘애,마포구
11440|성산동|596,서울특별시 마포구 성산동 596,대원,마포구
11440|성산동|597,서울특별시 마포구 성산동 597,성산동성,마포구
11440|성산동|600,서울특별시 마포구 성산동 600,성사1차풍림아파트101동,마포구
11440|성산동|601,서울특별시 마포구 성산동 601,성산월드타운대림,마포구
11440|성산동|604,서울특별시 마포구 성산동 604,성산2차e-편한세상,마포구
11440|성산동|634-5,서울특별시 마포구 성산동 634-5,삼익플라주서교2차,마포구
11440|성산동|646-2,서울특별시 마포구 성산동 646-2,삼우캐슬,마포구
11440|성산동|65-2,서울특별시 마포구 성산동 65-2,골든빌6차,마포구
11440|성산동|650,서울특별시 마포구 성산동 650,성산동자담이움아파트,마포구
11440|성산동|666,서울특별시 마포구 성산동 666,월드컵아이파크(666-0),마포구
11440|성산동|667,서울특별시 마포구 성산동 667,월드컵아이파크(667),마포구
11440|성산동|81-106,서울특별시 마포구 성산동 81-106,성산힐아파트,마포구
11440|신공덕동|13-15,서울특별시 마포구 신공덕동 13-15,블레스하임,마포구
11440|신공덕동|15-80,서울특별시 마포구 신공덕동 15-80,공덕프로포즈Ⅱ,마포구
11440|신공덕동|155,서울특별시 마포구 신공덕동 155,신공덕1차삼성래미안1아파트,마포구
11440|신공덕동|159,서울특별시 마포구 신공덕동 159,신공덕래미안2차,마포구
11440|신공덕동|161,서울특별시 마포구 신공덕동 161,신공덕래미안3차,마포구
11440|신공덕동|167,서울특별시 마포구 신공덕동 167,대우메트로디오빌,마포구
11440|신공덕동|168,서울특별시 마포구 신공덕동 168,신공덕e편한세상,마포구
11440|신공덕동|170,서울특별시 마포구 신공덕동 170,브라운스톤공덕아파트,마포구
11440|신공덕동|171,서울특별시 마포구 신공덕동 171,kcc웰츠,마포구
11440|신공덕동|172,서울특별시 마포구 신공덕동 172,펜트라우스,마포구
11440|신공덕동|173,서울특별시 마포구 신공덕동 173,대우월드마크마포,마포구
11440|신공덕동|174,서울특별시 마포구 신공덕동 174,공덕아이파크,마포구
11440|신공덕동|5-5,서울특별시 마포구 신공덕동 5-5,뉴마인,마포구
11440|신수동|190,서울특별시 마포구 신수동 190,신수동성원,마포구
11440|신수동|22-35,서울특별시 마포구 신수동 22-35,하나테크노빌,마포구
11440|신수동|400-1,서울특별시 마포구 신수동 400-1,신수동르끌레브아파트,마포구
11440|신수동|445-5,서울특별시 마포구 신수동 445-5,현대,마포구
11440|신수동|450,서울특별시 마포구 신수동 450,신촌삼익,마포구
11440|신수동|451,서울특별시 마포구 신수동 451,세양청마루,마포구
11440|신수동|453,서울특별시 마포구 신수동 453,대원칸타빌,마포구
11440|신수동|455,서울특별시 마포구 신수동 455,경남아너스빌,마포구
11440|신수동|456,서울특별시 마포구 신수동 456,마포경남아너스빌,마포구
11440|신수동|457,서울특별시 마포구 신수동 457,벽산솔렌스힐,마포구
11440|신수동|459,서울특별시 마포구 신수동 459,밤섬경남아너스빌,마포구
11440|신수동|462,서울특별시 마포구 신수동 462,마포아이파크포레,마포구
11440|신수동|91-511,서울특별시 마포구 신수동 91-511,(91-511),마포구
11440|신수동|91-90,서울특별시 마포구 신수동 91-90,힐스테이트마포더퍼스트,마포구
11440|신정동|30,서울특별시 마포구 신정동 30,서강GS,마포구
11440|신정동|74-1,서울특별시 마포구 신정동 74-1,씨제이리버힐,마포구
11440|아현동|275-2,서울특별시 마포구 아현동 275-2,마포푸르지오더센트럴,마포구
11440|아현동|371-1,서울특별시 마포구 아현동 371-1,예미원,마포구
11440|아현동|613-10,서울특별시 마포구 아현동 613-10,혜성,마포구
11440|아현동|692,서울특별시 마포구 아현동 692,서서울삼성,마포구
11440|아현동|732,서울특별시 마포구 아현동 732,삼환나띠르빌,마포구
11440|아현동|738,서울특별시 마포구 아현동 738,마포트라팰리스2차,마포구
11440|아현동|777#11440-5406,서울특별시 마포구 아현동 777,마포래미안푸르지오2단지,마포구
11440|아현동|777#11440-5407,서울특별시 마포구 아현동 777,마포래미안푸르지오1단지,마포구
11440|아현동|777#11440-5408,서울특별시 마포구 아현동 777,마포래미안푸르지오3단지,마포구
11440|아현동|777#11440-5410,서울특별시 마포구 아현동 777,마포래미안푸르지오4단지,마포구
11440|아현동|780,서울특별시 마포구 아현동 780,애오개아이파크,마포구
11440|아현동|800,서울특별시 마포구 아현동 800,공덕자이,마포구
11440|아현동|802,서울특별시 마포구 아현동 802,마포센트럴 아이파크,마포구
11440|아현동|804,서울특별시 마포구 아현동 804,더클래시,마포구
11440|연남동|239-1,서울특별시 마포구 연남동 239-1,에덴지우,마포구
11440|연남동|244-15,서울특별시 마포구 연남동 244-15,새마을,마포구
11440|연남동|246-1,서울특별시 마포구 연남동 246-1,노블레스빌(246-1),마포구
11440|연남동|246-8,서울특별시 마포구 연남동 246-8,현대하이츠,마포구
11440|연남동|249-1,서울특별시 마포구 연남동 249-1,노블레스빌3,마포구
11440|연남동|249-12,서울특별시 마포구 연남동 249-12,노블레스(249-12),마포구
11440|연남동|249-3,서울특별시 마포구 연남동 249-3,노블레스빌2,마포구
11440|연남동|250-2,서울특별시 마포구 연남동 250-2,엘르빌,마포구
11440|연남동|250-8,서울특별시 마포구 연남동 250-8,서암,마포구
11440|연남동|254-1,서울특별시 마포구 연남동 254-1,엘르빌2,마포구
11440|연남동|259-1,서울특별시 마포구 연남동 259-1,대명,마포구
11440|연남동|364-8,서울특별시 마포구 연남동 364-8,무지개에이,마포구
11440|연남동|478-12,서울특별시 마포구 연남동 478-12,휴먼,마포구
11440|연남동|487-77,서울특별시 마포구 연남동 487-77,광남벨라스(VALLACE),마포구
11440|연남동|493-27,서울특별시 마포구 연남동 493-27,홍익하이빌,마포구
11440|연남동|515-23,서울특별시 마포구 연남동 515-23,청기와,마포구
11440|연남동|564-35,서울특별시 마포구 연남동 564-35,리츠,마포구
11440|연남동|573,서울특별시 마포구 연남동 573,코오롱,마포구
11440|염리동|10-54,서울특별시 마포구 염리동 10-54,우리파크아파트,마포구
11440|염리동|161-1,서울특별시 마포구 염리동 161-1,중앙하이츠,마포구
11440|염리동|27-126,서울특별시 마포구 염리동 27-126,유풍,마포구
11440|염리동|45-27,서울특별시 마포구 염리동 45-27,우공,마포구
11440|염리동|515-1,서울특별시 마포구 염리동 515-1,상록,마포구
11440|염리동|520,서울특별시 마포구 염리동 520,염리삼성래미안,마포구
11440|염리동|521,서울특별시 마포구 염리동 521,마포자이,마포구
11440|염리동|522,서울특별시 마포구 염리동 522,염리동세양청마루아파트101동,마포구
11440|염리동|532,서울특별시 마포구 염리동 532,마포프레스티지자이,마포구
11440|염리동|533#11440-5772,서울특별시 마포구 염리동 533,마포자이더센트리지(102동~112동),마포구
11440|염리동|533#11440-5802,서울특별시 마포구 염리동 533,마포자이더센트리지(101동서울리츠2호임대),마포구
11440|용강동|118-3,서울특별시 마포구 용강동 118-3,대호강변,마포구
11440|용강동|18-2,서울특별시 마포구 용강동 18-2,삼일맨션,마포구
11440|용강동|380,서울특별시 마포구 용강동 380,마포용강삼성래미안,마포구
11440|용강동|494-8,서울특별시 마포구 용강동 494-8,두영,마포구
11440|용강동|495-1,서울특별시 마포구 용강동 495-1,강변그린,마포구
11440|용강동|495-3,서울특별시 마포구 용강동 495-3,강변그린,마포구
11440|용강동|500,서울특별시 마포구 용강동 500,마포대림1,마포구
11440|용강동|501,서울특별시 마포구 용강동 501,대림2차,마포구
11440|용강동|502,서울특별시 마포구 용강동 502,래미안마포리버웰,마포구
11440|용강동|508,서울특별시 마포구 용강동 508,이편한세상마포리버파크,마포구
11440|중동|30-28,서울특별시 마포구 중동 30-28,수풍,마포구
11440|중동|36-29,서울특별시 마포구 중동 36-29,강림월드타운,마포구
11440|중동|39-9,서울특별시 마포구 중동 39-9,백명TRENDYAPT,마포구
11440|중동|390,서울특별시 마포구 중동 390,DMC마포청구아파트,마포구
11440|중동|391,서울특별시 마포구 중동 391,중동계룡아파트,마포구
11440|중동|392,서울특별시 마포구 중동 392,마포중동현대,마포구
11440|중동|393,서울특별시 마포구 중동 393,건영월드컵,마포구
11440|중동|395,서울특별시 마포구 중동 395,동원월드타운,마포구
11440|중동|398,서울특별시 마포구 중동 398,울트라월드컵(참누리),마포구
11440|중동|40-12,서울특별시 마포구 중동 40-12,현대,마포구
11440|중동|58-39,서울특별시 마포구 중동 58-39,예원,마포구
11440|창전동|42-10,서울특별시 마포구 창전동 42-10,중앙하이츠104동,마포구
11440|창전동|42-7,서울특별시 마포구 창전동 42-7,중앙하이츠101동,마포구
11440|창전동|42-8,서울특별시 마포구 창전동 42-8,중앙하이츠102동,마포구
11440|창전동|42-9,서울특별시 마포구 창전동 42-9,중앙하이츠103동,마포구
11440|창전동|437,서울특별시 마포구 창전동 437,창전래미안,마포구
11440|창전동|438,서울특별시 마포구 창전동 438,신촌금호,마포구
11440|창전동|439,서울특별시 마포구 창전동 439,신촌태영데시앙,마포구
11440|창전동|440,서울특별시 마포구 창전동 440,창전동현대홈타운,마포구
11440|창전동|441,서울특별시 마포구 창전동 441,창전쌍용스윗닷홈,마포구
11440|창전동|442,서울특별시 마포구 창전동 442,서강오벨리스크스위트,마포구
11440|창전동|443,서울특별시 마포구 창전동 443,해모로,마포구
11440|창전동|444,서울특별시 마포구 창전동 444,서강예가,마포구
11440|창전동|449,서울특별시 마포구 창전동 449,마포웨스트리버태영데시앙,마포구
11440|창전동|6-31,서울특별시 마포구 창전동 6-31,대원파크빌,마포구
11440|토정동|138,서울특별시 마포구 토정동 138,한강삼성,마포구
11440|하중동|101,서울특별시 마포구 하중동 101,한강밤섬자이,마포구
11440|합정동|200-1,서울특별시 마포구 합정동 200-1,펠리스아트빌,마포구
11440|합정동|355-1,서울특별시 마포구 합정동 355-1,에덴지우,마포구
11440|합정동|357-3,서울특별시 마포구 합정동 357-3,두영이지안101동,마포구
11440|합정동|357-5,서울특별시 마포구 합정동 357-5,두영이지안102동,마포구
11440|합정동|371-10,서울특별시 마포구 합정동 371-10,(371-10),마포구
11440|합정동|371-3,서울특별시 마포구 합정동 371-3,정원쉐르빌,마포구
11440|합정동|375-2,서울특별시 마포구 합정동 375-2,그레이스,마포구
11440|합정동|376-5,서울특별시 마포구 합정동 376-5,그레이스3차,마포구
11440|합정동|381-16,서울특별시 마포구 합정동 381-16,KCC엠파이어리버,마포구
11440|합정동|386-2,서울특별시 마포구 합정동 386-2,현대하이츠,마포구
11440|합정동|386-9,서울특별시 마포구 합정동 386-9,두레,마포구
11440|합정동|389-16,서울특별시 마포구 합정동 389-16,대운행복,마포구
11440|합정동|390-5,서울특별시 마포구 합정동 390-5,대운,마포구
11440|합정동|396-8,서울특별시 마포구 합정동 396-8,리버아인,마포구
11440|합정동|400-20,서울특별시 마포구 합정동 400-20,백운,마포구
11440|합정동|400-6,서울특별시 마포구 합정동 400-6,삼성강변,마포구
11440|합정동|437-18,서울특별시 마포구 합정동 437-18,삼산,마포구
11440|합정동|450-11,서울특별시 마포구 합정동 450-11,한강그린2차,마포구
11440|합정동|466,서울특별시 마포구 합정동 466,장미(466-0),마포구
11440|합정동|467,서울특별시 마포구 합정동 467,한강동원아파트,마포구
11440|합정동|468,서울특별시 마포구 합정동 468,두영이지안,마포구
11440|합정동|469,서울특별시 마포구 합정동 469,한국프라우드,마포구
11440|합정동|470,서울특별시 마포구 합정동 470,일신건영휴먼빌아파트,마포구
11440|합정동|472,서울특별시 마포구 합정동 472,마포한강푸르지오,마포구
11440|합정동|473,서울특별시 마포구 합정동 473,마포한강2차푸르지오,마포구
11440|합정동|474,서울특별시 마포구 합정동 474,합정한강아파트,마포구
11440|현석동|118,서울특별시 마포구 현석동 118,밤섬예가클래식,마포구
11440|현석동|128-11,서울특별시 마포구 현석동 128-11,HD101동(128-11),마포구
11440|현석동|128-4,서울특별시 마포구 현석동 128-4,HD102동,마포구
11440|현석동|220,서울특별시 마포구 현석동 220,밤섬힐스테이트,마포구
11440|현석동|222,서울특별시 마포구 현석동 222,강변힐스테이트,마포구
11440|현석동|223,서울특별시 마포구 현석동 223,반도유보라아일랜드,마포구
11440|현석동|225,서울특별시 마포구 현석동 225,래미안웰스트림,마포구
11470|목동|131-45,서울특별시 양천구 목동 131-45,리버하이츠,양천구
11470|목동|135-6,서울특별시 양천구 목동 135-6,효원빌라트,양천구
11470|목동|200,서울특별시 양천구 목동 200,우성,양천구
11470|목동|315-3,서울특별시 양천구 목동 315-3,삼도,양천구
11470|목동|315-4,서울특별시 양천구 목동 315-4,목동훼미리,양천구
11470|목동|315-5,서울특별시 양천구 목동 315-5,삼도2,양천구
11470|목동|315-6,서울특별시 양천구 목동 315-6,힐타운,양천구
11470|목동|404-13,서울특별시 양천구 목동 404-13,목동센트럴푸르지오,양천구
11470|목동|405,서울특별시 양천구 목동 405,목동대림,양천구
11470|목동|405-293,서울특별시 양천구 목동 405-293,동해아파트,양천구
11470|목동|405-300,서울특별시 양천구 목동 405-300,연지프로빌,양천구
11470|목동|406-38,서울특별시 양천구 목동 406-38,목동성삼하이츠,양천구
11470|목동|408-20,서울특별시 양천구 목동 408-20,진도1103동,양천구
11470|목동|408-219,서울특별시 양천구 목동 408-219,래디앙아파트,양천구
11470|목동|408-59,서울특별시 양천구 목동 408-59,신한훼미리,양천구
11470|목동|502-1,서울특별시 양천구 목동 502-1,신화타워,양천구
11470|목동|502-7,서울특별시 양천구 목동 502-7,대원,양천구
11470|목동|520-11,서울특별시 양천구 목동 520-11,목동리버힐,양천구
11470|목동|521-2,서울특별시 양천구 목동 521-2,두레,양천구
11470|목동|524,서울특별시 양천구 목동 524,엘리시아,양천구
11470|목동|528-7,서울특별시 양천구 목동 528-7,삼성(528-7),양천구
11470|목동|534,서울특별시 양천구 목동 534,애드웰(534),양천구
11470|목동|539-4,서울특별시 양천구 목동 539-4,목동효성,양천구
11470|목동|539-6,서울특별시 양천구 목동 539-6,목동진흥,양천구
11470|목동|541,서울특별시 양천구 목동 541,수산팰리스,양천구
11470|목동|548,서울특별시 양천구 목동 548,상진지오벨리(548),양천구
11470|목동|549,서울특별시 양천구 목동 549,목동금호베스트빌,양천구
11470|목동|555-4,서울특별시 양천구 목동 555-4,CG아름채목동아파트,양천구
11470|목동|558-6,서울특별시 양천구 목동 558-6,상부파크팰리스,양천구
11470|목동|558-7,서울특별시 양천구 목동 558-7,ParkPalaceII,양천구
11470|목동|614-8,서울특별시 양천구 목동 614-8,목동벨로스주상복합,양천구
11470|목동|624-5,서울특별시 양천구 목동 624-5,태청,양천구
11470|목동|627-2,서울특별시 양천구 목동 627-2,행복자,양천구
11470|목동|643-7,서울특별시 양천구 목동 643-7,동원,양천구
11470|목동|709-2,서울특별시 양천구 목동 709-2,성원2,양천구
11470|목동|713-29,서울특별시 양천구 목동 713-29,목동다솔,양천구
11470|목동|713-30,서울특별시 양천구 목동 713-30,미래드림캐슬,양천구
11470|목동|713-5,서울특별시 양천구 목동 713-5,상진지오벨리,양천구
11470|목동|714-1,서울특별시 양천구 목동 714-1,두란,양천구
11470|목동|715-3,서울특별시 양천구 목동 715-3,동구햇살아파트2차,양천구
11470|목동|721-2,서울특별시 양천구 목동 721-2,일신파스텔,양천구
11470|목동|722-5,서울특별시 양천구 목동 722-5,세종그랑시아,양천구
11470|목동|724-2,서울특별시 양천구 목동 724-2,동구햇살아파트,양천구
11470|목동|729-12,서울특별시 양천구 목동 729-12,목동휘버스I,양천구
11470|목동|729-18,서울특별시 양천구 목동 729-18,목동휘버스II,양천구
11470|목동|729-2,서울특별시 양천구 목동 729-2,지오트레벨,양천구
11470|목동|729-4,서울특별시 양천구 목동 729-4,보경,양천구
11470|목동|729-5,서울특별시 양천구 목동 729-5,동도(729-5),양천구
11470|목동|736-3,서울특별시 양천구 목동 736-3,왕자상가아파트,양천구
11470|목동|736-4,서울특별시 양천구 목동 736-4,목화,양천구
11470|목동|739-1,서울특별시 양천구 목동 739-1,목동보미리즌빌,양천구
11470|목동|739-5,서울특별시 양천구 목동 739-5,목동길성그랑프리텔,양천구
11470|목동|743-19,서울특별시 양천구 목동 743-19,상진지오밸리가동,양천구
11470|목동|743-20,서울특별시 양천구 목동 743-20,상진지오밸리나동,양천구
11470|목동|743-21,서울특별시 양천구 목동 743-21,한일,양천구
11470|목동|745-1,서울특별시 양천구 목동 745-1,청포도아파트,양천구
11470|목동|745-12,서울특별시 양천구 목동 745-12,미성,양천구
11470|목동|747-12,서울특별시 양천구 목동 747-12,목동동화옥시죤-7,양천구
11470|목동|750-5,서울특별시 양천구 목동 750-5,월드메르디앙,양천구
11470|목동|751-4,서울특별시 양천구 목동 751-4,목동성원초원,양천구
11470|목동|752-1,서울특별시 양천구 목동 752-1,극동늘푸른,양천구
11470|목동|753-1,서울특별시 양천구 목동 753-1,금강에스쁘아,양천구
11470|목동|755-1,서울특별시 양천구 목동 755-1,목4현대,양천구
11470|목동|755-2,서울특별시 양천구 목동 755-2,목동태진드림피아,양천구
11470|목동|758-1,서울특별시 양천구 목동 758-1,강산빌라트,양천구
11470|목동|758-2,서울특별시 양천구 목동 758-2,목동2차아이파크,양천구
11470|목동|761-13,서울특별시 양천구 목동 761-13,건진,양천구
11470|목동|763-1,서울특별시 양천구 목동 763-1,목동성원,양천구
11470|목동|764-4,서울특별시 양천구 목동 764-4,신목,양천구
11470|목동|766-1,서울특별시 양천구 목동 766-1,삼성(766-1),양천구
11470|목동|768-5,서울특별시 양천구 목동 768-5,금호아파트(768),양천구
11470|목동|769-19,서울특별시 양천구 목동 769-19,에이스,양천구
11470|목동|771-31,서울특별시 양천구 목동 771-31,인우,양천구
11470|목동|772-11,서울특별시 양천구 목동 772-11,스카이빌아파트,양천구
11470|목동|772-7,서울특별시 양천구 목동 772-7,신동아파밀리에,양천구
11470|목동|773-3,서울특별시 양천구 목동 773-3,목동글로리파크,양천구
11470|목동|773-5,서울특별시 양천구 목동 773-5,성보,양천구
11470|목동|774-10,서울특별시 양천구 목동 774-10,애드웰(774-10),양천구
11470|목동|777-20,서울특별시 양천구 목동 777-20,다온숲,양천구
11470|목동|803-2,서울특별시 양천구 목동 803-2,엘리온,양천구
11470|목동|806-18,서울특별시 양천구 목동 806-18,상록,양천구
11470|목동|806-25,서울특별시 양천구 목동 806-25,동도빌라트,양천구
11470|목동|808-5,서울특별시 양천구 목동 808-5,대원칸타빌,양천구
11470|목동|808-9,서울특별시 양천구 목동 808-9,우당,양천구
11470|목동|900-17,서울특별시 양천구 목동 900-17,한신빌라트1,양천구
11470|목동|901,서울특별시 양천구 목동 901,목동신시가지1,양천구
11470|목동|902,서울특별시 양천구 목동 902,목동신시가지2,양천구
11470|목동|903,서울특별시 양천구 목동 903,목동신시가지3,양천구
11470|목동|904,서울특별시 양천구 목동 904,목동신시가지4,양천구
11470|목동|905-22,서울특별시 양천구 목동 905-22,목동트윈빌,양천구
11470|목동|907-12,서울특별시 양천구 목동 907-12,부영그린타운1,양천구
11470|목동|907-14,서울특별시 양천구 목동 907-14,벽산미라지타워,양천구
11470|목동|907-23,서울특별시 양천구 목동 907-23,현대파크빌(907-23),양천구
11470|목동|907-5,서울특별시 양천구 목동 907-5,목동가든스위트,양천구
11470|목동|908-28,서울특별시 양천구 목동 908-28,부영2,양천구
11470|목동|908-34,서울특별시 양천구 목동 908-34,부영3,양천구
11470|목동|911,서울특별시 양천구 목동 911,목동신시가지6,양천구
11470|목동|912,서울특별시 양천구 목동 912,목동신시가지5,양천구
11470|목동|916,서울특별시 양천구 목동 916,현대하이페리온,양천구
11470|목동|925,서울특별시 양천구 목동 925,목동신시가지7,양천구
11470|목동|926-7,서울특별시 양천구 목동 926-7,벽산,양천구
11470|목동|926-8,서울특별시 양천구 목동 926-8,목동성원(926-8),양천구
11470|목동|928,서울특별시 양천구 목동 928,건영,양천구
11470|목동|929,서울특별시 양천구 목동 929,목동청구한신아파트,양천구
11470|목동|930,서울특별시 양천구 목동 930,현대,양천구
11470|목동|932,서울특별시 양천구 목동 932,목동현대1,양천구
11470|목동|933,서울특별시 양천구 목동 933,삼익,양천구
11470|목동|934,서울특별시 양천구 목동 934,금호1,양천구
11470|목동|935,서울특별시 양천구 목동 935,진도1,양천구
11470|목동|936,서울특별시 양천구 목동 936,진도2,양천구
11470|목동|938,서울특별시 양천구 목동 938,청학,양천구
11470|목동|940,서울특별시 양천구 목동 940,현대I-PARK,양천구
11470|목동|941,서울특별시 양천구 목동 941,대원칸타빌2,양천구
11470|목동|944,서울특별시 양천구 목동 944,대원칸타빌3,양천구
11470|목동|945,서울특별시 양천구 목동 945,목동노블레스,양천구
11470|목동|947,서울특별시 양천구 목동 947,월드메르디앙3,양천구
11470|목동|948,서울특별시 양천구 목동 948,월드메르디앙2,양천구
11470|목동|949,서울특별시 양천구 목동 949,웨스트빌,양천구
11470|목동|950,서울특별시 양천구 목동 950,목동이-편한세상,양천구
11470|목동|951,서울특별시 양천구 목동 951,금호어울림,양천구
11470|목동|953,서울특별시 양천구 목동 953,목동두산위브,양천구
11470|목동|954,서울특별시 양천구 목동 954,웨스트빌(102동),양천구
11470|목동|955,서울특별시 양천구 목동 955,근상프리즘,양천구
11470|목동|956,서울특별시 양천구 목동 956,롯데캐슬위너,양천구
11470|목동|957,서울특별시 양천구 목동 957,명지해드는터,양천구
11470|목동|958,서울특별시 양천구 목동 958,목동미소래,양천구
11470|목동|959,서울특별시 양천구 목동 959,정은스카이빌(959),양천구
11470|목동|960,서울특별시 양천구 목동 960,신한이모르젠,양천구
11470|목동|961,서울특별시 양천구 목동 961,하이페리온2,양천구
11470|목동|962,서울특별시 양천구 목동 962,트라팰리스웨스턴에비뉴,양천구
11470|목동|962-1,서울특별시 양천구 목동 962-1,트라팰리스이스턴에비뉴,양천구
11470|목동|965,서울특별시 양천구 목동 965,목동롯데캐슬마에스트로,양천구
11470|목동|966,서울특별시 양천구 목동 966,목동에버하임,양천구
11470|신월동|1001-5,서울특별시 양천구 신월동 1001-5,보금자리,양천구
11470|신월동|1001-6,서울특별시 양천구 신월동 1001-6,예지보금자리,양천구
11470|신월동|1002-1,서울특별시 양천구 신월동 1002-1,레미앙,양천구
11470|신월동|1003-4,서울특별시 양천구 신월동 1003-4,은일로즈힐,양천구
11470|신월동|1007-11,서울특별시 양천구 신월동 1007-11,청송,양천구
11470|신월동|1007-4,서울특별시 양천구 신월동 1007-4,삼혜아트빌,양천구
11470|신월동|1016,서울특별시 양천구 신월동 1016,원능한빛,양천구
11470|신월동|1017,서울특별시 양천구 신월동 1017,대방샤인힐,양천구
11470|신월동|1020,서울특별시 양천구 신월동 1020,신성미소지움,양천구
11470|신월동|1022,서울특별시 양천구 신월동 1022,벽산블루밍1단지,양천구
11470|신월동|1023,서울특별시 양천구 신월동 1023,벽산블루밍2단지,양천구
11470|신월동|1024,서울특별시 양천구 신월동 1024,신월휘버스,양천구
11470|신월동|1025,서울특별시 양천구 신월동 1025,탑건진선미,양천구
11470|신월동|1026,서울특별시 양천구 신월동 1026,양천벽산블루밍1단지,양천구
11470|신월동|1027,서울특별시 양천구 신월동 1027,양천벽산블루밍2단지,양천구
11470|신월동|1028,서울특별시 양천구 신월동 1028,대주파크빌,양천구
11470|신월동|1029,서울특별시 양천구 신월동 1029,신도신월1차,양천구
11470|신월동|1030,서울특별시 양천구 신월동 1030,방주기픈샘,양천구
11470|신월동|1031,서울특별시 양천구 신월동 1031,신도브래뉴2차,양천구
11470|신월동|1032,서울특별시 양천구 신월동 1032,신월동방원,양천구
11470|신월동|1033,서울특별시 양천구 신월동 1033,대성유니드,양천구
11470|신월동|1035,서울특별시 양천구 신월동 1035,청성넥스빌,양천구
11470|신월동|1036,서울특별시 양천구 신월동 1036,수명산롯데캐슬,양천구
11470|신월동|1037,서울특별시 양천구 신월동 1037,장수마을,양천구
11470|신월동|1038,서울특별시 양천구 신월동 1038,아름다운세상,양천구
11470|신월동|1039,서울특별시 양천구 신월동 1039,신월2차보람쉬움,양천구
11470|신월동|1040,서울특별시 양천구 신월동 1040,신월2차미소지움,양천구
11470|신월동|1041,서울특별시 양천구 신월동 1041,삼정그린뷰,양천구
11470|신월동|1042,서울특별시 양천구 신월동 1042,삼익플라주,양천구
11470|신월동|1043,서울특별시 양천구 신월동 1043,길훈엔트런스빌,양천구
11470|신월동|1044,서울특별시 양천구 신월동 1044,정은스카이빌(1044),양천구
11470|신월동|1045,서울특별시 양천구 신월동 1045,신성미소지움3차아파트,양천구
11470|신월동|1046,서울특별시 양천구 신월동 1046,삼익2차플라주,양천구
11470|신월동|1047,서울특별시 양천구 신월동 1047,방주기픈샘2,양천구
11470|신월동|1048,서울특별시 양천구 신월동 1048,양천벽산블루밍3단지,양천구
11470|신월동|1049,서울특별시 양천구 신월동 1049,장수마을2단지동원데쟈뷰,양천구
11470|신월동|1050,서울특별시 양천구 신월동 1050,디아이빌102동,양천구
11470|신월동|1051,서울특별시 양천구 신월동 1051,정은스카이빌2차,양천구
11470|신월동|1052,서울특별시 양천구 신월동 1052,동도센트리움,양천구
11470|신월동|1053,서울특별시 양천구 신월동 1053,수명산SKVIEW,양천구
11470|신월동|1055,서울특별시 양천구 신월동 1055,신정두산위브,양천구
11470|신월동|1056,서울특별시 양천구 신월동 1056,삼익4차플라주,양천구
11470|신월동|1057,서울특별시 양천구 신월동 1057,롯데캐슬(1057-0),양천구
11470|신월동|1057-1,서울특별시 양천구 신월동 1057-1,롯데캐슬(1057-1),양천구
11470|신월동|1058,서울특별시 양천구 신월동 1058,코아루2단지,양천구
11470|신월동|1059,서울특별시 양천구 신월동 1059,상진지오벨리,양천구
11470|신월동|1060,서울특별시 양천구 신월동 1060,동원데자뷰,양천구
11470|신월동|1063,서울특별시 양천구 신월동 1063,롯데캐슬,양천구
11470|신월동|1065,서울특별시 양천구 신월동 1065,은성마을승윤노블리안,양천구
11470|신월동|1066,서울특별시 양천구 신월동 1066,그랜드팰리스,양천구
11470|신월동|1068,서울특별시 양천구 신월동 1068,삼익플라주행복한마을,양천구
11470|신월동|1069,서울특별시 양천구 신월동 1069,동서,양천구
11470|신월동|1070,서울특별시 양천구 신월동 1070,수명산그린시아,양천구
11470|신월동|1074,서울특별시 양천구 신월동 1074,스위트드림아파트,양천구
11470|신월동|1075,서울특별시 양천구 신월동 1075,목동센트럴아이파크위브1단지,양천구
11470|신월동|1076,서울특별시 양천구 신월동 1076,목동센트럴아이파크위브2단지,양천구
11470|신월동|1077,서울특별시 양천구 신월동 1077,목동센트럴아이파크위브3단지,양천구
11470|신월동|1078,서울특별시 양천구 신월동 1078,목동센트럴아이파크위브4단지,양천구
11470|신월동|1085,서울특별시 양천구 신월동 1085,신목동파라곤,양천구
11470|신월동|109-1,서울특별시 양천구 신월동 109-1,삼동,양천구
11470|신월동|109-2,서울특별시 양천구 신월동 109-2,대운,양천구
11470|신월동|110-1,서울특별시 양천구 신월동 110-1,은성,양천구
11470|신월동|113-14,서울특별시 양천구 신월동 113-14,정원,양천구
11470|신월동|12-4,서울특별시 양천구 신월동 12-4,수명,양천구
11470|신월동|123-5,서울특별시 양천구 신월동 123-5,환희,양천구
11470|신월동|125,서울특별시 양천구 신월동 125,신월6차보람,양천구
11470|신월동|127-1,서울특별시 양천구 신월동 127-1,궁전,양천구
11470|신월동|128,서울특별시 양천구 신월동 128,태헌(신월프라자),양천구
11470|신월동|13-3,서울특별시 양천구 신월동 13-3,샤인팰리스,양천구
11470|신월동|134-17,서울특별시 양천구 신월동 134-17,태형,양천구
11470|신월동|136-8,서울특별시 양천구 신월동 136-8,우영아파트,양천구
11470|신월동|138-2,서울특별시 양천구 신월동 138-2,라온미브아파트,양천구
11470|신월동|140-23,서울특별시 양천구 신월동 140-23,은하아파트,양천구
11470|신월동|142-14,서울특별시 양천구 신월동 142-14,금하뜨라네,양천구
11470|신월동|145-9,서울특별시 양천구 신월동 145-9,탑건위너스빌,양천구
11470|신월동|150-1,서울특별시 양천구 신월동 150-1,올림푸스(150-1),양천구
11470|신월동|151-6,서울특별시 양천구 신월동 151-6,빛여울,양천구
11470|신월동|166-27,서울특별시 양천구 신월동 166-27,훼미리주상복합,양천구
11470|신월동|18-17,서울특별시 양천구 신월동 18-17,수명산태승훼미리,양천구
11470|신월동|197-2,서울특별시 양천구 신월동 197-2,코아루1단지,양천구
11470|신월동|20-28,서울특별시 양천구 신월동 20-28,세진,양천구
11470|신월동|203-14,서울특별시 양천구 신월동 203-14,주함헤븐103동,양천구
11470|신월동|203-16,서울특별시 양천구 신월동 203-16,주함헤븐102동,양천구
11470|신월동|203-17,서울특별시 양천구 신월동 203-17,주함헤븐101동,양천구
11470|신월동|203-18,서울특별시 양천구 신월동 203-18,주함헤븐105동,양천구
11470|신월동|203-19,서울특별시 양천구 신월동 203-19,주함헤븐106동,양천구
11470|신월동|203-20,서울특별시 양천구 신월동 203-20,주남헤븐107동,양천구
11470|신월동|207-24,서울특별시 양천구 신월동 207-24,금강,양천구
11470|신월동|207-43,서울특별시 양천구 신월동 207-43,온누리베일리,양천구
11470|신월동|21-4,서울특별시 양천구 신월동 21-4,거산,양천구
11470|신월동|217-2,서울특별시 양천구 신월동 217-2,나산,양천구
11470|신월동|217-8,서울특별시 양천구 신월동 217-8,해주,양천구
11470|신월동|218-12,서울특별시 양천구 신월동 218-12,동도하이츠,양천구
11470|신월동|222-7,서울특별시 양천구 신월동 222-7,신월성원,양천구
11470|신월동|230-2,서울특별시 양천구 신월동 230-2,신월,양천구
11470|신월동|24-5,서울특별시 양천구 신월동 24-5,강국,양천구
11470|신월동|241-9,서울특별시 양천구 신월동 241-9,성호그린,양천구
11470|신월동|29-2,서울특별시 양천구 신월동 29-2,온누리,양천구
11470|신월동|29-7,서울특별시 양천구 신월동 29-7,행복한세상,양천구
11470|신월동|331-101,서울특별시 양천구 신월동 331-101,디아이빌101동(331-101),양천구
11470|신월동|331-107,서울특별시 양천구 신월동 331-107,디아이빌(331-107),양천구
11470|신월동|341-1,서울특별시 양천구 신월동 341-1,길훈,양천구
11470|신월동|350-2,서울특별시 양천구 신월동 350-2,신안파크,양천구
11470|신월동|350-3,서울특별시 양천구 신월동 350-3,우정,양천구
11470|신월동|410-10,서울특별시 양천구 신월동 410-10,누리애,양천구
11470|신월동|411-3,서울특별시 양천구 신월동 411-3,대진아파트,양천구
11470|신월동|413-3,서울특별시 양천구 신월동 413-3,에이원,양천구
11470|신월동|416-1,서울특별시 양천구 신월동 416-1,보람쉬움1,양천구
11470|신월동|418-4,서울특별시 양천구 신월동 418-4,탑건위너빌,양천구
11470|신월동|422-7,서울특별시 양천구 신월동 422-7,보아스청와,양천구
11470|신월동|426-3,서울특별시 양천구 신월동 426-3,방주아크빌,양천구
11470|신월동|429-1,서울특별시 양천구 신월동 429-1,성우,양천구
11470|신월동|433-1,서울특별시 양천구 신월동 433-1,타워빌,양천구
11470|신월동|438-4,서울특별시 양천구 신월동 438-4,그린아파트빌,양천구
11470|신월동|439-25,서울특별시 양천구 신월동 439-25,상신,양천구
11470|신월동|440-10,서울특별시 양천구 신월동 440-10,삼백,양천구
11470|신월동|440-9,서울특별시 양천구 신월동 440-9,훼미리,양천구
11470|신월동|444-7,서울특별시 양천구 신월동 444-7,두원빌드피아(444-7),양천구
11470|신월동|446-2,서울특별시 양천구 신월동 446-2,청솔,양천구
11470|신월동|446-5,서울특별시 양천구 신월동 446-5,경희,양천구
11470|신월동|447-3,서울특별시 양천구 신월동 447-3,상아아름,양천구
11470|신월동|45-1,서울특별시 양천구 신월동 45-1,NEWSK아파트,양천구
11470|신월동|45-2,서울특별시 양천구 신월동 45-2,근상아트프리즘,양천구
11470|신월동|45-3,서울특별시 양천구 신월동 45-3,덕수펠리체(45),양천구
11470|신월동|452-14,서울특별시 양천구 신월동 452-14,중흥,양천구
11470|신월동|452-2,서울특별시 양천구 신월동 452-2,예담파크뷰,양천구
11470|신월동|456-1,서울특별시 양천구 신월동 456-1,양천홈타운1차,양천구
11470|신월동|457-15,서울특별시 양천구 신월동 457-15,보람,양천구
11470|신월동|457-6,서울특별시 양천구 신월동 457-6,보람아파트,양천구
11470|신월동|458-1,서울특별시 양천구 신월동 458-1,새롬,양천구
11470|신월동|461-5,서울특별시 양천구 신월동 461-5,양천홈타운2차아파트,양천구
11470|신월동|465-5,서울특별시 양천구 신월동 465-5,신월보성,양천구
11470|신월동|467-12,서울특별시 양천구 신월동 467-12,한우리(101동),양천구
11470|신월동|467-2,서울특별시 양천구 신월동 467-2,한우리아파트,양천구
11470|신월동|467-3,서울특별시 양천구 신월동 467-3,태진,양천구
11470|신월동|470-1,서울특별시 양천구 신월동 470-1,대외,양천구
11470|신월동|470-26,서울특별시 양천구 신월동 470-26,양천홈타운3차,양천구
11470|신월동|475,서울특별시 양천구 신월동 475,서울가든,양천구
11470|신월동|48-13,서울특별시 양천구 신월동 48-13,신라이프,양천구
11470|신월동|480-4,서울특별시 양천구 신월동 480-4,예지보금자리74차,양천구
11470|신월동|481-9,서울특별시 양천구 신월동 481-9,대신,양천구
11470|신월동|485-11,서울특별시 양천구 신월동 485-11,엘림,양천구
11470|신월동|485-2,서울특별시 양천구 신월동 485-2,두원A동,양천구
11470|신월동|485-3,서울특별시 양천구 신월동 485-3,두원B동,양천구
11470|신월동|487-1,서울특별시 양천구 신월동 487-1,성림,양천구
11470|신월동|488-3,서울특별시 양천구 신월동 488-3,남영시티빌,양천구
11470|신월동|491-1,서울특별시 양천구 신월동 491-1,신월대림,양천구
11470|신월동|492-1,서울특별시 양천구 신월동 492-1,동양브로미(101동)A,양천구
11470|신월동|492-23,서울특별시 양천구 신월동 492-23,동양브로미(102동)B,양천구
11470|신월동|492-24,서울특별시 양천구 신월동 492-24,동양브로미(102동)A,양천구
11470|신월동|492-25,서울특별시 양천구 신월동 492-25,동양브로미(101동)B,양천구
11470|신월동|494-1,서울특별시 양천구 신월동 494-1,홍익아파트,양천구
11470|신월동|494-10,서울특별시 양천구 신월동 494-10,예건미예뜰2동,양천구
11470|신월동|494-4,서울특별시 양천구 신월동 494-4,예건미예뜰1동,양천구
11470|신월동|494-6,서울특별시 양천구 신월동 494-6,홍익아파트,양천구
11470|신월동|494-8,서울특별시 양천구 신월동 494-8,제일캐슬,양천구
11470|신월동|500-21,서울특별시 양천구 신월동 500-21,리슈리안,양천구
11470|신월동|506-1,서울특별시 양천구 신월동 506-1,우당,양천구
11470|신월동|506-3,서울특별시 양천구 신월동 506-3,오진참사랑,양천구
11470|신월동|507-1,서울특별시 양천구 신월동 507-1,대림(주상복합),양천구
11470|신월동|507-3,서울특별시 양천구 신월동 507-3,나이아가라,양천구
11470|신월동|510-3,서울특별시 양천구 신월동 510-3,두원빌드피아(510-3),양천구
11470|신월동|510-7,서울특별시 양천구 신월동 510-7,미진,양천구
11470|신월동|512-8,서울특별시 양천구 신월동 512-8,스카이캐슬아파트(512-8),양천구
11470|신월동|514-3,서울특별시 양천구 신월동 514-3,해태,양천구
11470|신월동|516-7,서울특별시 양천구 신월동 516-7,이형원앙,양천구
11470|신월동|517-6,서울특별시 양천구 신월동 517-6,서울,양천구
11470|신월동|518-2,서울특별시 양천구 신월동 518-2,세진아파트,양천구
11470|신월동|519-12,서울특별시 양천구 신월동 519-12,삼종레이빌101동,양천구
11470|신월동|519-25,서울특별시 양천구 신월동 519-25,삼종레이빌102동,양천구
11470|신월동|520-8,서울특별시 양천구 신월동 520-8,태산,양천구
11470|신월동|529-2,서울특별시 양천구 신월동 529-2,세제뉴타운,양천구
11470|신월동|530-7,서울특별시 양천구 신월동 530-7,우창,양천구
11470|신월동|533-1,서울특별시 양천구 신월동 533-1,신월동금용,양천구
11470|신월동|535-7,서울특별시 양천구 신월동 535-7,로즈그린타운,양천구
11470|신월동|538-1,서울특별시 양천구 신월동 538-1,신월동로마파빌리온,양천구
11470|신월동|538-4,서울특별시 양천구 신월동 538-4,연흥,양천구
11470|신월동|538-6,서울특별시 양천구 신월동 538-6,길성,양천구
11470|신월동|54-10,서울특별시 양천구 신월동 54-10,미리내아파트,양천구
11470|신월동|541-1,서울특별시 양천구 신월동 541-1,오투힐,양천구
11470|신월동|545-2,서울특별시 양천구 신월동 545-2,흥인아이젠,양천구
11470|신월동|547-1,서울특별시 양천구 신월동 547-1,명산그린빌,양천구
11470|신월동|547-5,서울특별시 양천구 신월동 547-5,세아쎄닛빌,양천구
11470|신월동|547-7,서울특별시 양천구 신월동 547-7,영남타운,양천구
11470|신월동|547-9,서울특별시 양천구 신월동 547-9,당곡,양천구
11470|신월동|548-1,서울특별시 양천구 신월동 548-1,유림웰스빌,양천구
11470|신월동|558-1,서울특별시 양천구 신월동 558-1,조광,양천구
11470|신월동|558-3,서울특별시 양천구 신월동 558-3,삼도(101),양천구
11470|신월동|558-4,서울특별시 양천구 신월동 558-4,삼도(102),양천구
11470|신월동|558-7,서울특별시 양천구 신월동 558-7,삼성,양천구
11470|신월동|558-9,서울특별시 양천구 신월동 558-9,대림타운,양천구
11470|신월동|559-5,서울특별시 양천구 신월동 559-5,삼동5,양천구
11470|신월동|56-6,서울특별시 양천구 신월동 56-6,청남,양천구
11470|신월동|561-2,서울특별시 양천구 신월동 561-2,뉴타운플러스,양천구
11470|신월동|562-3,서울특별시 양천구 신월동 562-3,삼동1,양천구
11470|신월동|562-4,서울특별시 양천구 신월동 562-4,삼동2,양천구
11470|신월동|562-5,서울특별시 양천구 신월동 562-5,삼동3,양천구
11470|신월동|57-5,서울특별시 양천구 신월동 57-5,대운2차,양천구
11470|신월동|59-9,서울특별시 양천구 신월동 59-9,대영월드(B동),양천구
11470|신월동|591-1,서울특별시 양천구 신월동 591-1,신안약수,양천구
11470|신월동|593-14,서울특별시 양천구 신월동 593-14,우림,양천구
11470|신월동|594-13,서울특별시 양천구 신월동 594-13,장미,양천구
11470|신월동|602-3,서울특별시 양천구 신월동 602-3,청정,양천구
11470|신월동|604-4,서울특별시 양천구 신월동 604-4,삼구,양천구
11470|신월동|604-6,서울특별시 양천구 신월동 604-6,유림,양천구
11470|신월동|607-1,서울특별시 양천구 신월동 607-1,동방,양천구
11470|신월동|615-4,서울특별시 양천구 신월동 615-4,청학,양천구
11470|신월동|72-5,서울특별시 양천구 신월동 72-5,우진(72-5),양천구
11470|신월동|8-2,서울특별시 양천구 신월동 8-2,수명산타워빌,양천구
11470|신월동|81-10,서울특별시 양천구 신월동 81-10,삼익플라주(81-10),양천구
11470|신월동|81-5,서울특별시 양천구 신월동 81-5,덕현해밀(101동),양천구
11470|신월동|81-7,서울특별시 양천구 신월동 81-7,덕현해밀(102동),양천구
11470|신월동|87-21,서울특별시 양천구 신월동 87-21,흥양훼미리,양천구
11470|신월동|9-33,서울특별시 양천구 신월동 9-33,호성파크1,양천구
11470|신월동|91-10,서울특별시 양천구 신월동 91-10,우진,양천구
11470|신월동|981-2,서울특별시 양천구 신월동 981-2,신목동비바힐스,양천구
11470|신월동|981-4,서울특별시 양천구 신월동 981-4,청송그린힐,양천구
11470|신월동|986-13,서울특별시 양천구 신월동 986-13,엘림(986-13),양천구
11470|신월동|986-8,서울특별시 양천구 신월동 986-8,용민홈타워빌,양천구
11470|신월동|987-1,서울특별시 양천구 신월동 987-1,신월시영,양천구
11470|신정동|1007-11,서울특별시 양천구 신정동 1007-11,이스타팰리스,양천구
11470|신정동|1013-1,서울특별시 양천구 신정동 1013-1,목동해오름103동,양천구
11470|신정동|1013-14,서울특별시 양천구 신정동 1013-14,목동해오름102동,양천구
11470|신정동|1013-15,서울특별시 양천구 신정동 1013-15,목동해오름101동,양천구
11470|신정동|1014-5,서울특별시 양천구 신정동 1014-5,SM엘루이아파트,양천구
11470|신정동|1019-4,서울특별시 양천구 신정동 1019-4,동림,양천구
11470|신정동|1020-3,서울특별시 양천구 신정동 1020-3,제이월드,양천구
11470|신정동|1021-7,서울특별시 양천구 신정동 1021-7,태화상가빌라트,양천구
11470|신정동|1052-29,서울특별시 양천구 신정동 1052-29,뉴목동,양천구
11470|신정동|1147-5,서울특별시 양천구 신정동 1147-5,신정그랑프리,양천구
11470|신정동|1148-7,서울특별시 양천구 신정동 1148-7,로마아트빌,양천구
11470|신정동|118-19,서울특별시 양천구 신정동 118-19,목동그린빌라트,양천구
11470|신정동|119-175,서울특별시 양천구 신정동 119-175,목동신세계아파트,양천구
11470|신정동|1192-1,서울특별시 양천구 신정동 1192-1,정은스카이빌3차,양천구
11470|신정동|1194-3,서울특별시 양천구 신정동 1194-3,정은SKY빌,양천구
11470|신정동|1194-5,서울특별시 양천구 신정동 1194-5,마이홈,양천구
11470|신정동|1196-16,서울특별시 양천구 신정동 1196-16,현대쉐르빌,양천구
11470|신정동|1198-23,서울특별시 양천구 신정동 1198-23,대성유니드1차,양천구
11470|신정동|1198-3,서울특별시 양천구 신정동 1198-3,대성유니드2차,양천구
11470|신정동|1210-1,서울특별시 양천구 신정동 1210-1,자성,양천구
11470|신정동|1218-1,서울특별시 양천구 신정동 1218-1,일진아이윌,양천구
11470|신정동|1219-1,서울특별시 양천구 신정동 1219-1,신일해피트리,양천구
11470|신정동|1252,서울특별시 양천구 신정동 1252,현대,양천구
11470|신정동|1259,서울특별시 양천구 신정동 1259,신트리1,양천구
11470|신정동|1273,서울특별시 양천구 신정동 1273,신정현대5,양천구
11470|신정동|1276,서울특별시 양천구 신정동 1276,신트리3,양천구
11470|신정동|1277,서울특별시 양천구 신정동 1277,신트리4,양천구
11470|신정동|1278,서울특별시 양천구 신정동 1278,목동삼성,양천구
11470|신정동|1279,서울특별시 양천구 신정동 1279,목동현대3차,양천구
11470|신정동|1281,서울특별시 양천구 신정동 1281,푸른마을2,양천구
11470|신정동|1283,서울특별시 양천구 신정동 1283,푸른마을3,양천구
11470|신정동|1285,서울특별시 양천구 신정동 1285,푸른마을4,양천구
11470|신정동|1291,서울특별시 양천구 신정동 1291,태영데시앙,양천구
11470|신정동|1293,서울특별시 양천구 신정동 1293,학마을1단지,양천구
11470|신정동|1295,서울특별시 양천구 신정동 1295,목동2삼성래미안,양천구
11470|신정동|1296,서울특별시 양천구 신정동 1296,아이파크,양천구
11470|신정동|1297,서울특별시 양천구 신정동 1297,길훈로즈빌,양천구
11470|신정동|1300,서울특별시 양천구 신정동 1300,명지해드는터,양천구
11470|신정동|1302,서울특별시 양천구 신정동 1302,주건드림빌,양천구
11470|신정동|1303,서울특별시 양천구 신정동 1303,대림e-편한세상,양천구
11470|신정동|1304,서울특별시 양천구 신정동 1304,정은스카이빌2차,양천구
11470|신정동|1305,서울특별시 양천구 신정동 1305,힐탑이루미,양천구
11470|신정동|1306,서울특별시 양천구 신정동 1306,세양청마루,양천구
11470|신정동|1307,서울특별시 양천구 신정동 1307,경남아너스빌,양천구
11470|신정동|1308,서울특별시 양천구 신정동 1308,동원로데오,양천구
11470|신정동|1309,서울특별시 양천구 신정동 1309,롯데캐슬,양천구
11470|신정동|1310,서울특별시 양천구 신정동 1310,동일하이빌1단지,양천구
11470|신정동|1311,서울특별시 양천구 신정동 1311,동일하이빌2단지,양천구
11470|신정동|1314,서울특별시 양천구 신정동 1314,중앙하이츠,양천구
11470|신정동|1316,서울특별시 양천구 신정동 1316,이펜하우스3단지,양천구
11470|신정동|1317,서울특별시 양천구 신정동 1317,이펜하우스4단지,양천구
11470|신정동|1318,서울특별시 양천구 신정동 1318,이펜하우스5단지,양천구
11470|신정동|1321,서울특별시 양천구 신정동 1321,이펜하우스1단지,양천구
11470|신정동|1322,서울특별시 양천구 신정동 1322,이펜하우스2단지,양천구
11470|신정동|1323,서울특별시 양천구 신정동 1323,목동힐스테이트,양천구
11470|신정동|1324,서울특별시 양천구 신정동 1324,신정숲속마을,양천구
11470|신정동|1325,서울특별시 양천구 신정동 1325,목동파크자이(101동~108동),양천구
11470|신정동|1326#11470-5691,서울특별시 양천구 신정동 1326,래미안목동아델리체(101동~118동),양천구
11470|신정동|1326#11470-5692,서울특별시 양천구 신정동 1326,래미안목동아델리체(119동~123동),양천구
11470|신정동|1327,서울특별시 양천구 신정동 1327,호반써밋목동,양천구
11470|신정동|201-1,서울특별시 양천구 신정동 201-1,세양청마루2차주상복합,양천구
11470|신정동|282-16,서울특별시 양천구 신정동 282-16,진명,양천구
11470|신정동|294-70,서울특별시 양천구 신정동 294-70,신정동경남아너스빌2차,양천구
11470|신정동|296-28,서울특별시 양천구 신정동 296-28,목동캐슬아파트,양천구
11470|신정동|311,서울특별시 양천구 신정동 311,목동신시가지10,양천구
11470|신정동|312,서울특별시 양천구 신정동 312,목동신시가지9,양천구
11470|신정동|314,서울특별시 양천구 신정동 314,목동신시가지8,양천구
11470|신정동|318-10,서울특별시 양천구 신정동 318-10,삼성쉐르빌,양천구
11470|신정동|318-12,서울특별시 양천구 신정동 318-12,목동삼성쉐르빌Ⅱ,양천구
11470|신정동|324-10,서울특별시 양천구 신정동 324-10,동문굿모닝탑,양천구
11470|신정동|324-7,서울특별시 양천구 신정동 324-7,대림아크로빌,양천구
11470|신정동|325,서울특별시 양천구 신정동 325,목동신시가지11,양천구
11470|신정동|326,서울특별시 양천구 신정동 326,목동신시가지12,양천구
11470|신정동|327,서울특별시 양천구 신정동 327,목동신시가지13,양천구
11470|신정동|329,서울특별시 양천구 신정동 329,목동신시가지14,양천구
11470|신정동|333,서울특별시 양천구 신정동 333,대림,양천구
11470|신정동|334,서울특별시 양천구 신정동 334,쌍용,양천구
11470|신정동|336,서울특별시 양천구 신정동 336,청구,양천구
11470|신정동|337,서울특별시 양천구 신정동 337,목동우성2,양천구
11470|신정동|338,서울특별시 양천구 신정동 338,목동우성3,양천구
11470|신정동|339,서울특별시 양천구 신정동 339,파인빌,양천구
11470|신정동|340,서울특별시 양천구 신정동 340,블레스빌,양천구
11470|신정동|733-31,서울특별시 양천구 신정동 733-31,수정,양천구
11470|신정동|739-17,서울특별시 양천구 신정동 739-17,까치마을,양천구
11470|신정동|743-2,서울특별시 양천구 신정동 743-2,신정6현대,양천구
11470|신정동|86-6,서울특별시 양천구 신정동 86-6,프리우스,양천구
11470|신정동|87-39,서울특별시 양천구 신정동 87-39,유원목동,양천구
11470|신정동|872-6,서울특별시 양천구 신정동 872-6,팰리스필,양천구
11470|신정동|879-18,서울특별시 양천구 신정동 879-18,동국화이트빌A동,양천구
11470|신정동|879-5,서울특별시 양천구 신정동 879-5,동국화이트빌B동,양천구
11470|신정동|879-6,서울특별시 양천구 신정동 879-6,상진,양천구
11470|신정동|881-14,서울특별시 양천구 신정동 881-14,리치펠리스,양천구
11470|신정동|881-16,서울특별시 양천구 신정동 881-16,미광,양천구
11470|신정동|881-6,서울특별시 양천구 신정동 881-6,청우,양천구
11470|신정동|881-8,서울특별시 양천구 신정동 881-8,목동무지개,양천구
11470|신정동|883,서울특별시 양천구 신정동 883,심미에셈빌,양천구
11470|신정동|884-6,서울특별시 양천구 신정동 884-6,재훈,양천구
11470|신정동|888-8,서울특별시 양천구 신정동 888-8,이연에버리치,양천구
11470|신정동|889-15,서울특별시 양천구 신정동 889-15,춘당아네시스,양천구
11470|신정동|890-13,서울특별시 양천구 신정동 890-13,건영,양천구
11470|신정동|891-1,서울특별시 양천구 신정동 891-1,밀레스트,양천구
11470|신정동|893-6,서울특별시 양천구 신정동 893-6,헤브론,양천구
11470|신정동|893-9,서울특별시 양천구 신정동 893-9,로데오휘버스빌,양천구
11470|신정동|894-20,서울특별시 양천구 신정동 894-20,삼성,양천구
11470|신정동|895-3,서울특별시 양천구 신정동 895-3,예지팰리스50차,양천구
11470|신정동|905-2,서울특별시 양천구 신정동 905-2,해풍,양천구
11470|신정동|906-4,서울특별시 양천구 신정동 906-4,보성제이드,양천구
11470|신정동|911-11,서울특별시 양천구 신정동 911-11,예지아파트,양천구
11470|신정동|911-4,서울특별시 양천구 신정동 911-4,흥영,양천구
11470|신정동|911-8,서울특별시 양천구 신정동 911-8,청원,양천구
11470|신정동|911-9,서울특별시 양천구 신정동 911-9,동일아파트,양천구
11470|신정동|915-12,서울특별시 양천구 신정동 915-12,청자,양천구
11470|신정동|916-15,서울특별시 양천구 신정동 916-15,심미,양천구
11470|신정동|917-10,서울특별시 양천구 신정동 917-10,장미,양천구
11470|신정동|918-1,서울특별시 양천구 신정동 918-1,삼백훼미리,양천구
11470|신정동|919-1,서울특별시 양천구 신정동 919-1,남광,양천구
11470|신정동|921-11,서울특별시 양천구 신정동 921-11,보람쉬움,양천구
11470|신정동|922-1,서울특별시 양천구 신정동 922-1,제이클래스목동주상복합,양천구
11470|신정동|926-4,서울특별시 양천구 신정동 926-4,동양부로미(926-4),양천구
11470|신정동|927-4,서울특별시 양천구 신정동 927-4,예지보금자리(102동),양천구
11470|신정동|927-9,서울특별시 양천구 신정동 927-9,예지보금자리(101동),양천구
11470|신정동|929-25,서울특별시 양천구 신정동 929-25,이지라이프,양천구
11470|신정동|929-26,서울특별시 양천구 신정동 929-26,영림,양천구
11470|신정동|938-7,서울특별시 양천구 신정동 938-7,동원데쟈뷰,양천구
11470|신정동|948-24,서울특별시 양천구 신정동 948-24,신호,양천구
11470|신정동|949-1,서울특별시 양천구 신정동 949-1,푸른힐,양천구
11470|신정동|949-3,서울특별시 양천구 신정동 949-3,태남프라자,양천구
11470|신정동|952-1,서울특별시 양천구 신정동 952-1,뉴타운,양천구
11470|신정동|952-3,서울특별시 양천구 신정동 952-3,주안펌니스아파트,양천구
11470|신정동|955-13,서울특별시 양천구 신정동 955-13,태경아파트,양천구
11470|신정동|958-10,서울특별시 양천구 신정동 958-10,럭키,양천구
11470|신정동|958-12,서울특별시 양천구 신정동 958-12,지오프레저102동,양천구
11470|신정동|958-16,서울특별시 양천구 신정동 958-16,지오프레저101동,양천구
11470|신정동|962-18,서울특별시 양천구 신정동 962-18,신정동로마,양천구
11470|신정동|963-1,서울특별시 양천구 신정동 963-1,현대힐타운,양천구
11470|신정동|972-2,서울특별시 양천구 신정동 972-2,목동경동미르웰,양천구
11470|신정동|976-3,서울특별시 양천구 신정동 976-3,성재세인트,양천구
11470|신정동|979-34,서울특별시 양천구 신정동 979-34,신세계하이츠,양천구
11470|신정동|980-19,서울특별시 양천구 신정동 980-19,에버그린2,양천구
11470|신정동|980-5,서울특별시 양천구 신정동 980-5,은행,양천구
11470|신정동|980-6,서울특별시 양천구 신정동 980-6,에버그린3동(980-6),양천구
11470|신정동|982-1,서울특별시 양천구 신정동 982-1,신이모닝빌,양천구
11470|신정동|988-5,서울특별시 양천구 신정동 988-5,중앙하이츠목동펠리시티,양천구
11470|신정동|990-15,서울특별시 양천구 신정동 990-15,제일에비앙102동,양천구
11470|신정동|990-16,서울특별시 양천구 신정동 990-16,제일에비앙101동,양천구
11470|신정동|992-1,서울특별시 양천구 신정동 992-1,보성주상복합,양천구
11470|신정동|993-1,서울특별시 양천구 신정동 993-1,목동동보,양천구
11470|신정동|995-3,서울특별시 양천구 신정동 995-3,목동휘버스,양천구
11470|신정동|997-6,서울특별시 양천구 신정동 997-6,삼천리,양천구
11500|가양동|14-3,서울특별시 강서구 가양동 14-3,가양우성,강서구
11500|가양동|1459#11500-148,서울특별시 강서구 가양동 1459,대아,강서구
11500|가양동|1459#11500-152,서울특별시 강서구 가양동 1459,동신대아,강서구
11500|가양동|1460,서울특별시 강서구 가양동 1460,한강타운,강서구
11500|가양동|1461,서울특별시 강서구 가양동 1461,가양2단지(성지),강서구
11500|가양동|1462,서울특별시 강서구 가양동 1462,강서한강월드메르디앙,강서구
11500|가양동|1467,서울특별시 강서구 가양동 1467,중앙하이츠,강서구
11500|가양동|1474,서울특별시 강서구 가양동 1474,대림경동아파트,강서구
11500|가양동|1475,서울특별시 강서구 가양동 1475,강변,강서구
11500|가양동|1485,서울특별시 강서구 가양동 1485,가양6단지,강서구
11500|가양동|1490,서울특별시 강서구 가양동 1490,가양도시개발9-2단지,강서구
11500|가양동|1495,서울특별시 강서구 가양동 1495,한보구암마을,강서구
11500|가양동|1496,서울특별시 강서구 가양동 1496,일신건영휴먼빌,강서구
11500|가양동|1497,서울특별시 강서구 가양동 1497,가양1차보람더하임,강서구
11500|가양동|1500,서울특별시 강서구 가양동 1500,강서한강자이,강서구
11500|가양동|192-9,서울특별시 강서구 가양동 192-9,한림타운,강서구
11500|가양동|235-4,서울특별시 강서구 가양동 235-4,마곡보타닉,강서구
11500|가양동|239-1,서울특별시 강서구 가양동 239-1,디아이빌101동,강서구
11500|가양동|239-36,서울특별시 강서구 가양동 239-36,디아이빌102동,강서구
11500|가양동|251-5,서울특별시 강서구 가양동 251-5,향교,강서구
11500|가양동|448,서울특별시 강서구 가양동 448,강나루2현대,강서구
11500|가양동|448-1,서울특별시 강서구 가양동 448-1,가양강나루현대,강서구
11500|가양동|448-10,서울특별시 강서구 가양동 448-10,보광드림타운,강서구
11500|가양동|448-9,서울특별시 강서구 가양동 448-9,빛고을우방,강서구
11500|공항동|1371,서울특별시 강서구 공항동 1371,해태,강서구
11500|공항동|1374,서울특별시 강서구 공항동 1374,공항동부센트레빌,강서구
11500|공항동|1378,서울특별시 강서구 공항동 1378,발쿠치네하우스,강서구
11500|공항동|1398,서울특별시 강서구 공항동 1398,더트루엘마곡HQ,강서구
11500|공항동|14-10,서울특별시 강서구 공항동 14-10,스카이,강서구
11500|공항동|22-4,서울특별시 강서구 공항동 22-4,청성스카이,강서구
11500|공항동|42-12,서울특별시 강서구 공항동 42-12,송정제이빌102동,강서구
11500|공항동|42-23,서울특별시 강서구 공항동 42-23,송정제이빌101동,강서구
11500|공항동|50-5,서울특별시 강서구 공항동 50-5,(50-5),강서구
11500|공항동|61-2,서울특별시 강서구 공항동 61-2,장미,강서구
11500|내발산동|650-1,서울특별시 강서구 내발산동 650-1,원당,강서구
11500|내발산동|655-5,서울특별시 강서구 내발산동 655-5,명덕,강서구
11500|내발산동|657,서울특별시 강서구 내발산동 657,우장산힐스테이트,강서구
11500|내발산동|659-1,서울특별시 강서구 내발산동 659-1,강서월드메르디앙,강서구
11500|내발산동|660-1,서울특별시 강서구 내발산동 660-1,청솔해오름,강서구
11500|내발산동|660-6,서울특별시 강서구 내발산동 660-6,쥴리앙,강서구
11500|내발산동|661-2,서울특별시 강서구 내발산동 661-2,타워힐101동,강서구
11500|내발산동|663-2,서울특별시 강서구 내발산동 663-2,천우네오젠5차,강서구
11500|내발산동|665-17,서울특별시 강서구 내발산동 665-17,천우네오젠아파트,강서구
11500|내발산동|665-6,서울특별시 강서구 내발산동 665-6,신세계4차,강서구
11500|내발산동|670-17,서울특별시 강서구 내발산동 670-17,천우네오젠6차,강서구
11500|내발산동|671-13,서울특별시 강서구 내발산동 671-13,청솔샤르망1004동,강서구
11500|내발산동|671-28,서울특별시 강서구 내발산동 671-28,우장산태승훼미리,강서구
11500|내발산동|671-3,서울특별시 강서구 내발산동 671-3,태청,강서구
11500|내발산동|672-15,서울특별시 강서구 내발산동 672-15,원다벨라빌,강서구
11500|내발산동|673-11,서울특별시 강서구 내발산동 673-11,청솔숲속마을101동,강서구
11500|내발산동|673-14,서울특별시 강서구 내발산동 673-14,청솔102동,강서구
11500|내발산동|673-2,서울특별시 강서구 내발산동 673-2,청솔101동,강서구
11500|내발산동|673-6,서울특별시 강서구 내발산동 673-6,새신아,강서구
11500|내발산동|673-7,서울특별시 강서구 내발산동 673-7,홍익,강서구
11500|내발산동|674-20,서울특별시 강서구 내발산동 674-20,A.G.S.드림,강서구
11500|내발산동|674-32,서울특별시 강서구 내발산동 674-32,제이월드에메랄드,강서구
11500|내발산동|674-33,서울특별시 강서구 내발산동 674-33,천우네오젠,강서구
11500|내발산동|675,서울특별시 강서구 내발산동 675,현대파크,강서구
11500|내발산동|675-10,서울특별시 강서구 내발산동 675-10,다울,강서구
11500|내발산동|675-6,서울특별시 강서구 내발산동 675-6,신세계5차,강서구
11500|내발산동|675-9,서울특별시 강서구 내발산동 675-9,청솔샤르망1002동,강서구
11500|내발산동|676-12,서울특별시 강서구 내발산동 676-12,덕현중앙타워빌,강서구
11500|내발산동|676-23,서울특별시 강서구 내발산동 676-23,청솔샤르망1001동,강서구
11500|내발산동|676-26,서울특별시 강서구 내발산동 676-26,청솔103동,강서구
11500|내발산동|680-5,서울특별시 강서구 내발산동 680-5,천우명덕,강서구
11500|내발산동|681-16,서울특별시 강서구 내발산동 681-16,진한연립,강서구
11500|내발산동|682-10,서울특별시 강서구 내발산동 682-10,천우에이스빌,강서구
11500|내발산동|685,서울특별시 강서구 내발산동 685,태승훼미리2,강서구
11500|내발산동|686-1,서울특별시 강서구 내발산동 686-1,보람,강서구
11500|내발산동|687-2,서울특별시 강서구 내발산동 687-2,예스빌,강서구
11500|내발산동|687-27,서울특별시 강서구 내발산동 687-27,내츄럴4차아파트,강서구
11500|내발산동|688-21,서울특별시 강서구 내발산동 688-21,내츄럴아파트3차,강서구
11500|내발산동|688-4,서울특별시 강서구 내발산동 688-4,수명산태송팰리채,강서구
11500|내발산동|688-40,서울특별시 강서구 내발산동 688-40,이너스102동,강서구
11500|내발산동|688-5,서울특별시 강서구 내발산동 688-5,이너스101동,강서구
11500|내발산동|689-12,서울특별시 강서구 내발산동 689-12,내안에이너스,강서구
11500|내발산동|693,서울특별시 강서구 내발산동 693,천우네오젠(693),강서구
11500|내발산동|695,서울특별시 강서구 내발산동 695,내츄럴1차,강서구
11500|내발산동|696-2,서울특별시 강서구 내발산동 696-2,내츄럴2차,강서구
11500|내발산동|696-21,서울특별시 강서구 내발산동 696-21,한울앤하우스,강서구
11500|내발산동|697-12,서울특별시 강서구 내발산동 697-12,태일,강서구
11500|내발산동|697-5,서울특별시 강서구 내발산동 697-5,신세계(697-5),강서구
11500|내발산동|698-1,서울특별시 강서구 내발산동 698-1,삼대,강서구
11500|내발산동|698-11,서울특별시 강서구 내발산동 698-11,한서3차,강서구
11500|내발산동|698-16,서울특별시 강서구 내발산동 698-16,신세계,강서구
11500|내발산동|698-7,서울특별시 강서구 내발산동 698-7,상산노블레스빌,강서구
11500|내발산동|702-7,서울특별시 강서구 내발산동 702-7,천우캐슬,강서구
11500|내발산동|704-2,서울특별시 강서구 내발산동 704-2,우장산타워빌,강서구
11500|내발산동|708-1,서울특별시 강서구 내발산동 708-1,문국,강서구
11500|내발산동|708-14,서울특별시 강서구 내발산동 708-14,낙원연립재건축조합아파트,강서구
11500|내발산동|711-1,서울특별시 강서구 내발산동 711-1,보람하이빌,강서구
11500|내발산동|711-6,서울특별시 강서구 내발산동 711-6,청솔수(711-6),강서구
11500|내발산동|712-2,서울특별시 강서구 내발산동 712-2,유니드,강서구
11500|내발산동|714-4,서울특별시 강서구 내발산동 714-4,태승훼미리아파트5차,강서구
11500|내발산동|715-5,서울특별시 강서구 내발산동 715-5,광성금강,강서구
11500|내발산동|716,서울특별시 강서구 내발산동 716,명진에버그린,강서구
11500|내발산동|716-16,서울특별시 강서구 내발산동 716-16,그린씨티,강서구
11500|내발산동|716-2,서울특별시 강서구 내발산동 716-2,한서2차APT,강서구
11500|내발산동|716-5,서울특별시 강서구 내발산동 716-5,한서1차,강서구
11500|내발산동|717-20,서울특별시 강서구 내발산동 717-20,강성레스트빌아파트,강서구
11500|내발산동|719,서울특별시 강서구 내발산동 719,광남캐스빌,강서구
11500|내발산동|721-3,서울특별시 강서구 내발산동 721-3,수산오성,강서구
11500|내발산동|722-16,서울특별시 강서구 내발산동 722-16,태승훼미리,강서구
11500|내발산동|722-19,서울특별시 강서구 내발산동 722-19,다울아크로빌,강서구
11500|내발산동|728,서울특별시 강서구 내발산동 728,롯데1차,강서구
11500|내발산동|729,서울특별시 강서구 내발산동 729,롯데2,강서구
11500|내발산동|730,서울특별시 강서구 내발산동 730,길성그랑프리텔,강서구
11500|내발산동|731,서울특별시 강서구 내발산동 731,신세계3차101동,강서구
11500|내발산동|732,서울특별시 강서구 내발산동 732,태승훼미리3차,강서구
11500|내발산동|733,서울특별시 강서구 내발산동 733,내발산우신웨스트빌,강서구
11500|내발산동|734,서울특별시 강서구 내발산동 734,우장산월드메르디앙,강서구
11500|내발산동|735,서울특별시 강서구 내발산동 735,청솔샤르망1003동,강서구
11500|내발산동|736,서울특별시 강서구 내발산동 736,청솔파인힐(736-0),강서구
11500|내발산동|738,서울특별시 강서구 내발산동 738,청솔숲속마을102동,강서구
11500|내발산동|741,서울특별시 강서구 내발산동 741,마곡수명산파크2단지,강서구
11500|내발산동|742,서울특별시 강서구 내발산동 742,마곡수명산파크1단지,강서구
11500|내발산동|749,서울특별시 강서구 내발산동 749,마곡수명산파크5단지,강서구
11500|내발산동|751,서울특별시 강서구 내발산동 751,마곡수명산파크3단지,강서구
11500|내발산동|753,서울특별시 강서구 내발산동 753,마곡수명산파크4단지,강서구
11500|내발산동|756,서울특별시 강서구 내발산동 756,마곡수명산파크7단지,강서구
11500|내발산동|759,서울특별시 강서구 내발산동 759,마곡수명산파크6단지,강서구
11500|내발산동|763,서울특별시 강서구 내발산동 763,우장산신일해피트리,강서구
11500|내발산동|764,서울특별시 강서구 내발산동 764,마곡에이치밸리움,강서구
11500|내발산동|765,서울특별시 강서구 내발산동 765,우장산동문디이스트,강서구
11500|내발산동|767,서울특별시 강서구 내발산동 767,센터스퀘어발산,강서구
11500|등촌동|365-195,서울특별시 강서구 등촌동 365-195,두보아파트,강서구
11500|등촌동|365-201,서울특별시 강서구 등촌동 365-201,등마루,강서구
11500|등촌동|507-11,서울특별시 강서구 등촌동 507-11,천우네오젠(507-11),강서구
11500|등촌동|510-7,서울특별시 강서구 등촌동 510-7,해태골든팰리스,강서구
11500|등촌동|511-4,서울특별시 강서구 등촌동 511-4,등촌퀸즈포디엄삼익,강서구
11500|등촌동|515-41,서울특별시 강서구 등촌동 515-41,신세계,강서구
11500|등촌동|517-39,서울특별시 강서구 등촌동 517-39,강서,강서구
11500|등촌동|518-7,서울특별시 강서구 등촌동 518-7,보람하이빌,강서구
11500|등촌동|526-5,서울특별시 강서구 등촌동 526-5,세심,강서구
11500|등촌동|561-1,서울특별시 강서구 등촌동 561-1,대림e편한세상,강서구
11500|등촌동|562-5,서울특별시 강서구 등촌동 562-5,임광,강서구
11500|등촌동|564-7,서울특별시 강서구 등촌동 564-7,삼형.그레이스빌,강서구
11500|등촌동|570-10,서울특별시 강서구 등촌동 570-10,정우아파트,강서구
11500|등촌동|570-11,서울특별시 강서구 등촌동 570-11,정우아파트(570-11),강서구
11500|등촌동|628-15,서울특별시 강서구 등촌동 628-15,등촌라인(조합),강서구
11500|등촌동|630-3,서울특별시 강서구 등촌동 630-3,우성,강서구
11500|등촌동|631-9,서울특별시 강서구 등촌동 631-9,대동황토방,강서구
11500|등촌동|632-2,서울특별시 강서구 등촌동 632-2,태영,강서구
11500|등촌동|632-4,서울특별시 강서구 등촌동 632-4,삼성한사랑1,강서구
11500|등촌동|633-28,서울특별시 강서구 등촌동 633-28,등촌5차보람쉬움,강서구
11500|등촌동|634-13,서울특별시 강서구 등촌동 634-13,심미에셈빌,강서구
11500|등촌동|634-2,서울특별시 강서구 등촌동 634-2,한사랑2삼성,강서구
11500|등촌동|635-6,서울특별시 강서구 등촌동 635-6,나성,강서구
11500|등촌동|637,서울특별시 강서구 등촌동 637,서울시니어스가양타워,강서구
11500|등촌동|637-15,서울특별시 강서구 등촌동 637-15,예지펠리스아파트,강서구
11500|등촌동|637-18,서울특별시 강서구 등촌동 637-18,천우네오젠101동,강서구
11500|등촌동|637-22,서울특별시 강서구 등촌동 637-22,대림아르빌아파트,강서구
11500|등촌동|637-26,서울특별시 강서구 등촌동 637-26,다울,강서구
11500|등촌동|637-32,서울특별시 강서구 등촌동 637-32,천우네오젠102동,강서구
11500|등촌동|638,서울특별시 강서구 등촌동 638,서광등촌마을아파트,강서구
11500|등촌동|640,서울특별시 강서구 등촌동 640,보람(640),강서구
11500|등촌동|641,서울특별시 강서구 등촌동 641,신원,강서구
11500|등촌동|641-4,서울특별시 강서구 등촌동 641-4,등촌동보람쉬움아파트,강서구
11500|등촌동|642,서울특별시 강서구 등촌동 642,제일(코오롱),강서구
11500|등촌동|645-14,서울특별시 강서구 등촌동 645-14,천우네오젠,강서구
11500|등촌동|646-28,서울특별시 강서구 등촌동 646-28,삼우지엔씨,강서구
11500|등촌동|646-29,서울특별시 강서구 등촌동 646-29,계명위너스,강서구
11500|등촌동|651,서울특별시 강서구 등촌동 651,청솔펠리체,강서구
11500|등촌동|653-13,서울특별시 강서구 등촌동 653-13,우당,강서구
11500|등촌동|654-79,서울특별시 강서구 등촌동 654-79,풍성애뜨란아파트,강서구
11500|등촌동|655-27,서울특별시 강서구 등촌동 655-27,현대,강서구
11500|등촌동|655-46,서울특별시 강서구 등촌동 655-46,등촌동현대2차,강서구
11500|등촌동|656-17,서울특별시 강서구 등촌동 656-17,지엠벨리,강서구
11500|등촌동|660-5,서울특별시 강서구 등촌동 660-5,삼성,강서구
11500|등촌동|662-3,서울특별시 강서구 등촌동 662-3,신송타워,강서구
11500|등촌동|670-2,서울특별시 강서구 등촌동 670-2,등촌동성원,강서구
11500|등촌동|676,서울특별시 강서구 등촌동 676,태진아름,강서구
11500|등촌동|687,서울특별시 강서구 등촌동 687,"등촌1,2단지주공아파트",강서구
11500|등촌동|688,서울특별시 강서구 등촌동 688,주공3,강서구
11500|등촌동|691-1,서울특별시 강서구 등촌동 691-1,동성,강서구
11500|등촌동|691-3,서울특별시 강서구 등촌동 691-3,부영,강서구
11500|등촌동|694,서울특별시 강서구 등촌동 694,대림,강서구
11500|등촌동|695,서울특별시 강서구 등촌동 695,주공5,강서구
11500|등촌동|701,서울특별시 강서구 등촌동 701,"진로,미주아파트",강서구
11500|등촌동|702,서울특별시 강서구 등촌동 702,주공10,강서구
11500|등촌동|707,서울특별시 강서구 등촌동 707,"등촌7,8단지주공아파트",강서구
11500|등촌동|710,서울특별시 강서구 등촌동 710,보람,강서구
11500|등촌동|711,서울특별시 강서구 등촌동 711,월드메르디앙,강서구
11500|등촌동|712,서울특별시 강서구 등촌동 712,코오롱오투빌2,강서구
11500|등촌동|713,서울특별시 강서구 등촌동 713,대동황토방2,강서구
11500|등촌동|714,서울특별시 강서구 등촌동 714,코오롱하늘채,강서구
11500|등촌동|715,서울특별시 강서구 등촌동 715,등촌동아이파크,강서구
11500|등촌동|716,서울특별시 강서구 등촌동 716,등촌6차보람,강서구
11500|등촌동|717,서울특별시 강서구 등촌동 717,그레이스힐,강서구
11500|등촌동|722,서울특별시 강서구 등촌동 722,등촌파밀리에더클래식101동,강서구
11500|등촌동|723,서울특별시 강서구 등촌동 723,등촌파밀리에더클래식201동,강서구
11500|등촌동|725,서울특별시 강서구 등촌동 725,마곡루나플라체,강서구
11500|등촌동|726,서울특별시 강서구 등촌동 726,가양역두산위브,강서구
11500|등촌동|727,서울특별시 강서구 등촌동 727,"등촌지와인아파트,비지니스센터",강서구
11500|등촌동|852,서울특별시 강서구 등촌동 852,등촌센트럴르씨엘,강서구
11500|마곡동|1168,서울특별시 강서구 마곡동 1168,한림리첸빌101동,강서구
11500|마곡동|1170,서울특별시 강서구 마곡동 1170,한림리첸빌102동,강서구
11500|마곡동|1171,서울특별시 강서구 마곡동 1171,마곡현대아파트,강서구
11500|마곡동|1181,서울특별시 강서구 마곡동 1181,마곡청구아파트,강서구
11500|마곡동|1252,서울특별시 강서구 마곡동 1252,마곡보타닉경남아너스빌,강서구
11500|마곡동|1360,서울특별시 강서구 마곡동 1360,마곡승윤노블리안아파트,강서구
11500|마곡동|1391,서울특별시 강서구 마곡동 1391,양진마니아,강서구
11500|마곡동|1397,서울특별시 강서구 마곡동 1397,마곡노블리안,강서구
11500|마곡동|14-21,서울특별시 강서구 마곡동 14-21,마곡동후포아파트(14-21),강서구
11500|마곡동|1454,서울특별시 강서구 마곡동 1454,마곡태승훼미리아파트,강서구
11500|마곡동|1467,서울특별시 강서구 마곡동 1467,마곡우림필유아파트,강서구
11500|마곡동|1478,서울특별시 강서구 마곡동 1478,마곡삼성아파트,강서구
11500|마곡동|1513,서울특별시 강서구 마곡동 1513,마곡경남아너스빌,강서구
11500|마곡동|1525,서울특별시 강서구 마곡동 1525,마곡푸르지오,강서구
11500|마곡동|1535,서울특별시 강서구 마곡동 1535,마곡일성트루엘아파트,강서구
11500|마곡동|1565,서울특별시 강서구 마곡동 1565,길훈,강서구
11500|마곡동|1577,서울특별시 강서구 마곡동 1577,마곡나루경남아파트,강서구
11500|마곡동|1589,서울특별시 강서구 마곡동 1589,마곡힐스테이트,강서구
11500|마곡동|422,서울특별시 강서구 마곡동 422,신안,강서구
11500|마곡동|429,서울특별시 강서구 마곡동 429,벽산,강서구
11500|마곡동|716,서울특별시 강서구 마곡동 716,한솔솔파크,강서구
11500|마곡동|717,서울특별시 강서구 마곡동 717,마곡금호어울림,강서구
11500|마곡동|734,서울특별시 강서구 마곡동 734,마곡엠밸리1단지,강서구
11500|마곡동|735,서울특별시 강서구 마곡동 735,마곡엠밸리2단지,강서구
11500|마곡동|736,서울특별시 강서구 마곡동 736,마곡엠밸리3단지,강서구
11500|마곡동|738,서울특별시 강서구 마곡동 738,마곡엠밸리4단지,강서구
11500|마곡동|740,서울특별시 강서구 마곡동 740,마곡엠밸리5단지,강서구
11500|마곡동|741,서울특별시 강서구 마곡동 741,마곡엠밸리8단지,강서구
11500|마곡동|743,서울특별시 강서구 마곡동 743,마곡엠밸리6단지,강서구
11500|마곡동|743-4,서울특별시 강서구 마곡동 743-4,마곡엠밸리7단지,강서구
11500|마곡동|744,서울특별시 강서구 마곡동 744,마곡엠밸리9단지,강서구
11500|마곡동|746,서울특별시 강서구 마곡동 746,마곡엠밸리11단지,강서구
11500|마곡동|746-1,서울특별시 강서구 마곡동 746-1,마곡엠밸리12단지,강서구
11500|마곡동|747,서울특별시 강서구 마곡동 747,마곡엠밸리10단지,강서구
11500|마곡동|748,서울특별시 강서구 마곡동 748,마곡13단지힐스테이트마스터,강서구
11500|마곡동|750,서울특별시 강서구 마곡동 750,마곡엠벨리(14단지),강서구
11500|마곡동|751,서울특별시 강서구 마곡동 751,마곡엠벨리(15단지),강서구
11500|방화동|140-2,서울특별시 강서구 방화동 140-2,삼도,강서구
11500|방화동|286-1,서울특별시 강서구 방화동 286-1,한미(286-1),강서구
11500|방화동|319-9,서울특별시 강서구 방화동 319-9,태청,강서구
11500|방화동|450-1,서울특별시 강서구 방화동 450-1,다우하임더프라임아파트,강서구
11500|방화동|479-3,서울특별시 강서구 방화동 479-3,통일(479-3),강서구
11500|방화동|537-1,서울특별시 강서구 방화동 537-1,지니스힐,강서구
11500|방화동|546-1,서울특별시 강서구 방화동 546-1,방화3차우림필유,강서구
11500|방화동|547-11,서울특별시 강서구 방화동 547-11,한오,강서구
11500|방화동|567-4,서울특별시 강서구 방화동 567-4,삼정코아,강서구
11500|방화동|579,서울특별시 강서구 방화동 579,마곡 한진해모로,강서구
11500|방화동|583-23,서울특별시 강서구 방화동 583-23,성옥,강서구
11500|방화동|585-4,서울특별시 강서구 방화동 585-4,삼미,강서구
11500|방화동|597-24,서울특별시 강서구 방화동 597-24,통일102동(597-24),강서구
11500|방화동|597-38,서울특별시 강서구 방화동 597-38,통일101동(597-38),강서구
11500|방화동|608-97,서울특별시 강서구 방화동 608-97,세왕,강서구
11500|방화동|614-11,서울특별시 강서구 방화동 614-11,원미,강서구
11500|방화동|615-103,서울특별시 강서구 방화동 615-103,형제,강서구
11500|방화동|619-7,서울특별시 강서구 방화동 619-7,AirPalace(619-7),강서구
11500|방화동|647-20,서울특별시 강서구 방화동 647-20,신라힐,강서구
11500|방화동|793,서울특별시 강서구 방화동 793,현대,강서구
11500|방화동|796,서울특별시 강서구 방화동 796,신동아,강서구
11500|방화동|804,서울특별시 강서구 방화동 804,방화동진로아파트,강서구
11500|방화동|814,서울특별시 강서구 방화동 814,방화5,강서구
11500|방화동|817,서울특별시 강서구 방화동 817,동성,강서구
11500|방화동|819,서울특별시 강서구 방화동 819,개화,강서구
11500|방화동|831#11500-195,서울특별시 강서구 방화동 831,방화4단지,강서구
11500|방화동|831#11500-247,서울특별시 강서구 방화동 831,삼환,강서구
11500|방화동|832,서울특별시 강서구 방화동 832,청솔,강서구
11500|방화동|839,서울특별시 강서구 방화동 839,방화그린,강서구
11500|방화동|841,서울특별시 강서구 방화동 841,장미,강서구
11500|방화동|852,서울특별시 강서구 방화동 852,마곡중앙하이츠아파트,강서구
11500|방화동|858,서울특별시 강서구 방화동 858,삼성꽃마을,강서구
11500|방화동|860,서울특별시 강서구 방화동 860,마곡서광(치현마을),강서구
11500|방화동|861,서울특별시 강서구 방화동 861,홍익아파트,강서구
11500|방화동|862,서울특별시 강서구 방화동 862,한숲마을대림,강서구
11500|방화동|866,서울특별시 강서구 방화동 866,청성,강서구
11500|방화동|867,서울특별시 강서구 방화동 867,길성그랑프리텔,강서구
11500|방화동|868,서울특별시 강서구 방화동 868,신안네트빌1단지,강서구
11500|방화동|869,서울특별시 강서구 방화동 869,신안네트빌2단지,강서구
11500|방화동|870,서울특별시 강서구 방화동 870,동부센트레빌,강서구
11500|방화동|871,서울특별시 강서구 방화동 871,방신서광,강서구
11500|방화동|872,서울특별시 강서구 방화동 872,마곡드림힐,강서구
11500|방화동|873,서울특별시 강서구 방화동 873,마곡우림1차아파트,강서구
11500|방화동|874,서울특별시 강서구 방화동 874,대림e-편한세상,강서구
11500|방화동|875,서울특별시 강서구 방화동 875,방화동동부센트레빌(875번지),강서구
11500|방화동|877,서울특별시 강서구 방화동 877,청성(877-0),강서구
11500|방화동|878,서울특별시 강서구 방화동 878,월드메르디앙101동,강서구
11500|방화동|879,서울특별시 강서구 방화동 879,"월드메르디앙201동,202동",강서구
11500|방화동|880,서울특별시 강서구 방화동 880,치현마을동일스위트리버,강서구
11500|방화동|881,서울특별시 강서구 방화동 881,보람,강서구
11500|방화동|885,서울특별시 강서구 방화동 885,방화동2차태승훼미리,강서구
11500|방화동|887,서울특별시 강서구 방화동 887,개화산경남아너스빌,강서구
11500|방화동|889,서울특별시 강서구 방화동 889,방화3차태승훼미리,강서구
11500|방화동|891,서울특별시 강서구 방화동 891,태승훼미리4차,강서구
11500|방화동|893,서울특별시 강서구 방화동 893,강서센트레빌3차,강서구
11500|방화동|894,서울특별시 강서구 방화동 894,강서센트레빌3차(894-0),강서구
11500|방화동|895,서울특별시 강서구 방화동 895,동일스위트리버2차,강서구
11500|방화동|898,서울특별시 강서구 방화동 898,경동팰리스힐,강서구
11500|방화동|902,서울특별시 강서구 방화동 902,방화메이빌,강서구
11500|방화동|903,서울특별시 강서구 방화동 903,신세계아파트,강서구
11500|방화동|904,서울특별시 강서구 방화동 904,신마곡벽산블루밍,강서구
11500|방화동|906,서울특별시 강서구 방화동 906,마곡센트레빌,강서구
11500|방화동|907,서울특별시 강서구 방화동 907,마곡우촌아파트,강서구
11500|염창동|240-1,서울특별시 강서구 염창동 240-1,강변월드메르디앙,강서구
11500|염창동|240-32,서울특별시 강서구 염창동 240-32,금호타운,강서구
11500|염창동|241-24,서울특별시 강서구 염창동 241-24,엠그린,강서구
11500|염창동|242-10,서울특별시 강서구 염창동 242-10,여명,강서구
11500|염창동|242-8,서울특별시 강서구 염창동 242-8,염창동예성그린캐슬,강서구
11500|염창동|244-2,서울특별시 강서구 염창동 244-2,삼성한마음,강서구
11500|염창동|245-1,서울특별시 강서구 염창동 245-1,이너스내안에201동,강서구
11500|염창동|246-23,서울특별시 강서구 염창동 246-23,극동,강서구
11500|염창동|248-3,서울특별시 강서구 염창동 248-3,삼성하나로,강서구
11500|염창동|248-7,서울특별시 강서구 염창동 248-7,염창하이츠빌딩,강서구
11500|염창동|249-11,서울특별시 강서구 염창동 249-11,현대2,강서구
11500|염창동|250-1,서울특별시 강서구 염창동 250-1,삼현팰리채,강서구
11500|염창동|250-3,서울특별시 강서구 염창동 250-3,이너스양화6차,강서구
11500|염창동|254-2,서울특별시 강서구 염창동 254-2,이너스내안에,강서구
11500|염창동|255,서울특별시 강서구 염창동 255,무학,강서구
11500|염창동|257,서울특별시 강서구 염창동 257,리버펠리스1동,강서구
11500|염창동|257-1,서울특별시 강서구 염창동 257-1,리버펠리스3동,강서구
11500|염창동|257-4,서울특별시 강서구 염창동 257-4,리버펠리스4동,강서구
11500|염창동|257-5,서울특별시 강서구 염창동 257-5,리버펠리스2동,강서구
11500|염창동|258-1,서울특별시 강서구 염창동 258-1,동아3,강서구
11500|염창동|262-2,서울특별시 강서구 염창동 262-2,대림,강서구
11500|염창동|263,서울특별시 강서구 염창동 263,태진한솔,강서구
11500|염창동|263-2,서울특별시 강서구 염창동 263-2,주상복합태진가람,강서구
11500|염창동|263-7,서울특별시 강서구 염창동 263-7,DH팰리스,강서구
11500|염창동|264-18,서울특별시 강서구 염창동 264-18,송촌,강서구
11500|염창동|264-27,서울특별시 강서구 염창동 264-27,삼성한아름,강서구
11500|염창동|265-28,서울특별시 강서구 염창동 265-28,보람더하임105동,강서구
11500|염창동|266,서울특별시 강서구 염창동 266,밝은햇살,강서구
11500|염창동|266-3,서울특별시 강서구 염창동 266-3,노블레스아파트,강서구
11500|염창동|267-15,서울특별시 강서구 염창동 267-15,노블레스3(267-15),강서구
11500|염창동|267-4,서울특별시 강서구 염창동 267-4,노블레스2(267-4),강서구
11500|염창동|268,서울특별시 강서구 염창동 268,관음삼성,강서구
11500|염창동|270-1,서울특별시 강서구 염창동 270-1,태영,강서구
11500|염창동|271-4,서울특별시 강서구 염창동 271-4,염창2차보람,강서구
11500|염창동|271-5,서울특별시 강서구 염창동 271-5,염창2차보람,강서구
11500|염창동|272-11,서울특별시 강서구 염창동 272-11,롯데캐슬,강서구
11500|염창동|272-28,서울특별시 강서구 염창동 272-28,염창3우성,강서구
11500|염창동|274-18,서울특별시 강서구 염창동 274-18,한울밸리움,강서구
11500|염창동|275,서울특별시 강서구 염창동 275,아르체움등촌,강서구
11500|염창동|275-5,서울특별시 강서구 염창동 275-5,등마루,강서구
11500|염창동|276-12,서울특별시 강서구 염창동 276-12,세왕네트빌,강서구
11500|염창동|279-15,서울특별시 강서구 염창동 279-15,뜨라네,강서구
11500|염창동|280,서울특별시 강서구 염창동 280,극동상록수,강서구
11500|염창동|281-22,서울특별시 강서구 염창동 281-22,염창1차한화꿈에그린,강서구
11500|염창동|282,서울특별시 강서구 염창동 282,삼정그린코아,강서구
11500|염창동|282-19,서울특별시 강서구 염창동 282-19,현대아이파크,강서구
11500|염창동|283-15,서울특별시 강서구 염창동 283-15,루나클래식2,강서구
11500|염창동|287-1,서울특별시 강서구 염창동 287-1,우성2,강서구
11500|염창동|288,서울특별시 강서구 염창동 288,현대1,강서구
11500|염창동|289,서울특별시 강서구 염창동 289,신동아,강서구
11500|염창동|290,서울특별시 강서구 염창동 290,벽산늘푸른,강서구
11500|염창동|291,서울특별시 강서구 염창동 291,현대3,강서구
11500|염창동|292,서울특별시 강서구 염창동 292,동아,강서구
11500|염창동|293,서울특별시 강서구 염창동 293,한강동아,강서구
11500|염창동|294,서울특별시 강서구 염창동 294,길훈,강서구
11500|염창동|295,서울특별시 강서구 염창동 295,성원,강서구
11500|염창동|296,서울특별시 강서구 염창동 296,태진드림피아,강서구
11500|염창동|297,서울특별시 강서구 염창동 297,월드메르디앙,강서구
11500|염창동|298,서울특별시 강서구 염창동 298,일신건영휴먼빌,강서구
11500|염창동|299,서울특별시 강서구 염창동 299,강변힐스테이트,강서구
11500|염창동|300,서울특별시 강서구 염창동 300,강변한솔솔파크,강서구
11500|염창동|301,서울특별시 강서구 염창동 301,염창3차보람,강서구
11500|염창동|302,서울특별시 강서구 염창동 302,염창2차한화꿈에그린,강서구
11500|염창동|303,서울특별시 강서구 염창동 303,강변코아루,강서구
11500|염창동|304,서울특별시 강서구 염창동 304,이너스5차동진,강서구
11500|염창동|305,서울특별시 강서구 염창동 305,염창1차보람더하임,강서구
11500|염창동|306,서울특별시 강서구 염창동 306,염창힐스테이트,강서구
11500|염창동|307,서울특별시 강서구 염창동 307,이너스내안에,강서구
11500|염창동|308,서울특별시 강서구 염창동 308,강서쌍용예가,강서구
11500|염창동|309,서울특별시 강서구 염창동 309,e편한세상염창,강서구
11500|염창동|311,서울특별시 강서구 염창동 311,등촌제이스카이,강서구
11500|염창동|57,서울특별시 강서구 염창동 57,지오빌,강서구
11500|염창동|66-9,서울특별시 강서구 염창동 66-9,염창동한강우성,강서구
11500|염창동|70-20,서울특별시 강서구 염창동 70-20,삼천리,강서구
11500|화곡동|1008-30,서울특별시 강서구 화곡동 1008-30,신세계아파트1,강서구
11500|화곡동|1009-6,서울특별시 강서구 화곡동 1009-6,신세계2차,강서구
11500|화곡동|1009-8,서울특별시 강서구 화곡동 1009-8,타워빌,강서구
11500|화곡동|1011-6,서울특별시 강서구 화곡동 1011-6,희훈리치파크,강서구
11500|화곡동|1012-1,서울특별시 강서구 화곡동 1012-1,신일골드빌,강서구
11500|화곡동|1014-12,서울특별시 강서구 화곡동 1014-12,은하수,강서구
11500|화곡동|1014-20,서울특별시 강서구 화곡동 1014-20,청솔,강서구
11500|화곡동|1018-32,서울특별시 강서구 화곡동 1018-32,수산동우,강서구
11500|화곡동|1019-19,서울특별시 강서구 화곡동 1019-19,광영다모은정아파트,강서구
11500|화곡동|102-307,서울특별시 강서구 화곡동 102-307,동양,강서구
11500|화곡동|102-88,서울특별시 강서구 화곡동 102-88,오케이B,강서구
11500|화곡동|102-90,서울특별시 강서구 화곡동 102-90,오케이A,강서구
11500|화곡동|1021-2,서울특별시 강서구 화곡동 1021-2,화곡대진(1021-2),강서구
11500|화곡동|1021-7,서울특별시 강서구 화곡동 1021-7,오복뜨란체,강서구
11500|화곡동|1024-23,서울특별시 강서구 화곡동 1024-23,프라임팰리스(1024-23),강서구
11500|화곡동|1026-13,서울특별시 강서구 화곡동 1026-13,우공팰리스102동,강서구
11500|화곡동|1026-18,서울특별시 강서구 화곡동 1026-18,윤탁아트리움,강서구
11500|화곡동|1026-2,서울특별시 강서구 화곡동 1026-2,덕현타워,강서구
11500|화곡동|1026-27,서울특별시 강서구 화곡동 1026-27,우공팰리스101동,강서구
11500|화곡동|1037-27,서울특별시 강서구 화곡동 1037-27,제이월드,강서구
11500|화곡동|1039-2,서울특별시 강서구 화곡동 1039-2,은하,강서구
11500|화곡동|1039-3,서울특별시 강서구 화곡동 1039-3,금호,강서구
11500|화곡동|105-362,서울특별시 강서구 화곡동 105-362,신한빌라트(105-362),강서구
11500|화곡동|105-500,서울특별시 강서구 화곡동 105-500,까치산(101동),강서구
11500|화곡동|105-502,서울특별시 강서구 화곡동 105-502,까치산(102동),강서구
11500|화곡동|1055-11,서울특별시 강서구 화곡동 1055-11,청우,강서구
11500|화곡동|1059-19,서울특별시 강서구 화곡동 1059-19,화곡한강,강서구
11500|화곡동|1061-34,서울특별시 강서구 화곡동 1061-34,다울,강서구
11500|화곡동|1065-2,서울특별시 강서구 화곡동 1065-2,한울에이치밸리움B동,강서구
11500|화곡동|1065-4,서울특별시 강서구 화곡동 1065-4,한울에이치밸리움A동,강서구
11500|화곡동|1071-19,서울특별시 강서구 화곡동 1071-19,강서뉴타워,강서구
11500|화곡동|1072-22,서울특별시 강서구 화곡동 1072-22,천우중앙,강서구
11500|화곡동|1074-18,서울특별시 강서구 화곡동 1074-18,서부인터빌아파트,강서구
11500|화곡동|1075-31,서울특별시 강서구 화곡동 1075-31,계명(1075-31),강서구
11500|화곡동|1076-2,서울특별시 강서구 화곡동 1076-2,근상프리즘(1076-2),강서구
11500|화곡동|1076-9,서울특별시 강서구 화곡동 1076-9,NS파크APT,강서구
11500|화곡동|1077-1,서울특별시 강서구 화곡동 1077-1,대종,강서구
11500|화곡동|1087,서울특별시 강서구 화곡동 1087,화곡1차보람더하임,강서구
11500|화곡동|1087-5,서울특별시 강서구 화곡동 1087-5,원흥타운,강서구
11500|화곡동|1088-8,서울특별시 강서구 화곡동 1088-8,삼우아파트,강서구
11500|화곡동|1091,서울특별시 강서구 화곡동 1091,화곡푸르지오,강서구
11500|화곡동|1095,서울특별시 강서구 화곡동 1095,그랜드아이파크,강서구
11500|화곡동|1095-4,서울특별시 강서구 화곡동 1095-4,강서그랜드아이파크주상복합,강서구
11500|화곡동|1101-3,서울특별시 강서구 화곡동 1101-3,로즈힐(1101-3),강서구
11500|화곡동|1101-8,서울특별시 강서구 화곡동 1101-8,올림푸스,강서구
11500|화곡동|1103-3,서울특별시 강서구 화곡동 1103-3,굿이모션(1103-3),강서구
11500|화곡동|111-149,서울특별시 강서구 화곡동 111-149,서림골드,강서구
11500|화곡동|1111-3,서울특별시 강서구 화곡동 1111-3,경동엠파이어스테이트,강서구
11500|화곡동|1122-4,서울특별시 강서구 화곡동 1122-4,광산(1122-4),강서구
11500|화곡동|1130-1,서울특별시 강서구 화곡동 1130-1,송이,강서구
11500|화곡동|1131-11,서울특별시 강서구 화곡동 1131-11,남광아파트(1131-11),강서구
11500|화곡동|1133-14,서울특별시 강서구 화곡동 1133-14,진성아파트102동,강서구
11500|화곡동|1133-7,서울특별시 강서구 화곡동 1133-7,진성101동,강서구
11500|화곡동|1137,서울특별시 강서구 화곡동 1137,곰달래,강서구
11500|화곡동|1138,서울특별시 강서구 화곡동 1138,신도금잔디,강서구
11500|화곡동|1139,서울특별시 강서구 화곡동 1139,초록,강서구
11500|화곡동|1140,서울특별시 강서구 화곡동 1140,태영방송인,강서구
11500|화곡동|1141,서울특별시 강서구 화곡동 1141,화곡삼익,강서구
11500|화곡동|1142,서울특별시 강서구 화곡동 1142,성삼하이츠,강서구
11500|화곡동|1143,서울특별시 강서구 화곡동 1143,은창,강서구
11500|화곡동|1144,서울특별시 강서구 화곡동 1144,우림루미아트아파트,강서구
11500|화곡동|1145,서울특별시 강서구 화곡동 1145,우장산롯데캐슬,강서구
11500|화곡동|1146,서울특별시 강서구 화곡동 1146,태창네스트힐,강서구
11500|화곡동|1147,서울특별시 강서구 화곡동 1147,우영,강서구
11500|화곡동|1148,서울특별시 강서구 화곡동 1148,우장산롯데,강서구
11500|화곡동|1149,서울특별시 강서구 화곡동 1149,화곡보람,강서구
11500|화곡동|1150,서울특별시 강서구 화곡동 1150,화곡3차보람,강서구
11500|화곡동|1151,서울특별시 강서구 화곡동 1151,우장산한화꿈에그린,강서구
11500|화곡동|1152,서울특별시 강서구 화곡동 1152,보람,강서구
11500|화곡동|1153,서울특별시 강서구 화곡동 1153,호용그린피아,강서구
11500|화곡동|1154,서울특별시 강서구 화곡동 1154,화곡6차보람쉬움,강서구
11500|화곡동|1155,서울특별시 강서구 화곡동 1155,탑건진선미,강서구
11500|화곡동|1156,서울특별시 강서구 화곡동 1156,우장산휴먼빌,강서구
11500|화곡동|1157,서울특별시 강서구 화곡동 1157,길성그랑프리텔,강서구
11500|화곡동|1158,서울특별시 강서구 화곡동 1158,우장산에스케이뷰,강서구
11500|화곡동|1159,서울특별시 강서구 화곡동 1159,"우장산아이파크,이편한세상",강서구
11500|화곡동|1160,서울특별시 강서구 화곡동 1160,상진지오벨리,강서구
11500|화곡동|1161,서울특별시 강서구 화곡동 1161,강서동도센트리움,강서구
11500|화곡동|1165,서울특별시 강서구 화곡동 1165,강서힐스테이트,강서구
11500|화곡동|1168,서울특별시 강서구 화곡동 1168,스위트드림아파트,강서구
11500|화곡동|1173,서울특별시 강서구 화곡동 1173,우장산숲아이파크,강서구
11500|화곡동|1175,서울특별시 강서구 화곡동 1175,화곡더리브스카이,강서구
11500|화곡동|143-11,서울특별시 강서구 화곡동 143-11,성재센트리움아파트,강서구
11500|화곡동|143-37,서울특별시 강서구 화곡동 143-37,(143-37),강서구
11500|화곡동|143-6,서울특별시 강서구 화곡동 143-6,성재센트리움아파트,강서구
11500|화곡동|161-7,서울특별시 강서구 화곡동 161-7,대호스카이빌,강서구
11500|화곡동|166-20,서울특별시 강서구 화곡동 166-20,수정,강서구
11500|화곡동|220-28,서울특별시 강서구 화곡동 220-28,홍진,강서구
11500|화곡동|24-123,서울특별시 강서구 화곡동 24-123,화성파크빌,강서구
11500|화곡동|24-124,서울특별시 강서구 화곡동 24-124,신원1차(24-124),강서구
11500|화곡동|24-130,서울특별시 강서구 화곡동 24-130,신원2차(24-130),강서구
11500|화곡동|24-134,서울특별시 강서구 화곡동 24-134,동우(24-134),강서구
11500|화곡동|24-138,서울특별시 강서구 화곡동 24-138,토석아네스아파트,강서구
11500|화곡동|24-147,서울특별시 강서구 화곡동 24-147,부영,강서구
11500|화곡동|24-175,서울특별시 강서구 화곡동 24-175,오화(24-175),강서구
11500|화곡동|24-176,서울특별시 강서구 화곡동 24-176,신원센스빌,강서구
11500|화곡동|24-539,서울특별시 강서구 화곡동 24-539,갤러리빌,강서구
11500|화곡동|24-90,서울특별시 강서구 화곡동 24-90,근상프리즘,강서구
11500|화곡동|26-9,서울특별시 강서구 화곡동 26-9,투원씨B동,강서구
11500|화곡동|29-38,서울특별시 강서구 화곡동 29-38,투원씨A동,강서구
11500|화곡동|29-68,서울특별시 강서구 화곡동 29-68,거성훼미리(29-68),강서구
11500|화곡동|29-79,서울특별시 강서구 화곡동 29-79,강동,강서구
11500|화곡동|342-35,서울특별시 강서구 화곡동 342-35,근상프리즘(342-35),강서구
11500|화곡동|342-44,서울특별시 강서구 화곡동 342-44,프라임하우스(342-44),강서구
11500|화곡동|343-21,서울특별시 강서구 화곡동 343-21,일광2차,강서구
11500|화곡동|343-33,서울특별시 강서구 화곡동 343-33,일광,강서구
11500|화곡동|343-35,서울특별시 강서구 화곡동 343-35,성재센트리움아파트(343-35),강서구
11500|화곡동|343-37,서울특별시 강서구 화곡동 343-37,성광,강서구
11500|화곡동|343-38,서울특별시 강서구 화곡동 343-38,성광(343-38),강서구
11500|화곡동|343-39,서울특별시 강서구 화곡동 343-39,우성(343-39),강서구
11500|화곡동|343-41,서울특별시 강서구 화곡동 343-41,다담센트빌,강서구
11500|화곡동|343-44,서울특별시 강서구 화곡동 343-44,계명아파트나동,강서구
11500|화곡동|343-45,서울특별시 강서구 화곡동 343-45,계명아파트다동,강서구
11500|화곡동|343-47,서울특별시 강서구 화곡동 343-47,남경에버빌(343-47),강서구
11500|화곡동|343-48,서울특별시 강서구 화곡동 343-48,남경리버빌(343-48),강서구
11500|화곡동|343-49,서울특별시 강서구 화곡동 343-49,혜성오피아파트,강서구
11500|화곡동|343-65,서울특별시 강서구 화곡동 343-65,계명가동(343-65),강서구
11500|화곡동|343-71,서울특별시 강서구 화곡동 343-71,벨라팰리스,강서구
11500|화곡동|343-75,서울특별시 강서구 화곡동 343-75,우성(343-75),강서구
11500|화곡동|346-19,서울특별시 강서구 화곡동 346-19,삼호그린(346-19),강서구
11500|화곡동|346-35,서울특별시 강서구 화곡동 346-35,동호그린,강서구
11500|화곡동|347-13,서울특별시 강서구 화곡동 347-13,태경(347-13),강서구
11500|화곡동|348-18,서울특별시 강서구 화곡동 348-18,태흥그랑뷰,강서구
11500|화곡동|350-33,서울특별시 강서구 화곡동 350-33,계명(350-33),강서구
11500|화곡동|350-34,서울특별시 강서구 화곡동 350-34,계명(350-34),강서구
11500|화곡동|351-89,서울특별시 강서구 화곡동 351-89,중앙화곡하이츠,강서구
11500|화곡동|353-20,서울특별시 강서구 화곡동 353-20,우성,강서구
11500|화곡동|353-27,서울특별시 강서구 화곡동 353-27,우성(353-27),강서구
11500|화곡동|354-52,서울특별시 강서구 화곡동 354-52,화곡동복지다동,강서구
11500|화곡동|354-54,서울특별시 강서구 화곡동 354-54,화곡동복지,강서구
11500|화곡동|355-22,서울특별시 강서구 화곡동 355-22,꿈동산(355-22),강서구
11500|화곡동|355-42,서울특별시 강서구 화곡동 355-42,정원,강서구
11500|화곡동|359-3,서울특별시 강서구 화곡동 359-3,대우그린,강서구
11500|화곡동|361-1,서울특별시 강서구 화곡동 361-1,대림e편한세상,강서구
11500|화곡동|367-30,서울특별시 강서구 화곡동 367-30,진민그린상가(367-30),강서구
11500|화곡동|377-21,서울특별시 강서구 화곡동 377-21,요산페어뷰,강서구
11500|화곡동|379-56,서울특별시 강서구 화곡동 379-56,태영(379-56),강서구
11500|화곡동|379-57,서울특별시 강서구 화곡동 379-57,"대성1,2호(379-57,가동)",강서구
11500|화곡동|379-58,서울특별시 강서구 화곡동 379-58,"대성3,4호(379-58,나동)",강서구
11500|화곡동|381-11,서울특별시 강서구 화곡동 381-11,"동서1,2호(381-11)",강서구
11500|화곡동|381-18,서울특별시 강서구 화곡동 381-18,대한아파트,강서구
11500|화곡동|381-22,서울특별시 강서구 화곡동 381-22,동서3호(381-22),강서구
11500|화곡동|381-7,서울특별시 강서구 화곡동 381-7,태경(381-7),강서구
11500|화곡동|391-2,서울특별시 강서구 화곡동 391-2,청우(391-2),강서구
11500|화곡동|392-57,서울특별시 강서구 화곡동 392-57,블루힐,강서구
11500|화곡동|392-58,서울특별시 강서구 화곡동 392-58,에이원,강서구
11500|화곡동|396-17,서울특별시 강서구 화곡동 396-17,주얼리,강서구
11500|화곡동|400-42,서울특별시 강서구 화곡동 400-42,뉴파인,강서구
11500|화곡동|400-60,서울특별시 강서구 화곡동 400-60,은하(400-60),강서구
11500|화곡동|401-2,서울특별시 강서구 화곡동 401-2,천우(401-2),강서구
11500|화곡동|401-25,서울특별시 강서구 화곡동 401-25,천우(401-25),강서구
11500|화곡동|404-2,서울특별시 강서구 화곡동 404-2,한솔스위트벨리,강서구
11500|화곡동|409-248,서울특별시 강서구 화곡동 409-248,미성아파트(연립),강서구
11500|화곡동|410-150,서울특별시 강서구 화곡동 410-150,세한(410-150),강서구
11500|화곡동|410-56,서울특별시 강서구 화곡동 410-56,우성(410-56),강서구
11500|화곡동|42-11,서울특별시 강서구 화곡동 42-11,강서타워,강서구
11500|화곡동|424-59,서울특별시 강서구 화곡동 424-59,가화(424-59)나동,강서구
11500|화곡동|425-29,서울특별시 강서구 화곡동 425-29,대진,강서구
11500|화곡동|453-4,서울특별시 강서구 화곡동 453-4,세양(453-4),강서구
11500|화곡동|453-5,서울특별시 강서구 화곡동 453-5,세양(453-5),강서구
11500|화곡동|457-1,서울특별시 강서구 화곡동 457-1,청송평화,강서구
11500|화곡동|46-116,서울특별시 강서구 화곡동 46-116,신보,강서구
11500|화곡동|46-120,서울특별시 강서구 화곡동 46-120,에이원A동,강서구
11500|화곡동|46-212,서울특별시 강서구 화곡동 46-212,밀레니엄,강서구
11500|화곡동|46-219,서울특별시 강서구 화곡동 46-219,한백e타운(46-219),강서구
11500|화곡동|46-220,서울특별시 강서구 화곡동 46-220,(46-220),강서구
11500|화곡동|46-35,서울특별시 강서구 화곡동 46-35,한솔,강서구
11500|화곡동|46-410,서울특별시 강서구 화곡동 46-410,에이원B둥,강서구
11500|화곡동|460-1,서울특별시 강서구 화곡동 460-1,푸른숲,강서구
11500|화곡동|461-4,서울특별시 강서구 화곡동 461-4,화곡예다움,강서구
11500|화곡동|465-13,서울특별시 강서구 화곡동 465-13,태성비리치,강서구
11500|화곡동|472-13,서울특별시 강서구 화곡동 472-13,양용아네스,강서구
11500|화곡동|473-4,서울특별시 강서구 화곡동 473-4,명지해드는터,강서구
11500|화곡동|474-1,서울특별시 강서구 화곡동 474-1,미주,강서구
11500|화곡동|474-18,서울특별시 강서구 화곡동 474-18,푸른숲2차(474-18),강서구
11500|화곡동|488-50,서울특별시 강서구 화곡동 488-50,신영,강서구
11500|화곡동|56-100,서울특별시 강서구 화곡동 56-100,동진빌라(56-100),강서구
11500|화곡동|56-11,서울특별시 강서구 화곡동 56-11,트윈캐슬B동(56-11),강서구
11500|화곡동|56-252,서울특별시 강서구 화곡동 56-252,우성트윈캐슬A동,강서구
11500|화곡동|56-28,서울특별시 강서구 화곡동 56-28,계명가동,강서구
11500|화곡동|56-29,서울특별시 강서구 화곡동 56-29,계명나동(56-29),강서구
11500|화곡동|56-30,서울특별시 강서구 화곡동 56-30,살렘,강서구
11500|화곡동|61-116,서울특별시 강서구 화곡동 61-116,한솔(61-116),강서구
11500|화곡동|61-9,서울특별시 강서구 화곡동 61-9,명주캐슬(61-9),강서구
11500|화곡동|786-10,서울특별시 강서구 화곡동 786-10,그레이스(786-10),강서구
11500|화곡동|786-9,서울특별시 강서구 화곡동 786-9,탑건화곡동진선미,강서구
11500|화곡동|788-39,서울특별시 강서구 화곡동 788-39,예지보금자리,강서구
11500|화곡동|790-3,서울특별시 강서구 화곡동 790-3,천우네오젠(790-3),강서구
11500|화곡동|80-4,서울특별시 강서구 화곡동 80-4,호성그린아트빌,강서구
11500|화곡동|824-13,서울특별시 강서구 화곡동 824-13,진흥,강서구
11500|화곡동|84-31,서울특별시 강서구 화곡동 84-31,홍진시범1,강서구
11500|화곡동|840-6,서울특별시 강서구 화곡동 840-6,그라비스,강서구
11500|화곡동|849-7,서울특별시 강서구 화곡동 849-7,계명(849-7),강서구
11500|화곡동|854-1,서울특별시 강서구 화곡동 854-1,삼성,강서구
11500|화곡동|885-1,서울특별시 강서구 화곡동 885-1,율창(885-1),강서구
11500|화곡동|887-1,서울특별시 강서구 화곡동 887-1,태승훼밀리,강서구
11500|화곡동|887-11,서울특별시 강서구 화곡동 887-11,태승,강서구
11500|화곡동|888-1,서울특별시 강서구 화곡동 888-1,율창,강서구
11500|화곡동|894-1,서울특별시 강서구 화곡동 894-1,산내들,강서구
11500|화곡동|894-12,서울특별시 강서구 화곡동 894-12,오경아파트,강서구
11500|화곡동|894-9,서울특별시 강서구 화곡동 894-9,은하센트리움,강서구
11500|화곡동|895-6,서울특별시 강서구 화곡동 895-6,현대그린,강서구
11500|화곡동|897-2,서울특별시 강서구 화곡동 897-2,루체비스타,강서구
11500|화곡동|899-13,서울특별시 강서구 화곡동 899-13,드림시드아파트1차,강서구
11500|화곡동|899-2,서울특별시 강서구 화곡동 899-2,세림,강서구
11500|화곡동|899-21,서울특별시 강서구 화곡동 899-21,양지샤인아파트,강서구
11500|화곡동|899-25,서울특별시 강서구 화곡동 899-25,창대,강서구
11500|화곡동|899-27,서울특별시 강서구 화곡동 899-27,GMValley,강서구
11500|화곡동|899-31,서울특별시 강서구 화곡동 899-31,디아인스,강서구
11500|화곡동|899-4,서울특별시 강서구 화곡동 899-4,동양하우징(899-4),강서구
11500|화곡동|899-8,서울특별시 강서구 화곡동 899-8,한울아파트,강서구
11500|화곡동|900-1,서울특별시 강서구 화곡동 900-1,해태드림타운,강서구
11500|화곡동|900-28,서울특별시 강서구 화곡동 900-28,에스타워,강서구
11500|화곡동|900-39,서울특별시 강서구 화곡동 900-39,삼익플로리아,강서구
11500|화곡동|900-44,서울특별시 강서구 화곡동 900-44,송민,강서구
11500|화곡동|900-47,서울특별시 강서구 화곡동 900-47,센트럴파크아파트,강서구
11500|화곡동|901-10,서울특별시 강서구 화곡동 901-10,일현세일,강서구
11500|화곡동|901-13,서울특별시 강서구 화곡동 901-13,한백E타운아파트,강서구
11500|화곡동|901-7,서울특별시 강서구 화곡동 901-7,제일에비앙,강서구
11500|화곡동|909-2,서울특별시 강서구 화곡동 909-2,화곡대진,강서구
11500|화곡동|911-10,서울특별시 강서구 화곡동 911-10,삼성홈타운,강서구
11500|화곡동|911-12,서울특별시 강서구 화곡동 911-12,화곡동성재,강서구
11500|화곡동|911-14,서울특별시 강서구 화곡동 911-14,궁전A동,강서구
11500|화곡동|912-1,서울특별시 강서구 화곡동 912-1,궁전(912-1)B동,강서구
11500|화곡동|913-1,서울특별시 강서구 화곡동 913-1,삼도,강서구
11500|화곡동|914-10,서울특별시 강서구 화곡동 914-10,남촌,강서구
11500|화곡동|914-3,서울특별시 강서구 화곡동 914-3,일성스카이빌,강서구
11500|화곡동|914-32,서울특별시 강서구 화곡동 914-32,세교예지안5차,강서구
11500|화곡동|914-37,서울특별시 강서구 화곡동 914-37,아녜스타워4,강서구
11500|화곡동|915-16,서울특별시 강서구 화곡동 915-16,삼백,강서구
11500|화곡동|915-21,서울특별시 강서구 화곡동 915-21,우진,강서구
11500|화곡동|915-26,서울특별시 강서구 화곡동 915-26,한신베네스트아파트,강서구
11500|화곡동|915-30,서울특별시 강서구 화곡동 915-30,임탑-A,강서구
11500|화곡동|915-33,서울특별시 강서구 화곡동 915-33,황제팰리체(And Pra space),강서구
11500|화곡동|915-39,서울특별시 강서구 화곡동 915-39,드림시드아파트,강서구
11500|화곡동|915-6,서울특별시 강서구 화곡동 915-6,한백e,강서구
11500|화곡동|915-8,서울특별시 강서구 화곡동 915-8,팔라이스아파트먼트(915-8),강서구
11500|화곡동|916-11,서울특별시 강서구 화곡동 916-11,찬누리,강서구
11500|화곡동|916-14,서울특별시 강서구 화곡동 916-14,승윤노블리안,강서구
11500|화곡동|916-2,서울특별시 강서구 화곡동 916-2,위하우스아파트,강서구
11500|화곡동|916-32,서울특별시 강서구 화곡동 916-32,우공팰리스,강서구
11500|화곡동|916-5,서울특별시 강서구 화곡동 916-5,프라임하우스(916-5),강서구
11500|화곡동|916-6,서울특별시 강서구 화곡동 916-6,천우네오젠9차,강서구
11500|화곡동|916-7,서울특별시 강서구 화곡동 916-7,천우(916-7),강서구
11500|화곡동|916-9,서울특별시 강서구 화곡동 916-9,프라임하우스(916-9),강서구
11500|화곡동|917-14,서울특별시 강서구 화곡동 917-14,삼성다빈치(917-14),강서구
11500|화곡동|917-16,서울특별시 강서구 화곡동 917-16,태영그린(917-16),강서구
11500|화곡동|917-4,서울특별시 강서구 화곡동 917-4,세림아파트,강서구
11500|화곡동|917-5,서울특별시 강서구 화곡동 917-5,남광아파트,강서구
11500|화곡동|918-12,서울특별시 강서구 화곡동 918-12,강서뉴,강서구
11500|화곡동|918-14,서울특별시 강서구 화곡동 918-14,도양라비앙아파트,강서구
11500|화곡동|918-18,서울특별시 강서구 화곡동 918-18,태영,강서구
11500|화곡동|918-25,서울특별시 강서구 화곡동 918-25,AndPra레지던스,강서구
11500|화곡동|918-38,서울특별시 강서구 화곡동 918-38,성재센트리움,강서구
11500|화곡동|918-6,서울특별시 강서구 화곡동 918-6,크로스캐슬,강서구
11500|화곡동|919-1,서울특별시 강서구 화곡동 919-1,유림노르웨이숲(919-1),강서구
11500|화곡동|919-2,서울특별시 강서구 화곡동 919-2,팔라이스타워,강서구
11500|화곡동|920-15,서울특별시 강서구 화곡동 920-15,남광아파트,강서구
11500|화곡동|920-16,서울특별시 강서구 화곡동 920-16,청솔펠리스(920-16),강서구
11500|화곡동|920-5,서울특별시 강서구 화곡동 920-5,SPACE(920-5),강서구
11500|화곡동|921-18,서울특별시 강서구 화곡동 921-18,동훈타마르(921-18),강서구
11500|화곡동|922-17,서울특별시 강서구 화곡동 922-17,우공아파트,강서구
11500|화곡동|923-10,서울특별시 강서구 화곡동 923-10,남광쉐르빌(923-10),강서구
11500|화곡동|923-17,서울특별시 강서구 화곡동 923-17,효성A(923-17),강서구
11500|화곡동|923-18,서울특별시 강서구 화곡동 923-18,효성B(923-18),강서구
11500|화곡동|923-2,서울특별시 강서구 화곡동 923-2,현대홈타운(923-2),강서구
11500|화곡동|924-1,서울특별시 강서구 화곡동 924-1,리치아파트,강서구
11500|화곡동|924-10,서울특별시 강서구 화곡동 924-10,스카이(924-10),강서구
11500|화곡동|924-14,서울특별시 강서구 화곡동 924-14,프라임주택,강서구
11500|화곡동|924-15,서울특별시 강서구 화곡동 924-15,세교예지안6차,강서구
11500|화곡동|924-17,서울특별시 강서구 화곡동 924-17,유원펠리체(924-17),강서구
11500|화곡동|925-1,서울특별시 강서구 화곡동 925-1,한백아파트,강서구
11500|화곡동|925-11,서울특별시 강서구 화곡동 925-11,세교예지안2차,강서구
11500|화곡동|925-17,서울특별시 강서구 화곡동 925-17,프라임하우스(925-17),강서구
11500|화곡동|925-24,서울특별시 강서구 화곡동 925-24,임탑-B,강서구
11500|화곡동|925-26,서울특별시 강서구 화곡동 925-26,트리움팰리스,강서구
11500|화곡동|925-3,서울특별시 강서구 화곡동 925-3,SRvill(925-3),강서구
11500|화곡동|925-5,서울특별시 강서구 화곡동 925-5,풍원팰리스,강서구
11500|화곡동|926-3,서울특별시 강서구 화곡동 926-3,메종드로제,강서구
11500|화곡동|926-4,서울특별시 강서구 화곡동 926-4,지석,강서구
11500|화곡동|926-5,서울특별시 강서구 화곡동 926-5,한양아이클래스,강서구
11500|화곡동|927-1,서울특별시 강서구 화곡동 927-1,웰라이빌,강서구
11500|화곡동|928-23,서울특별시 강서구 화곡동 928-23,로얄홈타운(928-23)101동,강서구
11500|화곡동|928-25,서울특별시 강서구 화곡동 928-25,로얄홈타운(102동),강서구
11500|화곡동|928-27,서울특별시 강서구 화곡동 928-27,로얄홈타운(103동),강서구
11500|화곡동|931-9,서울특별시 강서구 화곡동 931-9,중앙(931-9),강서구
11500|화곡동|935-9,서울특별시 강서구 화곡동 935-9,무궁화,강서구
11500|화곡동|938-23,서울특별시 강서구 화곡동 938-23,에스엠케이아파트,강서구
11500|화곡동|938-25,서울특별시 강서구 화곡동 938-25,성재,강서구
11500|화곡동|938-26,서울특별시 강서구 화곡동 938-26,한경빌(938-26),강서구
11500|화곡동|955-9,서울특별시 강서구 화곡동 955-9,근상프리즘(955-9),강서구
11500|화곡동|957-1,서울특별시 강서구 화곡동 957-1,근상프리즘(957-1),강서구
11500|화곡동|980-21,서울특별시 강서구 화곡동 980-21,강서아이파크,강서구
11500|화곡동|981-1,서울특별시 강서구 화곡동 981-1,서광프리메라,강서구
11500|화곡동|992-10,서울특별시 강서구 화곡동 992-10,우장산청솔(992-10),강서구
11500|화곡동|992-11,서울특별시 강서구 화곡동 992-11,우장산청솔(992-11),강서구
11500|화곡동|998-5,서울특별시 강서구 화곡동 998-5,강서크라운팰리스,강서구
11500|화곡동|산70-1,서울특별시 강서구 화곡동 산70-1,우신,강서구
11500|화곡동|산70-26,서울특별시 강서구 화곡동 산70-26,우신(70-26),강서구
11530|가리봉동|137-7,서울특별시 구로구 가리봉동 137-7,미래하이츠,구로구
11530|가리봉동|139,서울특별시 구로구 가리봉동 139,효성,구로구
11530|가리봉동|779,서울특별시 구로구 가리봉동 779,남구로역동일센타시아,구로구
11530|개봉동|170-30,서울특별시 구로구 개봉동 170-30,신개봉삼환,구로구
11530|개봉동|171-2,서울특별시 구로구 개봉동 171-2,신영지웰에스테이트개봉역,구로구
11530|개봉동|175-8,서울특별시 구로구 개봉동 175-8,청실,구로구
11530|개봉동|179-11,서울특별시 구로구 개봉동 179-11,에드가개봉,구로구
11530|개봉동|199-4,서울특별시 구로구 개봉동 199-4,림괄,구로구
11530|개봉동|20-1,서울특별시 구로구 개봉동 20-1,창동,구로구
11530|개봉동|270-80,서울특별시 구로구 개봉동 270-80,거성,구로구
11530|개봉동|304-12,서울특별시 구로구 개봉동 304-12,레오,구로구
11530|개봉동|304-16,서울특별시 구로구 개봉동 304-16,건양,구로구
11530|개봉동|306-3,서울특별시 구로구 개봉동 306-3,신세기,구로구
11530|개봉동|312-38,서울특별시 구로구 개봉동 312-38,길훈,구로구
11530|개봉동|313-32,서울특별시 구로구 개봉동 313-32,동서아파트(313-32),구로구
11530|개봉동|318-1,서울특별시 구로구 개봉동 318-1,신양지(나동),구로구
11530|개봉동|318-36,서울특별시 구로구 개봉동 318-36,신양지(가동),구로구
11530|개봉동|322-12,서울특별시 구로구 개봉동 322-12,중앙힐,구로구
11530|개봉동|333-3,서울특별시 구로구 개봉동 333-3,천신하이츠,구로구
11530|개봉동|333-6,서울특별시 구로구 개봉동 333-6,비젼,구로구
11530|개봉동|335-1,서울특별시 구로구 개봉동 335-1,동인,구로구
11530|개봉동|346-33,서울특별시 구로구 개봉동 346-33,건양(346-33),구로구
11530|개봉동|361-1,서울특별시 구로구 개봉동 361-1,제일아파트,구로구
11530|개봉동|366-1,서울특별시 구로구 개봉동 366-1,왕궁,구로구
11530|개봉동|367-2,서울특별시 구로구 개봉동 367-2,태경하이빌,구로구
11530|개봉동|469,서울특별시 구로구 개봉동 469,우성,구로구
11530|개봉동|47-1,서울특별시 구로구 개봉동 47-1,건영,구로구
11530|개봉동|470,서울특별시 구로구 개봉동 470,삼환,구로구
11530|개봉동|471,서울특별시 구로구 개봉동 471,삼호,구로구
11530|개봉동|472,서울특별시 구로구 개봉동 472,두산,구로구
11530|개봉동|473,서울특별시 구로구 개봉동 473,상우,구로구
11530|개봉동|475,서울특별시 구로구 개봉동 475,영화,구로구
11530|개봉동|476,서울특별시 구로구 개봉동 476,한마을,구로구
11530|개봉동|477,서울특별시 구로구 개봉동 477,대상,구로구
11530|개봉동|478,서울특별시 구로구 개봉동 478,한진,구로구
11530|개봉동|479,서울특별시 구로구 개봉동 479,진로,구로구
11530|개봉동|480,서울특별시 구로구 개봉동 480,현대홈타운,구로구
11530|개봉동|481,서울특별시 구로구 개봉동 481,현대,구로구
11530|개봉동|483,서울특별시 구로구 개봉동 483,율포그레이스빌,구로구
11530|개봉동|484,서울특별시 구로구 개봉동 484,고운아파트,구로구
11530|개봉동|486,서울특별시 구로구 개봉동 486,화신,구로구
11530|개봉동|487,서울특별시 구로구 개봉동 487,개봉동상우,구로구
11530|개봉동|488,서울특별시 구로구 개봉동 488,영화아이닉스,구로구
11530|개봉동|489,서울특별시 구로구 개봉동 489,개봉동현대아이파크,구로구
11530|개봉동|491,서울특별시 구로구 개봉동 491,LIPe-푸른아파트,구로구
11530|개봉동|492,서울특별시 구로구 개봉동 492,개봉푸르지오,구로구
11530|개봉동|493,서울특별시 구로구 개봉동 493,한양아이클래스구로,구로구
11530|개봉동|501,서울특별시 구로구 개봉동 501,호반써밋개봉,구로구
11530|개봉동|503,서울특별시 구로구 개봉동 503,세이지움개봉,구로구
11530|개봉동|60-101,서울특별시 구로구 개봉동 60-101,거성푸르뫼,구로구
11530|개봉동|60-82,서울특별시 구로구 개봉동 60-82,거성푸르뫼2,구로구
11530|개봉동|61-2,서울특별시 구로구 개봉동 61-2,수영힐(가동),구로구
11530|개봉동|63-15,서울특별시 구로구 개봉동 63-15,수영힐(나동),구로구
11530|개봉동|70-12,서울특별시 구로구 개봉동 70-12,동도센트리움(70-12),구로구
11530|고척동|141-1,서울특별시 구로구 고척동 141-1,서울가든,구로구
11530|고척동|167-102,서울특별시 구로구 고척동 167-102,진성그린아파트,구로구
11530|고척동|171-21,서울특별시 구로구 고척동 171-21,해피그린(171-21),구로구
11530|고척동|171-31,서울특별시 구로구 고척동 171-31,해피그린(171-31),구로구
11530|고척동|172-24,서울특별시 구로구 고척동 172-24,해피그린(171-24),구로구
11530|고척동|215-3,서울특별시 구로구 고척동 215-3,예인,구로구
11530|고척동|215-5,서울특별시 구로구 고척동 215-5,진성,구로구
11530|고척동|227-1,서울특별시 구로구 고척동 227-1,한성,구로구
11530|고척동|269-1,서울특별시 구로구 고척동 269-1,개봉청구,구로구
11530|고척동|296,서울특별시 구로구 고척동 296,대우,구로구
11530|고척동|306,서울특별시 구로구 고척동 306,경남2,구로구
11530|고척동|320,서울특별시 구로구 고척동 320,센츄리,구로구
11530|고척동|321,서울특별시 구로구 고척동 321,우성꿈동산,구로구
11530|고척동|322,서울특별시 구로구 고척동 322,성원,구로구
11530|고척동|323,서울특별시 구로구 고척동 323,그랜드,구로구
11530|고척동|324,서울특별시 구로구 고척동 324,신원프라자,구로구
11530|고척동|325,서울특별시 구로구 고척동 325,경남1,구로구
11530|고척동|326,서울특별시 구로구 고척동 326,청구,구로구
11530|고척동|327,서울특별시 구로구 고척동 327,동아한신,구로구
11530|고척동|328,서울특별시 구로구 고척동 328,양우,구로구
11530|고척동|329,서울특별시 구로구 고척동 329,청솔우성,구로구
11530|고척동|330,서울특별시 구로구 고척동 330,삼익(1단지),구로구
11530|고척동|331,서울특별시 구로구 고척동 331,삼익(2단지),구로구
11530|고척동|333,서울특별시 구로구 고척동 333,하이리빙,구로구
11530|고척동|334,서울특별시 구로구 고척동 334,벽산,구로구
11530|고척동|335,서울특별시 구로구 고척동 335,예주유니츠,구로구
11530|고척동|336,서울특별시 구로구 고척동 336,삼환로즈빌,구로구
11530|고척동|337,서울특별시 구로구 고척동 337,한일유앤아이,구로구
11530|고척동|338,서울특별시 구로구 고척동 338,마젤란,구로구
11530|고척동|339,서울특별시 구로구 고척동 339,고척파크푸르지오,구로구
11530|고척동|340,서울특별시 구로구 고척동 340,고척LIG리가1차,구로구
11530|고척동|340-1,서울특별시 구로구 고척동 340-1,고척LIG리가2차,구로구
11530|고척동|342,서울특별시 구로구 고척동 342,벽산베스트블루밍,구로구
11530|고척동|343,서울특별시 구로구 고척동 343,고척월드메르디앙,구로구
11530|고척동|346,서울특별시 구로구 고척동 346,라이프플러스,구로구
11530|고척동|352,서울특별시 구로구 고척동 352,더헤리츠,구로구
11530|고척동|52-332,서울특별시 구로구 고척동 52-332,한효,구로구
11530|고척동|57-9,서울특별시 구로구 고척동 57-9,산업인,구로구
11530|고척동|76-55,서울특별시 구로구 고척동 76-55,"우성,현대아파트",구로구
11530|고척동|97-3,서울특별시 구로구 고척동 97-3,삼명,구로구
11530|구로동|100-8,서울특별시 구로구 구로동 100-8,신안타워,구로구
11530|구로동|103-6,서울특별시 구로구 구로동 103-6,구로오네뜨시티,구로구
11530|구로동|104-3,서울특별시 구로구 구로동 104-3,해담채3,구로구
11530|구로동|104-6,서울특별시 구로구 구로동 104-6,그린플러스구로해담채2,구로구
11530|구로동|104-8,서울특별시 구로구 구로동 104-8,비즈트위트레드,구로구
11530|구로동|104-9,서울특별시 구로구 구로동 104-9,성호메이플라워멤버스빌,구로구
11530|구로동|1058,서울특별시 구로구 구로동 1058,우성(1058),구로구
11530|구로동|106,서울특별시 구로구 구로동 106,동도아르떼빌,구로구
11530|구로동|106-10,서울특별시 구로구 구로동 106-10,순영웰라이빌1차,구로구
11530|구로동|106-2,서울특별시 구로구 구로동 106-2,대림역포스큐,구로구
11530|구로동|107-1,서울특별시 구로구 구로동 107-1,대림역대성스카이렉스,구로구
11530|구로동|107-4,서울특별시 구로구 구로동 107-4,비즈트위트블루,구로구
11530|구로동|108,서울특별시 구로구 구로동 108,현대파크빌,구로구
11530|구로동|108-2,서울특별시 구로구 구로동 108-2,새솔금호,구로구
11530|구로동|108-4,서울특별시 구로구 구로동 108-4,아스타빌,구로구
11530|구로동|110,서울특별시 구로구 구로동 110,종인아네스트,구로구
11530|구로동|110-1,서울특별시 구로구 구로동 110-1,희훈타워빌,구로구
11530|구로동|110-10,서울특별시 구로구 구로동 110-10,효성,구로구
11530|구로동|110-11,서울특별시 구로구 구로동 110-11,늘푸른주상복합,구로구
11530|구로동|110-4,서울특별시 구로구 구로동 110-4,도림두산베어스타워,구로구
11530|구로동|110-8,서울특별시 구로구 구로동 110-8,하나세인스톤1차,구로구
11530|구로동|110-9,서울특별시 구로구 구로동 110-9,우원그린빌,구로구
11530|구로동|120,서울특별시 구로구 구로동 120,대림우성2,구로구
11530|구로동|1256,서울특별시 구로구 구로동 1256,구로현대,구로구
11530|구로동|1257,서울특별시 구로구 구로동 1257,럭키,구로구
11530|구로동|1259,서울특별시 구로구 구로동 1259,구일우성,구로구
11530|구로동|1260,서울특별시 구로구 구로동 1260,이화우성,구로구
11530|구로동|1261,서울특별시 구로구 구로동 1261,일신건영,구로구
11530|구로동|1262,서울특별시 구로구 구로동 1262,월드,구로구
11530|구로동|1263,서울특별시 구로구 구로동 1263,신도림롯데아파트,구로구
11530|구로동|1265,서울특별시 구로구 구로동 1265,구로두산,구로구
11530|구로동|1267,서울특별시 구로구 구로동 1267,신도림태영타운,구로구
11530|구로동|1268,서울특별시 구로구 구로동 1268,영화참마음,구로구
11530|구로동|1269,서울특별시 구로구 구로동 1269,중앙하이츠(1269),구로구
11530|구로동|1270,서울특별시 구로구 구로동 1270,뉴홍현솔레디움,구로구
11530|구로동|1271,서울특별시 구로구 구로동 1271,보람쉬움,구로구
11530|구로동|1272,서울특별시 구로구 구로동 1272,미래타워,구로구
11530|구로동|1273,서울특별시 구로구 구로동 1273,대림아르빌,구로구
11530|구로동|1274,서울특별시 구로구 구로동 1274,신성미소지움,구로구
11530|구로동|1275,서울특별시 구로구 구로동 1275,성삼하이츠,구로구
11530|구로동|1277,서울특별시 구로구 구로동 1277,우리유앤미,구로구
11530|구로동|1278,서울특별시 구로구 구로동 1278,구로두산위브,구로구
11530|구로동|1279,서울특별시 구로구 구로동 1279,우민늘푸른,구로구
11530|구로동|1280,서울특별시 구로구 구로동 1280,한신휴플러스(1280-0),구로구
11530|구로동|1280-1,서울특별시 구로구 구로동 1280-1,한신휴플러스(1280-1),구로구
11530|구로동|1281,서울특별시 구로구 구로동 1281,한일유앤아이,구로구
11530|구로동|1282,서울특별시 구로구 구로동 1282,덕영드림,구로구
11530|구로동|1283,서울특별시 구로구 구로동 1283,근상프리즘,구로구
11530|구로동|1284,서울특별시 구로구 구로동 1284,우성에비뉴,구로구
11530|구로동|1285,서울특별시 구로구 구로동 1285,대림역경남아너스빌,구로구
11530|구로동|1286,서울특별시 구로구 구로동 1286,다울숲,구로구
11530|구로동|1287,서울특별시 구로구 구로동 1287,구로지웰,구로구
11530|구로동|1289,서울특별시 구로구 구로동 1289,승윤노블리안,구로구
11530|구로동|145-23,서울특별시 구로구 구로동 145-23,성락,구로구
11530|구로동|23,서울특별시 구로구 구로동 23,우성(23),구로구
11530|구로동|256-1,서울특별시 구로구 구로동 256-1,삼성래미안,구로구
11530|구로동|314,서울특별시 구로구 구로동 314,극동,구로구
11530|구로동|317-213,서울특별시 구로구 구로동 317-213,골드마인(나동),구로구
11530|구로동|317-8,서울특별시 구로구 구로동 317-8,골드마인(가동),구로구
11530|구로동|415-37,서울특별시 구로구 구로동 415-37,한일퍼스트빌(415-37),구로구
11530|구로동|42,서울특별시 구로구 구로동 42,신도림LG자이,구로구
11530|구로동|43-1,서울특별시 구로구 구로동 43-1,신도림로제리움,구로구
11530|구로동|43-2,서울특별시 구로구 구로동 43-2,예원아파트,구로구
11530|구로동|43-4,서울특별시 구로구 구로동 43-4,다솜금호,구로구
11530|구로동|44-5,서울특별시 구로구 구로동 44-5,비즈트위트레인보우,구로구
11530|구로동|44-8,서울특별시 구로구 구로동 44-8,비즈트위트오렌지,구로구
11530|구로동|440,서울특별시 구로구 구로동 440,보광,구로구
11530|구로동|446-54,서울특별시 구로구 구로동 446-54,일동행복세상,구로구
11530|구로동|46,서울특별시 구로구 구로동 46,쌍용플래티넘노블,구로구
11530|구로동|46-4,서울특별시 구로구 구로동 46-4,하나세인스톤3차,구로구
11530|구로동|46-5,서울특별시 구로구 구로동 46-5,한스타워,구로구
11530|구로동|468,서울특별시 구로구 구로동 468,초롱타운,구로구
11530|구로동|487-24,서울특별시 구로구 구로동 487-24,M센트럴뷰,구로구
11530|구로동|49,서울특별시 구로구 구로동 49,금호,구로구
11530|구로동|501,서울특별시 구로구 구로동 501,신구로자이,구로구
11530|구로동|560,서울특별시 구로구 구로동 560,신도림현대,구로구
11530|구로동|567-4,서울특별시 구로구 구로동 567-4,구로에스케이뷰,구로구
11530|구로동|642-33,서울특별시 구로구 구로동 642-33,현대의보아파트,구로구
11530|구로동|642-39,서울특별시 구로구 구로동 642-39,한국현대,구로구
11530|구로동|642-46,서울특별시 구로구 구로동 642-46,우방,구로구
11530|구로동|642-9,서울특별시 구로구 구로동 642-9,한신,구로구
11530|구로동|685-124,서울특별시 구로구 구로동 685-124,중앙하이츠,구로구
11530|구로동|685-147,서울특별시 구로구 구로동 685-147,현대상선,구로구
11530|구로동|685-154,서울특별시 구로구 구로동 685-154,다원그린빌,구로구
11530|구로동|685-222,서울특별시 구로구 구로동 685-222,주공1,구로구
11530|구로동|685-223,서울특별시 구로구 구로동 685-223,주공2,구로구
11530|구로동|685-280,서울특별시 구로구 구로동 685-280,칠성3,구로구
11530|구로동|685-70,서울특별시 구로구 구로동 685-70,현대연예인,구로구
11530|구로동|701-76,서울특별시 구로구 구로동 701-76,현대로얄,구로구
11530|구로동|716-17,서울특별시 구로구 구로동 716-17,(716-17),구로구
11530|구로동|716-18,서울특별시 구로구 구로동 716-18,우진,구로구
11530|구로동|716-22,서울특별시 구로구 구로동 716-22,(716-22)우진빌라C,구로구
11530|구로동|716-23,서울특별시 구로구 구로동 716-23,(716-23)우진빌라1차B,구로구
11530|구로동|716-25,서울특별시 구로구 구로동 716-25,(716-25)우진빌라1차A,구로구
11530|구로동|717-10,서울특별시 구로구 구로동 717-10,(717-10),구로구
11530|구로동|717-11,서울특별시 구로구 구로동 717-11,세명,구로구
11530|구로동|717-14,서울특별시 구로구 구로동 717-14,(717-14)경원주택3동,구로구
11530|구로동|717-15,서울특별시 구로구 구로동 717-15,(717-15)경원주택5동,구로구
11530|구로동|717-20,서울특별시 구로구 구로동 717-20,(717-20)한성,구로구
11530|구로동|717-21,서울특별시 구로구 구로동 717-21,(717-21)경원주택2동,구로구
11530|구로동|717-22,서울특별시 구로구 구로동 717-22,(717-22)함양주택,구로구
11530|구로동|717-23,서울특별시 구로구 구로동 717-23,(717-23)함양주택,구로구
11530|구로동|717-24,서울특별시 구로구 구로동 717-24,(717-24)함양주택,구로구
11530|구로동|717-39,서울특별시 구로구 구로동 717-39,(717-39),구로구
11530|구로동|717-5,서울특별시 구로구 구로동 717-5,(717-5)미래빌라,구로구
11530|구로동|718-10,서울특별시 구로구 구로동 718-10,(718-10)옥천빌라,구로구
11530|구로동|718-11,서울특별시 구로구 구로동 718-11,(718-11)경원주택6동,구로구
11530|구로동|718-12,서울특별시 구로구 구로동 718-12,(718-12)부국주택,구로구
11530|구로동|718-16,서울특별시 구로구 구로동 718-16,(718-16)경원주택,구로구
11530|구로동|718-17,서울특별시 구로구 구로동 718-17,(718-17)문화아트빌라,구로구
11530|구로동|718-18,서울특별시 구로구 구로동 718-18,(718-18)삼성빌라트,구로구
11530|구로동|718-22,서울특별시 구로구 구로동 718-22,(718-22),구로구
11530|구로동|718-23,서울특별시 구로구 구로동 718-23,(718-23)삼성빌라트,구로구
11530|구로동|718-24,서울특별시 구로구 구로동 718-24,(718-24)경원주택,구로구
11530|구로동|718-28,서울특별시 구로구 구로동 718-28,(718-28),구로구
11530|구로동|718-29,서울특별시 구로구 구로동 718-29,(718-29)청원아트빌라,구로구
11530|구로동|718-4,서울특별시 구로구 구로동 718-4,(718-4)한진주택,구로구
11530|구로동|718-7,서울특별시 구로구 구로동 718-7,(718-7),구로구
11530|구로동|730-2,서울특별시 구로구 구로동 730-2,남촌홈타운(730-2),구로구
11530|구로동|738-27,서울특별시 구로구 구로동 738-27,계영주택(738-27),구로구
11530|구로동|738-39,서울특별시 구로구 구로동 738-39,청우아트빌리지(738-39),구로구
11530|구로동|739-19,서울특별시 구로구 구로동 739-19,(739-19),구로구
11530|구로동|739-29,서울특별시 구로구 구로동 739-29,(739-29),구로구
11530|구로동|739-43,서울특별시 구로구 구로동 739-43,(739-43),구로구
11530|구로동|74-30,서울특별시 구로구 구로동 74-30,현대,구로구
11530|구로동|740-1,서울특별시 구로구 구로동 740-1,청송빌라,구로구
11530|구로동|740-107,서울특별시 구로구 구로동 740-107,안정빌라,구로구
11530|구로동|740-11,서울특별시 구로구 구로동 740-11,(740-11),구로구
11530|구로동|740-19,서울특별시 구로구 구로동 740-19,(740-19),구로구
11530|구로동|740-2,서울특별시 구로구 구로동 740-2,대산빌라,구로구
11530|구로동|740-21,서울특별시 구로구 구로동 740-21,(740-21),구로구
11530|구로동|740-23,서울특별시 구로구 구로동 740-23,(740-23),구로구
11530|구로동|740-24,서울특별시 구로구 구로동 740-24,(740-24),구로구
11530|구로동|740-25,서울특별시 구로구 구로동 740-25,(740-25),구로구
11530|구로동|740-27,서울특별시 구로구 구로동 740-27,현대빌라(740-27),구로구
11530|구로동|740-29,서울특별시 구로구 구로동 740-29,궁전아트빌라,구로구
11530|구로동|740-33,서울특별시 구로구 구로동 740-33,(740-33),구로구
11530|구로동|740-42,서울특별시 구로구 구로동 740-42,(740-42),구로구
11530|구로동|740-5,서울특별시 구로구 구로동 740-5,청우아트빌라,구로구
11530|구로동|740-56,서울특별시 구로구 구로동 740-56,(740-56),구로구
11530|구로동|740-58,서울특별시 구로구 구로동 740-58,(740-58),구로구
11530|구로동|740-6,서울특별시 구로구 구로동 740-6,(740-6),구로구
11530|구로동|740-62,서울특별시 구로구 구로동 740-62,(740-62),구로구
11530|구로동|740-7,서울특별시 구로구 구로동 740-7,(740-7),구로구
11530|구로동|740-79,서울특별시 구로구 구로동 740-79,태영빌라2,구로구
11530|구로동|740-9,서울특별시 구로구 구로동 740-9,청우아트빌라3차,구로구
11530|구로동|740-95,서울특별시 구로구 구로동 740-95,태영빌라,구로구
11530|구로동|741-7,서울특별시 구로구 구로동 741-7,(741-7),구로구
11530|구로동|742-57,서울특별시 구로구 구로동 742-57,(742-57),구로구
11530|구로동|742-58,서울특별시 구로구 구로동 742-58,(742-58),구로구
11530|구로동|742-64,서울특별시 구로구 구로동 742-64,(742-64),구로구
11530|구로동|742-66,서울특별시 구로구 구로동 742-66,(742-66),구로구
11530|구로동|742-68,서울특별시 구로구 구로동 742-68,(742-68),구로구
11530|구로동|743-10,서울특별시 구로구 구로동 743-10,(743-10),구로구
11530|구로동|743-14,서울특별시 구로구 구로동 743-14,(743-14),구로구
11530|구로동|743-18,서울특별시 구로구 구로동 743-18,(743-18),구로구
11530|구로동|743-19,서울특별시 구로구 구로동 743-19,(743-19),구로구
11530|구로동|743-22,서울특별시 구로구 구로동 743-22,(743-22),구로구
11530|구로동|743-26,서울특별시 구로구 구로동 743-26,(743-26),구로구
11530|구로동|743-27,서울특별시 구로구 구로동 743-27,(743-27),구로구
11530|구로동|743-31,서울특별시 구로구 구로동 743-31,(743-31),구로구
11530|구로동|743-32,서울특별시 구로구 구로동 743-32,(743-32),구로구
11530|구로동|743-33,서울특별시 구로구 구로동 743-33,(743-33),구로구
11530|구로동|743-34,서울특별시 구로구 구로동 743-34,(743-34),구로구
11530|구로동|743-35,서울특별시 구로구 구로동 743-35,(743-35),구로구
11530|구로동|743-36,서울특별시 구로구 구로동 743-36,(743-36),구로구
11530|구로동|743-37,서울특별시 구로구 구로동 743-37,(743-37),구로구
11530|구로동|743-39,서울특별시 구로구 구로동 743-39,(743-39),구로구
11530|구로동|743-40,서울특별시 구로구 구로동 743-40,(743-40),구로구
11530|구로동|743-5,서울특별시 구로구 구로동 743-5,(743-5),구로구
11530|구로동|743-52,서울특별시 구로구 구로동 743-52,(743-52),구로구
11530|구로동|743-55,서울특별시 구로구 구로동 743-55,(743-55),구로구
11530|구로동|743-6,서울특별시 구로구 구로동 743-6,(743-6),구로구
11530|구로동|743-60,서울특별시 구로구 구로동 743-60,(743-60),구로구
11530|구로동|743-72,서울특별시 구로구 구로동 743-72,(743-72),구로구
11530|구로동|743-8,서울특별시 구로구 구로동 743-8,(743-8),구로구
11530|구로동|744-13,서울특별시 구로구 구로동 744-13,(744-13),구로구
11530|구로동|744-14,서울특별시 구로구 구로동 744-14,(744-14),구로구
11530|구로동|744-15,서울특별시 구로구 구로동 744-15,(744-15),구로구
11530|구로동|744-16,서울특별시 구로구 구로동 744-16,(744-16),구로구
11530|구로동|744-18,서울특별시 구로구 구로동 744-18,(744-18),구로구
11530|구로동|744-19,서울특별시 구로구 구로동 744-19,(744-19),구로구
11530|구로동|744-21,서울특별시 구로구 구로동 744-21,(744-21),구로구
11530|구로동|744-23,서울특별시 구로구 구로동 744-23,(744-23),구로구
11530|구로동|744-3,서울특별시 구로구 구로동 744-3,(744-3),구로구
11530|구로동|744-45,서울특별시 구로구 구로동 744-45,(744-45),구로구
11530|구로동|744-47,서울특별시 구로구 구로동 744-47,(744-47),구로구
11530|구로동|744-48,서울특별시 구로구 구로동 744-48,(744-48),구로구
11530|구로동|744-5,서울특별시 구로구 구로동 744-5,(744-5),구로구
11530|구로동|745-10,서울특별시 구로구 구로동 745-10,(745-10),구로구
11530|구로동|745-14,서울특별시 구로구 구로동 745-14,(745-14),구로구
11530|구로동|745-15,서울특별시 구로구 구로동 745-15,(745-15),구로구
11530|구로동|745-16,서울특별시 구로구 구로동 745-16,대승빌라,구로구
11530|구로동|745-28,서울특별시 구로구 구로동 745-28,보성,구로구
11530|구로동|745-38,서울특별시 구로구 구로동 745-38,(745-38),구로구
11530|구로동|745-39,서울특별시 구로구 구로동 745-39,(745-39),구로구
11530|구로동|745-40,서울특별시 구로구 구로동 745-40,(745-40),구로구
11530|구로동|745-43,서울특별시 구로구 구로동 745-43,(745-43),구로구
11530|구로동|745-57,서울특별시 구로구 구로동 745-57,(745-57),구로구
11530|구로동|745-60,서울특별시 구로구 구로동 745-60,(745-60),구로구
11530|구로동|745-68,서울특별시 구로구 구로동 745-68,(745-68),구로구
11530|구로동|745-69,서울특별시 구로구 구로동 745-69,(745-69),구로구
11530|구로동|745-70,서울특별시 구로구 구로동 745-70,(745-70),구로구
11530|구로동|745-73,서울특별시 구로구 구로동 745-73,송림빌라,구로구
11530|구로동|745-8,서울특별시 구로구 구로동 745-8,번영빌라,구로구
11530|구로동|746-14,서울특별시 구로구 구로동 746-14,(746-14),구로구
11530|구로동|746-17,서울특별시 구로구 구로동 746-17,(746-17),구로구
11530|구로동|746-2,서울특별시 구로구 구로동 746-2,대광,구로구
11530|구로동|746-3,서울특별시 구로구 구로동 746-3,(746-3),구로구
11530|구로동|746-4,서울특별시 구로구 구로동 746-4,HD화동빌라,구로구
11530|구로동|746-49,서울특별시 구로구 구로동 746-49,계영주택(746-49),구로구
11530|구로동|746-9,서울특별시 구로구 구로동 746-9,(746-9),구로구
11530|구로동|747-10,서울특별시 구로구 구로동 747-10,(747-10),구로구
11530|구로동|747-17,서울특별시 구로구 구로동 747-17,삼호빌라,구로구
11530|구로동|747-19,서울특별시 구로구 구로동 747-19,(747-19),구로구
11530|구로동|747-26,서울특별시 구로구 구로동 747-26,(747-26),구로구
11530|구로동|747-33,서울특별시 구로구 구로동 747-33,(747-33),구로구
11530|구로동|747-34,서울특별시 구로구 구로동 747-34,(747-34),구로구
11530|구로동|747-35,서울특별시 구로구 구로동 747-35,(747-35),구로구
11530|구로동|747-51,서울특별시 구로구 구로동 747-51,(747-51),구로구
11530|구로동|747-52,서울특별시 구로구 구로동 747-52,(747-52),구로구
11530|구로동|747-53,서울특별시 구로구 구로동 747-53,(747-53),구로구
11530|구로동|748-14,서울특별시 구로구 구로동 748-14,영광빌라,구로구
11530|구로동|748-20,서울특별시 구로구 구로동 748-20,(748-20),구로구
11530|구로동|748-24,서울특별시 구로구 구로동 748-24,은진빌라(748-24),구로구
11530|구로동|748-32,서울특별시 구로구 구로동 748-32,(748-32),구로구
11530|구로동|748-43,서울특별시 구로구 구로동 748-43,정창빌라,구로구
11530|구로동|748-48,서울특별시 구로구 구로동 748-48,(748-48),구로구
11530|구로동|748-5,서울특별시 구로구 구로동 748-5,(748-5),구로구
11530|구로동|748-51,서울특별시 구로구 구로동 748-51,(748-51),구로구
11530|구로동|749-1,서울특별시 구로구 구로동 749-1,(749-1),구로구
11530|구로동|749-10,서울특별시 구로구 구로동 749-10,(749-10),구로구
11530|구로동|749-11,서울특별시 구로구 구로동 749-11,대성아파트(749-11),구로구
11530|구로동|749-13,서울특별시 구로구 구로동 749-13,선진빌라,구로구
11530|구로동|749-21,서울특별시 구로구 구로동 749-21,(749-21),구로구
11530|구로동|749-29,서울특별시 구로구 구로동 749-29,(749-29),구로구
11530|구로동|749-30,서울특별시 구로구 구로동 749-30,(749-30),구로구
11530|구로동|749-35,서울특별시 구로구 구로동 749-35,은진빌라,구로구
11530|구로동|749-39,서울특별시 구로구 구로동 749-39,(749-39),구로구
11530|구로동|749-4,서울특별시 구로구 구로동 749-4,(749-4),구로구
11530|구로동|749-44,서울특별시 구로구 구로동 749-44,(749-44),구로구
11530|구로동|749-46,서울특별시 구로구 구로동 749-46,(749-46),구로구
11530|구로동|749-48,서울특별시 구로구 구로동 749-48,(749-48),구로구
11530|구로동|749-49,서울특별시 구로구 구로동 749-49,(749-49),구로구
11530|구로동|749-5,서울특별시 구로구 구로동 749-5,(749-5),구로구
11530|구로동|749-51,서울특별시 구로구 구로동 749-51,평화빌라,구로구
11530|구로동|749-57,서울특별시 구로구 구로동 749-57,(749-57),구로구
11530|구로동|749-6,서울특별시 구로구 구로동 749-6,(749-6),구로구
11530|구로동|749-8,서울특별시 구로구 구로동 749-8,(749-8),구로구
11530|구로동|749-96,서울특별시 구로구 구로동 749-96,(749-96),구로구
11530|구로동|749-99,서울특별시 구로구 구로동 749-99,(749-99),구로구
11530|구로동|750-13,서울특별시 구로구 구로동 750-13,(750-13),구로구
11530|구로동|750-15,서울특별시 구로구 구로동 750-15,(750-15),구로구
11530|구로동|750-6,서울특별시 구로구 구로동 750-6,(750-6),구로구
11530|구로동|750-7,서울특별시 구로구 구로동 750-7,(750-7),구로구
11530|구로동|750-8,서울특별시 구로구 구로동 750-8,(750-8),구로구
11530|구로동|751-3,서울특별시 구로구 구로동 751-3,(751-3),구로구
11530|구로동|751-32,서울특별시 구로구 구로동 751-32,(751-32),구로구
11530|구로동|751-37,서울특별시 구로구 구로동 751-37,(751-37),구로구
11530|구로동|751-4,서울특별시 구로구 구로동 751-4,(751-4),구로구
11530|구로동|751-5,서울특별시 구로구 구로동 751-5,(751-5),구로구
11530|구로동|752-10,서울특별시 구로구 구로동 752-10,(752-10),구로구
11530|구로동|752-13,서울특별시 구로구 구로동 752-13,(752-13),구로구
11530|구로동|752-15,서울특별시 구로구 구로동 752-15,(752-15),구로구
11530|구로동|752-17,서울특별시 구로구 구로동 752-17,(752-17),구로구
11530|구로동|752-19,서울특별시 구로구 구로동 752-19,(752-19),구로구
11530|구로동|752-23,서울특별시 구로구 구로동 752-23,(752-23),구로구
11530|구로동|752-37,서울특별시 구로구 구로동 752-37,(752-37),구로구
11530|구로동|752-40,서울특별시 구로구 구로동 752-40,(752-40),구로구
11530|구로동|752-42,서울특별시 구로구 구로동 752-42,(752-42),구로구
11530|구로동|752-45,서울특별시 구로구 구로동 752-45,(752-45),구로구
11530|구로동|752-6,서울특별시 구로구 구로동 752-6,(752-6),구로구
11530|구로동|762-11,서울특별시 구로구 구로동 762-11,에덴,구로구
11530|구로동|768-2,서울특별시 구로구 구로동 768-2,(768-2),구로구
11530|구로동|770-16,서울특별시 구로구 구로동 770-16,(770-16),구로구
11530|구로동|770-23,서울특별시 구로구 구로동 770-23,(770-23),구로구
11530|구로동|770-29,서울특별시 구로구 구로동 770-29,(770-29),구로구
11530|구로동|770-37,서울특별시 구로구 구로동 770-37,(770-37),구로구
11530|구로동|770-39,서울특별시 구로구 구로동 770-39,(770-39),구로구
11530|구로동|770-4,서울특별시 구로구 구로동 770-4,(770-4),구로구
11530|구로동|770-40,서울특별시 구로구 구로동 770-40,(770-40),구로구
11530|구로동|770-50,서울특별시 구로구 구로동 770-50,(770-50),구로구
11530|구로동|770-52,서울특별시 구로구 구로동 770-52,(770-52),구로구
11530|구로동|770-54,서울특별시 구로구 구로동 770-54,(770-54),구로구
11530|구로동|770-56,서울특별시 구로구 구로동 770-56,(770-56),구로구
11530|구로동|770-59,서울특별시 구로구 구로동 770-59,(770-59),구로구
11530|구로동|770-8,서울특별시 구로구 구로동 770-8,(770-8),구로구
11530|구로동|771-1,서울특별시 구로구 구로동 771-1,(771-1),구로구
11530|구로동|771-2,서울특별시 구로구 구로동 771-2,(771-2),구로구
11530|구로동|771-28,서울특별시 구로구 구로동 771-28,(771-28),구로구
11530|구로동|771-30,서울특별시 구로구 구로동 771-30,(771-30),구로구
11530|구로동|771-42,서울특별시 구로구 구로동 771-42,구로궁전빌리지(771-42),구로구
11530|구로동|777-3,서울특별시 구로구 구로동 777-3,(777-3)두암호은리버빌,구로구
11530|구로동|779-13,서울특별시 구로구 구로동 779-13,(779-13),구로구
11530|구로동|779-2,서울특별시 구로구 구로동 779-2,(779-2),구로구
11530|구로동|779-24,서울특별시 구로구 구로동 779-24,대신빌라,구로구
11530|구로동|779-26,서울특별시 구로구 구로동 779-26,(779-26),구로구
11530|구로동|779-3,서울특별시 구로구 구로동 779-3,(779-3),구로구
11530|구로동|779-37,서울특별시 구로구 구로동 779-37,청원주택,구로구
11530|구로동|779-64,서울특별시 구로구 구로동 779-64,경성아파트,구로구
11530|구로동|779-65,서울특별시 구로구 구로동 779-65,경성B,구로구
11530|구로동|779-66,서울특별시 구로구 구로동 779-66,태양,구로구
11530|구로동|780-15,서울특별시 구로구 구로동 780-15,미성빌라트,구로구
11530|구로동|780-19,서울특별시 구로구 구로동 780-19,에덴빌라,구로구
11530|구로동|780-29,서울특별시 구로구 구로동 780-29,(780-29),구로구
11530|구로동|780-31,서울특별시 구로구 구로동 780-31,(780-31),구로구
11530|구로동|780-41,서울특별시 구로구 구로동 780-41,(780-41),구로구
11530|구로동|780-48,서울특별시 구로구 구로동 780-48,(780-48),구로구
11530|구로동|780-50,서울특별시 구로구 구로동 780-50,(780-50),구로구
11530|구로동|780-55,서울특별시 구로구 구로동 780-55,황산(780-55),구로구
11530|구로동|780-58,서울특별시 구로구 구로동 780-58,(780-58),구로구
11530|구로동|780-60,서울특별시 구로구 구로동 780-60,(780-60),구로구
11530|구로동|780-62,서울특별시 구로구 구로동 780-62,(780-62),구로구
11530|구로동|780-67,서울특별시 구로구 구로동 780-67,(780-67)우정빌라,구로구
11530|구로동|780-72,서울특별시 구로구 구로동 780-72,(780-72)삼익빌라,구로구
11530|구로동|780-75,서울특별시 구로구 구로동 780-75,(780-75)한신빌라,구로구
11530|구로동|780-86,서울특별시 구로구 구로동 780-86,(780-86),구로구
11530|구로동|780-97,서울특별시 구로구 구로동 780-97,(780-97),구로구
11530|구로동|781-12,서울특별시 구로구 구로동 781-12,(781-12),구로구
11530|구로동|781-26,서울특별시 구로구 구로동 781-26,(781-26),구로구
11530|구로동|781-6,서울특별시 구로구 구로동 781-6,(781-6),구로구
11530|구로동|791-11,서울특별시 구로구 구로동 791-11,동산빌라,구로구
11530|구로동|791-12,서울특별시 구로구 구로동 791-12,황산(791-12),구로구
11530|구로동|791-13,서울특별시 구로구 구로동 791-13,(791-13)우리빌라,구로구
11530|구로동|791-16,서울특별시 구로구 구로동 791-16,(791-16),구로구
11530|구로동|791-19,서울특별시 구로구 구로동 791-19,한신빌라,구로구
11530|구로동|791-2,서울특별시 구로구 구로동 791-2,(791-2)태영빌라,구로구
11530|구로동|791-21,서울특별시 구로구 구로동 791-21,(791-21)태영빌라,구로구
11530|구로동|791-22,서울특별시 구로구 구로동 791-22,낙원빌라,구로구
11530|구로동|791-28,서울특별시 구로구 구로동 791-28,동화,구로구
11530|구로동|791-4,서울특별시 구로구 구로동 791-4,(791-4),구로구
11530|구로동|791-47,서울특별시 구로구 구로동 791-47,서원빌라,구로구
11530|구로동|791-5,서울특별시 구로구 구로동 791-5,(791-5),구로구
11530|구로동|791-62,서울특별시 구로구 구로동 791-62,(791-62),구로구
11530|구로동|792-10,서울특별시 구로구 구로동 792-10,(792-10),구로구
11530|구로동|792-102,서울특별시 구로구 구로동 792-102,(792-102),구로구
11530|구로동|792-103,서울특별시 구로구 구로동 792-103,(792-103),구로구
11530|구로동|792-108,서울특별시 구로구 구로동 792-108,(792-108),구로구
11530|구로동|792-11,서울특별시 구로구 구로동 792-11,(792-11),구로구
11530|구로동|792-17,서울특별시 구로구 구로동 792-17,(792-17),구로구
11530|구로동|792-2,서울특별시 구로구 구로동 792-2,(792-2),구로구
11530|구로동|792-20,서울특별시 구로구 구로동 792-20,(792-20),구로구
11530|구로동|792-29,서울특별시 구로구 구로동 792-29,한신(792-29),구로구
11530|구로동|792-33,서울특별시 구로구 구로동 792-33,동산빌라1동,구로구
11530|구로동|792-42,서울특별시 구로구 구로동 792-42,명성빌라3차,구로구
11530|구로동|792-50,서울특별시 구로구 구로동 792-50,삼성아트빌라,구로구
11530|구로동|792-54,서울특별시 구로구 구로동 792-54,(792-54),구로구
11530|구로동|792-58,서울특별시 구로구 구로동 792-58,미도빌라B동,구로구
11530|구로동|792-6,서울특별시 구로구 구로동 792-6,(792-6),구로구
11530|구로동|792-62,서울특별시 구로구 구로동 792-62,모란빌라,구로구
11530|구로동|792-74,서울특별시 구로구 구로동 792-74,(792-74),구로구
11530|구로동|792-78,서울특별시 구로구 구로동 792-78,(792-78),구로구
11530|구로동|792-82,서울특별시 구로구 구로동 792-82,영암빌라,구로구
11530|구로동|792-86,서울특별시 구로구 구로동 792-86,(792-86),구로구
11530|구로동|792-9,서울특별시 구로구 구로동 792-9,(792-9),구로구
11530|구로동|792-98,서울특별시 구로구 구로동 792-98,(792-98),구로구
11530|구로동|792-99,서울특별시 구로구 구로동 792-99,경성빌라,구로구
11530|구로동|793-13,서울특별시 구로구 구로동 793-13,(793-13),구로구
11530|구로동|793-16,서울특별시 구로구 구로동 793-16,(793-16),구로구
11530|구로동|793-24,서울특별시 구로구 구로동 793-24,(793-24),구로구
11530|구로동|793-34,서울특별시 구로구 구로동 793-34,송림주택,구로구
11530|구로동|793-36,서울특별시 구로구 구로동 793-36,남구로,구로구
11530|구로동|793-44,서울특별시 구로구 구로동 793-44,(793-44),구로구
11530|구로동|793-46,서울특별시 구로구 구로동 793-46,(793-46),구로구
11530|구로동|793-54,서울특별시 구로구 구로동 793-54,(793-54),구로구
11530|구로동|793-6,서울특별시 구로구 구로동 793-6,(793-6),구로구
11530|구로동|794-12,서울특별시 구로구 구로동 794-12,(794-12),구로구
11530|구로동|794-13,서울특별시 구로구 구로동 794-13,(794-13),구로구
11530|구로동|794-17,서울특별시 구로구 구로동 794-17,(794-17),구로구
11530|구로동|794-21,서울특별시 구로구 구로동 794-21,(794-21),구로구
11530|구로동|794-22,서울특별시 구로구 구로동 794-22,(794-22),구로구
11530|구로동|794-24,서울특별시 구로구 구로동 794-24,(794-24),구로구
11530|구로동|794-26,서울특별시 구로구 구로동 794-26,(794-26),구로구
11530|구로동|794-6,서울특별시 구로구 구로동 794-6,(794-6)두산빌라,구로구
11530|구로동|795-6,서울특별시 구로구 구로동 795-6,미도빌라A동,구로구
11530|구로동|796-11,서울특별시 구로구 구로동 796-11,(796-11),구로구
11530|구로동|796-12,서울특별시 구로구 구로동 796-12,(796-12),구로구
11530|구로동|796-13,서울특별시 구로구 구로동 796-13,(796-13),구로구
11530|구로동|796-14,서울특별시 구로구 구로동 796-14,(796-14),구로구
11530|구로동|796-16,서울특별시 구로구 구로동 796-16,(796-16),구로구
11530|구로동|796-22,서울특별시 구로구 구로동 796-22,행복주택,구로구
11530|구로동|796-25,서울특별시 구로구 구로동 796-25,(796-25),구로구
11530|구로동|796-26,서울특별시 구로구 구로동 796-26,(796-26),구로구
11530|구로동|796-3,서울특별시 구로구 구로동 796-3,(796-3),구로구
11530|구로동|796-31,서울특별시 구로구 구로동 796-31,인성빌라,구로구
11530|구로동|796-35,서울특별시 구로구 구로동 796-35,일심빌리지,구로구
11530|구로동|796-36,서울특별시 구로구 구로동 796-36,성산,구로구
11530|구로동|796-37,서울특별시 구로구 구로동 796-37,대영빌라,구로구
11530|구로동|796-39,서울특별시 구로구 구로동 796-39,(796-39)중앙빌라,구로구
11530|구로동|796-51,서울특별시 구로구 구로동 796-51,(796-51),구로구
11530|구로동|796-60,서울특별시 구로구 구로동 796-60,장수(796-60),구로구
11530|구로동|796-61,서울특별시 구로구 구로동 796-61,동원(796-61),구로구
11530|구로동|796-65,서울특별시 구로구 구로동 796-65,(796-65)삼성주택,구로구
11530|구로동|796-72,서울특별시 구로구 구로동 796-72,한마음(796-72),구로구
11530|구로동|797-15,서울특별시 구로구 구로동 797-15,(797-15),구로구
11530|구로동|797-19,서울특별시 구로구 구로동 797-19,(797-19),구로구
11530|구로동|797-22,서울특별시 구로구 구로동 797-22,(797-22),구로구
11530|구로동|797-25,서울특별시 구로구 구로동 797-25,(797-25),구로구
11530|구로동|797-26,서울특별시 구로구 구로동 797-26,(797-26),구로구
11530|구로동|797-37,서울특별시 구로구 구로동 797-37,(797-37),구로구
11530|구로동|797-38,서울특별시 구로구 구로동 797-38,(797-38),구로구
11530|구로동|797-43,서울특별시 구로구 구로동 797-43,(797-43),구로구
11530|구로동|797-5,서울특별시 구로구 구로동 797-5,(797-5),구로구
11530|구로동|797-57,서울특별시 구로구 구로동 797-57,(797-57),구로구
11530|구로동|797-8,서울특별시 구로구 구로동 797-8,봉일(797-8),구로구
11530|구로동|797-9,서울특별시 구로구 구로동 797-9,(797-9),구로구
11530|구로동|798-11,서울특별시 구로구 구로동 798-11,삼주빌라,구로구
11530|구로동|798-18,서울특별시 구로구 구로동 798-18,(798-18)봉일주택,구로구
11530|구로동|798-2,서울특별시 구로구 구로동 798-2,한신주택,구로구
11530|구로동|798-21,서울특별시 구로구 구로동 798-21,(798-21),구로구
11530|구로동|798-22,서울특별시 구로구 구로동 798-22,(798-22),구로구
11530|구로동|798-24,서울특별시 구로구 구로동 798-24,(798-24),구로구
11530|구로동|798-26,서울특별시 구로구 구로동 798-26,(798-26),구로구
11530|구로동|798-27,서울특별시 구로구 구로동 798-27,(798-27),구로구
11530|구로동|798-55,서울특별시 구로구 구로동 798-55,(798-55),구로구
11530|구로동|798-59,서울특별시 구로구 구로동 798-59,(798-59),구로구
11530|구로동|799-1,서울특별시 구로구 구로동 799-1,대성,구로구
11530|구로동|799-11,서울특별시 구로구 구로동 799-11,(799-11),구로구
11530|구로동|799-18,서울특별시 구로구 구로동 799-18,풍안주택,구로구
11530|구로동|799-20,서울특별시 구로구 구로동 799-20,장미빌라,구로구
11530|구로동|799-23,서울특별시 구로구 구로동 799-23,유진빌라,구로구
11530|구로동|799-24,서울특별시 구로구 구로동 799-24,한양하이츠,구로구
11530|구로동|799-5,서울특별시 구로구 구로동 799-5,대길B,구로구
11530|구로동|799-6,서울특별시 구로구 구로동 799-6,대영빌라,구로구
11530|구로동|800-19,서울특별시 구로구 구로동 800-19,800-19,구로구
11530|구로동|800-2,서울특별시 구로구 구로동 800-2,조성빌라,구로구
11530|구로동|800-22,서울특별시 구로구 구로동 800-22,800-22,구로구
11530|구로동|800-27,서울특별시 구로구 구로동 800-27,800-27,구로구
11530|구로동|800-29,서울특별시 구로구 구로동 800-29,(800-29),구로구
11530|구로동|800-30,서울특별시 구로구 구로동 800-30,800-30,구로구
11530|구로동|800-9,서울특별시 구로구 구로동 800-9,현암B동,구로구
11530|구로동|801-14,서울특별시 구로구 구로동 801-14,801-14,구로구
11530|구로동|801-26,서울특별시 구로구 구로동 801-26,성산E동,구로구
11530|구로동|801-32,서울특별시 구로구 구로동 801-32,(801-32),구로구
11530|구로동|801-9,서울특별시 구로구 구로동 801-9,801-9,구로구
11530|구로동|803-13,서울특별시 구로구 구로동 803-13,(803-13)구로아트빌라8,구로구
11530|구로동|803-29,서울특별시 구로구 구로동 803-29,(803-29),구로구
11530|구로동|804-4,서울특별시 구로구 구로동 804-4,구로아트빌라9,구로구
11530|구로동|805-14,서울특별시 구로구 구로동 805-14,제일(805-14),구로구
11530|구로동|805-16,서울특별시 구로구 구로동 805-16,(805-16),구로구
11530|구로동|806-14,서울특별시 구로구 구로동 806-14,(806-14),구로구
11530|구로동|806-15,서울특별시 구로구 구로동 806-15,(806-15),구로구
11530|구로동|806-29,서울특별시 구로구 구로동 806-29,구로아트빌라5동(806-29),구로구
11530|구로동|806-33,서울특별시 구로구 구로동 806-33,구로아트빌라4동(806-33),구로구
11530|구로동|806-40,서울특별시 구로구 구로동 806-40,(806-40),구로구
11530|구로동|806-41,서울특별시 구로구 구로동 806-41,(806-41)가람빌라,구로구
11530|구로동|806-46,서울특별시 구로구 구로동 806-46,(806-46)돌담,구로구
11530|구로동|806-59,서울특별시 구로구 구로동 806-59,(806-59),구로구
11530|구로동|806-62,서울특별시 구로구 구로동 806-62,(806-62),구로구
11530|구로동|806-63,서울특별시 구로구 구로동 806-63,(806-63)태영빌라,구로구
11530|구로동|806-64,서울특별시 구로구 구로동 806-64,백록빌라,구로구
11530|구로동|806-83,서울특별시 구로구 구로동 806-83,제일,구로구
11530|구로동|806-9,서울특별시 구로구 구로동 806-9,구로아트빌라3동,구로구
11530|구로동|807-1,서울특별시 구로구 구로동 807-1,(807-1),구로구
11530|구로동|807-16,서울특별시 구로구 구로동 807-16,(807-16),구로구
11530|구로동|807-17,서울특별시 구로구 구로동 807-17,재선주택,구로구
11530|구로동|807-19,서울특별시 구로구 구로동 807-19,(807-19),구로구
11530|구로동|807-2,서울특별시 구로구 구로동 807-2,대림빌라,구로구
11530|구로동|807-21,서울특별시 구로구 구로동 807-21,(807-21),구로구
11530|구로동|807-23,서울특별시 구로구 구로동 807-23,(807-23),구로구
11530|구로동|807-26,서울특별시 구로구 구로동 807-26,(807-26),구로구
11530|구로동|807-27,서울특별시 구로구 구로동 807-27,대길빌라A,구로구
11530|구로동|807-29,서울특별시 구로구 구로동 807-29,(807-29),구로구
11530|구로동|807-30,서울특별시 구로구 구로동 807-30,(807-30),구로구
11530|구로동|807-37,서울특별시 구로구 구로동 807-37,(807-37),구로구
11530|구로동|807-4,서울특별시 구로구 구로동 807-4,계영주택(807-4),구로구
11530|구로동|807-41,서울특별시 구로구 구로동 807-41,807-41,구로구
11530|구로동|92,서울특별시 구로구 구로동 92,하나세인스톤Ⅴ,구로구
11530|구로동|97,서울특별시 구로구 구로동 97,로제리움2차,구로구
11530|구로동|97-10,서울특별시 구로구 구로동 97-10,우진체리쉬,구로구
11530|구로동|97-2,서울특별시 구로구 구로동 97-2,순영웰라이빌2차,구로구
11530|구로동|97-4,서울특별시 구로구 구로동 97-4,하나세인스톤2차,구로구
11530|구로동|97-5,서울특별시 구로구 구로동 97-5,SR친오애,구로구
11530|구로동|97-8,서울특별시 구로구 구로동 97-8,코원,구로구
11530|구로동|98,서울특별시 구로구 구로동 98,대림오페라타워,구로구
11530|구로동|98-10,서울특별시 구로구 구로동 98-10,비즈트위트그린,구로구
11530|구로동|98-12,서울특별시 구로구 구로동 98-12,파인마루오피스텔,구로구
11530|구로동|98-14,서울특별시 구로구 구로동 98-14,마인드에코프라움,구로구
11530|구로동|98-4,서울특별시 구로구 구로동 98-4,대림역와이즈플레이스,구로구
11530|구로동|98-8,서울특별시 구로구 구로동 98-8,케어빌(98-8),구로구
11530|궁동|112-10,서울특별시 구로구 궁동 112-10,호수1차A동,구로구
11530|궁동|112-9,서울특별시 구로구 궁동 112-9,호수2차B동,구로구
11530|궁동|143,서울특별시 구로구 궁동 143,다청림102동(143-0),구로구
11530|궁동|143-1,서울특별시 구로구 궁동 143-1,다청림101동(143-1),구로구
11530|궁동|178-1,서울특별시 구로구 궁동 178-1,다청림(106동),구로구
11530|궁동|178-13,서울특별시 구로구 궁동 178-13,강남그린,구로구
11530|궁동|178-5,서울특별시 구로구 궁동 178-5,다청림(107동),구로구
11530|궁동|178-7,서울특별시 구로구 궁동 178-7,대명하이빌(103동),구로구
11530|궁동|182,서울특별시 구로구 궁동 182,다청림(104동),구로구
11530|궁동|182-10,서울특별시 구로구 궁동 182-10,다청림(102동),구로구
11530|궁동|182-11,서울특별시 구로구 궁동 182-11,다청림(103동),구로구
11530|궁동|182-4,서울특별시 구로구 궁동 182-4,다청림(101동),구로구
11530|궁동|184-20,서울특별시 구로구 궁동 184-20,대명하이빌101동,구로구
11530|궁동|184-6,서울특별시 구로구 궁동 184-6,대명하이빌102동,구로구
11530|궁동|190-121,서울특별시 구로구 궁동 190-121,대명그린(아),구로구
11530|궁동|198-39,서울특별시 구로구 궁동 198-39,수정,구로구
11530|궁동|211-1,서울특별시 구로구 궁동 211-1,선우쉐르빌,구로구
11530|궁동|236-4,서울특별시 구로구 궁동 236-4,뉴파인,구로구
11530|궁동|290,서울특별시 구로구 궁동 290,우남푸르미아,구로구
11530|궁동|293,서울특별시 구로구 궁동 293,궁동에스하임,구로구
11530|궁동|89-4,서울특별시 구로구 궁동 89-4,다현빌,구로구
11530|신도림동|290,서울특별시 구로구 신도림동 290,미성,구로구
11530|신도림동|309-6,서울특별시 구로구 신도림동 309-6,성광빌딩,구로구
11530|신도림동|312-17,서울특별시 구로구 신도림동 312-17,우성1,구로구
11530|신도림동|338,서울특별시 구로구 신도림동 338,신도림2차푸르지오,구로구
11530|신도림동|412-3,서울특별시 구로구 신도림동 412-3,신도림팰러티움,구로구
11530|신도림동|432-1,서울특별시 구로구 신도림동 432-1,SKVIEW,구로구
11530|신도림동|435-10,서울특별시 구로구 신도림동 435-10,신도림3차푸르지오,구로구
11530|신도림동|637,서울특별시 구로구 신도림동 637,우성3,구로구
11530|신도림동|638,서울특별시 구로구 신도림동 638,우성5,구로구
11530|신도림동|639,서울특별시 구로구 신도림동 639,우성2,구로구
11530|신도림동|640,서울특별시 구로구 신도림동 640,신성은하수,구로구
11530|신도림동|641,서울특별시 구로구 신도림동 641,현대홈타운아파트,구로구
11530|신도림동|642#11530-127,서울특별시 구로구 신도림동 642,대림1,구로구
11530|신도림동|642#11530-128,서울특별시 구로구 신도림동 642,대림2,구로구
11530|신도림동|643,서울특별시 구로구 신도림동 643,동아1,구로구
11530|신도림동|644,서울특별시 구로구 신도림동 644,동아2,구로구
11530|신도림동|645,서울특별시 구로구 신도림동 645,동아3,구로구
11530|신도림동|646,서울특별시 구로구 신도림동 646,대림e-편한세상4,구로구
11530|신도림동|647,서울특별시 구로구 신도림동 647,대림e-편한세상5,구로구
11530|신도림동|648,서울특별시 구로구 신도림동 648,대림e-편한세상6,구로구
11530|신도림동|649,서울특별시 구로구 신도림동 649,대림e-편한세상7,구로구
11530|신도림동|691,서울특별시 구로구 신도림동 691,대림3,구로구
11530|신도림동|692,서울특별시 구로구 신도림동 692,디큐브시티,구로구
11530|신도림동|695,서울특별시 구로구 신도림동 695,신도림 아르디에,구로구
11530|오류동|1-7,서울특별시 구로구 오류동 1-7,오류그린,구로구
11530|오류동|108-35,서울특별시 구로구 오류동 108-35,은하수수목원2차(101동),구로구
11530|오류동|108-40,서울특별시 구로구 오류동 108-40,목화수목원아파트101동,구로구
11530|오류동|108-42,서울특별시 구로구 오류동 108-42,목화수목원102동,구로구
11530|오류동|108-43,서울특별시 구로구 오류동 108-43,은하수수목원2차(102동),구로구
11530|오류동|108-76,서울특별시 구로구 오류동 108-76,유한수목원,구로구
11530|오류동|11-3,서울특별시 구로구 오류동 11-3,그랑프리,구로구
11530|오류동|11-82,서울특별시 구로구 오류동 11-82,미진주택A동,구로구
11530|오류동|12-2,서울특별시 구로구 오류동 12-2,미진주택B동,구로구
11530|오류동|150-42,서울특별시 구로구 오류동 150-42,길훈,구로구
11530|오류동|193-16,서울특별시 구로구 오류동 193-16,다청림,구로구
11530|오류동|193-17,서울특별시 구로구 오류동 193-17,양지쉐르빌아파트,구로구
11530|오류동|235-2,서울특별시 구로구 오류동 235-2,대산,구로구
11530|오류동|241-2,서울특별시 구로구 오류동 241-2,비에이치수반애수목원아파트,구로구
11530|오류동|292-10,서울특별시 구로구 오류동 292-10,우창굿모닝,구로구
11530|오류동|31-4,서울특별시 구로구 오류동 31-4,오류동휘버스,구로구
11530|오류동|334,서울특별시 구로구 오류동 334,라인,구로구
11530|오류동|335,서울특별시 구로구 오류동 335,금강,구로구
11530|오류동|336,서울특별시 구로구 오류동 336,동부(101동~103동),구로구
11530|오류동|337,서울특별시 구로구 오류동 337,동보,구로구
11530|오류동|338,서울특별시 구로구 오류동 338,동부골든,구로구
11530|오류동|339,서울특별시 구로구 오류동 339,동부(105동~106동),구로구
11530|오류동|34-13,서울특별시 구로구 오류동 34-13,썬앤빌,구로구
11530|오류동|340,서울특별시 구로구 오류동 340,삼천리,구로구
11530|오류동|341,서울특별시 구로구 오류동 341,한신플러스타운,구로구
11530|오류동|342,서울특별시 구로구 오류동 342,영풍마드레빌,구로구
11530|오류동|343,서울특별시 구로구 오류동 343,금강(343),구로구
11530|오류동|344,서울특별시 구로구 오류동 344,경남아너스빌,구로구
11530|오류동|345,서울특별시 구로구 오류동 345,동선,구로구
11530|오류동|346,서울특별시 구로구 오류동 346,오류동푸르지오,구로구
11530|오류동|347,서울특별시 구로구 오류동 347,오류동금호어울림,구로구
11530|오류동|348,서울특별시 구로구 오류동 348,우림필유,구로구
11530|오류동|349,서울특별시 구로구 오류동 349,은하수수목원,구로구
11530|오류동|350,서울특별시 구로구 오류동 350,더메디치,구로구
11530|오류동|351,서울특별시 구로구 오류동 351,서해그랑블,구로구
11530|오류동|356,서울특별시 구로구 오류동 356,다청림(356),구로구
11530|오류동|360,서울특별시 구로구 오류동 360,계림웨스트벨리,구로구
11530|오류동|362,서울특별시 구로구 오류동 362,천왕역모아엘가트레뷰,구로구
11530|오류동|44-10,서울특별시 구로구 오류동 44-10,시티월드,구로구
11530|오류동|46-1,서울특별시 구로구 오류동 46-1,이좋은집,구로구
11530|오류동|51-31,서울특별시 구로구 오류동 51-31,포스시티,구로구
11530|오류동|6-1,서울특별시 구로구 오류동 6-1,한백고은,구로구
11530|오류동|6-63,서울특별시 구로구 오류동 6-63,루체비스타,구로구
11530|오류동|63-4,서울특별시 구로구 오류동 63-4,한가람,구로구
11530|오류동|75-2,서울특별시 구로구 오류동 75-2,오류동역솔리스타,구로구
11530|오류동|81-24,서울특별시 구로구 오류동 81-24,골든팰리스,구로구
11530|오류동|9-231,서울특별시 구로구 오류동 9-231,오류동삼전솔하임,구로구
11530|오류동|9-3,서울특별시 구로구 오류동 9-3,한백힐,구로구
11530|온수동|141,서울특별시 구로구 온수동 141,아이에스빌리브,구로구
11530|온수동|154,서울특별시 구로구 온수동 154,리치안풍산,구로구
11530|온수동|155,서울특별시 구로구 온수동 155,온수힐스테이트,구로구
11530|온수동|157,서울특별시 구로구 온수동 157,다청림시티,구로구
11530|온수동|83,서울특별시 구로구 온수동 83,온수동,구로구
11530|온수동|97-2,서울특별시 구로구 온수동 97-2,두양그린B동,구로구
11530|온수동|99-1,서울특별시 구로구 온수동 99-1,두양그린A동,구로구
11530|천왕동|273,서울특별시 구로구 천왕동 273,천왕이펜하우스4단지,구로구
11530|천왕동|275,서울특별시 구로구 천왕동 275,천왕이펜하우스6단지,구로구
11530|천왕동|277,서울특별시 구로구 천왕동 277,천왕이펜하우스5단지,구로구
11530|천왕동|278,서울특별시 구로구 천왕동 278,천왕이펜하우스3단지,구로구
11530|천왕동|279-2,서울특별시 구로구 천왕동 279-2,천왕이펜하우스2단지,구로구
11530|천왕동|280,서울특별시 구로구 천왕동 280,천왕연지타운1단지,구로구
11530|천왕동|281,서울특별시 구로구 천왕동 281,천왕연지타운2단지,구로구
11530|천왕동|282,서울특별시 구로구 천왕동 282,천왕이펜하우스1단지,구로구
11530|항동|16-18,서울특별시 구로구 항동 16-18,동보수목원(16-18),구로구
11530|항동|16-33,서울특별시 구로구 항동 16-33,동보수목원,구로구
11530|항동|16-36,서울특별시 구로구 항동 16-36,동보수목원(16-36),구로구
11530|항동|233,서울특별시 구로구 항동 233,현대홈타운스위트,구로구
11530|항동|234,서울특별시 구로구 항동 234,유한오크팰리스,구로구
11530|항동|236,서울특별시 구로구 항동 236,항동중흥에스클래스베르데카운티,구로구
11530|항동|237,서울특별시 구로구 항동 237,하버라인2단지,구로구
11530|항동|241,서울특별시 구로구 항동 241,한양수자인에듀힐즈,구로구
11530|항동|242,서울특별시 구로구 항동 242,하버라인3단지,구로구
11530|항동|244,서울특별시 구로구 항동 244,우남퍼스트빌더센트럴,구로구
11530|항동|246,서울특별시 구로구 항동 246,항동제일풍경채포레스트,구로구
11530|항동|가-238,서울특별시 구로구 항동 가-238,하버라인4단지,구로구
11545|가산동|139-15,서울특별시 금천구 가산동 139-15,G밸리페트라힐스,금천구
11545|가산동|140-36,서울특별시 금천구 가산동 140-36,비즈트위트바이올렛5차,금천구
11545|가산동|140-9,서울특별시 금천구 가산동 140-9,가산지웰에스테이트,금천구
11545|가산동|141-2,서울특별시 금천구 가산동 141-2,가산양우내안에애플,금천구
11545|가산동|143-20,서울특별시 금천구 가산동 143-20,가산피어니빌,금천구
11545|가산동|143-3,서울특별시 금천구 가산동 143-3,하이펠리스,금천구
11545|가산동|143-6,서울특별시 금천구 가산동 143-6,가산지웰에스테이트2차,금천구
11545|가산동|145-29,서울특별시 금천구 가산동 145-29,백운한비치(가),금천구
11545|가산동|145-42,서울특별시 금천구 가산동 145-42,백운한비치(나),금천구
11545|가산동|148-1,서울특별시 금천구 가산동 148-1,덕산,금천구
11545|가산동|153-9,서울특별시 금천구 가산동 153-9,해찬행복드림,금천구
11545|가산동|234-46,서울특별시 금천구 가산동 234-46,삼익,금천구
11545|가산동|235-13,서울특별시 금천구 가산동 235-13,드림캐슬2차,금천구
11545|가산동|235-57,서울특별시 금천구 가산동 235-57,드림캐슬,금천구
11545|가산동|237-81,서울특별시 금천구 가산동 237-81,드림케슬3차,금천구
11545|가산동|238-4,서울특별시 금천구 가산동 238-4,백운한비치,금천구
11545|가산동|239-22,서울특별시 금천구 가산동 239-22,원평5차,금천구
11545|가산동|769,서울특별시 금천구 가산동 769,두산,금천구
11545|가산동|772,서울특별시 금천구 가산동 772,주상복합두산,금천구
11545|가산동|774,서울특별시 금천구 가산동 774,온누리,금천구
11545|독산동|1002,서울특별시 금천구 독산동 1002,진도1차,금천구
11545|독산동|1003-21,서울특별시 금천구 독산동 1003-21,태영아파트,금천구
11545|독산동|1006-132,서울특별시 금천구 독산동 1006-132,삼환아파트,금천구
11545|독산동|1006-139,서울특별시 금천구 독산동 1006-139,리버스타운,금천구
11545|독산동|1007-13,서울특별시 금천구 독산동 1007-13,e편한세상독산더타워,금천구
11545|독산동|1017-24,서울특별시 금천구 독산동 1017-24,상진지오벨리B,금천구
11545|독산동|1017-8,서울특별시 금천구 독산동 1017-8,상진지오벨리A,금천구
11545|독산동|1028,서울특별시 금천구 독산동 1028,대덕트윈빌,금천구
11545|독산동|1037-31,서울특별시 금천구 독산동 1037-31,세진(1037-31),금천구
11545|독산동|1052-5,서울특별시 금천구 독산동 1052-5,리치힐(1052-5),금천구
11545|독산동|1069,서울특별시 금천구 독산동 1069,호정타워,금천구
11545|독산동|1088,서울특별시 금천구 독산동 1088,독산주공14단지,금천구
11545|독산동|1093-4,서울특별시 금천구 독산동 1093-4,한신아파트,금천구
11545|독산동|1093-5,서울특별시 금천구 독산동 1093-5,각산,금천구
11545|독산동|1131,서울특별시 금천구 독산동 1131,라이프,금천구
11545|독산동|1132,서울특별시 금천구 독산동 1132,목화101,금천구
11545|독산동|1133,서울특별시 금천구 독산동 1133,진도2차,금천구
11545|독산동|1135,서울특별시 금천구 독산동 1135,백운,금천구
11545|독산동|1136,서울특별시 금천구 독산동 1136,진도3차아파트,금천구
11545|독산동|1138,서울특별시 금천구 독산동 1138,설악솔내음,금천구
11545|독산동|1139,서울특별시 금천구 독산동 1139,청광플러스원,금천구
11545|독산동|1140,서울특별시 금천구 독산동 1140,독산동중앙하이츠빌,금천구
11545|독산동|1141,서울특별시 금천구 독산동 1141,서초파레스,금천구
11545|독산동|1142,서울특별시 금천구 독산동 1142,한아마인드,금천구
11545|독산동|1143,서울특별시 금천구 독산동 1143,이랜드해가든,금천구
11545|독산동|1144,서울특별시 금천구 독산동 1144,독산동한양수자인,금천구
11545|독산동|1147,서울특별시 금천구 독산동 1147,금천롯데캐슬골드파크1차,금천구
11545|독산동|1150,서울특별시 금천구 독산동 1150,금천롯데캐슬골드파크2차201동202동,금천구
11545|독산동|1155,서울특별시 금천구 독산동 1155,금천롯데캐슬골드파크3차,금천구
11545|독산동|1159,서울특별시 금천구 독산동 1159,아이유하임(1159),금천구
11545|독산동|1161,서울특별시 금천구 독산동 1161,독산솔리힐아파트,금천구
11545|독산동|1162,서울특별시 금천구 독산동 1162,아이유하임,금천구
11545|독산동|147-1,서울특별시 금천구 독산동 147-1,한아프라임102동,금천구
11545|독산동|147-76,서울특별시 금천구 독산동 147-76,한아프라임101동,금천구
11545|독산동|181-139,서울특별시 금천구 독산동 181-139,세심아파트,금천구
11545|독산동|182-1,서울특별시 금천구 독산동 182-1,정심아파트,금천구
11545|독산동|183-1,서울특별시 금천구 독산동 183-1,독산동아아파트,금천구
11545|독산동|184-3,서울특별시 금천구 독산동 184-3,아셈그린힐,금천구
11545|독산동|184-4,서울특별시 금천구 독산동 184-4,동심,금천구
11545|독산동|293-10,서울특별시 금천구 독산동 293-10,독산현대,금천구
11545|독산동|303-1,서울특별시 금천구 독산동 303-1,은탑로얄클라스,금천구
11545|독산동|332-14,서울특별시 금천구 독산동 332-14,계룡아파트,금천구
11545|독산동|333-24,서울특별시 금천구 독산동 333-24,중앙아파트,금천구
11545|독산동|378-77,서울특별시 금천구 독산동 378-77,동양드림아파트,금천구
11545|독산동|711-2,서울특별시 금천구 독산동 711-2,금천현대,금천구
11545|독산동|883-10,서울특별시 금천구 독산동 883-10,동은4차,금천구
11545|독산동|883-21,서울특별시 금천구 독산동 883-21,동은5차,금천구
11545|독산동|883-22,서울특별시 금천구 독산동 883-22,동은6차,금천구
11545|독산동|887-1,서울특별시 금천구 독산동 887-1,동은노보빌(887-1),금천구
11545|독산동|887-2,서울특별시 금천구 독산동 887-2,동은노보빌(887-2),금천구
11545|독산동|887-5,서울특별시 금천구 독산동 887-5,청호센트레빌,금천구
11545|독산동|887-54,서울특별시 금천구 독산동 887-54,동은노보빌(887-54),금천구
11545|독산동|887-7,서울특별시 금천구 독산동 887-7,문성,금천구
11545|독산동|888-18,서울특별시 금천구 독산동 888-18,성웅,금천구
11545|독산동|889-26,서울특별시 금천구 독산동 889-26,장미아파트A동,금천구
11545|독산동|889-36,서울특별시 금천구 독산동 889-36,장미아파트B동,금천구
11545|독산동|894-20,서울특별시 금천구 독산동 894-20,힐탑,금천구
11545|독산동|894-3,서울특별시 금천구 독산동 894-3,힐탑아파트3차(894-3),금천구
11545|독산동|894-5,서울특별시 금천구 독산동 894-5,힐탑아파트4차(894-5),금천구
11545|독산동|907-21,서울특별시 금천구 독산동 907-21,한솔아트빌라,금천구
11545|독산동|917-3,서울특별시 금천구 독산동 917-3,해찬아파트,금천구
11545|독산동|955,서울특별시 금천구 독산동 955,신도브래뉴,금천구
11545|독산동|956,서울특별시 금천구 독산동 956,삼익,금천구
11545|독산동|957,서울특별시 금천구 독산동 957,푸른터,금천구
11545|독산동|958,서울특별시 금천구 독산동 958,을미월드힐,금천구
11545|독산동|961-13,서울특별시 금천구 독산동 961-13,목화102,금천구
11545|독산동|962-32,서울특별시 금천구 독산동 962-32,명도힐스티지,금천구
11545|독산동|965-1,서울특별시 금천구 독산동 965-1,예전이룸(965-1),금천구
11545|독산동|974-2,서울특별시 금천구 독산동 974-2,목화103,금천구
11545|독산동|976-37,서울특별시 금천구 독산동 976-37,리치힐(976-37),금천구
11545|독산동|976-6,서울특별시 금천구 독산동 976-6,리치힐(976-6),금천구
11545|독산동|987-11,서울특별시 금천구 독산동 987-11,한아(987-11),금천구
11545|독산동|987-20,서울특별시 금천구 독산동 987-20,한아(987-20),금천구
11545|독산동|987-21,서울특별시 금천구 독산동 987-21,한아(987-21),금천구
11545|독산동|987-22,서울특별시 금천구 독산동 987-22,한아(987-22),금천구
11545|독산동|989,서울특별시 금천구 독산동 989,독산오르페움타워,금천구
11545|독산동|990-3,서울특별시 금천구 독산동 990-3,대광아파트,금천구
11545|독산동|992,서울특별시 금천구 독산동 992,리치힐103동(992-0),금천구
11545|독산동|992-37,서울특별시 금천구 독산동 992-37,세진웰빙102,금천구
11545|독산동|992-42,서울특별시 금천구 독산동 992-42,세진웰빙101,금천구
11545|독산동|992-43,서울특별시 금천구 독산동 992-43,리치힐104동(992-43),금천구
11545|독산동|993-25,서울특별시 금천구 독산동 993-25,리치힐101동(993-25),금천구
11545|독산동|993-36,서울특별시 금천구 독산동 993-36,리치힐102동(993-36),금천구
11545|독산동|994-33,서울특별시 금천구 독산동 994-33,한아101(994-33),금천구
11545|독산동|994-73,서울특별시 금천구 독산동 994-73,한아102(994-73),금천구
11545|독산동|994-76,서울특별시 금천구 독산동 994-76,삼성로얄,금천구
11545|시흥동|1002-1,서울특별시 금천구 시흥동 1002-1,럭키남서울아파트,금천구
11545|시흥동|1006,서울특별시 금천구 시흥동 1006,벽산3,금천구
11545|시흥동|1008,서울특별시 금천구 시흥동 1008,금강,금천구
11545|시흥동|1009,서울특별시 금천구 시흥동 1009,시흥목련,금천구
11545|시흥동|1010,서울특별시 금천구 시흥동 1010,벽산,금천구
11545|시흥동|1011,서울특별시 금천구 시흥동 1011,우방,금천구
11545|시흥동|1012,서울특별시 금천구 시흥동 1012,백운한비치,금천구
11545|시흥동|1013,서울특별시 금천구 시흥동 1013,관악산벽산타운5,금천구
11545|시흥동|1014,서울특별시 금천구 시흥동 1014,금광,금천구
11545|시흥동|1015,서울특별시 금천구 시흥동 1015,시흥베르빌,금천구
11545|시흥동|1016,서울특별시 금천구 시흥동 1016,한빛무궁화101동,금천구
11545|시흥동|1017,서울특별시 금천구 시흥동 1017,관악산신도브래뉴,금천구
11545|시흥동|1018,서울특별시 금천구 시흥동 1018,백운한비치Ⅱ,금천구
11545|시흥동|1026,서울특별시 금천구 시흥동 1026,남서울힐스테이트,금천구
11545|시흥동|1033,서울특별시 금천구 시흥동 1033,더유엘아파트,금천구
11545|시흥동|1035,서울특별시 금천구 시흥동 1035,그린포레아파트,금천구
11545|시흥동|109-1,서울특별시 금천구 시흥동 109-1,무지개,금천구
11545|시흥동|200-4,서울특별시 금천구 시흥동 200-4,신화아파트(200-4),금천구
11545|시흥동|209,서울특별시 금천구 시흥동 209,현대(209),금천구
11545|시흥동|220-2,서울특별시 금천구 시흥동 220-2,현대(220-2),금천구
11545|시흥동|266-2745,서울특별시 금천구 시흥동 266-2745,애시안아파트,금천구
11545|시흥동|268-46,서울특별시 금천구 시흥동 268-46,탑스빌,금천구
11545|시흥동|3-28,서울특별시 금천구 시흥동 3-28,하나어울림,금천구
11545|시흥동|3-3,서울특별시 금천구 시흥동 3-3,유승셀르빌,금천구
11545|시흥동|384-12,서울특별시 금천구 시흥동 384-12,남서울건영2,금천구
11545|시흥동|5-13,서울특별시 금천구 시흥동 5-13,삼익,금천구
11545|시흥동|558-17,서울특별시 금천구 시흥동 558-17,쉼터빌리지,금천구
11545|시흥동|791-40,서울특별시 금천구 시흥동 791-40,SM엘루이,금천구
11545|시흥동|793-6,서울특별시 금천구 시흥동 793-6,한빛,금천구
11545|시흥동|795-5,서울특별시 금천구 시흥동 795-5,우성,금천구
11545|시흥동|796-43,서울특별시 금천구 시흥동 796-43,한빛로얄(796-43),금천구
11545|시흥동|796-7,서울특별시 금천구 시흥동 796-7,한빛로얄,금천구
11545|시흥동|797-2,서울특별시 금천구 시흥동 797-2,세종,금천구
11545|시흥동|798-64,서울특별시 금천구 시흥동 798-64,오성로얄,금천구
11545|시흥동|806,서울특별시 금천구 시흥동 806,시흥동월드메르디앙,금천구
11545|시흥동|817-29,서울특별시 금천구 시흥동 817-29,시흥(817-29),금천구
11545|시흥동|818-14,서울특별시 금천구 시흥동 818-14,백조,금천구
11545|시흥동|820-12,서울특별시 금천구 시흥동 820-12,경남아파트,금천구
11545|시흥동|823,서울특별시 금천구 시흥동 823,신세계,금천구
11545|시흥동|867-16,서울특별시 금천구 시흥동 867-16,우성(867-16),금천구
11545|시흥동|882-11,서울특별시 금천구 시흥동 882-11,신동힐탑,금천구
11545|시흥동|882-3,서울특별시 금천구 시흥동 882-3,우림메르디앙,금천구
11545|시흥동|882-61,서울특별시 금천구 시흥동 882-61,와이즈플레이스,금천구
11545|시흥동|883-11,서울특별시 금천구 시흥동 883-11,금천리메인시티,금천구
11545|시흥동|898-17,서울특별시 금천구 시흥동 898-17,금천,금천구
11545|시흥동|902-7,서울특별시 금천구 시흥동 902-7,청우그린,금천구
11545|시흥동|912-20,서울특별시 금천구 시흥동 912-20,에벤에셀프라자,금천구
11545|시흥동|920-35,서울특별시 금천구 시흥동 920-35,예일,금천구
11545|시흥동|929-33,서울특별시 금천구 시흥동 929-33,건우한마음,금천구
11545|시흥동|946-2,서울특별시 금천구 시흥동 946-2,백운,금천구
11545|시흥동|948,서울특별시 금천구 시흥동 948,삼일,금천구
11545|시흥동|948-9,서울특별시 금천구 시흥동 948-9,보르미아파트(948-9),금천구
11545|시흥동|949-18,서울특별시 금천구 시흥동 949-18,거상홈타운801동,금천구
11545|시흥동|949-6,서울특별시 금천구 시흥동 949-6,거상홈타운701동,금천구
11545|시흥동|952,서울특별시 금천구 시흥동 952,낙원,금천구
11545|시흥동|952-7,서울특별시 금천구 시흥동 952-7,칠성(952-7),금천구
11545|시흥동|953-5,서울특별시 금천구 시흥동 953-5,거상장미,금천구
11545|시흥동|956-6,서울특별시 금천구 시흥동 956-6,거상센스빌(956-6),금천구
11545|시흥동|959-11,서울특별시 금천구 시흥동 959-11,백운스위트빌,금천구
11545|시흥동|960-5,서울특별시 금천구 시흥동 960-5,거상센스빌(960-5),금천구
11545|시흥동|960-6,서울특별시 금천구 시흥동 960-6,힐캐슬,금천구
11545|시흥동|961-4,서울특별시 금천구 시흥동 961-4,메르시대신아파트,금천구
11545|시흥동|961-5,서울특별시 금천구 시흥동 961-5,거상성림(501동),금천구
11545|시흥동|962-8,서울특별시 금천구 시흥동 962-8,백운한비치5,금천구
11545|시흥동|977-1,서울특별시 금천구 시흥동 977-1,루체클래식,금천구
11545|시흥동|977-11,서울특별시 금천구 시흥동 977-11,칠성(3),금천구
11545|시흥동|977-2,서울특별시 금천구 시흥동 977-2,칠성(977-2),금천구
11545|시흥동|989-11,서울특별시 금천구 시흥동 989-11,대도훼미리,금천구
11545|시흥동|989-9,서울특별시 금천구 시흥동 989-9,스카이,금천구
11545|시흥동|992-12,서울특별시 금천구 시흥동 992-12,영광아파트,금천구
11545|시흥동|992-2,서울특별시 금천구 시흥동 992-2,남서울건영아파트,금천구
11545|시흥동|992-20,서울특별시 금천구 시흥동 992-20,웨스트밸리,금천구
11545|시흥동|992-8,서울특별시 금천구 시흥동 992-8,백운플러스타워,금천구
11545|시흥동|999-1,서울특별시 금천구 시흥동 999-1,산호시티빌,금천구
11545|시흥동|산173-8,서울특별시 금천구 시흥동 산173-8,성지,금천구
11560|당산동1가|16-1,서울특별시 영등포구 당산동1가 16-1,진로,영등포구
11560|당산동1가|457,서울특별시 영등포구 당산동1가 457,신동아파밀리에,영등포구
11560|당산동1가|9-1,서울특별시 영등포구 당산동1가 9-1,코오롱,영등포구
11560|당산동2가|16-1,서울특별시 영등포구 당산동2가 16-1,당산대우,영등포구
11560|당산동2가|164,서울특별시 영등포구 당산동2가 164,당산2가현대홈타운,영등포구
11560|당산동3가|2-6,서울특별시 영등포구 당산동3가 2-6,당산한양,영등포구
11560|당산동3가|394,서울특별시 영등포구 당산동3가 394,삼익,영등포구
11560|당산동3가|559,서울특별시 영등포구 당산동3가 559,쌍용예가클래식,영등포구
11560|당산동3가|561,서울특별시 영등포구 당산동3가 561,동부센트레빌,영등포구
11560|당산동3가|563,서울특별시 영등포구 당산동3가 563,당산어울림2차,영등포구
11560|당산동3가|564,서울특별시 영등포구 당산동3가 564,당산계룡리슈빌1단지,영등포구
11560|당산동3가|565,서울특별시 영등포구 당산동3가 565,당산계룡리슈빌3단지,영등포구
11560|당산동3가|566,서울특별시 영등포구 당산동3가 566,당산계룡리슈빌2단지,영등포구
11560|당산동4가|29,서울특별시 영등포구 당산동4가 29,한강아파트,영등포구
11560|당산동4가|30-1,서울특별시 영등포구 당산동4가 30-1,당산현대5차,영등포구
11560|당산동4가|88,서울특별시 영등포구 당산동4가 88,당산현대3차,영등포구
11560|당산동4가|91,서울특별시 영등포구 당산동4가 91,유원제일,영등포구
11560|당산동4가|92,서울특별시 영등포구 당산동4가 92,현대2,영등포구
11560|당산동4가|94-1,서울특별시 영등포구 당산동4가 94-1,당산삼성2차,영등포구
11560|당산동4가|95,서울특별시 영등포구 당산동4가 95,당산금호어울림,영등포구
11560|당산동4가|96,서울특별시 영등포구 당산동4가 96,당산반도유보라팰리스,영등포구
11560|당산동4가|97,서울특별시 영등포구 당산동4가 97,삼익플라주,영등포구
11560|당산동4가|98,서울특별시 영등포구 당산동4가 98,브라운스톤당산,영등포구
11560|당산동4가|99,서울특별시 영등포구 당산동4가 99,당산롯데캐슬프레스티지,영등포구
11560|당산동5가|11-33,서울특별시 영등포구 당산동5가 11-33,당산디오빌,영등포구
11560|당산동5가|12,서울특별시 영등포구 당산동5가 12,당산효성1차,영등포구
11560|당산동5가|13,서울특별시 영등포구 당산동5가 13,당산효성타운2차,영등포구
11560|당산동5가|4-13,서울특별시 영등포구 당산동5가 4-13,상아,영등포구
11560|당산동5가|4-2,서울특별시 영등포구 당산동5가 4-2,현대1,영등포구
11560|당산동5가|40,서울특별시 영등포구 당산동5가 40,성원,영등포구
11560|당산동5가|41,서울특별시 영등포구 당산동5가 41,반도유보라,영등포구
11560|당산동5가|42,서울특별시 영등포구 당산동5가 42,당산삼성래미안4차,영등포구
11560|당산동5가|43,서울특별시 영등포구 당산동5가 43,당산센트럴아이파크,영등포구
11560|당산동5가|7-2,서울특별시 영등포구 당산동5가 7-2,유원제일2차,영등포구
11560|당산동6가|336-4,서울특별시 영등포구 당산동6가 336-4,유탑유블레스,영등포구
11560|당산동|121-108,서울특별시 영등포구 당산동 121-108,훼미리하우스138,영등포구
11560|당산동|121-130,서울특별시 영등포구 당산동 121-130,리버뷰,영등포구
11560|당산동|121-132,서울특별시 영등포구 당산동 121-132,THESILK,영등포구
11560|당산동|121-134,서울특별시 영등포구 당산동 121-134,성재I캐슬2차,영등포구
11560|당산동|121-136,서울특별시 영등포구 당산동 121-136,성재아이캐슬,영등포구
11560|당산동|121-140,서울특별시 영등포구 당산동 121-140,칸리버팰리스,영등포구
11560|당산동|121-19,서울특별시 영등포구 당산동 121-19,계명,영등포구
11560|당산동|121-200,서울특별시 영등포구 당산동 121-200,휴브리지빌딩,영등포구
11560|당산동|121-204,서울특별시 영등포구 당산동 121-204,리첸트,영등포구
11560|당산동|121-215,서울특별시 영등포구 당산동 121-215,대우,영등포구
11560|당산동|121-41,서울특별시 영등포구 당산동 121-41,강변한솔그라치아,영등포구
11560|당산동|121-60,서울특별시 영등포구 당산동 121-60,태경,영등포구
11560|당산동|171-19,서울특별시 영등포구 당산동 171-19,드림시드,영등포구
11560|당산동|374,서울특별시 영등포구 당산동 374,래미안당산1차,영등포구
11560|당산동|376,서울특별시 영등포구 당산동 376,강변래미안,영등포구
11560|당산동|378,서울특별시 영등포구 당산동 378,드림리버빌,영등포구
11560|대림동|1061,서울특별시 영등포구 대림동 1061,문영칸타빌레,영등포구
11560|대림동|1101-1,서울특별시 영등포구 대림동 1101-1,(1101-1),영등포구
11560|대림동|1101-7,서울특별시 영등포구 대림동 1101-7,G밸리소홈,영등포구
11560|대림동|1115-1,서울특별시 영등포구 대림동 1115-1,성원(1115-1),영등포구
11560|대림동|1119,서울특별시 영등포구 대림동 1119,대림동갑을명가아파트,영등포구
11560|대림동|1120,서울특별시 영등포구 대림동 1120,온누리,영등포구
11560|대림동|1121,서울특별시 영등포구 대림동 1121,신대림자이1단지,영등포구
11560|대림동|1122,서울특별시 영등포구 대림동 1122,신대림자이2단지,영등포구
11560|대림동|1123,서울특별시 영등포구 대림동 1123,한솔솔파크,영등포구
11560|대림동|1124,서울특별시 영등포구 대림동 1124,신대림신동아파밀리에,영등포구
11560|대림동|1125,서울특별시 영등포구 대림동 1125,보라매 신동아 파밀리에,영등포구
11560|대림동|1127,서울특별시 영등포구 대림동 1127,e편한세상영등포아델포레,영등포구
11560|대림동|1132,서울특별시 영등포구 대림동 1132,영등포자이르네,영등포구
11560|대림동|607-1,서울특별시 영등포구 대림동 607-1,코오롱,영등포구
11560|대림동|608-1,서울특별시 영등포구 대림동 608-1,현대3차,영등포구
11560|대림동|650,서울특별시 영등포구 대림동 650,성원(650),영등포구
11560|대림동|687,서울특별시 영등포구 대림동 687,다청림2동,영등포구
11560|대림동|687-1,서울특별시 영등포구 대림동 687-1,성락,영등포구
11560|대림동|687-3,서울특별시 영등포구 대림동 687-3,다청림1동,영등포구
11560|대림동|695,서울특별시 영등포구 대림동 695,우성2,영등포구
11560|대림동|696,서울특별시 영등포구 대림동 696,우성1,영등포구
11560|대림동|717,서울특별시 영등포구 대림동 717,쌍용플래티넘S,영등포구
11560|대림동|739-4,서울특별시 영등포구 대림동 739-4,삼화에코빌1차,영등포구
11560|대림동|777-1,서울특별시 영등포구 대림동 777-1,신동아,영등포구
11560|대림동|778-43,서울특별시 영등포구 대림동 778-43,종인아네스트,영등포구
11560|대림동|785,서울특별시 영등포구 대림동 785,현대2,영등포구
11560|대림동|785-1,서울특별시 영등포구 대림동 785-1,현대1,영등포구
11560|대림동|887-1,서울특별시 영등포구 대림동 887-1,한신휴1차,영등포구
11560|대림동|897-1,서울특별시 영등포구 대림동 897-1,한신휴2차,영등포구
11560|대림동|946-1,서울특별시 영등포구 대림동 946-1,대림현대,영등포구
11560|대림동|974-1,서울특별시 영등포구 대림동 974-1,늘푸른,영등포구
11560|대림동|993-8,서울특별시 영등포구 대림동 993-8,무림,영등포구
11560|도림동|165-1,서울특별시 영등포구 도림동 165-1,동아에코빌,영등포구
11560|도림동|221-1,서울특별시 영등포구 도림동 221-1,도림청구,영등포구
11560|도림동|231-1,서울특별시 영등포구 도림동 231-1,한라,영등포구
11560|도림동|231-8,서울특별시 영등포구 도림동 231-8,정호샤인빌,영등포구
11560|도림동|251-2,서울특별시 영등포구 도림동 251-2,그린나래,영등포구
11560|도림동|821,서울특별시 영등포구 도림동 821,영등포아트자이,영등포구
11560|문래동2가|35,서울특별시 영등포구 문래동2가 35,남성,영등포구
11560|문래동3가|13,서울특별시 영등포구 문래동3가 13,문래해태,영등포구
11560|문래동3가|54,서울특별시 영등포구 문래동3가 54,문래자이,영등포구
11560|문래동3가|76-1,서울특별시 영등포구 문래동3가 76-1,국화맨션,영등포구
11560|문래동3가|77-2,서울특별시 영등포구 문래동3가 77-2,문래공원한신,영등포구
11560|문래동3가|78,서울특별시 영등포구 문래동3가 78,문래우정,영등포구
11560|문래동3가|93-1,서울특별시 영등포구 문래동3가 93-1,문래건영,영등포구
11560|문래동3가|94,서울특별시 영등포구 문래동3가 94,문래힐스테이트,영등포구
11560|문래동3가|95,서울특별시 영등포구 문래동3가 95,문래동원데자뷰,영등포구
11560|문래동3가|96,서울특별시 영등포구 문래동3가 96,태영데시앙,영등포구
11560|문래동3가|97,서울특별시 영등포구 문래동3가 97,문래금호어울림,영등포구
11560|문래동3가|99,서울특별시 영등포구 문래동3가 99,예지팰리스77차,영등포구
11560|문래동4가|43,서울특별시 영등포구 문래동4가 43,문래동삼환,영등포구
11560|문래동4가|67,서울특별시 영등포구 문래동4가 67,리버뷰신안인스빌1단지,영등포구
11560|문래동4가|68,서울특별시 영등포구 문래동4가 68,리버뷰신안인스빌2단지,영등포구
11560|문래동5가|1,서울특별시 영등포구 문래동5가 1,문래대림,영등포구
11560|문래동5가|14,서울특별시 영등포구 문래동5가 14,문래두산위브,영등포구
11560|문래동5가|21,서울특별시 영등포구 문래동5가 21,현대3차,영등포구
11560|문래동5가|22,서울특별시 영등포구 문래동5가 22,진주맨션,영등포구
11560|문래동5가|23-1,서울특별시 영등포구 문래동5가 23-1,문래현대5차,영등포구
11560|문래동5가|67,서울특별시 영등포구 문래동5가 67,문래모아미래도,영등포구
11560|문래동6가|11-1,서울특별시 영등포구 문래동6가 11-1,유원문래,영등포구
11560|문래동6가|38-1,서울특별시 영등포구 문래동6가 38-1,문래베어스타운,영등포구
11560|문래동6가|43,서울특별시 영등포구 문래동6가 43,한신,영등포구
11560|문래동6가|45,서울특별시 영등포구 문래동6가 45,현대2차,영등포구
11560|문래동6가|46,서울특별시 영등포구 문래동6가 46,현대1차,영등포구
11560|문래동6가|47-1,서울특별시 영등포구 문래동6가 47-1,대원,영등포구
11560|문래동6가|54,서울특별시 영등포구 문래동6가 54,문래미원,영등포구
11560|문래동6가|55-1,서울특별시 영등포구 문래동6가 55-1,현대6차,영등포구
11560|문래동6가|56-1,서울특별시 영등포구 문래동6가 56-1,미주프라자,영등포구
11560|문래동6가|58,서울특별시 영등포구 문래동6가 58,e편한세상 문래 에듀플라츠,영등포구
11560|신길동|1-8,서울특별시 영등포구 신길동 1-8,여의,영등포구
11560|신길동|102-8,서울특별시 영등포구 신길동 102-8,우성4,영등포구
11560|신길동|1119,서울특별시 영등포구 신길동 1119,하늘애,영등포구
11560|신길동|1343,서울특별시 영등포구 신길동 1343,대방전철,영등포구
11560|신길동|1515-2,서울특별시 영등포구 신길동 1515-2,제일골드타워,영등포구
11560|신길동|166-45,서울특별시 영등포구 신길동 166-45,광산로얄,영등포구
11560|신길동|2-3,서울특별시 영등포구 신길동 2-3,삼두,영등포구
11560|신길동|2363,서울특별시 영등포구 신길동 2363,메트하임,영등포구
11560|신길동|255-9,서울특별시 영등포구 신길동 255-9,신길AK푸르지오,영등포구
11560|신길동|261-22,서울특별시 영등포구 신길동 261-22,신길레전드힐스,영등포구
11560|신길동|3002,서울특별시 영등포구 신길동 3002,남서울,영등포구
11560|신길동|340-1,서울특별시 영등포구 신길동 340-1,신미,영등포구
11560|신길동|364,서울특별시 영등포구 신길동 364,건영,영등포구
11560|신길동|365,서울특별시 영등포구 신길동 365,우성1,영등포구
11560|신길동|389,서울특별시 영등포구 신길동 389,대성유니드,영등포구
11560|신길동|401,서울특별시 영등포구 신길동 401,슈와이,영등포구
11560|신길동|425-8,서울특별시 영등포구 신길동 425-8,신풍두산위브,영등포구
11560|신길동|4312,서울특별시 영등포구 신길동 4312,대방,영등포구
11560|신길동|4497,서울특별시 영등포구 신길동 4497,보라매두산위브,영등포구
11560|신길동|4501,서울특별시 영등포구 신길동 4501,우창,영등포구
11560|신길동|4518,서울특별시 영등포구 신길동 4518,우성2,영등포구
11560|신길동|454-4,서울특별시 영등포구 신길동 454-4,한양,영등포구
11560|신길동|456-14,서울특별시 영등포구 신길동 456-14,다울103동,영등포구
11560|신길동|456-19,서울특별시 영등포구 신길동 456-19,다울101동,영등포구
11560|신길동|456-93,서울특별시 영등포구 신길동 456-93,다울아파트102동,영등포구
11560|신길동|4656,서울특별시 영등포구 신길동 4656,우성3,영등포구
11560|신길동|4759,서울특별시 영등포구 신길동 4759,삼성,영등포구
11560|신길동|4780,서울특별시 영등포구 신길동 4780,보라매경남아너스빌,영등포구
11560|신길동|480,서울특별시 영등포구 신길동 480,EL샤틀레,영등포구
11560|신길동|4933,서울특별시 영등포구 신길동 4933,우성5,영등포구
11560|신길동|4934,서울특별시 영등포구 신길동 4934,삼성래미안,영등포구
11560|신길동|4935,서울특별시 영등포구 신길동 4935,신기목련아파트,영등포구
11560|신길동|4937,서울특별시 영등포구 신길동 4937,포레나 신길,영등포구
11560|신길동|4938,서울특별시 영등포구 신길동 4938,신길자이,영등포구
11560|신길동|4942,서울특별시 영등포구 신길동 4942,여의도리버뷰,영등포구
11560|신길동|4943,서울특별시 영등포구 신길동 4943,선원가와인,영등포구
11560|신길동|4944,서울특별시 영등포구 신길동 4944,보라매정은벚꽃마을,영등포구
11560|신길동|4945,서울특별시 영등포구 신길동 4945,래미안영등포프레비뉴,영등포구
11560|신길동|4950,서울특별시 영등포구 신길동 4950,래미안에스티움,영등포구
11560|신길동|4955,서울특별시 영등포구 신길동 4955,신길센트럴아이파크,영등포구
11560|신길동|4958,서울특별시 영등포구 신길동 4958,보라매에스케이뷰,영등포구
11560|신길동|496,서울특별시 영등포구 신길동 496,보라매길성그랑프리텔,영등포구
11560|신길동|4964,서울특별시 영등포구 신길동 4964,신길센트럴자이아파트,영등포구
11560|신길동|4967,서울특별시 영등포구 신길동 4967,신길파크자이,영등포구
11560|신길동|4969,서울특별시 영등포구 신길동 4969,힐스테이트클래시안,영등포구
11560|신길동|4974,서울특별시 영등포구 신길동 4974,더샵파크프레스티지,영등포구
11560|신길동|499,서울특별시 영등포구 신길동 499,동훈노보빌,영등포구
11560|신길동|507,서울특별시 영등포구 신길동 507,시원트레벨,영등포구
11560|신길동|65-21,서울특별시 영등포구 신길동 65-21,프리가,영등포구
11560|신길동|67-1,서울특별시 영등포구 신길동 67-1,경남,영등포구
11560|신길동|69-20,서울특별시 영등포구 신길동 69-20,루나플라체,영등포구
11560|신길동|769-1,서울특별시 영등포구 신길동 769-1,한성,영등포구
11560|신길동|897-1,서울특별시 영등포구 신길동 897-1,삼환,영등포구
11560|양평동1가|14-1,서울특별시 영등포구 양평동1가 14-1,한신공영,영등포구
11560|양평동1가|147,서울특별시 영등포구 양평동1가 147,어반힐,영등포구
11560|양평동1가|20,서울특별시 영등포구 양평동1가 20,신동아,영등포구
11560|양평동1가|245,서울특별시 영등포구 양평동1가 245,삼환,영등포구
11560|양평동1가|265-1,서울특별시 영등포구 양평동1가 265-1,영등포자이디그니티,영등포구
11560|양평동1가|269,서울특별시 영등포구 양평동1가 269,이너스삼성,영등포구
11560|양평동1가|270,서울특별시 영등포구 양평동1가 270,창건애드웰,영등포구
11560|양평동1가|271,서울특별시 영등포구 양평동1가 271,영등포중흥에스클래스,영등포구
11560|양평동2가|23,서울특별시 영등포구 양평동2가 23,양평벽산블루밍,영등포구
11560|양평동2가|30-5,서울특별시 영등포구 양평동2가 30-5,양평,영등포구
11560|양평동2가|38-1,서울특별시 영등포구 양평동2가 38-1,삼성래미안,영등포구
11560|양평동2가|39-1,서울특별시 영등포구 양평동2가 39-1,오목교벽산블루밍,영등포구
11560|양평동2가|45,서울특별시 영등포구 양평동2가 45,상록수,영등포구
11560|양평동3가|101,서울특별시 영등포구 양평동3가 101,양평현대6차,영등포구
11560|양평동3가|102,서울특별시 영등포구 양평동3가 102,우림루미아트,영등포구
11560|양평동3가|103,서울특별시 영등포구 양평동3가 103,태승훼밀리,영등포구
11560|양평동3가|104,서울특별시 영등포구 양평동3가 104,삼익플라주101동,영등포구
11560|양평동3가|105,서울특별시 영등포구 양평동3가 105,삼익플라주201동,영등포구
11560|양평동3가|106,서울특별시 영등포구 양평동3가 106,양평역미소지움,영등포구
11560|양평동3가|19,서울특별시 영등포구 양평동3가 19,월드메르디앙,영등포구
11560|양평동3가|24,서울특별시 영등포구 양평동3가 24,삼천리,영등포구
11560|양평동3가|55-1,서울특별시 영등포구 양평동3가 55-1,경남아너스빌,영등포구
11560|양평동3가|66,서울특별시 영등포구 양평동3가 66,삼호,영등포구
11560|양평동3가|79,서울특별시 영등포구 양평동3가 79,현대3차,영등포구
11560|양평동3가|79-4,서울특별시 영등포구 양평동3가 79-4,현대2차,영등포구
11560|양평동3가|90-1,서울특별시 영등포구 양평동3가 90-1,거성파스텔,영등포구
11560|양평동4가|12,서울특별시 영등포구 양평동4가 12,성원,영등포구
11560|양평동4가|160-2,서울특별시 영등포구 양평동4가 160-2,약산,영등포구
11560|양평동4가|196,서울특별시 영등포구 양평동4가 196,수성예술,영등포구
11560|양평동4가|261,서울특별시 영등포구 양평동4가 261,계명,영등포구
11560|양평동4가|324,서울특별시 영등포구 양평동4가 324,에이스리버티움,영등포구
11560|양평동4가|51-1,서울특별시 영등포구 양평동4가 51-1,경남아너스빌,영등포구
11560|양평동4가|94,서울특별시 영등포구 양평동4가 94,삼호한숲,영등포구
11560|양평동5가|76,서울특별시 영등포구 양평동5가 76,양평한신,영등포구
11560|양평동5가|9-1,서울특별시 영등포구 양평동5가 9-1,동보,영등포구
11560|양평동6가|100,서울특별시 영등포구 양평동6가 100,동양,영등포구
11560|양평동6가|101,서울특별시 영등포구 양평동6가 101,선유도삼성홈타운,영등포구
11560|양평동6가|95-4,서울특별시 영등포구 양평동6가 95-4,리츠뷰,영등포구
11560|양평동6가|99,서울특별시 영등포구 양평동6가 99,한솔,영등포구
11560|여의도동|11-1,서울특별시 영등포구 여의도동 11-1,순복음(초원),영등포구
11560|여의도동|21-1,서울특별시 영등포구 여의도동 21-1,서울,영등포구
11560|여의도동|21-2,서울특별시 영등포구 여의도동 21-2,공작,영등포구
11560|여의도동|28,서울특별시 영등포구 여의도동 28,광장,영등포구
11560|여의도동|30,서울특별시 영등포구 여의도동 30,목화,영등포구
11560|여의도동|30-2,서울특별시 영등포구 여의도동 30-2,삼부,영등포구
11560|여의도동|32,서울특별시 영등포구 여의도동 32,수정,영등포구
11560|여의도동|36,서울특별시 영등포구 여의도동 36,롯데캐슬엠파이어,영등포구
11560|여의도동|37,서울특별시 영등포구 여의도동 37,미성,영등포구
11560|여의도동|38-1,서울특별시 영등포구 여의도동 38-1,"광장(1,2동)",영등포구
11560|여의도동|40,서울특별시 영등포구 여의도동 40,장미,영등포구
11560|여의도동|40-4,서울특별시 영등포구 여의도동 40-4,화랑,영등포구
11560|여의도동|41,서울특별시 영등포구 여의도동 41,대교,영등포구
11560|여의도동|42,서울특별시 영등포구 여의도동 42,한양,영등포구
11560|여의도동|43-4,서울특별시 영등포구 여의도동 43-4,롯데캐슬아이비,영등포구
11560|여의도동|47,서울특별시 영등포구 여의도동 47,여의도자이,영등포구
11560|여의도동|48,서울특별시 영등포구 여의도동 48,대우트럼프월드II,영등포구
11560|여의도동|50,서울특별시 영등포구 여의도동 50,시범,영등포구
11560|여의도동|51,서울특별시 영등포구 여의도동 51,삼익,영등포구
11560|여의도동|52,서울특별시 영등포구 여의도동 52,은하,영등포구
11560|여의도동|525,서울특별시 영등포구 여의도동 525,브라이튼여의도,영등포구
11560|여의도동|54,서울특별시 영등포구 여의도동 54,진주,영등포구
11560|여의도동|55-1,서울특별시 영등포구 여의도동 55-1,대우트럼프월드Ⅰ,영등포구
11560|여의도동|61,서울특별시 영등포구 여의도동 61,리첸시아,영등포구
11560|여의도동|61-4,서울특별시 영등포구 여의도동 61-4,라이프콤비,영등포구
11560|여의도동|61-5,서울특별시 영등포구 여의도동 61-5,리버타워,영등포구
11560|영등포동1가|113-1,서울특별시 영등포구 영등포동1가 113-1,여의도씨티아이,영등포구
11560|영등포동1가|144,서울특별시 영등포구 영등포동1가 144,헤렌어반,영등포구
11560|영등포동1가|145,서울특별시 영등포구 영등포동1가 145,내이처해밀,영등포구
11560|영등포동1가|28,서울특별시 영등포구 영등포동1가 28,지엘리베라움,영등포구
11560|영등포동1가|29,서울특별시 영등포구 영등포동1가 29,여의도의아침,영등포구
11560|영등포동1가|40-1,서울특별시 영등포구 영등포동1가 40-1,창방누리애,영등포구
11560|영등포동1가|75-4,서울특별시 영등포구 영등포동1가 75-4,스테이72여의도,영등포구
11560|영등포동1가|92-3,서울특별시 영등포구 영등포동1가 92-3,여의도이튼브라운,영등포구
11560|영등포동1가|94-2,서울특별시 영등포구 영등포동1가 94-2,여의도더리브스타일,영등포구
11560|영등포동2가|139,서울특별시 영등포구 영등포동2가 139,여의도리미티오148,영등포구
11560|영등포동2가|28-117,서울특별시 영등포구 영등포동2가 28-117,이지리움S,영등포구
11560|영등포동2가|28-138,서울특별시 영등포구 영등포동2가 28-138,현대팰리스,영등포구
11560|영등포동2가|467,서울특별시 영등포구 영등포동2가 467,센트레빌아스테리움영등포아파트,영등포구
11560|영등포동2가|94-129,서울특별시 영등포구 영등포동2가 94-129,경동미르웰여의도,영등포구
11560|영등포동3가|19-2,서울특별시 영등포구 영등포동3가 19-2,포레스트힐시티,영등포구
11560|영등포동4가|103,서울특별시 영등포구 영등포동4가 103,영등포그랑그루,영등포구
11560|영등포동5가|24,서울특별시 영등포구 영등포동5가 24,동남,영등포구
11560|영등포동5가|49-1,서울특별시 영등포구 영등포동5가 49-1,현대프라자,영등포구
11560|영등포동7가|202,서울특별시 영등포구 영등포동7가 202,브라운스톤영등포,영등포구
11560|영등포동7가|203,서울특별시 영등포구 영등포동7가 203,아크로타워스퀘어,영등포구
11560|영등포동7가|208,서울특별시 영등포구 영등포동7가 208,포레나영등포센트럴,영등포구
11560|영등포동7가|29-130,서울특별시 영등포구 영등포동7가 29-130,근상프리즘,영등포구
11560|영등포동7가|46-1,서울특별시 영등포구 영등포동7가 46-1,경남아너스빌,영등포구
11560|영등포동7가|94-41,서울특별시 영등포구 영등포동7가 94-41,삼성,영등포구
11560|영등포동7가|94-51,서울특별시 영등포구 영등포동7가 94-51,훼미리하우스117,영등포구
11560|영등포동7가|94-83,서울특별시 영등포구 영등포동7가 94-83,리치,영등포구
11560|영등포동7가|94-99,서울특별시 영등포구 영등포동7가 94-99,여의휴젠느,영등포구
11560|영등포동8가|45-8,서울특별시 영등포구 영등포동8가 45-8,리안펠리체,영등포구
11560|영등포동8가|51-1,서울특별시 영등포구 영등포동8가 51-1,영등포메이준2011,영등포구
11560|영등포동8가|76-1,서울특별시 영등포구 영등포동8가 76-1,삼환,영등포구
11560|영등포동8가|91,서울특별시 영등포구 영등포동8가 91,당산푸르지오,영등포구
11560|영등포동|585-25,서울특별시 영등포구 영등포동 585-25,동도하이츠,영등포구
11560|영등포동|618-83,서울특별시 영등포구 영등포동 618-83,영일,영등포구
11560|영등포동|647,서울특별시 영등포구 영등포동 647,영등포푸르지오,영등포구
11560|영등포동|648,서울특별시 영등포구 영등포동 648,순영웰라이빌,영등포구
11560|영등포동|649,서울특별시 영등포구 영등포동 649,두산위브,영등포구
11560|영등포동|651,서울특별시 영등포구 영등포동 651,라르파크,영등포구
11590|노량진동|227-5,서울특별시 동작구 노량진동 227-5,노량진맨션,동작구
11590|노량진동|228-7,서울특별시 동작구 노량진동 228-7,은성,동작구
11590|노량진동|314-37,서울특별시 동작구 노량진동 314-37,정호샤인빌,동작구
11590|노량진동|314-86,서울특별시 동작구 노량진동 314-86,실크,동작구
11590|노량진동|315-13,서울특별시 동작구 노량진동 315-13,벧엘ForZoom,동작구
11590|노량진동|323,서울특별시 동작구 노량진동 323,우성,동작구
11590|노량진동|324,서울특별시 동작구 노량진동 324,건영(103동-106동),동작구
11590|노량진동|325,서울특별시 동작구 노량진동 325,신동아리버파크,동작구
11590|노량진동|330,서울특별시 동작구 노량진동 330,삼익,동작구
11590|노량진동|331,서울특별시 동작구 노량진동 331,형인한강,동작구
11590|노량진동|332,서울특별시 동작구 노량진동 332,쌍용예가,동작구
11590|노량진동|336,서울특별시 동작구 노량진동 336,힐스테이트장승배기역,동작구
11590|노량진동|39-20,서울특별시 동작구 노량진동 39-20,한강더퍼스트타워,동작구
11590|노량진동|57-1,서울특별시 동작구 노량진동 57-1,메가스터디타워,동작구
11590|대방동|11-1,서울특별시 동작구 대방동 11-1,리치빌203,동작구
11590|대방동|375-14,서울특별시 동작구 대방동 375-14,신건드림원,동작구
11590|대방동|375-16,서울특별시 동작구 대방동 375-16,다울,동작구
11590|대방동|375-22,서울특별시 동작구 대방동 375-22,대방(375-22),동작구
11590|대방동|375-37,서울특별시 동작구 대방동 375-37,디어파크(파크빌리지),동작구
11590|대방동|377-1,서울특별시 동작구 대방동 377-1,대방홈타운,동작구
11590|대방동|381-3,서울특별시 동작구 대방동 381-3,드림빌라트,동작구
11590|대방동|381-35,서울특별시 동작구 대방동 381-35,그린힐,동작구
11590|대방동|381-6,서울특별시 동작구 대방동 381-6,푸른숲,동작구
11590|대방동|383-17,서울특별시 동작구 대방동 383-17,신호리치빌,동작구
11590|대방동|385-11,서울특별시 동작구 대방동 385-11,삼인,동작구
11590|대방동|391-225,서울특별시 동작구 대방동 391-225,하나마을,동작구
11590|대방동|393-26,서울특별시 동작구 대방동 393-26,다운페라,동작구
11590|대방동|393-71,서울특별시 동작구 대방동 393-71,신대방타워,동작구
11590|대방동|394-2,서울특별시 동작구 대방동 394-2,진성마블로스,동작구
11590|대방동|402-32,서울특별시 동작구 대방동 402-32,현대,동작구
11590|대방동|403-16,서울특별시 동작구 대방동 403-16,골든노블레스,동작구
11590|대방동|41,서울특별시 동작구 대방동 41,신한토탈,동작구
11590|대방동|43-9,서울특별시 동작구 대방동 43-9,비전,동작구
11590|대방동|500,서울특별시 동작구 대방동 500,성원,동작구
11590|대방동|501,서울특별시 동작구 대방동 501,대림아파트,동작구
11590|대방동|502,서울특별시 동작구 대방동 502,대방동현대,동작구
11590|대방동|503,서울특별시 동작구 대방동 503,주공2,동작구
11590|대방동|504,서울특별시 동작구 대방동 504,한국개나리,동작구
11590|대방동|505,서울특별시 동작구 대방동 505,우정,동작구
11590|대방동|506,서울특별시 동작구 대방동 506,현대홈타운2,동작구
11590|대방동|507,서울특별시 동작구 대방동 507,대방2차e-편한세상,동작구
11590|대방동|508,서울특별시 동작구 대방동 508,대방1차e-편한세상,동작구
11590|대방동|509,서울특별시 동작구 대방동 509,보라매코오롱하늘채,동작구
11590|대방동|510,서울특별시 동작구 대방동 510,신일해피트리,동작구
11590|대방동|512,서울특별시 동작구 대방동 512,경남아너스빌,동작구
11590|대방동|515,서울특별시 동작구 대방동 515,아데나339,동작구
11590|대방동|516,서울특별시 동작구 대방동 516,대방파크빌,동작구
11590|대방동|522,서울특별시 동작구 대방동 522,보라매센트럴타운,동작구
11590|대방동|99-1,서울특별시 동작구 대방동 99-1,(99-1),동작구
11590|동작동|102,서울특별시 동작구 동작동 102,이수스위첸포레힐즈,동작구
11590|동작동|329,서울특별시 동작구 동작동 329,이수교신동아아파트,동작구
11590|동작동|331,서울특별시 동작구 동작동 331,금강KCC,동작구
11590|동작동|332,서울특별시 동작구 동작동 332,이수교KCC스위첸,동작구
11590|동작동|333,서울특별시 동작구 동작동 333,이수힐스테이트,동작구
11590|본동|148-2,서울특별시 동작구 본동 148-2,극동강변,동작구
11590|본동|150,서울특별시 동작구 본동 150,한강쌍용,동작구
11590|본동|481,서울특별시 동작구 본동 481,신동아,동작구
11590|본동|482,서울특별시 동작구 본동 482,유원강변,동작구
11590|본동|484,서울특별시 동작구 본동 484,경동윈츠리버,동작구
11590|본동|487,서울특별시 동작구 본동 487,한신휴플러스,동작구
11590|본동|492,서울특별시 동작구 본동 492,삼성래미안,동작구
11590|본동|494,서울특별시 동작구 본동 494,래미안트윈파크,동작구
11590|봉천동|1000,서울특별시 동작구 봉천동 1000,현대(관악),동작구
11590|봉천동|729-24,서울특별시 동작구 봉천동 729-24,캐릭터그린빌,동작구
11590|사당동|1008-1,서울특별시 동작구 사당동 1008-1,스타팰리스이수,동작구
11590|사당동|1016-42,서울특별시 동작구 사당동 1016-42,삼성월드,동작구
11590|사당동|1037-9,서울특별시 동작구 사당동 1037-9,삼성아파트,동작구
11590|사당동|1048-8,서울특별시 동작구 사당동 1048-8,오림센트빌,동작구
11590|사당동|105#11590-38,서울특별시 동작구 사당동 105,극동(105),동작구
11590|사당동|105#11590-47,서울특별시 동작구 사당동 105,신동아4,동작구
11590|사당동|105#11590-49,서울특별시 동작구 사당동 105,사당우성2,동작구
11590|사당동|105#11590-89,서울특별시 동작구 사당동 105,사당우성3,동작구
11590|사당동|1051-6,서울특별시 동작구 사당동 1051-6,강남드리움2차,동작구
11590|사당동|1131,서울특별시 동작구 사당동 1131,두산위브트레지움,동작구
11590|사당동|1132,서울특별시 동작구 사당동 1132,롯데캐슬,동작구
11590|사당동|1133,서울특별시 동작구 사당동 1133,삼성래미안,동작구
11590|사당동|1134,서울특별시 동작구 사당동 1134,경남아너스빌1차,동작구
11590|사당동|1135,서울특별시 동작구 사당동 1135,경남아너스빌2차,동작구
11590|사당동|1136,서울특별시 동작구 사당동 1136,경남아너스빌(대아3),동작구
11590|사당동|1137,서울특별시 동작구 사당동 1137,신동아5,동작구
11590|사당동|1138,서울특별시 동작구 사당동 1138,삼호그린,동작구
11590|사당동|1139,서울특별시 동작구 사당동 1139,사당자이,동작구
11590|사당동|1140,서울특별시 동작구 사당동 1140,삼성,동작구
11590|사당동|1141,서울특별시 동작구 사당동 1141,르메이에르,동작구
11590|사당동|1142,서울특별시 동작구 사당동 1142,진흥아리엘,동작구
11590|사당동|1143,서울특별시 동작구 사당동 1143,남해오네뜨,동작구
11590|사당동|1145,서울특별시 동작구 사당동 1145,사당해그린,동작구
11590|사당동|1147,서울특별시 동작구 사당동 1147,대창센시티,동작구
11590|사당동|1149,서울특별시 동작구 사당동 1149,사당롯데캐슬2차,동작구
11590|사당동|1150,서울특별시 동작구 사당동 1150,삼익그린뷰,동작구
11590|사당동|1151,서울특별시 동작구 사당동 1151,갑을명가,동작구
11590|사당동|1152,서울특별시 동작구 사당동 1152,관악푸르지오102동,동작구
11590|사당동|1153,서울특별시 동작구 사당동 1153,케이씨씨,동작구
11590|사당동|1154,서울특별시 동작구 사당동 1154,사당휴먼시아,동작구
11590|사당동|1155,서울특별시 동작구 사당동 1155,대성유니드,동작구
11590|사당동|1156,서울특별시 동작구 사당동 1156,이너스내안애,동작구
11590|사당동|1157,서울특별시 동작구 사당동 1157,이수역리가,동작구
11590|사당동|1158,서울특별시 동작구 사당동 1158,반석블레스,동작구
11590|사당동|1159,서울특별시 동작구 사당동 1159,래미안로이파크,동작구
11590|사당동|1160,서울특별시 동작구 사당동 1160,사당롯데캐슬골든포레,동작구
11590|사당동|1161,서울특별시 동작구 사당동 1161,이수푸르지오더프레티움,동작구
11590|사당동|120,서울특별시 동작구 사당동 120,두성,동작구
11590|사당동|138-3,서울특별시 동작구 사당동 138-3,이수프라자,동작구
11590|사당동|147-29,서울특별시 동작구 사당동 147-29,이수자이,동작구
11590|사당동|169-32,서울특별시 동작구 사당동 169-32,현대,동작구
11590|사당동|169-8,서울특별시 동작구 사당동 169-8,대림(169-8),동작구
11590|사당동|180-26,서울특별시 동작구 사당동 180-26,삼성그린101동,동작구
11590|사당동|196,서울특별시 동작구 사당동 196,인정,동작구
11590|사당동|197,서울특별시 동작구 사당동 197,사당,동작구
11590|사당동|205,서울특별시 동작구 사당동 205,삼성그린(205),동작구
11590|사당동|205-5,서울특별시 동작구 사당동 205-5,태천,동작구
11590|사당동|206-127,서울특별시 동작구 사당동 206-127,사당휴브리지(206-127),동작구
11590|사당동|212-3,서울특별시 동작구 사당동 212-3,남성골든빌A동B동,동작구
11590|사당동|235-62,서울특별시 동작구 사당동 235-62,공감지음포레뷰아파트,동작구
11590|사당동|235-76,서울특별시 동작구 사당동 235-76,동문아트빌,동작구
11590|사당동|238-6,서울특별시 동작구 사당동 238-6,레디앙스,동작구
11590|사당동|240-15,서울특별시 동작구 사당동 240-15,제일,동작구
11590|사당동|278-8,서울특별시 동작구 사당동 278-8,남양이룸,동작구
11590|사당동|288-34,서울특별시 동작구 사당동 288-34,까치산,동작구
11590|사당동|303-109,서울특별시 동작구 사당동 303-109,씨티뷰2차,동작구
11590|사당동|303-60,서울특별시 동작구 사당동 303-60,현대파크(아),동작구
11590|사당동|428-3,서울특별시 동작구 사당동 428-3,중앙아트,동작구
11590|사당동|43-71,서울특별시 동작구 사당동 43-71,세림아파트(43-71),동작구
11590|사당동|449-10,서울특별시 동작구 사당동 449-10,해맑은,동작구
11590|사당동|449-28,서울특별시 동작구 사당동 449-28,닷컴캐슬,동작구
11590|사당동|64-128,서울특별시 동작구 사당동 64-128,라이즈2동,동작구
11590|사당동|64-264,서울특별시 동작구 사당동 64-264,라이즈1동,동작구
11590|사당동|산25-2,서울특별시 동작구 사당동 산25-2,현대주택조합,동작구
11590|상도1동|311-1,서울특별시 동작구 상도1동 311-1,한주에코,동작구
11590|상도1동|317-1,서울특별시 동작구 상도1동 317-1,숭실그랜드,동작구
11590|상도1동|328-11,서울특별시 동작구 상도1동 328-11,백경,동작구
11590|상도1동|328-18,서울특별시 동작구 상도1동 328-18,대영테크빌,동작구
11590|상도1동|428-7,서울특별시 동작구 상도1동 428-7,방주샤인(428-7),동작구
11590|상도1동|441-2,서울특별시 동작구 상도1동 441-2,두이노블레스,동작구
11590|상도1동|441-5,서울특별시 동작구 상도1동 441-5,노블리움,동작구
11590|상도1동|466,서울특별시 동작구 상도1동 466,노블리움(466-0),동작구
11590|상도1동|488-8,서울특별시 동작구 상도1동 488-8,장원빌리지,동작구
11590|상도1동|501-3,서울특별시 동작구 상도1동 501-3,현진베스트빌,동작구
11590|상도1동|505,서울특별시 동작구 상도1동 505,평화그린,동작구
11590|상도1동|564,서울특별시 동작구 상도1동 564,정호탑,동작구
11590|상도동|1-38,서울특별시 동작구 상도동 1-38,한강리버힐B동,동작구
11590|상도동|1-5,서울특별시 동작구 상도동 1-5,한강리버힐A동,동작구
11590|상도동|1-7,서울특별시 동작구 상도동 1-7,오크밸리,동작구
11590|상도동|126-17,서울특별시 동작구 상도동 126-17,세레노,동작구
11590|상도동|126-18,서울특별시 동작구 상도동 126-18,푸른솔,동작구
11590|상도동|126-31,서울특별시 동작구 상도동 126-31,진성그린,동작구
11590|상도동|126-32,서울특별시 동작구 상도동 126-32,현산푸른숲,동작구
11590|상도동|159-28,서울특별시 동작구 상도동 159-28,중앙아파트,동작구
11590|상도동|159-41,서울특별시 동작구 상도동 159-41,백촌빌라트,동작구
11590|상도동|181-2,서울특별시 동작구 상도동 181-2,정호백경,동작구
11590|상도동|183-26,서울특별시 동작구 상도동 183-26,드림캐슬타워,동작구
11590|상도동|210-117,서울특별시 동작구 상도동 210-117,본파크빌,동작구
11590|상도동|210-250,서울특별시 동작구 상도동 210-250,남현그린,동작구
11590|상도동|211-1,서울특별시 동작구 상도동 211-1,약수맨션,동작구
11590|상도동|212-99,서울특별시 동작구 상도동 212-99,장승,동작구
11590|상도동|256-206,서울특별시 동작구 상도동 256-206,원아파트,동작구
11590|상도동|256-28,서울특별시 동작구 상도동 256-28,다온아파트,동작구
11590|상도동|263-2,서울특별시 동작구 상도동 263-2,성대아파트,동작구
11590|상도동|279-515,서울특별시 동작구 상도동 279-515,태양아파트,동작구
11590|상도동|283-137,서울특별시 동작구 상도동 283-137,상무,동작구
11590|상도동|283-68,서울특별시 동작구 상도동 283-68,파크뷰아파트,동작구
11590|상도동|283-73,서울특별시 동작구 상도동 283-73,상도타워B동,동작구
11590|상도동|283-75,서울특별시 동작구 상도동 283-75,상도타워A동,동작구
11590|상도동|299-63,서울특별시 동작구 상도동 299-63,파크팰리스,동작구
11590|상도동|301-226,서울특별시 동작구 상도동 301-226,청운아파트,동작구
11590|상도동|301-4,서울특별시 동작구 상도동 301-4,초원,동작구
11590|상도동|323-4,서울특별시 동작구 상도동 323-4,상진아파트,동작구
11590|상도동|335-140,서울특별시 동작구 상도동 335-140,원명,동작구
11590|상도동|350-5,서울특별시 동작구 상도동 350-5,샤인,동작구
11590|상도동|36-1,서울특별시 동작구 상도동 36-1,대림(36-1),동작구
11590|상도동|363-164,서울특별시 동작구 상도동 363-164,상도휴엔하임,동작구
11590|상도동|375-5,서울특별시 동작구 상도동 375-5,성우2차아파트,동작구
11590|상도동|380-1,서울특별시 동작구 상도동 380-1,성우아파트,동작구
11590|상도동|407,서울특별시 동작구 상도동 407,현대(관악),동작구
11590|상도동|408,서울특별시 동작구 상도동 408,상도동삼호아파트,동작구
11590|상도동|409,서울특별시 동작구 상도동 409,동아,동작구
11590|상도동|409-3,서울특별시 동작구 상도동 409-3,종인아네스트(409-3),동작구
11590|상도동|410,서울특별시 동작구 상도동 410,현대201동,동작구
11590|상도동|411,서울특별시 동작구 상도동 411,대림아파트,동작구
11590|상도동|412,서울특별시 동작구 상도동 412,상도현대,동작구
11590|상도동|413,서울특별시 동작구 상도동 413,삼익,동작구
11590|상도동|414,서울특별시 동작구 상도동 414,건영,동작구
11590|상도동|415,서울특별시 동작구 상도동 415,중앙하이츠빌,동작구
11590|상도동|416,서울특별시 동작구 상도동 416,아이파크,동작구
11590|상도동|418,서울특별시 동작구 상도동 418,쌍용스윗닷홈,동작구
11590|상도동|420,서울특별시 동작구 상도동 420,대우유로카운티,동작구
11590|상도동|421,서울특별시 동작구 상도동 421,삼성래미안2,동작구
11590|상도동|431,서울특별시 동작구 상도동 431,래미안상도3차,동작구
11590|상도동|445,서울특별시 동작구 상도동 445,경향렉스빌,동작구
11590|상도동|450,서울특별시 동작구 상도동 450,상도동래미안1차,동작구
11590|상도동|458,서울특별시 동작구 상도동 458,상도1차갑을명가,동작구
11590|상도동|459,서울특별시 동작구 상도동 459,상도2차갑을명가,동작구
11590|상도동|460,서울특별시 동작구 상도동 460,상도팰리스,동작구
11590|상도동|466,서울특별시 동작구 상도동 466,수정,동작구
11590|상도동|472-24,서울특별시 동작구 상도동 472-24,숭실위드,동작구
11590|상도동|473,서울특별시 동작구 상도동 473,숭실골드,동작구
11590|상도동|488,서울특별시 동작구 상도동 488,강남(488),동작구
11590|상도동|520,서울특별시 동작구 상도동 520,삼환나우빌(520-0),동작구
11590|상도동|521,서울특별시 동작구 상도동 521,포스코더샵,동작구
11590|상도동|527,서울특별시 동작구 상도동 527,이수브라운스톤상도(527-0),동작구
11590|상도동|528,서울특별시 동작구 상도동 528,동원베네스트,동작구
11590|상도동|529,서울특별시 동작구 상도동 529,상도두산위브,동작구
11590|상도동|530,서울특별시 동작구 상도동 530,롯데캐슬비엔,동작구
11590|상도동|531,서울특별시 동작구 상도동 531,힐스테이트 상도 센트럴파크,동작구
11590|상도동|532,서울특별시 동작구 상도동 532,씨티아모리움,동작구
11590|상도동|533,서울특별시 동작구 상도동 533,힐스테이트 상도 프레스티지,동작구
11590|상도동|534,서울특별시 동작구 상도동 534,상도더샵2차,동작구
11590|상도동|535,서울특별시 동작구 상도동 535,두산위브트레지움2차,동작구
11590|상도동|536,서울특별시 동작구 상도동 536,상도효성해링턴플레이스,동작구
11590|상도동|56-45,서울특별시 동작구 상도동 56-45,수정빌라트(56-45),동작구
11590|상도동|7-71,서울특별시 동작구 상도동 7-71,대동아파트,동작구
11590|상도동|7-92,서울특별시 동작구 상도동 7-92,종인아네스트,동작구
11590|상도동|7-98,서울특별시 동작구 상도동 7-98,상도고구아파트,동작구
11590|상도동|77-21,서울특별시 동작구 상도동 77-21,정호힐사이드,동작구
11590|상도동|900,서울특별시 동작구 상도동 900,상도파크자이,동작구
11590|상도동|903,서울특별시 동작구 상도동 903,e편한세상상도노빌리티,동작구
11590|상도동|904,서울특별시 동작구 상도동 904,상도역롯데캐슬파크엘,동작구
11590|상도동|906,서울특별시 동작구 상도동 906,상도푸르지오클라베뉴,동작구
11590|신대방동|344-179,서울특별시 동작구 신대방동 344-179,뉴홍현,동작구
11590|신대방동|351-5,서울특별시 동작구 신대방동 351-5,골드타워,동작구
11590|신대방동|360-17,서울특별시 동작구 신대방동 360-17,신동아,동작구
11590|신대방동|364-55,서울특별시 동작구 신대방동 364-55,펭귄,동작구
11590|신대방동|366-176,서울특별시 동작구 신대방동 366-176,엘리스,동작구
11590|신대방동|395-62,서울특별시 동작구 신대방동 395-62,삼성보라매옴니타워,동작구
11590|신대방동|395-65,서울특별시 동작구 신대방동 395-65,보라매현대,동작구
11590|신대방동|395-66,서울특별시 동작구 신대방동 395-66,보라매삼성쉐르빌,동작구
11590|신대방동|395-67,서울특별시 동작구 신대방동 395-67,롯데관악타워,동작구
11590|신대방동|395-68,서울특별시 동작구 신대방동 395-68,보라매나산스위트,동작구
11590|신대방동|395-69,서울특별시 동작구 신대방동 395-69,보라매아카데미타워,동작구
11590|신대방동|395-73,서울특별시 동작구 신대방동 395-73,캐릭터그린빌,동작구
11590|신대방동|470-8,서울특별시 동작구 신대방동 470-8,한성아파트,동작구
11590|신대방동|565,서울특별시 동작구 신대방동 565,우성1차,동작구
11590|신대방동|565-21,서울특별시 동작구 신대방동 565-21,우성2차,동작구
11590|신대방동|686-48,서울특별시 동작구 신대방동 686-48,동작협성휴포레시그니처,동작구
11590|신대방동|705,서울특별시 동작구 신대방동 705,신대방,동작구
11590|신대방동|706,서울특별시 동작구 신대방동 706,보라매우성,동작구
11590|신대방동|707,서울특별시 동작구 신대방동 707,현대,동작구
11590|신대방동|708,서울특별시 동작구 신대방동 708,해태보라매타워,동작구
11590|신대방동|709,서울특별시 동작구 신대방동 709,벽산,동작구
11590|신대방동|710,서울특별시 동작구 신대방동 710,경남교수,동작구
11590|신대방동|711,서울특별시 동작구 신대방동 711,보라매파크빌,동작구
11590|신대방동|712,서울특별시 동작구 신대방동 712,신대방경남,동작구
11590|신대방동|713,서울특별시 동작구 신대방동 713,롯데낙천대,동작구
11590|신대방동|716,서울특별시 동작구 신대방동 716,현진에버빌,동작구
11590|신대방동|717,서울특별시 동작구 신대방동 717,신동아파밀리에,동작구
11590|신대방동|719,서울특별시 동작구 신대방동 719,동작상떼빌,동작구
11590|신대방동|720,서울특별시 동작구 신대방동 720,보라매e편한세상,동작구
11590|신대방동|724,서울특별시 동작구 신대방동 724,보라매자이더포레스트,동작구
11590|흑석동|10,서울특별시 동작구 흑석동 10,명수대현대,동작구
11590|흑석동|143-23,서울특별시 동작구 흑석동 143-23,리버힐,동작구
11590|흑석동|172-8,서울특별시 동작구 흑석동 172-8,MARKHILLS,동작구
11590|흑석동|191-8,서울특별시 동작구 흑석동 191-8,중앙궁전빌라트,동작구
11590|흑석동|257-8,서울특별시 동작구 흑석동 257-8,한진리버타운,동작구
11590|흑석동|28,서울특별시 동작구 흑석동 28,한강현대,동작구
11590|흑석동|327,서울특별시 동작구 흑석동 327,청호,동작구
11590|흑석동|328,서울특별시 동작구 흑석동 328,흑석동양아파트,동작구
11590|흑석동|329,서울특별시 동작구 흑석동 329,우리유앤미,동작구
11590|흑석동|332,서울특별시 동작구 흑석동 332,해가든,동작구
11590|흑석동|335,서울특별시 동작구 흑석동 335,흑석한강센트레빌,동작구
11590|흑석동|336,서울특별시 동작구 흑석동 336,흑석한강푸르지오,동작구
11590|흑석동|339,서울특별시 동작구 흑석동 339,흑석한강센트레빌Ⅱ,동작구
11590|흑석동|340,서울특별시 동작구 흑석동 340,롯데캐슬에듀포레,동작구
11590|흑석동|341,서울특별시 동작구 흑석동 341,아크로리버하임,동작구
11590|흑석동|343,서울특별시 동작구 흑석동 343,흑석리버파크자이,동작구
11590|흑석동|38-58,서울특별시 동작구 흑석동 38-58,명수대한양,동작구
11590|흑석동|97-2,서울특별시 동작구 흑석동 97-2,명수대,동작구
11620|남현동|1053-14,서울특별시 관악구 남현동 1053-14,진영씨티파크APT,관악구
11620|남현동|1053-4,서울특별시 관악구 남현동 1053-4,기아하이츠빌,관악구
11620|남현동|1053-5,서울특별시 관악구 남현동 1053-5,풍산캐슬,관악구
11620|남현동|1053-9,서울특별시 관악구 남현동 1053-9,팔라시오,관악구
11620|남현동|1054-42,서울특별시 관악구 남현동 1054-42,남현현대아이빌라,관악구
11620|남현동|1058-7,서울특별시 관악구 남현동 1058-7,현대이즈빌,관악구
11620|남현동|1059-1,서울특별시 관악구 남현동 1059-1,르메이르강남타운1,관악구
11620|남현동|1066-13,서울특별시 관악구 남현동 1066-13,관악산센텀,관악구
11620|남현동|1071-3,서울특별시 관악구 남현동 1071-3,동송하이클래스(1071-3),관악구
11620|남현동|1071-40,서울특별시 관악구 남현동 1071-40,한백다솜,관악구
11620|남현동|1072-46,서울특별시 관악구 남현동 1072-46,예촌그린,관악구
11620|남현동|1072-47,서울특별시 관악구 남현동 1072-47,예촌BC,관악구
11620|남현동|1072-49,서울특별시 관악구 남현동 1072-49,예촌A,관악구
11620|남현동|1072-50,서울특별시 관악구 남현동 1072-50,노블스톤,관악구
11620|남현동|1072-57,서울특별시 관악구 남현동 1072-57,문영마운틴,관악구
11620|남현동|1072-60,서울특별시 관악구 남현동 1072-60,예촌하이츠빌,관악구
11620|남현동|1072-63,서울특별시 관악구 남현동 1072-63,세종하이츠,관악구
11620|남현동|1077-1,서울특별시 관악구 남현동 1077-1,한일유앤아이2차,관악구
11620|남현동|1079-3,서울특별시 관악구 남현동 1079-3,하이파크,관악구
11620|남현동|1081-4,서울특별시 관악구 남현동 1081-4,우평,관악구
11620|남현동|1084-1,서울특별시 관악구 남현동 1084-1,예성그린캐슬1차,관악구
11620|남현동|1085-17,서울특별시 관악구 남현동 1085-17,솔본,관악구
11620|남현동|1086-7,서울특별시 관악구 남현동 1086-7,플라워스위트101동102동,관악구
11620|남현동|1132,서울특별시 관악구 남현동 1132,흥화브라운빌,관악구
11620|남현동|1133,서울특별시 관악구 남현동 1133,예성그린캐슬III,관악구
11620|남현동|1134,서울특별시 관악구 남현동 1134,예성2차그린캐슬,관악구
11620|남현동|1135,서울특별시 관악구 남현동 1135,우림루미아트,관악구
11620|남현동|1136,서울특별시 관악구 남현동 1136,남현동한일유앤아이,관악구
11620|남현동|1137,서울특별시 관악구 남현동 1137,관악산대창센시티,관악구
11620|남현동|1138,서울특별시 관악구 남현동 1138,예성그랑펠리체,관악구
11620|남현동|1139,서울특별시 관악구 남현동 1139,관악산대창센시티2차,관악구
11620|남현동|602-110,서울특별시 관악구 남현동 602-110,라움아파트,관악구
11620|남현동|602-146,서울특별시 관악구 남현동 602-146,남현그린,관악구
11620|남현동|602-150,서울특별시 관악구 남현동 602-150,카사빌,관악구
11620|남현동|602-153,서울특별시 관악구 남현동 602-153,e산이랑,관악구
11620|남현동|602-154,서울특별시 관악구 남현동 602-154,쎈트앤빌,관악구
11620|남현동|602-163,서울특별시 관악구 남현동 602-163,동송하이클래스,관악구
11620|남현동|602-17,서울특별시 관악구 남현동 602-17,다청림라인씨티,관악구
11620|남현동|602-188,서울특별시 관악구 남현동 602-188,양지네스코빌,관악구
11620|남현동|602-189,서울특별시 관악구 남현동 602-189,성원나이스,관악구
11620|남현동|602-192,서울특별시 관악구 남현동 602-192,쎈트앤빌2,관악구
11620|남현동|602-199,서울특별시 관악구 남현동 602-199,현대빌라트,관악구
11620|남현동|602-200,서울특별시 관악구 남현동 602-200,삼성홈타운,관악구
11620|남현동|602-201,서울특별시 관악구 남현동 602-201,로미아트빌,관악구
11620|남현동|602-210,서울특별시 관악구 남현동 602-210,삼원하이츠11차,관악구
11620|남현동|602-212,서울특별시 관악구 남현동 602-212,양지빌라트,관악구
11620|남현동|602-216,서울특별시 관악구 남현동 602-216,네스코뮤즈빌,관악구
11620|남현동|602-218,서울특별시 관악구 남현동 602-218,한솔아크로,관악구
11620|남현동|602-27,서울특별시 관악구 남현동 602-27,네스코수피아,관악구
11620|남현동|602-28,서울특별시 관악구 남현동 602-28,네스코수피아아파트,관악구
11620|남현동|602-283,서울특별시 관악구 남현동 602-283,송림퍼스트빌,관악구
11620|남현동|602-284,서울특별시 관악구 남현동 602-284,VIP(602-284),관악구
11620|남현동|602-323,서울특별시 관악구 남현동 602-323,별장,관악구
11620|남현동|602-329,서울특별시 관악구 남현동 602-329,뉴타운1동(A동),관악구
11620|남현동|602-378,서울특별시 관악구 남현동 602-378,뉴타운B동,관악구
11620|봉천동|100-20,서울특별시 관악구 봉천동 100-20,더갤러리테라스,관악구
11620|봉천동|100-519,서울특별시 관악구 봉천동 100-519,보람하이빌,관악구
11620|봉천동|1000,서울특별시 관악구 봉천동 1000,현대(관악),관악구
11620|봉천동|1021,서울특별시 관악구 봉천동 1021,일두(1021),관악구
11620|봉천동|148-129,서울특별시 관악구 봉천동 148-129,관악미래가,관악구
11620|봉천동|148-139,서울특별시 관악구 봉천동 148-139,경원로얄시티,관악구
11620|봉천동|15-5,서울특별시 관악구 봉천동 15-5,대영,관악구
11620|봉천동|1500,서울특별시 관악구 봉천동 1500,해바라기,관악구
11620|봉천동|1511-29,서울특별시 관악구 봉천동 1511-29,신양,관악구
11620|봉천동|1519-3,서울특별시 관악구 봉천동 1519-3,백상앨리츠,관악구
11620|봉천동|1522-28,서울특별시 관악구 봉천동 1522-28,금강아미움(101동),관악구
11620|봉천동|1522-29,서울특별시 관악구 봉천동 1522-29,금강아미움(102동),관악구
11620|봉천동|1522-30,서울특별시 관악구 봉천동 1522-30,금강아미움(103동),관악구
11620|봉천동|1522-31,서울특별시 관악구 봉천동 1522-31,금강아미움(106동),관악구
11620|봉천동|1522-32,서울특별시 관악구 봉천동 1522-32,금강아미움(105동),관악구
11620|봉천동|1522-33,서울특별시 관악구 봉천동 1522-33,금강아미움(104동),관악구
11620|봉천동|1526-16,서울특별시 관악구 봉천동 1526-16,봉천두솔,관악구
11620|봉천동|1531-34,서울특별시 관악구 봉천동 1531-34,대경,관악구
11620|봉천동|1531-39,서울특별시 관악구 봉천동 1531-39,무학,관악구
11620|봉천동|1536-2,서울특별시 관악구 봉천동 1536-2,대원(1536-20),관악구
11620|봉천동|1536-4,서울특별시 관악구 봉천동 1536-4,대원,관악구
11620|봉천동|1560-61,서울특별시 관악구 봉천동 1560-61,서울대입구아이원(1560-61),관악구
11620|봉천동|1560-62,서울특별시 관악구 봉천동 1560-62,서울대입구아이원(1560-62),관악구
11620|봉천동|1568-1,서울특별시 관악구 봉천동 1568-1,서울대입구한양아이클래스,관악구
11620|봉천동|1574-1,서울특별시 관악구 봉천동 1574-1,생모리츠타운,관악구
11620|봉천동|1591-2,서울특별시 관악구 봉천동 1591-2,서울대입구삼성,관악구
11620|봉천동|1592-17,서울특별시 관악구 봉천동 1592-17,닷컴오뜨빌,관악구
11620|봉천동|1593-14,서울특별시 관악구 봉천동 1593-14,로얄클래스,관악구
11620|봉천동|1594-4,서울특별시 관악구 봉천동 1594-4,은선,관악구
11620|봉천동|1595-12,서울특별시 관악구 봉천동 1595-12,하이캐슬102동,관악구
11620|봉천동|1595-14,서울특별시 관악구 봉천동 1595-14,하이캐슬101동,관악구
11620|봉천동|1597-10,서울특별시 관악구 봉천동 1597-10,길성,관악구
11620|봉천동|1598-49,서울특별시 관악구 봉천동 1598-49,뉴그린아파트,관악구
11620|봉천동|1601-10,서울특별시 관악구 봉천동 1601-10,푸르빌,관악구
11620|봉천동|1605-1,서울특별시 관악구 봉천동 1605-1,신성새실마을101동,관악구
11620|봉천동|1605-39,서울특별시 관악구 봉천동 1605-39,신성새실마을102동,관악구
11620|봉천동|1605-40,서울특별시 관악구 봉천동 1605-40,신성새실마을103동,관악구
11620|봉천동|1608-23,서울특별시 관악구 봉천동 1608-23,푸르빌3차,관악구
11620|봉천동|1608-27,서울특별시 관악구 봉천동 1608-27,뉴파크플러스(1608-27),관악구
11620|봉천동|1608-28,서울특별시 관악구 봉천동 1608-28,위너스이즈,관악구
11620|봉천동|1615-17,서울특별시 관악구 봉천동 1615-17,반석블레스빌,관악구
11620|봉천동|1616-11,서울특별시 관악구 봉천동 1616-11,코스코수,관악구
11620|봉천동|1617-44,서울특별시 관악구 봉천동 1617-44,관악교수,관악구
11620|봉천동|1618-24,서울특별시 관악구 봉천동 1618-24,푸르빌2차,관악구
11620|봉천동|1618-27,서울특별시 관악구 봉천동 1618-27,새진3차,관악구
11620|봉천동|1619-27,서울특별시 관악구 봉천동 1619-27,새진(1619-27),관악구
11620|봉천동|1627-2,서울특별시 관악구 봉천동 1627-2,푸르빌5차,관악구
11620|봉천동|1629-2,서울특별시 관악구 봉천동 1629-2,동아타운,관악구
11620|봉천동|1630-7,서울특별시 관악구 봉천동 1630-7,동원낙성대,관악구
11620|봉천동|1644-26,서울특별시 관악구 봉천동 1644-26,휴먼아파트A,관악구
11620|봉천동|1644-31,서울특별시 관악구 봉천동 1644-31,휴먼아파트B,관악구
11620|봉천동|1653-1,서울특별시 관악구 봉천동 1653-1,닷컴힐즈,관악구
11620|봉천동|1653-10,서울특별시 관악구 봉천동 1653-10,새진(1653-10),관악구
11620|봉천동|1653-3,서울특별시 관악구 봉천동 1653-3,닷컴힐즈(1653-3),관악구
11620|봉천동|1654-14,서울특별시 관악구 봉천동 1654-14,미래,관악구
11620|봉천동|1672-10,서울특별시 관악구 봉천동 1672-10,탑,관악구
11620|봉천동|1690-158,서울특별시 관악구 봉천동 1690-158,낙성대에메랄드,관악구
11620|봉천동|1690-159,서울특별시 관악구 봉천동 1690-159,낙성대늘푸른2차,관악구
11620|봉천동|1690-162,서울특별시 관악구 봉천동 1690-162,관악캐스빌,관악구
11620|봉천동|1690-163,서울특별시 관악구 봉천동 1690-163,삼성아트빌(1690-163),관악구
11620|봉천동|1690-164,서울특별시 관악구 봉천동 1690-164,낙성대늘푸른,관악구
11620|봉천동|1690-168,서울특별시 관악구 봉천동 1690-168,늘푸른3차,관악구
11620|봉천동|1690-170,서울특별시 관악구 봉천동 1690-170,로얄훼미리,관악구
11620|봉천동|1690-171,서울특별시 관악구 봉천동 1690-171,늘푸른5차,관악구
11620|봉천동|1696,서울특별시 관악구 봉천동 1696,보라매우성,관악구
11620|봉천동|1697,서울특별시 관악구 봉천동 1697,선경,관악구
11620|봉천동|1698-1,서울특별시 관악구 봉천동 1698-1,보라매삼성,관악구
11620|봉천동|1699-10,서울특별시 관악구 봉천동 1699-10,대동황실,관악구
11620|봉천동|1700,서울특별시 관악구 봉천동 1700,갑을,관악구
11620|봉천동|1701,서울특별시 관악구 봉천동 1701,건영6,관악구
11620|봉천동|1702,서울특별시 관악구 봉천동 1702,그린,관악구
11620|봉천동|1703,서울특별시 관악구 봉천동 1703,봉천동아,관악구
11620|봉천동|1705,서울특별시 관악구 봉천동 1705,신봉,관악구
11620|봉천동|1706,서울특별시 관악구 봉천동 1706,봉천우성,관악구
11620|봉천동|1707,서울특별시 관악구 봉천동 1707,은천1,관악구
11620|봉천동|1707-1,서울특별시 관악구 봉천동 1707-1,은천2단지아파트,관악구
11620|봉천동|1708,서울특별시 관악구 봉천동 1708,두산,관악구
11620|봉천동|1712#11620-4,서울특별시 관악구 봉천동 1712,관악드림(동아),관악구
11620|봉천동|1712#11620-5,서울특별시 관악구 봉천동 1712,관악드림(삼성),관악구
11620|봉천동|1713,서울특별시 관악구 봉천동 1713,낙성대현대홈타운,관악구
11620|봉천동|1715,서울특별시 관악구 봉천동 1715,부미아띠랑스힐,관악구
11620|봉천동|1716,서울특별시 관악구 봉천동 1716,벽산타운II,관악구
11620|봉천동|1717,서울특별시 관악구 봉천동 1717,관악푸르지오,관악구
11620|봉천동|1718,서울특별시 관악구 봉천동 1718,벽산블루밍,관악구
11620|봉천동|1718-6,서울특별시 관악구 봉천동 1718-6,하이캐슬,관악구
11620|봉천동|1719,서울특별시 관악구 봉천동 1719,관악동부센트레빌,관악구
11620|봉천동|1720,서울특별시 관악구 봉천동 1720,벽산블루밍3차,관악구
11620|봉천동|1721,서울특별시 관악구 봉천동 1721,브라운스톤관악,관악구
11620|봉천동|1722,서울특별시 관악구 봉천동 1722,제창그로힐,관악구
11620|봉천동|1723,서울특별시 관악구 봉천동 1723,반석푸른숲,관악구
11620|봉천동|1724,서울특별시 관악구 봉천동 1724,관악월드메르디앙,관악구
11620|봉천동|1725,서울특별시 관악구 봉천동 1725,인헌,관악구
11620|봉천동|1726,서울특별시 관악구 봉천동 1726,관악청광플러스원,관악구
11620|봉천동|1727,서울특별시 관악구 봉천동 1727,관악유앤아이,관악구
11620|봉천동|1728,서울특별시 관악구 봉천동 1728,관악파크푸르지오,관악구
11620|봉천동|1729,서울특별시 관악구 봉천동 1729,서희스타힐스,관악구
11620|봉천동|1730,서울특별시 관악구 봉천동 1730,e편한세상서울대입구1단지,관악구
11620|봉천동|1730-1,서울특별시 관악구 봉천동 1730-1,e편한세상서울대입구2단지,관악구
11620|봉천동|1733,서울특별시 관악구 봉천동 1733,e편한세상서울대입구2차,관악구
11620|봉천동|1737,서울특별시 관악구 봉천동 1737,관악중앙하이츠포레,관악구
11620|봉천동|1738,서울특별시 관악구 봉천동 1738,서울대입구역더하이브센트럴,관악구
11620|봉천동|179-2,서울특별시 관악구 봉천동 179-2,아이펠리스,관악구
11620|봉천동|179-58,서울특별시 관악구 봉천동 179-58,낙성대현대아파트,관악구
11620|봉천동|180-261,서울특별시 관악구 봉천동 180-261,삼정,관악구
11620|봉천동|180-374,서울특별시 관악구 봉천동 180-374,새진4차,관악구
11620|봉천동|180-376,서울특별시 관악구 봉천동 180-376,새진5차,관악구
11620|봉천동|180-380,서울특별시 관악구 봉천동 180-380,새진7차,관악구
11620|봉천동|180-381,서울특별시 관악구 봉천동 180-381,새진6차,관악구
11620|봉천동|180-422,서울특별시 관악구 봉천동 180-422,새진8차,관악구
11620|봉천동|196-215,서울특별시 관악구 봉천동 196-215,에이스인헌,관악구
11620|봉천동|24-14,서울특별시 관악구 봉천동 24-14,태승,관악구
11620|봉천동|296,서울특별시 관악구 봉천동 296,낙성대현대(296),관악구
11620|봉천동|30-8,서울특별시 관악구 봉천동 30-8,관악태우미소가,관악구
11620|봉천동|39-13,서울특별시 관악구 봉천동 39-13,미소가,관악구
11620|봉천동|41-253,서울특별시 관악구 봉천동 41-253,에메랄드101동,관악구
11620|봉천동|41-258,서울특별시 관악구 봉천동 41-258,카후나빌,관악구
11620|봉천동|41-259,서울특별시 관악구 봉천동 41-259,에메랄드102동,관악구
11620|봉천동|41-261,서울특별시 관악구 봉천동 41-261,에메랄드105동,관악구
11620|봉천동|41-265,서울특별시 관악구 봉천동 41-265,에메랄드103동,관악구
11620|봉천동|41-274,서울특별시 관악구 봉천동 41-274,에메랄드104동,관악구
11620|봉천동|41-346,서울특별시 관악구 봉천동 41-346,일동행복세상,관악구
11620|봉천동|457-146,서울특별시 관악구 봉천동 457-146,신부,관악구
11620|봉천동|463-1,서울특별시 관악구 봉천동 463-1,더블유에스타워,관악구
11620|봉천동|464-41,서울특별시 관악구 봉천동 464-41,은선파인빌,관악구
11620|봉천동|466-1,서울특별시 관악구 봉천동 466-1,신부파스카빌,관악구
11620|봉천동|622-3,서울특별시 관악구 봉천동 622-3,은천누리에뜰,관악구
11620|봉천동|63-45,서울특별시 관악구 봉천동 63-45,경원시티,관악구
11620|봉천동|635-457,서울특별시 관악구 봉천동 635-457,로마아트빌,관악구
11620|봉천동|645,서울특별시 관악구 봉천동 645,새진(645-0),관악구
11620|봉천동|645-87,서울특별시 관악구 봉천동 645-87,복권,관악구
11620|봉천동|673-82,서울특별시 관악구 봉천동 673-82,봉천동,관악구
11620|봉천동|685-100,서울특별시 관악구 봉천동 685-100,보람(685-100),관악구
11620|봉천동|685-103,서울특별시 관악구 봉천동 685-103,(685-103),관악구
11620|봉천동|7-312,서울특별시 관악구 봉천동 7-312,동아타운21,관악구
11620|봉천동|729-22,서울특별시 관악구 봉천동 729-22,보라매롯데캐슬,관악구
11620|봉천동|729-24,서울특별시 관악구 봉천동 729-24,캐릭터그린빌,관악구
11620|봉천동|729-32,서울특별시 관악구 봉천동 729-32,해태보라매타워,관악구
11620|봉천동|856-1,서울특별시 관악구 봉천동 856-1,대우디오슈페리움2단지,관악구
11620|봉천동|856-5,서울특별시 관악구 봉천동 856-5,대우디오슈페리움1단지,관악구
11620|봉천동|859-17,서울특별시 관악구 봉천동 859-17,관악위버폴리스,관악구
11620|봉천동|863-9,서울특별시 관악구 봉천동 863-9,코스모블루,관악구
11620|봉천동|867-12,서울특별시 관악구 봉천동 867-12,프라비다2,관악구
11620|봉천동|867-9,서울특별시 관악구 봉천동 867-9,서울대역해담채,관악구
11620|봉천동|869-3,서울특별시 관악구 봉천동 869-3,프라비다1,관악구
11620|봉천동|869-6,서울특별시 관악구 봉천동 869-6,서울대역마에스트로,관악구
11620|봉천동|870-13,서울특별시 관악구 봉천동 870-13,신원메트로빌,관악구
11620|봉천동|875-1,서울특별시 관악구 봉천동 875-1,관악캠퍼스타워,관악구
11620|봉천동|893-1,서울특별시 관악구 봉천동 893-1,프라비다M,관악구
11620|봉천동|893-12,서울특별시 관악구 봉천동 893-12,마에스트로캠퍼스타운,관악구
11620|봉천동|905-10,서울특별시 관악구 봉천동 905-10,노블레스,관악구
11620|봉천동|916-22,서울특별시 관악구 봉천동 916-22,늘푸른,관악구
11620|봉천동|917-1,서울특별시 관악구 봉천동 917-1,장미(917-1),관악구
11620|봉천동|924-1,서울특별시 관악구 봉천동 924-1,은천아이비테라스,관악구
11620|봉천동|926-2,서울특별시 관악구 봉천동 926-2,대안그린,관악구
11620|봉천동|934-4,서울특별시 관악구 봉천동 934-4,도영힐,관악구
11620|봉천동|941-2,서울특별시 관악구 봉천동 941-2,삼성,관악구
11620|봉천동|957-6,서울특별시 관악구 봉천동 957-6,쁘띠그린힐,관악구
11620|사당동|1152,서울특별시 관악구 사당동 1152,관악푸르지오102동,관악구
11620|신림동|10-10,서울특별시 관악구 신림동 10-10,신안,관악구
11620|신림동|10-622,서울특별시 관악구 신림동 10-622,성우,관악구
11620|신림동|1421-1,서울특별시 관악구 신림동 1421-1,신림큐브,관악구
11620|신림동|1424-28,서울특별시 관악구 신림동 1424-28,태영,관악구
11620|신림동|1425-4,서울특별시 관악구 신림동 1425-4,코스모그린,관악구
11620|신림동|1425-7,서울특별시 관악구 신림동 1425-7,그랜드타워,관악구
11620|신림동|1433-29,서울특별시 관악구 신림동 1433-29,신림더루나,관악구
11620|신림동|1433-55,서울특별시 관악구 신림동 1433-55,프라비다트라움,관악구
11620|신림동|1458-6,서울특별시 관악구 신림동 1458-6,쎄븐스에비뉴,관악구
11620|신림동|1463-11,서울특별시 관악구 신림동 1463-11,지붕위애,관악구
11620|신림동|1474-6,서울특별시 관악구 신림동 1474-6,삼성,관악구
11620|신림동|1475-26,서울특별시 관악구 신림동 1475-26,테라스시티,관악구
11620|신림동|1478-37,서울특별시 관악구 신림동 1478-37,흥원,관악구
11620|신림동|1484-10,서울특별시 관악구 신림동 1484-10,CLOUDAPT,관악구
11620|신림동|1484-9,서울특별시 관악구 신림동 1484-9,벨라루체아파트,관악구
11620|신림동|1559-15,서울특별시 관악구 신림동 1559-15,상목에버빌A,관악구
11620|신림동|1559-19,서울특별시 관악구 신림동 1559-19,상목에버빌B,관악구
11620|신림동|1563-2,서울특별시 관악구 신림동 1563-2,태양,관악구
11620|신림동|1563-78,서울특별시 관악구 신림동 1563-78,미래한건(1563-78),관악구
11620|신림동|1563-82,서울특별시 관악구 신림동 1563-82,한양,관악구
11620|신림동|1563-85,서울특별시 관악구 신림동 1563-85,미래,관악구
11620|신림동|1568-21,서울특별시 관악구 신림동 1568-21,고흥,관악구
11620|신림동|1580-3,서울특별시 관악구 신림동 1580-3,태성,관악구
11620|신림동|1639-51,서울특별시 관악구 신림동 1639-51,푸리마타운,관악구
11620|신림동|1644,서울특별시 관악구 신림동 1644,강남,관악구
11620|신림동|1655-17,서울특별시 관악구 신림동 1655-17,G밸리마인드,관악구
11620|신림동|1656,서울특별시 관악구 신림동 1656,라이프미성,관악구
11620|신림동|1665-9,서울특별시 관악구 신림동 1665-9,호등자이젠아파트(1665-9),관악구
11620|신림동|1684-7,서울특별시 관악구 신림동 1684-7,중앙힐101동,관악구
11620|신림동|1684-9,서울특별시 관악구 신림동 1684-9,서울중앙,관악구
11620|신림동|1686,서울특별시 관악구 신림동 1686,신림동쌍용아파트,관악구
11620|신림동|1693,서울특별시 관악구 신림동 1693,국제산장,관악구
11620|신림동|1694,서울특별시 관악구 신림동 1694,신림현대,관악구
11620|신림동|1695,서울특별시 관악구 신림동 1695,동부,관악구
11620|신림동|1696,서울특별시 관악구 신림동 1696,동문,관악구
11620|신림동|1698,서울특별시 관악구 신림동 1698,태흥,관악구
11620|신림동|1699,서울특별시 관악구 신림동 1699,동마,관악구
11620|신림동|1700,서울특별시 관악구 신림동 1700,라이프,관악구
11620|신림동|1702-1,서울특별시 관악구 신림동 1702-1,건영4,관악구
11620|신림동|1703-1,서울특별시 관악구 신림동 1703-1,LIG대학마을(건영아파트3차),관악구
11620|신림동|1704-1,서울특별시 관악구 신림동 1704-1,주공1,관악구
11620|신림동|1705,서울특별시 관악구 신림동 1705,금호(1차),관악구
11620|신림동|1706,서울특별시 관악구 신림동 1706,금호2,관악구
11620|신림동|1712,서울특별시 관악구 신림동 1712,초원,관악구
11620|신림동|1714,서울특별시 관악구 신림동 1714,삼성산주공(주공3단지),관악구
11620|신림동|1715,서울특별시 관악구 신림동 1715,우방,관악구
11620|신림동|1716,서울특별시 관악구 신림동 1716,청광,관악구
11620|신림동|1717,서울특별시 관악구 신림동 1717,두영,관악구
11620|신림동|1718,서울특별시 관악구 신림동 1718,보라매갑을,관악구
11620|신림동|1719,서울특별시 관악구 신림동 1719,우민조원,관악구
11620|신림동|1720,서울특별시 관악구 신림동 1720,에셀비전21,관악구
11620|신림동|1721,서울특별시 관악구 신림동 1721,우정하이비전,관악구
11620|신림동|1722,서울특별시 관악구 신림동 1722,신림동신도브래뉴,관악구
11620|신림동|1724,서울특별시 관악구 신림동 1724,서초,관악구
11620|신림동|1725,서울특별시 관악구 신림동 1725,로마,관악구
11620|신림동|1726,서울특별시 관악구 신림동 1726,우정하이비전2,관악구
11620|신림동|1727,서울특별시 관악구 신림동 1727,그대家,관악구
11620|신림동|1728,서울특별시 관악구 신림동 1728,제창그로힐,관악구
11620|신림동|1729,서울특별시 관악구 신림동 1729,청화,관악구
11620|신림동|1730,서울특별시 관악구 신림동 1730,신림푸르지오,관악구
11620|신림동|1731,서울특별시 관악구 신림동 1731,웰피아,관악구
11620|신림동|1732,서울특별시 관악구 신림동 1732,서초그린,관악구
11620|신림동|1733,서울특별시 관악구 신림동 1733,벽산블루밍,관악구
11620|신림동|1734,서울특별시 관악구 신림동 1734,신림동부센트레빌,관악구
11620|신림동|1735,서울특별시 관악구 신림동 1735,관악산휴먼시아2단지,관악구
11620|신림동|1735-1,서울특별시 관악구 신림동 1735-1,관악산휴먼시아1단지,관악구
11620|신림동|1736,서울특별시 관악구 신림동 1736,신림2차푸르지오,관악구
11620|신림동|1737,서울특별시 관악구 신림동 1737,효림다온,관악구
11620|신림동|1738,서울특별시 관악구 신림동 1738,파로스프라자,관악구
11620|신림동|1738-1,서울특별시 관악구 신림동 1738-1,파로스프라자(1738-1),관악구
11620|신림동|1739,서울특별시 관악구 신림동 1739,보라매스카이아파트(1739),관악구
11620|신림동|1743,서울특별시 관악구 신림동 1743,앰팰리스아파트,관악구
11620|신림동|1744,서울특별시 관악구 신림동 1744,신림스카이아파트,관악구
11620|신림동|1746,서울특별시 관악구 신림동 1746,힐스테이트뉴포레,관악구
11620|신림동|233-11,서울특별시 관악구 신림동 233-11,LIG5차,관악구
11620|신림동|244,서울특별시 관악구 신림동 244,관악,관악구
11620|신림동|244-21,서울특별시 관악구 신림동 244-21,래디앙아파트,관악구
11620|신림동|255-189,서울특별시 관악구 신림동 255-189,현대,관악구
11620|신림동|316-55,서울특별시 관악구 신림동 316-55,서울대벤처타운역푸르지오,관악구
11620|신림동|406-69,서울특별시 관악구 신림동 406-69,GS파크뷰,관악구
11620|신림동|412-137,서울특별시 관악구 신림동 412-137,산장그린,관악구
11620|신림동|412-363,서울특별시 관악구 신림동 412-363,삼성홈타운,관악구
11620|신림동|460-19,서울특별시 관악구 신림동 460-19,정성드리움,관악구
11620|신림동|497-5,서울특별시 관악구 신림동 497-5,보라매해담채,관악구
11620|신림동|518-19,서울특별시 관악구 신림동 518-19,신림동이모르젠,관악구
11620|신림동|534-1,서울특별시 관악구 신림동 534-1,아데나,관악구
11620|신림동|538-39,서울특별시 관악구 신림동 538-39,위드비엠3,관악구
11620|신림동|546-7,서울특별시 관악구 신림동 546-7,윤정,관악구
11620|신림동|551-42,서울특별시 관악구 신림동 551-42,동훈CDI,관악구
11620|신림동|551-9,서울특별시 관악구 신림동 551-9,신림2차현대,관악구
11620|신림동|569-5,서울특별시 관악구 신림동 569-5,늘푸른(569-5),관악구
11620|신림동|587-97,서울특별시 관악구 신림동 587-97,신화아트벨리2차,관악구
11620|신림동|587-98,서울특별시 관악구 신림동 587-98,신화아트벨리1차,관악구
11620|신림동|610-265,서울특별시 관악구 신림동 610-265,늘푸른,관악구
11620|신림동|626-11,서울특별시 관악구 신림동 626-11,성지하우스,관악구
11620|신림동|667-16,서울특별시 관악구 신림동 667-16,월드,관악구
11620|신림동|715-32,서울특별시 관악구 신림동 715-32,삼성아트빌(715-32),관악구
11620|신림동|721-2,서울특별시 관악구 신림동 721-2,건영2,관악구
11620|신림동|739,서울특별시 관악구 신림동 739,뉴서울,관악구
11620|신림동|746-43,서울특별시 관악구 신림동 746-43,건영1,관악구
11620|신림동|763,서울특별시 관악구 신림동 763,한라타운아파트,관악구
11620|신림동|86-3,서울특별시 관악구 신림동 86-3,청암두산위브센티움,관악구
11620|신림동|98-401,서울특별시 관악구 신림동 98-401,바라본,관악구
11620|신림동|산28-9,서울특별시 관악구 신림동 산28-9,신동아,관악구
11650|내곡동|384,서울특별시 서초구 내곡동 384,서초포레스타2단지,서초구
11650|내곡동|411,서울특별시 서초구 내곡동 411,서초더샵포레,서초구
11650|반포동|1,서울특별시 서초구 반포동 1,래미안원베일리,서초구
11650|반포동|1-1,서울특별시 서초구 반포동 1-1,한신3차,서초구
11650|반포동|1-15,서울특별시 서초구 반포동 1-15,한신23차,서초구
11650|반포동|1-23,서울특별시 서초구 반포동 1-23,반포1차우정에쉐르,서초구
11650|반포동|1-26,서울특별시 서초구 반포동 1-26,반포2차우정에쉐르,서초구
11650|반포동|1-8,서울특별시 서초구 반포동 1-8,반포경남아파트,서초구
11650|반포동|10,서울특별시 서초구 반포동 10,반포푸르지오,서초구
11650|반포동|100-1,서울특별시 서초구 반포동 100-1,노블하우스,서초구
11650|반포동|100-3,서울특별시 서초구 반포동 100-3,반포대우멤버스카운티2차,서초구
11650|반포동|100-8,서울특별시 서초구 반포동 100-8,그랜드빌(100-8),서초구
11650|반포동|101-10,서울특별시 서초구 반포동 101-10,브리앙뜨3차,서초구
11650|반포동|103-1,서울특별시 서초구 반포동 103-1,윌턴빌,서초구
11650|반포동|103-3,서울특별시 서초구 반포동 103-3,랑쉐빌,서초구
11650|반포동|104-10,서울특별시 서초구 반포동 104-10,노블하우스2,서초구
11650|반포동|105-14,서울특별시 서초구 반포동 105-14,서초블랑빌,서초구
11650|반포동|107-19,서울특별시 서초구 반포동 107-19,정광아파트,서초구
11650|반포동|107-52,서울특별시 서초구 반포동 107-52,브리앙뜨,서초구
11650|반포동|108-5,서울특별시 서초구 반포동 108-5,서래루체,서초구
11650|반포동|110-6,서울특별시 서초구 반포동 110-6,그랑빌,서초구
11650|반포동|111-1,서울특별시 서초구 반포동 111-1,장원빌라트,서초구
11650|반포동|111-11,서울특별시 서초구 반포동 111-11,반포대우멤버스카운티,서초구
11650|반포동|112-15,서울특별시 서초구 반포동 112-15,반포에스케이뷰,서초구
11650|반포동|114-1,서울특별시 서초구 반포동 114-1,더샵반포리버파크,서초구
11650|반포동|12#11650-204,서울특별시 서초구 반포동 12,한신15차,서초구
11650|반포동|12#11650-5174,서울특별시 서초구 반포동 12,래미안원펜타스,서초구
11650|반포동|1341,서울특별시 서초구 반포동 1341,반포래미안아이파크,서초구
11650|반포동|1342,서울특별시 서초구 반포동 1342,반포써밋,서초구
11650|반포동|1343,서울특별시 서초구 반포동 1343,디에이치반포라클라스,서초구
11650|반포동|1344,서울특별시 서초구 반포동 1344,반포센트레빌아스테리움,서초구
11650|반포동|16-6,서울특별시 서초구 반포동 16-6,반포힐스테이트,서초구
11650|반포동|18-1,서울특별시 서초구 반포동 18-1,래미안퍼스티지,서초구
11650|반포동|2-1,서울특별시 서초구 반포동 2-1,한신1차,서초구
11650|반포동|2-12,서울특별시 서초구 반포동 2-12,아크로리버파크,서초구
11650|반포동|20-43,서울특별시 서초구 반포동 20-43,반포자이,서초구
11650|반포동|3-3,서울특별시 서초구 반포동 3-3,반포파크빌,서초구
11650|반포동|30-1,서울특별시 서초구 반포동 30-1,삼호가든맨션(5차),서초구
11650|반포동|30-15,서울특별시 서초구 반포동 30-15,반포현대,서초구
11650|반포동|30-18,서울특별시 서초구 반포동 30-18,삼호가든맨션(4차),서초구
11650|반포동|30-26,서울특별시 서초구 반포동 30-26,반포리체,서초구
11650|반포동|32-5,서울특별시 서초구 반포동 32-5,한양,서초구
11650|반포동|32-8,서울특별시 서초구 반포동 32-8,삼호가든맨션(3차),서초구
11650|반포동|46,서울특별시 서초구 반포동 46,엠브이아파트,서초구
11650|반포동|47-4,서울특별시 서초구 반포동 47-4,그린피아,서초구
11650|반포동|48-2,서울특별시 서초구 반포동 48-2,대성유니드,서초구
11650|반포동|48-7,서울특별시 서초구 반포동 48-7,일신반포빌라트,서초구
11650|반포동|49-6,서울특별시 서초구 반포동 49-6,반포훼밀리빌,서초구
11650|반포동|50-2,서울특별시 서초구 반포동 50-2,다우탑스빌라트,서초구
11650|반포동|50-6,서울특별시 서초구 반포동 50-6,반포힐스,서초구
11650|반포동|50-8,서울특별시 서초구 반포동 50-8,신성리더스카운티,서초구
11650|반포동|53-2,서울특별시 서초구 반포동 53-2,쏠레뉴,서초구
11650|반포동|54-5,서울특별시 서초구 반포동 54-5,반포두산힐스빌,서초구
11650|반포동|550,서울특별시 서초구 반포동 550,반포루이캐슬,서초구
11650|반포동|550-27,서울특별시 서초구 반포동 550-27,반포서래월드메르디앙스칼라아파트B동,서초구
11650|반포동|550-34,서울특별시 서초구 반포동 550-34,반포서래월드메르디앙스칼라아파트A동,서초구
11650|반포동|551,서울특별시 서초구 반포동 551,팔라디오,서초구
11650|반포동|551-42,서울특별시 서초구 반포동 551-42,효성빌라26동,서초구
11650|반포동|551-67,서울특별시 서초구 반포동 551-67,베로니스6차,서초구
11650|반포동|577-3,서울특별시 서초구 반포동 577-3,몽마르뜨빌(577-3),서초구
11650|반포동|577-35,서울특별시 서초구 반포동 577-35,몽마르뜨파크,서초구
11650|반포동|577-4,서울특별시 서초구 반포동 577-4,몽마르뜨빌(577-4),서초구
11650|반포동|577-46,서울특별시 서초구 반포동 577-46,삼정,서초구
11650|반포동|577-47,서울특별시 서초구 반포동 577-47,삼광,서초구
11650|반포동|577-5,서울특별시 서초구 반포동 577-5,예당하우스,서초구
11650|반포동|577-79,서울특별시 서초구 반포동 577-79,힐하우스(577-79),서초구
11650|반포동|60-4,서울특별시 서초구 반포동 60-4,반포미도,서초구
11650|반포동|60-5,서울특별시 서초구 반포동 60-5,반포미도2차아파트,서초구
11650|반포동|612-115,서울특별시 서초구 반포동 612-115,선데일,서초구
11650|반포동|612-138,서울특별시 서초구 반포동 612-138,새티스,서초구
11650|반포동|612-2,서울특별시 서초구 반포동 612-2,반포2차ApelBaum,서초구
11650|반포동|612-28,서울특별시 서초구 반포동 612-28,비버리힐즈,서초구
11650|반포동|612-30,서울특별시 서초구 반포동 612-30,끄레메빌,서초구
11650|반포동|612-31,서울특별시 서초구 반포동 612-31,아델스빌1,서초구
11650|반포동|612-32,서울특별시 서초구 반포동 612-32,하늘.바람,서초구
11650|반포동|612-33,서울특별시 서초구 반포동 612-33,펠리체,서초구
11650|반포동|612-49,서울특별시 서초구 반포동 612-49,프레스턴클레식,서초구
11650|반포동|64-5,서울특별시 서초구 반포동 64-5,현대동궁아파트,서초구
11650|반포동|65-1,서울특별시 서초구 반포동 65-1,궁전,서초구
11650|반포동|70,서울특별시 서초구 반포동 70,라인,서초구
11650|반포동|70-1,서울특별시 서초구 반포동 70-1,한신서래,서초구
11650|반포동|701-1,서울특별시 서초구 반포동 701-1,반포훼미리(104동),서초구
11650|반포동|701-31,서울특별시 서초구 반포동 701-31,써니힐,서초구
11650|반포동|701-4,서울특별시 서초구 반포동 701-4,보아스힐(701-4),서초구
11650|반포동|701-59,서울특별시 서초구 반포동 701-59,태평아트,서초구
11650|반포동|702-1,서울특별시 서초구 반포동 702-1,반포훼미리(103동),서초구
11650|반포동|71-1,서울특별시 서초구 반포동 71-1,반포빌라트(71-1),서초구
11650|반포동|71-3,서울특별시 서초구 반포동 71-3,반포TS프리우스,서초구
11650|반포동|712-19,서울특별시 서초구 반포동 712-19,반포훼미리(102동),서초구
11650|반포동|713-1,서울특별시 서초구 반포동 713-1,반포훼미리(101동),서초구
11650|반포동|726-16,서울특별시 서초구 반포동 726-16,삼성에이스빌,서초구
11650|반포동|728-7,서울특별시 서초구 반포동 728-7,반포팰리스,서초구
11650|반포동|73-10,서울특별시 서초구 반포동 73-10,상지리츠빌(73-10),서초구
11650|반포동|73-2,서울특별시 서초구 반포동 73-2,상지리츠빌(73-2),서초구
11650|반포동|741-5,서울특별시 서초구 반포동 741-5,산호아파트,서초구
11650|반포동|742-10,서울특별시 서초구 반포동 742-10,반포쎄레노아파트,서초구
11650|반포동|757,서울특별시 서초구 반포동 757,반포주공1단지,서초구
11650|반포동|76-2,서울특별시 서초구 반포동 76-2,타운빌,서초구
11650|반포동|77-1,서울특별시 서초구 반포동 77-1,현대반포빌라트B,서초구
11650|반포동|77-4,서울특별시 서초구 반포동 77-4,반포현대빌라트C,서초구
11650|반포동|78-1,서울특별시 서초구 반포동 78-1,청광아트빌라12,서초구
11650|반포동|78-11,서울특별시 서초구 반포동 78-11,골드넷멤버스빌리지,서초구
11650|반포동|78-8,서울특별시 서초구 반포동 78-8,해오름,서초구
11650|반포동|79-1,서울특별시 서초구 반포동 79-1,덕동반포빌라트,서초구
11650|반포동|79-5#11650-535,서울특별시 서초구 반포동 79-5,반포동피카소빌,서초구
11650|반포동|79-5#11650-536,서울특별시 서초구 반포동 79-5,반포동 피카소빌 A동,서초구
11650|반포동|81-8,서울특별시 서초구 반포동 81-8,금정노블,서초구
11650|반포동|814,서울특별시 서초구 반포동 814,현대,서초구
11650|반포동|82-19,서울특별시 서초구 반포동 82-19,반포샤인힐4차,서초구
11650|반포동|82-4,서울특별시 서초구 반포동 82-4,드림팰리스,서초구
11650|반포동|82-7,서울특별시 서초구 반포동 82-7,APELBAUM,서초구
11650|반포동|84-2,서울특별시 서초구 반포동 84-2,신구노빌리티,서초구
11650|반포동|85-1,서울특별시 서초구 반포동 85-1,리더스빌,서초구
11650|반포동|86-10,서울특별시 서초구 반포동 86-10,레베빌(86-10),서초구
11650|반포동|86-2,서울특별시 서초구 반포동 86-2,레베빌,서초구
11650|반포동|86-5,서울특별시 서초구 반포동 86-5,비엥에뜨르,서초구
11650|반포동|87-5,서울특별시 서초구 반포동 87-5,대백세인트빌,서초구
11650|반포동|87-7,서울특별시 서초구 반포동 87-7,반포서래빌,서초구
11650|반포동|88-4,서울특별시 서초구 반포동 88-4,서래아르드빌,서초구
11650|반포동|885,서울특별시 서초구 반포동 885,한신상가,서초구
11650|반포동|95-1,서울특별시 서초구 반포동 95-1,테마하우스,서초구
11650|반포동|95-14,서울특별시 서초구 반포동 95-14,청목아트빌,서초구
11650|반포동|968,서울특별시 서초구 반포동 968,에이아이디차관주택,서초구
11650|반포동|98-4,서울특별시 서초구 반포동 98-4,프라임빌라트,서초구
11650|반포동|98-7,서울특별시 서초구 반포동 98-7,동성라벨뷰,서초구
11650|반포동|99-1,서울특별시 서초구 반포동 99-1,엘리제빌,서초구
11650|반포동|99-2,서울특별시 서초구 반포동 99-2,반포이안애1차,서초구
11650|반포동|99-3,서울특별시 서초구 반포동 99-3,상지리츠빌2차,서초구
11650|방배동|1-106,서울특별시 서초구 방배동 1-106,영지아트빌라,서초구
11650|방배동|1-11,서울특별시 서초구 방배동 1-11,다이너스티힐,서초구
11650|방배동|1-119,서울특별시 서초구 방배동 1-119,프레스턴(1-119),서초구
11650|방배동|1-15,서울특별시 서초구 방배동 1-15,방배아펠바움,서초구
11650|방배동|1-18,서울특별시 서초구 방배동 1-18,베네쎄레,서초구
11650|방배동|1-19,서울특별시 서초구 방배동 1-19,그랑씨엘3차,서초구
11650|방배동|1-21,서울특별시 서초구 방배동 1-21,방배롯데캐슬OSCAR,서초구
11650|방배동|1-29,서울특별시 서초구 방배동 1-29,상지리츠빌1,서초구
11650|방배동|1-35,서울특별시 서초구 방배동 1-35,상지리츠빌8차,서초구
11650|방배동|1-39,서울특별시 서초구 방배동 1-39,베로니스5차,서초구
11650|방배동|1-40,서울특별시 서초구 방배동 1-40,레베빌,서초구
11650|방배동|1-43,서울특별시 서초구 방배동 1-43,라파예트,서초구
11650|방배동|1-45,서울특별시 서초구 방배동 1-45,리전트가든,서초구
11650|방배동|1-56,서울특별시 서초구 방배동 1-56,하늘바람,서초구
11650|방배동|1-57,서울특별시 서초구 방배동 1-57,부에나비스타,서초구
11650|방배동|1-62,서울특별시 서초구 방배동 1-62,프레스턴(1-62),서초구
11650|방배동|1-7,서울특별시 서초구 방배동 1-7,방배동갤러리하우스3,서초구
11650|방배동|1002-10,서울특별시 서초구 방배동 1002-10,삼환나띠르빌(1002-10),서초구
11650|방배동|1002-11,서울특별시 서초구 방배동 1002-11,삼환나띠르빌(1002-11),서초구
11650|방배동|1002-21,서울특별시 서초구 방배동 1002-21,삼환나띠르빌(1002-21),서초구
11650|방배동|1002-22,서울특별시 서초구 방배동 1002-22,삼환나띠르빌(1002-22),서초구
11650|방배동|1002-7,서울특별시 서초구 방배동 1002-7,삼환나띠르빌(1002-7),서초구
11650|방배동|1002-8,서울특별시 서초구 방배동 1002-8,삼환나띠르빌(1002-8),서초구
11650|방배동|1002-9,서울특별시 서초구 방배동 1002-9,삼환나띠르빌(1002-9),서초구
11650|방배동|1006-1,서울특별시 서초구 방배동 1006-1,서초이에스에이3차,서초구
11650|방배동|1008-2,서울특별시 서초구 방배동 1008-2,래미안방배아트힐(1008-2),서초구
11650|방배동|1010-1,서울특별시 서초구 방배동 1010-1,방배임광3차,서초구
11650|방배동|1015,서울특별시 서초구 방배동 1015,임광,서초구
11650|방배동|1018-1,서울특별시 서초구 방배동 1018-1,삼익,서초구
11650|방배동|1019-3,서울특별시 서초구 방배동 1019-3,방배블레스밸리,서초구
11650|방배동|1020-1,서울특별시 서초구 방배동 1020-1,파세지아타,서초구
11650|방배동|1021-9,서울특별시 서초구 방배동 1021-9,아이리스,서초구
11650|방배동|1025-2,서울특별시 서초구 방배동 1025-2,현대맨션,서초구
11650|방배동|1026-1,서울특별시 서초구 방배동 1026-1,대우로얄빌라트,서초구
11650|방배동|1026-14,서울특별시 서초구 방배동 1026-14,방배신동아럭스빌,서초구
11650|방배동|1027-1,서울특별시 서초구 방배동 1027-1,대우로얄빌라트(1027-1),서초구
11650|방배동|1028-1,서울특별시 서초구 방배동 1028-1,경남,서초구
11650|방배동|1029-1,서울특별시 서초구 방배동 1029-1,공작빌라트,서초구
11650|방배동|1030-1,서울특별시 서초구 방배동 1030-1,삼호한숲,서초구
11650|방배동|1038,서울특별시 서초구 방배동 1038,대우(효령),서초구
11650|방배동|12-1,서울특별시 서초구 방배동 12-1,UPPERHOUSE,서초구
11650|방배동|12-36,서울특별시 서초구 방배동 12-36,라온채,서초구
11650|방배동|12-5,서울특별시 서초구 방배동 12-5,UPPERHOUSE2,서초구
11650|방배동|12-58,서울특별시 서초구 방배동 12-58,메가트리움,서초구
11650|방배동|12-60,서울특별시 서초구 방배동 12-60,갤러리하우스,서초구
11650|방배동|1344,서울특별시 서초구 방배동 1344,방배1차현대홈타운,서초구
11650|방배동|169-24,서울특별시 서초구 방배동 169-24,방배한화,서초구
11650|방배동|2001,서울특별시 서초구 방배동 2001,방배2차현대홈타운,서초구
11650|방배동|2233,서울특별시 서초구 방배동 2233,방배3차현대홈타운,서초구
11650|방배동|2525,서울특별시 서초구 방배동 2525,방배우성,서초구
11650|방배동|2626,서울특별시 서초구 방배동 2626,삼성래미안1,서초구
11650|방배동|3000-1,서울특별시 서초구 방배동 3000-1,한신휴플러스,서초구
11650|방배동|3001-1,서울특별시 서초구 방배동 3001-1,디오수페리움2,서초구
11650|방배동|3001-2,서울특별시 서초구 방배동 3001-2,방배디오슈페리움Ⅰ,서초구
11650|방배동|3275,서울특별시 서초구 방배동 3275,동부센트레빌,서초구
11650|방배동|3276,서울특별시 서초구 방배동 3276,한진로즈힐,서초구
11650|방배동|3277,서울특별시 서초구 방배동 3277,방배아이파크,서초구
11650|방배동|3278,서울특별시 서초구 방배동 3278,방배아트자이,서초구
11650|방배동|3279,서울특별시 서초구 방배동 3279,방배 서리풀 그랑블,서초구
11650|방배동|3281,서울특별시 서초구 방배동 3281,서리풀프라젠아파트,서초구
11650|방배동|3282,서울특별시 서초구 방배동 3282,방배중앙센트레빌,서초구
11650|방배동|3283,서울특별시 서초구 방배동 3283,방배그랑자이,서초구
11650|방배동|3284,서울특별시 서초구 방배동 3284,엘루크방배서리풀,서초구
11650|방배동|3288,서울특별시 서초구 방배동 3288,방배더유엘포레,서초구
11650|방배동|421-1,서울특별시 서초구 방배동 421-1,세양아르비채101동,서초구
11650|방배동|424-28,서울특별시 서초구 방배동 424-28,롯데캐슬아르떼,서초구
11650|방배동|425-1,서울특별시 서초구 방배동 425-1,세양아르비채102동,서초구
11650|방배동|432-10,서울특별시 서초구 방배동 432-10,예림,서초구
11650|방배동|434-3,서울특별시 서초구 방배동 434-3,정림,서초구
11650|방배동|444-3,서울특별시 서초구 방배동 444-3,SK리더스뷰(파스텔시티),서초구
11650|방배동|449-1,서울특별시 서초구 방배동 449-1,방배신주,서초구
11650|방배동|449-2,서울특별시 서초구 방배동 449-2,다솔,서초구
11650|방배동|449-3,서울특별시 서초구 방배동 449-3,신주,서초구
11650|방배동|459-1,서울특별시 서초구 방배동 459-1,현대아르빌,서초구
11650|방배동|460-1,서울특별시 서초구 방배동 460-1,덕산럭스,서초구
11650|방배동|473-1,서울특별시 서초구 방배동 473-1,두원,서초구
11650|방배동|473-14,서울특별시 서초구 방배동 473-14,덕산홈타운,서초구
11650|방배동|474-9,서울특별시 서초구 방배동 474-9,방배리치빌,서초구
11650|방배동|477-7,서울특별시 서초구 방배동 477-7,파라다이스(477-7),서초구
11650|방배동|478-8,서울특별시 서초구 방배동 478-8,루이스캐슬,서초구
11650|방배동|479-11,서울특별시 서초구 방배동 479-11,방배홈타운(479-11),서초구
11650|방배동|481-11,서울특별시 서초구 방배동 481-11,방배엔스위트,서초구
11650|방배동|482-4,서울특별시 서초구 방배동 482-4,청광아트빌(14차),서초구
11650|방배동|483-1,서울특별시 서초구 방배동 483-1,서희융창,서초구
11650|방배동|484-2,서울특별시 서초구 방배동 484-2,방배아트e편한세상101,서초구
11650|방배동|484-5,서울특별시 서초구 방배동 484-5,방배아트e-편한세상102,서초구
11650|방배동|484-6,서울특별시 서초구 방배동 484-6,방배아트e-편한세상103,서초구
11650|방배동|485-3,서울특별시 서초구 방배동 485-3,방배래미안타워,서초구
11650|방배동|486-1,서울특별시 서초구 방배동 486-1,방배아트e편한세상104,서초구
11650|방배동|486-4,서울특별시 서초구 방배동 486-4,방배아트e편한세상105,서초구
11650|방배동|486-8,서울특별시 서초구 방배동 486-8,방배아트e-편한세상106,서초구
11650|방배동|488-2,서울특별시 서초구 방배동 488-2,리베하임,서초구
11650|방배동|537-9,서울특별시 서초구 방배동 537-9,신호,서초구
11650|방배동|562-1,서울특별시 서초구 방배동 562-1,방배대우(562-1),서초구
11650|방배동|593-19,서울특별시 서초구 방배동 593-19,대건딜라이트,서초구
11650|방배동|593-24,서울특별시 서초구 방배동 593-24,방배2차상지리츠빌,서초구
11650|방배동|593-32,서울특별시 서초구 방배동 593-32,방배호원,서초구
11650|방배동|593-45,서울특별시 서초구 방배동 593-45,방배노블힐스,서초구
11650|방배동|593-51,서울특별시 서초구 방배동 593-51,용성빌리지,서초구
11650|방배동|593-64,서울특별시 서초구 방배동 593-64,명지해드는터,서초구
11650|방배동|725,서울특별시 서초구 방배동 725,방배신삼호,서초구
11650|방배동|733,서울특별시 서초구 방배동 733,태화빌라(733),서초구
11650|방배동|734,서울특별시 서초구 방배동 734,스톤힐스,서초구
11650|방배동|750,서울특별시 서초구 방배동 750,베로니스9차,서초구
11650|방배동|752-36,서울특별시 서초구 방배동 752-36,방배아크로리버,서초구
11650|방배동|754-1,서울특별시 서초구 방배동 754-1,롯데캐슬헤론,서초구
11650|방배동|755-14,서울특별시 서초구 방배동 755-14,리첸시아방배,서초구
11650|방배동|756-4,서울특별시 서초구 방배동 756-4,바흐하우스반포캐슬,서초구
11650|방배동|758-4,서울특별시 서초구 방배동 758-4,삼호2,서초구
11650|방배동|759-3,서울특별시 서초구 방배동 759-3,삼호3,서초구
11650|방배동|761-5,서울특별시 서초구 방배동 761-5,청광(761-5),서초구
11650|방배동|763-12,서울특별시 서초구 방배동 763-12,푸른마을,서초구
11650|방배동|764,서울특별시 서초구 방배동 764,비욘디에,서초구
11650|방배동|770-1,서울특별시 서초구 방배동 770-1,삼호1동~3동,서초구
11650|방배동|772-13,서울특별시 서초구 방배동 772-13,현대멤피스,서초구
11650|방배동|775-1,서울특별시 서초구 방배동 775-1,래미안방배에버뉴,서초구
11650|방배동|776-3,서울특별시 서초구 방배동 776-3,쌍용예가클래식,서초구
11650|방배동|790-26,서울특별시 서초구 방배동 790-26,방배타운하우스,서초구
11650|방배동|791-10,서울특별시 서초구 방배동 791-10,동광빌라트,서초구
11650|방배동|797-1,서울특별시 서초구 방배동 797-1,탑빌라트,서초구
11650|방배동|797-22,서울특별시 서초구 방배동 797-22,방배5차상지리츠빌,서초구
11650|방배동|797-30,서울특별시 서초구 방배동 797-30,방배3차e-편한세상,서초구
11650|방배동|798-1,서울특별시 서초구 방배동 798-1,레베빌(798-1),서초구
11650|방배동|798-10,서울특별시 서초구 방배동 798-10,르가든6차,서초구
11650|방배동|798-11,서울특별시 서초구 방배동 798-11,르가든5차,서초구
11650|방배동|798-5,서울특별시 서초구 방배동 798-5,월드빌라트(798-5),서초구
11650|방배동|799-5,서울특별시 서초구 방배동 799-5,힐스나인빌리지,서초구
11650|방배동|799-8,서울특별시 서초구 방배동 799-8,써니힐즈,서초구
11650|방배동|799-9,서울특별시 서초구 방배동 799-9,캐슬렉스,서초구
11650|방배동|800-1,서울특별시 서초구 방배동 800-1,빌라일두오모,서초구
11650|방배동|800-3,서울특별시 서초구 방배동 800-3,나인빌,서초구
11650|방배동|800-5,서울특별시 서초구 방배동 800-5,다움7샤인힐,서초구
11650|방배동|800-9,서울특별시 서초구 방배동 800-9,멤피스빌,서초구
11650|방배동|801-1,서울특별시 서초구 방배동 801-1,방배대우멤버스카운티501,서초구
11650|방배동|801-5,서울특별시 서초구 방배동 801-5,방배대우멤버스카운티502,서초구
11650|방배동|801-7,서울특별시 서초구 방배동 801-7,멤버스카운티601,서초구
11650|방배동|802-10,서울특별시 서초구 방배동 802-10,방배렉슬,서초구
11650|방배동|802-2,서울특별시 서초구 방배동 802-2,나스빌,서초구
11650|방배동|802-3,서울특별시 서초구 방배동 802-3,힐하우스(802-3),서초구
11650|방배동|802-4,서울특별시 서초구 방배동 802-4,신한엔시모,서초구
11650|방배동|802-8,서울특별시 서초구 방배동 802-8,노블씨티,서초구
11650|방배동|803-3,서울특별시 서초구 방배동 803-3,판테옹-2,서초구
11650|방배동|803-4,서울특별시 서초구 방배동 803-4,포렛힐,서초구
11650|방배동|803-8,서울특별시 서초구 방배동 803-8,노블하우스(803-8),서초구
11650|방배동|803-9,서울특별시 서초구 방배동 803-9,베로니스2차,서초구
11650|방배동|804-1,서울특별시 서초구 방배동 804-1,리벨루스(804-1),서초구
11650|방배동|804-3,서울특별시 서초구 방배동 804-3,나스빌(804-3),서초구
11650|방배동|804-5,서울특별시 서초구 방배동 804-5,레베빌2,서초구
11650|방배동|804-9,서울특별시 서초구 방배동 804-9,코트빌,서초구
11650|방배동|805-1,서울특별시 서초구 방배동 805-1,라빌레뜨,서초구
11650|방배동|805-14,서울특별시 서초구 방배동 805-14,서리풀래디앙아파트,서초구
11650|방배동|806-1,서울특별시 서초구 방배동 806-1,방배힐1차,서초구
11650|방배동|806-13,서울특별시 서초구 방배동 806-13,나스빌3차,서초구
11650|방배동|806-3,서울특별시 서초구 방배동 806-3,방배갤러리,서초구
11650|방배동|806-5,서울특별시 서초구 방배동 806-5,윈저빌,서초구
11650|방배동|806-9,서울특별시 서초구 방배동 806-9,방배다움샤인힐,서초구
11650|방배동|807-11,서울특별시 서초구 방배동 807-11,베로니스3차,서초구
11650|방배동|807-5,서울특별시 서초구 방배동 807-5,노블하임,서초구
11650|방배동|808-10,서울특별시 서초구 방배동 808-10,벨루체팰리스,서초구
11650|방배동|808-11,서울특별시 서초구 방배동 808-11,방배힐2차,서초구
11650|방배동|808-3,서울특별시 서초구 방배동 808-3,디오엠프리미어,서초구
11650|방배동|808-8,서울특별시 서초구 방배동 808-8,리치팰리스,서초구
11650|방배동|809-14,서울특별시 서초구 방배동 809-14,방배팰리스빌라,서초구
11650|방배동|809-17,서울특별시 서초구 방배동 809-17,방배대우멤버스카운티(809-17),서초구
11650|방배동|809-22,서울특별시 서초구 방배동 809-22,방배대우멤버스카운티,서초구
11650|방배동|809-26,서울특별시 서초구 방배동 809-26,방배대우멤버스카운티201,서초구
11650|방배동|810-14,서울특별시 서초구 방배동 810-14,팔라티노,서초구
11650|방배동|812-1,서울특별시 서초구 방배동 812-1,TheHerren,서초구
11650|방배동|814-31,서울특별시 서초구 방배동 814-31,이연아마빌레,서초구
11650|방배동|815-22,서울특별시 서초구 방배동 815-22,설록,서초구
11650|방배동|816-1,서울특별시 서초구 방배동 816-1,한신트리플,서초구
11650|방배동|816-3,서울특별시 서초구 방배동 816-3,방배트리플,서초구
11650|방배동|823-14,서울특별시 서초구 방배동 823-14,현대오페라하우스2차,서초구
11650|방배동|825-12,서울특별시 서초구 방배동 825-12,현대오페라하우스,서초구
11650|방배동|831-6,서울특별시 서초구 방배동 831-6,보아스방배,서초구
11650|방배동|836-1,서울특별시 서초구 방배동 836-1,방배씨티(보성),서초구
11650|방배동|836-4,서울특별시 서초구 방배동 836-4,영진,서초구
11650|방배동|838-1,서울특별시 서초구 방배동 838-1,월드빌리지,서초구
11650|방배동|840-1,서울특별시 서초구 방배동 840-1,방배샤인힐6차,서초구
11650|방배동|840-10,서울특별시 서초구 방배동 840-10,빌라도르,서초구
11650|방배동|840-12,서울특별시 서초구 방배동 840-12,상지리츠빌7차,서초구
11650|방배동|840-4,서울특별시 서초구 방배동 840-4,폴라씨엘로,서초구
11650|방배동|841-12,서울특별시 서초구 방배동 841-12,방배대우멤버스카운티301,서초구
11650|방배동|841-2,서울특별시 서초구 방배동 841-2,판테옹빌라,서초구
11650|방배동|841-4,서울특별시 서초구 방배동 841-4,방배빌라트,서초구
11650|방배동|843-1,서울특별시 서초구 방배동 843-1,파인빌리지,서초구
11650|방배동|843-10,서울특별시 서초구 방배동 843-10,상지리츠빌6차,서초구
11650|방배동|843-11,서울특별시 서초구 방배동 843-11,상지리츠빌4차(843-11),서초구
11650|방배동|843-13,서울특별시 서초구 방배동 843-13,상지리츠빌4차(843-13),서초구
11650|방배동|843-15,서울특별시 서초구 방배동 843-15,상지리츠빌3차,서초구
11650|방배동|843-3,서울특별시 서초구 방배동 843-3,그랑씨엘2000,서초구
11650|방배동|843-6,서울특별시 서초구 방배동 843-6,Venessere,서초구
11650|방배동|844-27,서울특별시 서초구 방배동 844-27,롯데캐슬포레스트,서초구
11650|방배동|845-1,서울특별시 서초구 방배동 845-1,성지라빌레뜨(845-1),서초구
11650|방배동|845-14,서울특별시 서초구 방배동 845-14,성지라빌레뜨B,서초구
11650|방배동|845-5,서울특별시 서초구 방배동 845-5,포렛빌,서초구
11650|방배동|845-6,서울특별시 서초구 방배동 845-6,신구레베빌14차,서초구
11650|방배동|846-1,서울특별시 서초구 방배동 846-1,프리우스,서초구
11650|방배동|846-4,서울특별시 서초구 방배동 846-4,방배포레스트,서초구
11650|방배동|846-5,서울특별시 서초구 방배동 846-5,필그린빌라,서초구
11650|방배동|847-25,서울특별시 서초구 방배동 847-25,렉스빌,서초구
11650|방배동|847-34,서울특별시 서초구 방배동 847-34,방배대우유로카운티,서초구
11650|방배동|848-1,서울특별시 서초구 방배동 848-1,방배아크빌,서초구
11650|방배동|849-1,서울특별시 서초구 방배동 849-1,비젼21(2차),서초구
11650|방배동|849-2,서울특별시 서초구 방배동 849-2,방배비젼21빌라트,서초구
11650|방배동|849-24,서울특별시 서초구 방배동 849-24,선영베스트,서초구
11650|방배동|849-30,서울특별시 서초구 방배동 849-30,방배롯데캐슬로제,서초구
11650|방배동|853-19,서울특별시 서초구 방배동 853-19,현대쉴러하우스,서초구
11650|방배동|864-7,서울특별시 서초구 방배동 864-7,골드아트빌,서초구
11650|방배동|865-19,서울특별시 서초구 방배동 865-19,우평,서초구
11650|방배동|865-24,서울특별시 서초구 방배동 865-24,신구하이텍빌리지,서초구
11650|방배동|866-10,서울특별시 서초구 방배동 866-10,방배마에스트로,서초구
11650|방배동|866-20,서울특별시 서초구 방배동 866-20,방배대우디오빌,서초구
11650|방배동|877-4,서울특별시 서초구 방배동 877-4,방배삼성홈타운(101),서초구
11650|방배동|877-6,서울특별시 서초구 방배동 877-6,방배삼성홈타운(102),서초구
11650|방배동|878-16,서울특별시 서초구 방배동 878-16,상록리츠콤(878-16),서초구
11650|방배동|878-26,서울특별시 서초구 방배동 878-26,효산빌라트,서초구
11650|방배동|878-27,서울특별시 서초구 방배동 878-27,한화엘르빌,서초구
11650|방배동|881-26,서울특별시 서초구 방배동 881-26,방배2차e-편한세상,서초구
11650|방배동|883-9,서울특별시 서초구 방배동 883-9,황실자이,서초구
11650|방배동|884-21,서울특별시 서초구 방배동 884-21,대림e-편한세상1,서초구
11650|방배동|888-34,서울특별시 서초구 방배동 888-34,롯데캐슬파크(34),서초구
11650|방배동|888-38,서울특별시 서초구 방배동 888-38,롯데캐슬파크(38),서초구
11650|방배동|888-40,서울특별시 서초구 방배동 888-40,롯데캐슬파크(40),서초구
11650|방배동|888-53,서울특별시 서초구 방배동 888-53,방배자이,서초구
11650|방배동|889-5,서울특별시 서초구 방배동 889-5,방배CJ나인빌1차,서초구
11650|방배동|889-6,서울특별시 서초구 방배동 889-6,방배CJ나인빌2차,서초구
11650|방배동|890-8,서울특별시 서초구 방배동 890-8,신호나이스빌,서초구
11650|방배동|899-16,서울특별시 서초구 방배동 899-16,브라운스톤방배,서초구
11650|방배동|906-13,서울특별시 서초구 방배동 906-13,서리풀e편한세상,서초구
11650|방배동|912-13,서울특별시 서초구 방배동 912-13,태림,서초구
11650|방배동|915-16,서울특별시 서초구 방배동 915-16,방배서리풀힐스,서초구
11650|방배동|917-4,서울특별시 서초구 방배동 917-4,서초훼미리하우스,서초구
11650|방배동|917-5,서울특별시 서초구 방배동 917-5,광해리드빌,서초구
11650|방배동|918-14,서울특별시 서초구 방배동 918-14,멤버스빌,서초구
11650|방배동|923-6,서울특별시 서초구 방배동 923-6,방배아크로타워,서초구
11650|방배동|926-7,서울특별시 서초구 방배동 926-7,그린,서초구
11650|방배동|929-4,서울특별시 서초구 방배동 929-4,퍼시픽56차,서초구
11650|방배동|930-1,서울특별시 서초구 방배동 930-1,방배브라운가,서초구
11650|방배동|932-34,서울특별시 서초구 방배동 932-34,훼미리타운,서초구
11650|방배동|939-9,서울특별시 서초구 방배동 939-9,카사벨라(939-9),서초구
11650|방배동|940-8,서울특별시 서초구 방배동 940-8,금강프리빌,서초구
11650|방배동|956-8,서울특별시 서초구 방배동 956-8,네스코,서초구
11650|방배동|957-7,서울특별시 서초구 방배동 957-7,방배대성유니드아파트,서초구
11650|방배동|961-3,서울특별시 서초구 방배동 961-3,양지빌라트,서초구
11650|방배동|963-16,서울특별시 서초구 방배동 963-16,신구드림하우스,서초구
11650|방배동|970-13,서울특별시 서초구 방배동 970-13,방배승원아트빌,서초구
11650|방배동|971-1,서울특별시 서초구 방배동 971-1,뉴캐슬,서초구
11650|방배동|971-7,서울특별시 서초구 방배동 971-7,네스코뮤즈빌(B),서초구
11650|방배동|971-8,서울특별시 서초구 방배동 971-8,네스코뮤즈빌(A),서초구
11650|방배동|976-15,서울특별시 서초구 방배동 976-15,모닝아트빌,서초구
11650|방배동|978-2,서울특별시 서초구 방배동 978-2,프라하임1차,서초구
11650|방배동|980-25,서울특별시 서초구 방배동 980-25,신호그린빌,서초구
11650|방배동|980-41,서울특별시 서초구 방배동 980-41,강남아트빌,서초구
11650|방배동|980-45,서울특별시 서초구 방배동 980-45,청암,서초구
11650|방배동|980-48,서울특별시 서초구 방배동 980-48,신구,서초구
11650|방배동|981-40,서울특별시 서초구 방배동 981-40,브라운스톤효령아파트,서초구
11650|방배동|982-1,서울특별시 서초구 방배동 982-1,방배현대멤피스2,서초구
11650|방배동|985-15,서울특별시 서초구 방배동 985-15,엘르빌,서초구
11650|방배동|987-1,서울특별시 서초구 방배동 987-1,롯데아파트,서초구
11650|방배동|987-3,서울특별시 서초구 방배동 987-3,롯데빌라트2차,서초구
11650|방배동|987-6,서울특별시 서초구 방배동 987-6,신원아침도시,서초구
11650|방배동|988-1,서울특별시 서초구 방배동 988-1,신동아,서초구
11650|방배동|992-8,서울특별시 서초구 방배동 992-8,방배동동양파라곤,서초구
11650|방배동|998,서울특별시 서초구 방배동 998,방배어울림,서초구
11650|방배동|999,서울특별시 서초구 방배동 999,월드빌라트(999),서초구
11650|방배동|999-2,서울특별시 서초구 방배동 999-2,방배현대빌라트(999-2),서초구
11650|서초동|1301-6,서울특별시 서초구 서초동 1301-6,래미안서초스위트,서초구
11650|서초동|1303-10,서울특별시 서초구 서초동 1303-10,서초한일유앤아이주상복합,서초구
11650|서초동|1303-35,서울특별시 서초구 서초동 1303-35,강남태영데시앙루브,서초구
11650|서초동|1310,서울특별시 서초구 서초동 1310,삼호1차,서초구
11650|서초동|1310-4,서울특별시 서초구 서초동 1310-4,서초두산위브트레지움,서초구
11650|서초동|1310-9,서울특별시 서초구 서초동 1310-9,서초타워시티빌,서초구
11650|서초동|1311-10,서울특별시 서초구 서초동 1311-10,서초푸르지오써밋,서초구
11650|서초동|1312-3,서울특별시 서초구 서초동 1312-3,롯데캐슬클래식,서초구
11650|서초동|1315,서울특별시 서초구 서초동 1315,진흥아파트,서초구
11650|서초동|1316-15,서울특별시 서초구 서초동 1316-15,현대성우주상복합아파트,서초구
11650|서초동|1316-31,서울특별시 서초구 서초동 1316-31,밀라텔쉐르빌,서초구
11650|서초동|1319-13,서울특별시 서초구 서초동 1319-13,서초현대타워아파트,서초구
11650|서초동|1321-6,서울특별시 서초구 서초동 1321-6,서초동아타워,서초구
11650|서초동|1326,서울특별시 서초구 서초동 1326,삼성서초가든스위트,서초구
11650|서초동|1326-17,서울특별시 서초구 서초동 1326-17,우성아파트,서초구
11650|서초동|1327,서울특별시 서초구 서초동 1327,서초타운트라팰리스,서초구
11650|서초동|1327-23,서울특별시 서초구 서초동 1327-23,강남아르젠,서초구
11650|서초동|1327-29,서울특별시 서초구 서초동 1327-29,서초파라곤,서초구
11650|서초동|1330,서울특별시 서초구 서초동 1330,서초동삼성쉐르빌2,서초구
11650|서초동|1330-16,서울특별시 서초구 서초동 1330-16,서초나산스위트,서초구
11650|서초동|1331,서울특별시 서초구 서초동 1331,우성2,서초구
11650|서초동|1332,서울특별시 서초구 서초동 1332,우성3,서초구
11650|서초동|1332-13,서울특별시 서초구 서초동 1332-13,래미안서초에스티지,서초구
11650|서초동|1333,서울특별시 서초구 서초동 1333,신동아아파트(1차),서초구
11650|서초동|1334-1,서울특별시 서초구 서초동 1334-1,신동아아파트(2차),서초구
11650|서초동|1335,서울특별시 서초구 서초동 1335,무지개,서초구
11650|서초동|1336,서울특별시 서초구 서초동 1336,우성1,서초구
11650|서초동|1337-22,서울특별시 서초구 서초동 1337-22,서초동대우디오빌프라임,서초구
11650|서초동|1337-3,서울특별시 서초구 서초동 1337-3,urbanplace,서초구
11650|서초동|1338,서울특별시 서초구 서초동 1338,현대이에스에이아파트,서초구
11650|서초동|1338-1,서울특별시 서초구 서초동 1338-1,풍림아이원플러스,서초구
11650|서초동|1343-9,서울특별시 서초구 서초동 1343-9,서초아트빌,서초구
11650|서초동|1344-13,서울특별시 서초구 서초동 1344-13,서초트라팰리스,서초구
11650|서초동|1344-2,서울특별시 서초구 서초동 1344-2,서초한양수자인,서초구
11650|서초동|1344-22,서울특별시 서초구 서초동 1344-22,서초자연인아파트(101동),서초구
11650|서초동|1344-23,서울특별시 서초구 서초동 1344-23,서초자연인아파트(102동),서초구
11650|서초동|1344-4,서울특별시 서초구 서초동 1344-4,서초동프레스티지아파트,서초구
11650|서초동|1344-7,서울특별시 서초구 서초동 1344-7,동아아파트,서초구
11650|서초동|1346,서울특별시 서초구 서초동 1346,현대아파트,서초구
11650|서초동|1347-20,서울특별시 서초구 서초동 1347-20,서초벽산블루밍,서초구
11650|서초동|1350-13,서울특별시 서초구 서초동 1350-13,동원베네스트아파트,서초구
11650|서초동|1355-24,서울특별시 서초구 서초동 1355-24,우정에쉐르,서초구
11650|서초동|1357-25,서울특별시 서초구 서초동 1357-25,서초아파트,서초구
11650|서초동|1357-44,서울특별시 서초구 서초동 1357-44,다우월드아파트,서초구
11650|서초동|1359,서울특별시 서초구 서초동 1359,서초동현대리츠빌,서초구
11650|서초동|1359-50,서울특별시 서초구 서초동 1359-50,롯데캐슬쥬피터,서초구
11650|서초동|1362,서울특별시 서초구 서초동 1362,두산위브(1362),서초구
11650|서초동|1362-10,서울특별시 서초구 서초동 1362-10,서초노블레스아파트,서초구
11650|서초동|1363-25,서울특별시 서초구 서초동 1363-25,한라비발디스튜디오193,서초구
11650|서초동|1364-26,서울특별시 서초구 서초동 1364-26,서초블리스아파트,서초구
11650|서초동|1364-37,서울특별시 서초구 서초동 1364-37,서초에버빌,서초구
11650|서초동|1364-51,서울특별시 서초구 서초동 1364-51,장미아파트,서초구
11650|서초동|1420-18,서울특별시 서초구 서초동 1420-18,신원아침도시(1420),서초구
11650|서초동|1427-7,서울특별시 서초구 서초동 1427-7,한승미메이드,서초구
11650|서초동|1428-1,서울특별시 서초구 서초동 1428-1,햄프턴코트,서초구
11650|서초동|1434-2,서울특별시 서초구 서초동 1434-2,신원아침도시(1434),서초구
11650|서초동|1435-18,서울특별시 서초구 서초동 1435-18,서초가람아파트,서초구
11650|서초동|1435-2,서울특별시 서초구 서초동 1435-2,새티스,서초구
11650|서초동|1436-14,서울특별시 서초구 서초동 1436-14,서초동아이파크,서초구
11650|서초동|1444-19,서울특별시 서초구 서초동 1444-19,서초리젠,서초구
11650|서초동|1444-3,서울특별시 서초구 서초동 1444-3,초원현대,서초구
11650|서초동|1444-7,서울특별시 서초구 서초동 1444-7,서초자이,서초구
11650|서초동|1445-13,서울특별시 서초구 서초동 1445-13,서초쌍용플래티넘,서초구
11650|서초동|1445-14,서울특별시 서초구 서초동 1445-14,더샵서초,서초구
11650|서초동|1445-4,서울특별시 서초구 서초동 1445-4,래미안서초유니빌,서초구
11650|서초동|1446-11,서울특별시 서초구 서초동 1446-11,현대슈퍼빌,서초구
11650|서초동|1450-1,서울특별시 서초구 서초동 1450-1,월드메르디앙(오페라),서초구
11650|서초동|1451-89,서울특별시 서초구 서초동 1451-89,서초중흥S-클래스(도시형생활주택),서초구
11650|서초동|1454-29,서울특별시 서초구 서초동 1454-29,서초한신,서초구
11650|서초동|1455-9,서울특별시 서초구 서초동 1455-9,경남아너스빌,서초구
11650|서초동|1456-1,서울특별시 서초구 서초동 1456-1,서린,서초구
11650|서초동|1456-2,서울특별시 서초구 서초동 1456-2,경남아너스빌201동,서초구
11650|서초동|1458-6,서울특별시 서초구 서초동 1458-6,서초지웰,서초구
11650|서초동|1464-4,서울특별시 서초구 서초동 1464-4,서초벽산블루밍,서초구
11650|서초동|1465-7,서울특별시 서초구 서초동 1465-7,서초코아,서초구
11650|서초동|1466-17,서울특별시 서초구 서초동 1466-17,서초네스피아B,서초구
11650|서초동|1466-2,서울특별시 서초구 서초동 1466-2,서초네스피아A,서초구
11650|서초동|1466-3,서울특별시 서초구 서초동 1466-3,마샹스,서초구
11650|서초동|1466-4,서울특별시 서초구 서초동 1466-4,애지앙,서초구
11650|서초동|1467-3,서울특별시 서초구 서초동 1467-3,서초대우,서초구
11650|서초동|1467-37,서울특별시 서초구 서초동 1467-37,서초3차e편한세상,서초구
11650|서초동|1467-62,서울특별시 서초구 서초동 1467-62,서초5차e편한세상,서초구
11650|서초동|1467-97,서울특별시 서초구 서초동 1467-97,서초금호어울림,서초구
11650|서초동|1469-4,서울특별시 서초구 서초동 1469-4,진성그린,서초구
11650|서초동|1471-13,서울특별시 서초구 서초동 1471-13,서초동삼원그린빌,서초구
11650|서초동|1471-15,서울특별시 서초구 서초동 1471-15,엘리제,서초구
11650|서초동|1471-3,서울특별시 서초구 서초동 1471-3,다솔,서초구
11650|서초동|1471-5,서울특별시 서초구 서초동 1471-5,로얄하이츠,서초구
11650|서초동|1472-1,서울특별시 서초구 서초동 1472-1,더샾오데움(104동),서초구
11650|서초동|1472-21,서울특별시 서초구 서초동 1472-21,새티스2,서초구
11650|서초동|1473-2,서울특별시 서초구 서초동 1473-2,래미안서초4차,서초구
11650|서초동|1476-18,서울특별시 서초구 서초동 1476-18,더샾오데움(103동),서초구
11650|서초동|1477-1,서울특별시 서초구 서초동 1477-1,아이파크빌,서초구
11650|서초동|1483-18,서울특별시 서초구 서초동 1483-18,"더샾오데움(101,102동)",서초구
11650|서초동|1484-7,서울특별시 서초구 서초동 1484-7,대경벨로체,서초구
11650|서초동|1484-8,서울특별시 서초구 서초동 1484-8,대상파크빌,서초구
11650|서초동|1486-17,서울특별시 서초구 서초동 1486-17,비버리캐슬,서초구
11650|서초동|1487-1,서울특별시 서초구 서초동 1487-1,LOFT1487,서초구
11650|서초동|1487-115,서울특별시 서초구 서초동 1487-115,연우,서초구
11650|서초동|1487-121,서울특별시 서초구 서초동 1487-121,서초대성유니드,서초구
11650|서초동|1487-144,서울특별시 서초구 서초동 1487-144,마샹스(2차),서초구
11650|서초동|1487-145,서울특별시 서초구 서초동 1487-145,래미안서초3차,서초구
11650|서초동|1487-63,서울특별시 서초구 서초동 1487-63,서초1차e-편한세상,서초구
11650|서초동|1488-5,서울특별시 서초구 서초동 1488-5,그린빌라트,서초구
11650|서초동|1490-1,서울특별시 서초구 서초동 1490-1,상지리츠빌(1),서초구
11650|서초동|1490-36,서울특별시 서초구 서초동 1490-36,상지리츠빌(4),서초구
11650|서초동|1491-1,서울특별시 서초구 서초동 1491-1,상지리츠빌(7),서초구
11650|서초동|1491-14,서울특별시 서초구 서초동 1491-14,상지리츠빌(5),서초구
11650|서초동|1491-3,서울특별시 서초구 서초동 1491-3,서초8차상지리츠빌,서초구
11650|서초동|1491-31,서울특별시 서초구 서초동 1491-31,상지리츠빌(6),서초구
11650|서초동|1491-8,서울특별시 서초구 서초동 1491-8,리안하우스,서초구
11650|서초동|1492-1,서울특별시 서초구 서초동 1492-1,라파엘로,서초구
11650|서초동|1492-13,서울특별시 서초구 서초동 1492-13,상지리츠빌(3),서초구
11650|서초동|1492-4,서울특별시 서초구 서초동 1492-4,브라운스톤로얄스위트서초,서초구
11650|서초동|1492-5,서울특별시 서초구 서초동 1492-5,서초트레져,서초구
11650|서초동|1494-4,서울특별시 서초구 서초동 1494-4,더미켈란,서초구
11650|서초동|1495-1,서울특별시 서초구 서초동 1495-1,현대빌라트,서초구
11650|서초동|1495-2,서울특별시 서초구 서초동 1495-2,트라움하우스2,서초구
11650|서초동|1496-24,서울특별시 서초구 서초동 1496-24,트라움하우스3,서초구
11650|서초동|1496-6,서울특별시 서초구 서초동 1496-6,루컴즈힐서리풀,서초구
11650|서초동|1497-12,서울특별시 서초구 서초동 1497-12,도무스,서초구
11650|서초동|1497-18,서울특별시 서초구 서초동 1497-18,현대서초빌라트,서초구
11650|서초동|1498-5,서울특별시 서초구 서초동 1498-5,"마제스타시티(힐스테이트서리풀101,102동)",서초구
11650|서초동|1506-42,서울특별시 서초구 서초동 1506-42,프레스턴-2(1506-42),서초구
11650|서초동|1506-46,서울특별시 서초구 서초동 1506-46,서초프레스턴,서초구
11650|서초동|1506-47,서울특별시 서초구 서초동 1506-47,신구블레스벨리,서초구
11650|서초동|1506-88,서울특별시 서초구 서초동 1506-88,현대홈타운,서초구
11650|서초동|1507-38,서울특별시 서초구 서초동 1507-38,서초두산위브2,서초구
11650|서초동|1507-61,서울특별시 서초구 서초동 1507-61,다솔멤버스,서초구
11650|서초동|1508-25,서울특별시 서초구 서초동 1508-25,그린월드,서초구
11650|서초동|1508-39,서울특별시 서초구 서초동 1508-39,갤러리하우스,서초구
11650|서초동|1509-1,서울특별시 서초구 서초동 1509-1,서초한빛삼성,서초구
11650|서초동|1510-15,서울특별시 서초구 서초동 1510-15,서초화원그랑빌,서초구
11650|서초동|1511-3,서울특별시 서초구 서초동 1511-3,N-Suite102동(1511-3),서초구
11650|서초동|1511-6,서울특별시 서초구 서초동 1511-6,N-Suite101동(1511-6),서초구
11650|서초동|1511-9,서울특별시 서초구 서초동 1511-9,한성,서초구
11650|서초동|1513-2,서울특별시 서초구 서초동 1513-2,N-Suite(1513-2),서초구
11650|서초동|1513-5,서울특별시 서초구 서초동 1513-5,스위트빌,서초구
11650|서초동|1514-6,서울특별시 서초구 서초동 1514-6,옥스포드빌라트,서초구
11650|서초동|1515-14,서울특별시 서초구 서초동 1515-14,베스트빌라,서초구
11650|서초동|1517-1,서울특별시 서초구 서초동 1517-1,장복엘리트타운,서초구
11650|서초동|1517-6,서울특별시 서초구 서초동 1517-6,상지리츠빌(10),서초구
11650|서초동|1518-2,서울특별시 서초구 서초동 1518-2,월드빌라트,서초구
11650|서초동|1518-6,서울특별시 서초구 서초동 1518-6,서초대림빌라트,서초구
11650|서초동|1520-9,서울특별시 서초구 서초동 1520-9,레미안서초6차(1520-9),서초구
11650|서초동|1521-8,서울특별시 서초구 서초동 1521-8,서초에스케이뷰,서초구
11650|서초동|1522-1,서울특별시 서초구 서초동 1522-1,래미안서초5차,서초구
11650|서초동|1523-17,서울특별시 서초구 서초동 1523-17,동아빌리지,서초구
11650|서초동|1523-9,서울특별시 서초구 서초동 1523-9,오로라빌,서초구
11650|서초동|1527-1,서울특별시 서초구 서초동 1527-1,보미리즌빌,서초구
11650|서초동|1527-10,서울특별시 서초구 서초동 1527-10,서초로즈힐,서초구
11650|서초동|1527-13,서울특별시 서초구 서초동 1527-13,로얄파크에이,서초구
11650|서초동|1527-14,서울특별시 서초구 서초동 1527-14,서초동아,서초구
11650|서초동|1529,서울특별시 서초구 서초동 1529,서초2차e-편한세상,서초구
11650|서초동|1531-6,서울특별시 서초구 서초동 1531-6,예림,서초구
11650|서초동|1532-10,서울특별시 서초구 서초동 1532-10,서초블레스,서초구
11650|서초동|1533,서울특별시 서초구 서초동 1533,서초한신리빙타워,서초구
11650|서초동|1542-1,서울특별시 서초구 서초동 1542-1,동일하이빌,서초구
11650|서초동|1542-6,서울특별시 서초구 서초동 1542-6,현대ESA2,서초구
11650|서초동|1549-3,서울특별시 서초구 서초동 1549-3,월드메르디앙,서초구
11650|서초동|1553-15,서울특별시 서초구 서초동 1553-15,블루힐65,서초구
11650|서초동|1559-1,서울특별시 서초구 서초동 1559-1,제이씨라디앙,서초구
11650|서초동|1560-9,서울특별시 서초구 서초동 1560-9,서초우방유쉘,서초구
11650|서초동|1566-19,서울특별시 서초구 서초동 1566-19,서초노빌리에,서초구
11650|서초동|1566-9,서울특별시 서초구 서초동 1566-9,서초프라임빌(1566-9),서초구
11650|서초동|1568-1,서울특별시 서초구 서초동 1568-1,서초아크빌,서초구
11650|서초동|1568-3,서울특별시 서초구 서초동 1568-3,서초캐슬,서초구
11650|서초동|1582-16,서울특별시 서초구 서초동 1582-16,서초아트래디앙,서초구
11650|서초동|1582-3,서울특별시 서초구 서초동 1582-3,서초센트럴IPARK,서초구
11650|서초동|1583-10,서울특별시 서초구 서초동 1583-10,서초아트자이,서초구
11650|서초동|1584-6,서울특별시 서초구 서초동 1584-6,DK밸리뷰시티,서초구
11650|서초동|1588-5,서울특별시 서초구 서초동 1588-5,디아레나서초,서초구
11650|서초동|1593-7,서울특별시 서초구 서초동 1593-7,서초이오빌,서초구
11650|서초동|1597-6,서울특별시 서초구 서초동 1597-6,DK밸리뷰서초2차,서초구
11650|서초동|1600-11,서울특별시 서초구 서초동 1600-11,서초레몬,서초구
11650|서초동|1604-19,서울특별시 서초구 서초동 1604-19,대호프레조빌,서초구
11650|서초동|1607-15,서울특별시 서초구 서초동 1607-15,풍림아이원(102동),서초구
11650|서초동|1607-6,서울특별시 서초구 서초동 1607-6,풍림아이원(101동),서초구
11650|서초동|1608-28,서울특별시 서초구 서초동 1608-28,경남아너스빌,서초구
11650|서초동|1608-8,서울특별시 서초구 서초동 1608-8,경남아너스빌(1608-8),서초구
11650|서초동|1609-1,서울특별시 서초구 서초동 1609-1,샹보르,서초구
11650|서초동|1609-6,서울특별시 서초구 서초동 1609-6,두진한아름,서초구
11650|서초동|1612-2,서울특별시 서초구 서초동 1612-2,서초힐하우스,서초구
11650|서초동|1615-10,서울특별시 서초구 서초동 1615-10,극동스타클래스2,서초구
11650|서초동|1616-10,서울특별시 서초구 서초동 1616-10,서초극동스타클래스,서초구
11650|서초동|1617-13,서울특별시 서초구 서초동 1617-13,상지리츠빌(1617-13),서초구
11650|서초동|1617-21,서울특별시 서초구 서초동 1617-21,(1617-21),서초구
11650|서초동|1617-26,서울특별시 서초구 서초동 1617-26,서초드림하이츠,서초구
11650|서초동|1617-8,서울특별시 서초구 서초동 1617-8,상지리츠빌(1617-8),서초구
11650|서초동|1619-2,서울특별시 서초구 서초동 1619-2,더클래스,서초구
11650|서초동|1620-20,서울특별시 서초구 서초동 1620-20,서초동롯데캐슬리버티,서초구
11650|서초동|1625-7,서울특별시 서초구 서초동 1625-7,티에스프리우스,서초구
11650|서초동|1627-3,서울특별시 서초구 서초동 1627-3,서초로얄,서초구
11650|서초동|1630-4,서울특별시 서초구 서초동 1630-4,끄레메빌,서초구
11650|서초동|1631-8,서울특별시 서초구 서초동 1631-8,현대임페리움,서초구
11650|서초동|1633-1,서울특별시 서초구 서초동 1633-1,월드메르디앙B,서초구
11650|서초동|1634-9,서울특별시 서초구 서초동 1634-9,월드메르디앙A,서초구
11650|서초동|1636-1,서울특별시 서초구 서초동 1636-1,서초한일,서초구
11650|서초동|1640-3,서울특별시 서초구 서초동 1640-3,수광빌라트,서초구
11650|서초동|1641-1,서울특별시 서초구 서초동 1641-1,서초삼성래미안,서초구
11650|서초동|1641-13,서울특별시 서초구 서초동 1641-13,아남,서초구
11650|서초동|1641-3,서울특별시 서초구 서초동 1641-3,대성유니드,서초구
11650|서초동|1642-14,서울특별시 서초구 서초동 1642-14,서초롯데캐슬84,서초구
11650|서초동|1642-34,서울특별시 서초구 서초동 1642-34,래미안서초7차,서초구
11650|서초동|1642-4,서울특별시 서초구 서초동 1642-4,현대빌리지,서초구
11650|서초동|1644,서울특별시 서초구 서초동 1644,현대서초3,서초구
11650|서초동|1647-1,서울특별시 서초구 서초동 1647-1,롯데캐슬스파,서초구
11650|서초동|1648-2,서울특별시 서초구 서초동 1648-2,서초현대,서초구
11650|서초동|1656-4,서울특별시 서초구 서초동 1656-4,롯데캐슬메디치,서초구
11650|서초동|1666-14,서울특별시 서초구 서초동 1666-14,서초녹원,서초구
11650|서초동|1667-2,서울특별시 서초구 서초동 1667-2,서초예성그린캐슬,서초구
11650|서초동|1667-3,서울특별시 서초구 서초동 1667-3,예성그린(1667-3),서초구
11650|서초동|1668-1,서울특별시 서초구 서초동 1668-1,서초태동스위트,서초구
11650|서초동|1671-5,서울특별시 서초구 서초동 1671-5,대림서초리시온,서초구
11650|서초동|1673-3,서울특별시 서초구 서초동 1673-3,도무스서초청년주택,서초구
11650|서초동|1675-10,서울특별시 서초구 서초동 1675-10,지에스타워,서초구
11650|서초동|1675-11,서울특별시 서초구 서초동 1675-11,서초대우아이빌,서초구
11650|서초동|1677-1,서울특별시 서초구 서초동 1677-1,브라운스톤서초(1677-1),서초구
11650|서초동|1677-11,서울특별시 서초구 서초동 1677-11,삼환바우스,서초구
11650|서초동|1678-1,서울특별시 서초구 서초동 1678-1,동아빌라트1,서초구
11650|서초동|1678-2,서울특별시 서초구 서초동 1678-2,동아빌라트2,서초구
11650|서초동|1679-6,서울특별시 서초구 서초동 1679-6,서초동에지앙,서초구
11650|서초동|1681,서울특별시 서초구 서초동 1681,삼익(1681),서초구
11650|서초동|1681-8,서울특별시 서초구 서초동 1681-8,서초롯데캐슬프레지던트,서초구
11650|서초동|1682,서울특별시 서초구 서초동 1682,서초래미안,서초구
11650|서초동|1684,서울특별시 서초구 서초동 1684,서초4현대,서초구
11650|서초동|1685,서울특별시 서초구 서초동 1685,삼풍아파트,서초구
11650|서초동|1685-3,서울특별시 서초구 서초동 1685-3,아크로비스타,서초구
11650|서초동|1686-9,서울특별시 서초구 서초동 1686-9,서초교대e편한세상,서초구
11650|서초동|1687,서울특별시 서초구 서초동 1687,유원서초,서초구
11650|서초동|1754,서울특별시 서초구 서초동 1754,래미안서초에스티지S,서초구
11650|서초동|1755,서울특별시 서초구 서초동 1755,래미안 리더스원,서초구
11650|서초동|1757,서울특별시 서초구 서초동 1757,서초그랑자이,서초구
11650|서초동|1758,서울특별시 서초구 서초동 1758,서초자이르네,서초구
11650|신원동|557,서울특별시 서초구 신원동 557,힐스테이트서초젠트리스,서초구
11650|신원동|568,서울특별시 서초구 신원동 568,서초포레스타3단지,서초구
11650|신원동|579,서울특별시 서초구 신원동 579,서초포레스타5단지,서초구
11650|신원동|615,서울특별시 서초구 신원동 615,서초포레스타7단지,서초구
11650|신원동|619,서울특별시 서초구 신원동 619,서초포레스타6단지,서초구
11650|양재동|10-13,서울특별시 서초구 양재동 10-13,미라보,서초구
11650|양재동|11-11,서울특별시 서초구 양재동 11-11,강남월드메르디앙프레스티지,서초구
11650|양재동|11-120,서울특별시 서초구 양재동 11-120,현대테라하임101동,서초구
11650|양재동|11-17,서울특별시 서초구 양재동 11-17,한솔로이젠트,서초구
11650|양재동|11-74,서울특별시 서초구 양재동 11-74,현대테라하임102동,서초구
11650|양재동|119-3,서울특별시 서초구 양재동 119-3,포레스빌,서초구
11650|양재동|12-10,서울특별시 서초구 양재동 12-10,양재한신휴플러스,서초구
11650|양재동|122-2,서울특별시 서초구 양재동 122-2,메르디안하우스,서초구
11650|양재동|137-1,서울특별시 서초구 양재동 137-1,우성112,서초구
11650|양재동|15-11,서울특별시 서초구 양재동 15-11,리시본하우스,서초구
11650|양재동|15-12,서울특별시 서초구 양재동 15-12,해청3차,서초구
11650|양재동|15-9,서울특별시 서초구 양재동 15-9,위너스,서초구
11650|양재동|154-2,서울특별시 서초구 양재동 154-2,우성,서초구
11650|양재동|16-19,서울특별시 서초구 양재동 16-19,남성1차현대타운,서초구
11650|양재동|16-21,서울특별시 서초구 양재동 16-21,비젼(103),서초구
11650|양재동|16-22,서울특별시 서초구 양재동 16-22,비젼(102),서초구
11650|양재동|16-28,서울특별시 서초구 양재동 16-28,현대타운,서초구
11650|양재동|160-2,서울특별시 서초구 양재동 160-2,우성KBS(113동),서초구
11650|양재동|17-33,서울특별시 서초구 양재동 17-33,베누시아,서초구
11650|양재동|17-35,서울특별시 서초구 양재동 17-35,비젼아파트101동,서초구
11650|양재동|19,서울특별시 서초구 양재동 19,해청,서초구
11650|양재동|19-1,서울특별시 서초구 양재동 19-1,해청파인빌,서초구
11650|양재동|20-18,서울특별시 서초구 양재동 20-18,월드빌,서초구
11650|양재동|203-11,서울특별시 서초구 양재동 203-11,초원탑스빌,서초구
11650|양재동|203-2,서울특별시 서초구 양재동 203-2,리치타운,서초구
11650|양재동|206-7,서울특별시 서초구 양재동 206-7,성영,서초구
11650|양재동|206-8,서울특별시 서초구 양재동 206-8,아원데코빌,서초구
11650|양재동|27,서울특별시 서초구 양재동 27,호반써밋양재,서초구
11650|양재동|286-6,서울특별시 서초구 양재동 286-6,양재테크노빌,서초구
11650|양재동|292,서울특별시 서초구 양재동 292,뉴현대,서초구
11650|양재동|3-1,서울특별시 서초구 양재동 3-1,한아름,서초구
11650|양재동|3-12,서울특별시 서초구 양재동 3-12,메이저,서초구
11650|양재동|302,서울특별시 서초구 양재동 302,시그마,서초구
11650|양재동|306-11,서울특별시 서초구 양재동 306-11,양재동현대,서초구
11650|양재동|312-1,서울특별시 서초구 양재동 312-1,양재동메트로,서초구
11650|양재동|312-3,서울특별시 서초구 양재동 312-3,서초파크빌,서초구
11650|양재동|317-4,서울특별시 서초구 양재동 317-4,경희궁,서초구
11650|양재동|322,서울특별시 서초구 양재동 322,서초,서초구
11650|양재동|325-1,서울특별시 서초구 양재동 325-1,노블하우스,서초구
11650|양재동|333-9,서울특별시 서초구 양재동 333-9,파크사이드,서초구
11650|양재동|340-8,서울특별시 서초구 양재동 340-8,다원아파트,서초구
11650|양재동|352-11,서울특별시 서초구 양재동 352-11,동원,서초구
11650|양재동|352-13,서울특별시 서초구 양재동 352-13,금강,서초구
11650|양재동|352-7,서울특별시 서초구 양재동 352-7,마로니에,서초구
11650|양재동|359,서울특별시 서초구 양재동 359,새티스,서초구
11650|양재동|362-6,서울특별시 서초구 양재동 362-6,동원그린,서초구
11650|양재동|363-3,서울특별시 서초구 양재동 363-3,인랜드,서초구
11650|양재동|370,서울특별시 서초구 양재동 370,현대,서초구
11650|양재동|376-4,서울특별시 서초구 양재동 376-4,그린씨티아파트1,서초구
11650|양재동|378-1,서울특별시 서초구 양재동 378-1,힐하우스,서초구
11650|양재동|379-3,서울특별시 서초구 양재동 379-3,블루하이츠,서초구
11650|양재동|382,서울특별시 서초구 양재동 382,선경에버빌,서초구
11650|양재동|385-11,서울특별시 서초구 양재동 385-11,누리빌,서초구
11650|양재동|385-9,서울특별시 서초구 양재동 385-9,우면파크아파트,서초구
11650|양재동|389-2,서울특별시 서초구 양재동 389-2,파크뷰,서초구
11650|양재동|391-12,서울특별시 서초구 양재동 391-12,리치스,서초구
11650|양재동|401,서울특별시 서초구 양재동 401,리젠시,서초구
11650|양재동|402-10,서울특별시 서초구 양재동 402-10,새티스(402-10),서초구
11650|양재동|402-13,서울특별시 서초구 양재동 402-13,프라임,서초구
11650|양재동|402-15,서울특별시 서초구 양재동 402-15,휴먼씨티,서초구
11650|양재동|402-6,서울특별시 서초구 양재동 402-6,더-클라스,서초구
11650|양재동|402-8,서울특별시 서초구 양재동 402-8,더-클라스(402-8),서초구
11650|양재동|6-11,서울특별시 서초구 양재동 6-11,금일,서초구
11650|양재동|6-12,서울특별시 서초구 양재동 6-12,드림팰리스101동,서초구
11650|양재동|6-13,서울특별시 서초구 양재동 6-13,양재테크노2차,서초구
11650|양재동|6-14,서울특별시 서초구 양재동 6-14,드림팰리스102동,서초구
11650|양재동|6-19,서울특별시 서초구 양재동 6-19,드림팰리스103동,서초구
11650|양재동|6-29,서울특별시 서초구 양재동 6-29,미영(101),서초구
11650|양재동|6-31,서울특별시 서초구 양재동 6-31,미영(102),서초구
11650|양재동|6-36,서울특별시 서초구 양재동 6-36,양재테크노3,서초구
11650|양재동|66-3,서울특별시 서초구 양재동 66-3,(66-3),서초구
11650|양재동|7-17,서울특별시 서초구 양재동 7-17,광정,서초구
11650|양재동|7-39,서울특별시 서초구 양재동 7-39,양재테크노5,서초구
11650|양재동|7-45,서울특별시 서초구 양재동 7-45,대흥,서초구
11650|양재동|8-24,서울특별시 서초구 양재동 8-24,양재,서초구
11650|양재동|8-36,서울특별시 서초구 양재동 8-36,태양파크빌,서초구
11650|양재동|8-37,서울특별시 서초구 양재동 8-37,양재파크뷰,서초구
11650|양재동|9-38,서울특별시 서초구 양재동 9-38,길명오퍼스,서초구
11650|양재동|90,서울특별시 서초구 양재동 90,신영체르니,서초구
11650|양재동|91,서울특별시 서초구 양재동 91,삼익양재빌라,서초구
11650|우면동|57,서울특별시 서초구 우면동 57,대림,서초구
11650|우면동|59,서울특별시 서초구 우면동 59,동고,서초구
11650|우면동|67,서울특별시 서초구 우면동 67,한라,서초구
11650|우면동|70,서울특별시 서초구 우면동 70,코오롱,서초구
11650|우면동|707,서울특별시 서초구 우면동 707,서초네이처힐1단지,서초구
11650|우면동|712,서울특별시 서초구 우면동 712,서초네이처힐2단지,서초구
11650|우면동|717,서울특별시 서초구 우면동 717,서초네이처힐3단지,서초구
11650|우면동|720,서울특별시 서초구 우면동 720,서초네이처힐4단지,서초구
11650|우면동|735,서울특별시 서초구 우면동 735,서초네이처힐7단지,서초구
11650|우면동|737,서울특별시 서초구 우면동 737,서초네이처힐6단지,서초구
11650|우면동|753,서울특별시 서초구 우면동 753,서초호반써밋,서초구
11650|우면동|764,서울특별시 서초구 우면동 764,우솔마을서초리슈빌S아파트,서초구
11650|우면동|773,서울특별시 서초구 우면동 773,서초힐스,서초구
11650|우면동|788,서울특별시 서초구 우면동 788,호반써밋서초파크,서초구
11650|우면동|789,서울특별시 서초구 우면동 789,호반써밋서초파크뷰(토지임대부아파트),서초구
11650|잠원동|157,서울특별시 서초구 잠원동 157,동아,서초구
11650|잠원동|158,서울특별시 서초구 잠원동 158,래미안신반포팰리스,서초구
11650|잠원동|159,서울특별시 서초구 잠원동 159,아크로리버뷰신반포,서초구
11650|잠원동|160,서울특별시 서초구 잠원동 160,신반포자이,서초구
11650|잠원동|161,서울특별시 서초구 잠원동 161,래미안신반포리오센트,서초구
11650|잠원동|162,서울특별시 서초구 잠원동 162,반포센트럴자이,서초구
11650|잠원동|163,서울특별시 서초구 잠원동 163,반포르엘,서초구
11650|잠원동|164,서울특별시 서초구 잠원동 164,반포르엘2차,서초구
11650|잠원동|165,서울특별시 서초구 잠원동 165,신반포르엘,서초구
11650|잠원동|17-10,서울특별시 서초구 잠원동 17-10,유로미,서초구
11650|잠원동|19-4,서울특별시 서초구 잠원동 19-4,새서울맨션,서초구
11650|잠원동|31-14,서울특별시 서초구 잠원동 31-14,대주피오레아파트,서초구
11650|잠원동|32-10,서울특별시 서초구 잠원동 32-10,로즈빌,서초구
11650|잠원동|32-22,서울특별시 서초구 잠원동 32-22,보미리아파트,서초구
11650|잠원동|33-11,서울특별시 서초구 잠원동 33-11,월드메르디앙,서초구
11650|잠원동|33-7,서울특별시 서초구 잠원동 33-7,잠원동트루빌,서초구
11650|잠원동|34-1,서울특별시 서초구 잠원동 34-1,잠원아이비,서초구
11650|잠원동|42-13,서울특별시 서초구 잠원동 42-13,대우아이빌,서초구
11650|잠원동|48-5,서울특별시 서초구 잠원동 48-5,성진준빌라트,서초구
11650|잠원동|49-17,서울특별시 서초구 잠원동 49-17,신반포18(49-17),서초구
11650|잠원동|49-37,서울특별시 서초구 잠원동 49-37,띠에라하우스,서초구
11650|잠원동|49-5,서울특별시 서초구 잠원동 49-5,빌폴라리스,서초구
11650|잠원동|49-6,서울특별시 서초구 잠원동 49-6,지오빌,서초구
11650|잠원동|49-7,서울특별시 서초구 잠원동 49-7,잠원동상지리츠빌카일룸,서초구
11650|잠원동|49-8,서울특별시 서초구 잠원동 49-8,한강,서초구
11650|잠원동|50,서울특별시 서초구 잠원동 50,롯데캐슬갤럭시,서초구
11650|잠원동|50-1,서울특별시 서초구 잠원동 50-1,롯데캐슬갤럭시(50-1),서초구
11650|잠원동|50-5,서울특별시 서초구 잠원동 50-5,신반포12,서초구
11650|잠원동|51,서울특별시 서초구 잠원동 51,훼미리,서초구
11650|잠원동|52-1,서울특별시 서초구 잠원동 52-1,신반포24,서초구
11650|잠원동|52-2,서울특별시 서초구 잠원동 52-2,신반포13,서초구
11650|잠원동|53,서울특별시 서초구 잠원동 53,현대,서초구
11650|잠원동|53-15,서울특별시 서초구 잠원동 53-15,강변,서초구
11650|잠원동|54,서울특별시 서초구 잠원동 54,미주파스텔,서초구
11650|잠원동|54-7,서울특별시 서초구 잠원동 54-7,신화,서초구
11650|잠원동|55-12,서울특별시 서초구 잠원동 55-12,신반포16,서초구
11650|잠원동|55-7,서울특별시 서초구 잠원동 55-7,청구빌라트,서초구
11650|잠원동|56-2,서울특별시 서초구 잠원동 56-2,신반포27,서초구
11650|잠원동|56-3,서울특별시 서초구 잠원동 56-3,한신,서초구
11650|잠원동|57#11650-100,서울특별시 서초구 잠원동 57,대림,서초구
11650|잠원동|57#11650-4382,서울특별시 서초구 잠원동 57,57-0,서초구
11650|잠원동|58,서울특별시 서초구 잠원동 58,금호베스트빌,서초구
11650|잠원동|58-16,서울특별시 서초구 잠원동 58-16,신반포10,서초구
11650|잠원동|58-22,서울특별시 서초구 잠원동 58-22,신반포17,서초구
11650|잠원동|58-24,서울특별시 서초구 잠원동 58-24,신반포11,서초구
11650|잠원동|59-10,서울특별시 서초구 잠원동 59-10,신반포21,서초구
11650|잠원동|59-12,서울특별시 서초구 잠원동 59-12,노블레스,서초구
11650|잠원동|59-3,서울특별시 서초구 잠원동 59-3,잠원현대훼밀리,서초구
11650|잠원동|60-21,서울특별시 서초구 잠원동 60-21,베니하우스,서초구
11650|잠원동|60-3#11650-129,서울특별시 서초구 잠원동 60-3,신반포8,서초구
11650|잠원동|60-3#11650-6434,서울특별시 서초구 잠원동 60-3,메이플자이,서초구
11650|잠원동|60-4,서울특별시 서초구 잠원동 60-4,한신타운,서초구
11650|잠원동|60-6,서울특별시 서초구 잠원동 60-6,신반포9,서초구
11650|잠원동|60-7,서울특별시 서초구 잠원동 60-7,녹원한신,서초구
11650|잠원동|60-78,서울특별시 서초구 잠원동 60-78,신반포20,서초구
11650|잠원동|61,서울특별시 서초구 잠원동 61,한신진일빌라트,서초구
11650|잠원동|61-1,서울특별시 서초구 잠원동 61-1,신반포25,서초구
11650|잠원동|61-2,서울특별시 서초구 잠원동 61-2,신반포19,서초구
11650|잠원동|62-4,서울특별시 서초구 잠원동 62-4,신반포26,서초구
11650|잠원동|62-6,서울특별시 서초구 잠원동 62-6,현대실크빌,서초구
11650|잠원동|63,서울특별시 서초구 잠원동 63,CJ빌리지,서초구
11650|잠원동|63-2,서울특별시 서초구 잠원동 63-2,신반포청구,서초구
11650|잠원동|63-34,서울특별시 서초구 잠원동 63-34,한신로얄,서초구
11650|잠원동|64-8,서울특별시 서초구 잠원동 64-8,신반포5,서초구
11650|잠원동|65-1,서울특별시 서초구 잠원동 65-1,메이플라워,서초구
11650|잠원동|65-32,서울특별시 서초구 잠원동 65-32,신반포7,서초구
11650|잠원동|65-33,서울특별시 서초구 잠원동 65-33,신반포22,서초구
11650|잠원동|65-8,서울특별시 서초구 잠원동 65-8,한신그린,서초구
11650|잠원동|66,서울특별시 서초구 잠원동 66,한양,서초구
11650|잠원동|67-1,서울특별시 서초구 잠원동 67-1,데뜨아르,서초구
11650|잠원동|67-2,서울특별시 서초구 잠원동 67-2,브라운스톤잠원,서초구
11650|잠원동|70,서울특별시 서초구 잠원동 70,신반포4,서초구
11650|잠원동|71,서울특별시 서초구 잠원동 71,오페라하우스,서초구
11650|잠원동|71-1,서울특별시 서초구 잠원동 71-1,블루힐하우스,서초구
11650|잠원동|71-11,서울특별시 서초구 잠원동 71-11,한신타워,서초구
11650|잠원동|71-12,서울특별시 서초구 잠원동 71-12,킴스빌리지,서초구
11650|잠원동|71-15,서울특별시 서초구 잠원동 71-15,잠원중앙하이츠(A동),서초구
11650|잠원동|71-17,서울특별시 서초구 잠원동 71-17,중앙하이츠,서초구
11650|잠원동|71-8,서울특별시 서초구 잠원동 71-8,잠원시티아파트,서초구
11650|잠원동|71-9,서울특별시 서초구 잠원동 71-9,신반포중앙하이츠,서초구
11650|잠원동|73,서울특별시 서초구 잠원동 73,신반포2,서초구
11650|잠원동|74,서울특별시 서초구 잠원동 74,신반포14,서초구
11650|잠원동|74-1,서울특별시 서초구 잠원동 74-1,우성,서초구
11650|잠원동|74-2,서울특별시 서초구 잠원동 74-2,신반포6,서초구
11650|잠원동|76-2,서울특별시 서초구 잠원동 76-2,두산위브,서초구
11650|잠원동|8-27,서울특별시 서초구 잠원동 8-27,신사레전드,서초구
11680|개포동|1164-12,서울특별시 강남구 개포동 1164-12,새롬(1164-12),강남구
11680|개포동|1164-13,서울특별시 강남구 개포동 1164-13,새롬(1164-13),강남구
11680|개포동|1164-14,서울특별시 강남구 개포동 1164-14,새롬(1164-14),강남구
11680|개포동|1164-20,서울특별시 강남구 개포동 1164-20,한림,강남구
11680|개포동|1164-25,서울특별시 강남구 개포동 1164-25,리더스,강남구
11680|개포동|1164-28,서울특별시 강남구 개포동 1164-28,포이벨리,강남구
11680|개포동|1164-30,서울특별시 강남구 개포동 1164-30,뉴현대파크빌,강남구
11680|개포동|1164-7,서울특별시 강남구 개포동 1164-7,아람손프라자/비바빌,강남구
11680|개포동|1165,서울특별시 강남구 개포동 1165,포이현대빌라트,강남구
11680|개포동|1167,서울특별시 강남구 개포동 1167,그린빌리지,강남구
11680|개포동|12#11680-279,서울특별시 강남구 개포동 12,삼익대청아파트,강남구
11680|개포동|12#11680-280,서울특별시 강남구 개포동 12,성원대치2단지아파트,강남구
11680|개포동|12-2,서울특별시 강남구 개포동 12-2,개포자이,강남구
11680|개포동|1204-5,서울특별시 강남구 개포동 1204-5,리치타운,강남구
11680|개포동|1242-2,서울특별시 강남구 개포동 1242-2,개포현대6차,강남구
11680|개포동|1260-11,서울특별시 강남구 개포동 1260-11,우찬현대(1260-11),강남구
11680|개포동|1260-2,서울특별시 강남구 개포동 1260-2,우찬현대(1260-2),강남구
11680|개포동|1260-4,서울특별시 강남구 개포동 1260-4,우찬현대(1260-4),강남구
11680|개포동|1280,서울특별시 강남구 개포동 1280,래미안블레스티지,강남구
11680|개포동|1281,서울특별시 강남구 개포동 1281,디에이치아너힐즈,강남구
11680|개포동|1282,서울특별시 강남구 개포동 1282,개포래미안포레스트,강남구
11680|개포동|1283,서울특별시 강남구 개포동 1283,개포자이르네,강남구
11680|개포동|1284,서울특별시 강남구 개포동 1284,개포자이프레지던스,강남구
11680|개포동|138,서울특별시 강남구 개포동 138,개포주공3단지,강남구
11680|개포동|140,서울특별시 강남구 개포동 140,주공2,강남구
11680|개포동|141,서울특별시 강남구 개포동 141,개포주공1단지,강남구
11680|개포동|166-4,서울특별시 강남구 개포동 166-4,에버그린,강남구
11680|개포동|172-3,서울특별시 강남구 개포동 172-3,현대,강남구
11680|개포동|176-1,서울특별시 강남구 개포동 176-1,상지리츠빌,강남구
11680|개포동|176-2,서울특별시 강남구 개포동 176-2,대치푸르지오발라드,강남구
11680|개포동|177,서울특별시 강남구 개포동 177,현대아파트3,강남구
11680|개포동|179,서울특별시 강남구 개포동 179,우성8,강남구
11680|개포동|185#11680-290,서울특별시 강남구 개포동 185,개포주공6단지,강남구
11680|개포동|185#11680-578,서울특별시 강남구 개포동 185,개포주공7단지,강남구
11680|개포동|187,서울특별시 강남구 개포동 187,개포주공5단지,강남구
11680|개포동|189,서울특별시 강남구 개포동 189,개포주공4단지,강남구
11680|개포동|649#11680-277,서울특별시 강남구 개포동 649,경남1,강남구
11680|개포동|649#11680-278,서울특별시 강남구 개포동 649,경남2차,강남구
11680|개포동|651-1#11680-286,서울특별시 강남구 개포동 651-1,"우성9차아파트901동,902동",강남구
11680|개포동|651-1#11680-5015,서울특별시 강남구 개포동 651-1,개포더샵트리에,강남구
11680|개포동|652,서울특별시 강남구 개포동 652,개포우성3차,강남구
11680|개포동|653,서울특별시 강남구 개포동 653,현대1차101동~106동,강남구
11680|개포동|654,서울특별시 강남구 개포동 654,현대2,강남구
11680|개포동|655-1,서울특별시 강남구 개포동 655-1,개포현대200동,강남구
11680|개포동|655-2,서울특별시 강남구 개포동 655-2,개포2차현대아파트(220),강남구
11680|개포동|655-3,서울특별시 강남구 개포동 655-3,쌍용,강남구
11680|개포동|656,서울특별시 강남구 개포동 656,시영,강남구
11680|개포동|658-1,서울특별시 강남구 개포동 658-1,개포6차우성아파트1동~8동,강남구
11680|개포동|660-4,서울특별시 강남구 개포동 660-4,디에이치퍼스티어아이파크,강남구
11680|논현동|102-9,서울특별시 강남구 논현동 102-9,논현빌라트,강남구
11680|논현동|103,서울특별시 강남구 논현동 103,쌍용,강남구
11680|논현동|103-11,서울특별시 강남구 논현동 103-11,골든캐슬,강남구
11680|논현동|104-23,서울특별시 강남구 논현동 104-23,케이씨빌,강남구
11680|논현동|105,서울특별시 강남구 논현동 105,동현아파트1~6,강남구
11680|논현동|105-3,서울특별시 강남구 논현동 105-3,논현한가람빌라트,강남구
11680|논현동|105-4,서울특별시 강남구 논현동 105-4,한진로즈힐,강남구
11680|논현동|106,서울특별시 강남구 논현동 106,펜트힐캐스케이드,강남구
11680|논현동|107-44,서울특별시 강남구 논현동 107-44,우민,강남구
11680|논현동|108,서울특별시 강남구 논현동 108,논현웰스톤,강남구
11680|논현동|108-2,서울특별시 강남구 논현동 108-2,제이빌,강남구
11680|논현동|109-9,서울특별시 강남구 논현동 109-9,라이헤스빌,강남구
11680|논현동|114-23,서울특별시 강남구 논현동 114-23,로체샤르캐슬,강남구
11680|논현동|118-8,서울특별시 강남구 논현동 118-8,더원센트럴,강남구
11680|논현동|122-25,서울특별시 강남구 논현동 122-25,세호시티라이프,강남구
11680|논현동|138-9,서울특별시 강남구 논현동 138-9,월드쉐르빌,강남구
11680|논현동|16-42,서울특별시 강남구 논현동 16-42,애플타운,강남구
11680|논현동|180-6,서울특별시 강남구 논현동 180-6,우성,강남구
11680|논현동|192-1,서울특별시 강남구 논현동 192-1,리더스빌,강남구
11680|논현동|192-3,서울특별시 강남구 논현동 192-3,논현동프라임,강남구
11680|논현동|194-22,서울특별시 강남구 논현동 194-22,이산,강남구
11680|논현동|194-23,서울특별시 강남구 논현동 194-23,한화꿈에그린2차,강남구
11680|논현동|195-1,서울특별시 강남구 논현동 195-1,e-편한세상,강남구
11680|논현동|196,서울특별시 강남구 논현동 196,거평프리젠,강남구
11680|논현동|196-4,서울특별시 강남구 논현동 196-4,논현프라임아파트,강남구
11680|논현동|205-2,서울특별시 강남구 논현동 205-2,논현동한화꿈에그린,강남구
11680|논현동|211-21,서울특별시 강남구 논현동 211-21,펜트힐루논현,강남구
11680|논현동|212-13,서울특별시 강남구 논현동 212-13,논현동월드메르디앙,강남구
11680|논현동|212-20,서울특별시 강남구 논현동 212-20,더그레이스,강남구
11680|논현동|214-2,서울특별시 강남구 논현동 214-2,논현베르빌,강남구
11680|논현동|215-14,서울특별시 강남구 논현동 215-14,논현아트빌,강남구
11680|논현동|216-1,서울특별시 강남구 논현동 216-1,두영,강남구
11680|논현동|217-34,서울특별시 강남구 논현동 217-34,학동,강남구
11680|논현동|22,서울특별시 강남구 논현동 22,신동아(22),강남구
11680|논현동|221-7,서울특별시 강남구 논현동 221-7,한양수자인어반게이트,강남구
11680|논현동|222-18,서울특별시 강남구 논현동 222-18,신동아,강남구
11680|논현동|225-6,서울특별시 강남구 논현동 225-6,논현아이파크,강남구
11680|논현동|228-9,서울특별시 강남구 논현동 228-9,토미빌(228-9),강남구
11680|논현동|229-13,서울특별시 강남구 논현동 229-13,이움빌라,강남구
11680|논현동|241-1,서울특별시 강남구 논현동 241-1,논현파라곤,강남구
11680|논현동|245,서울특별시 강남구 논현동 245,동양파라곤,강남구
11680|논현동|249-9,서울특별시 강남구 논현동 249-9,아츠논현,강남구
11680|논현동|252,서울특별시 강남구 논현동 252,논현라폴리움,강남구
11680|논현동|252-1,서울특별시 강남구 논현동 252-1,두산위브1단지,강남구
11680|논현동|258,서울특별시 강남구 논현동 258,두산위브2단지,강남구
11680|논현동|261,서울특별시 강남구 논현동 261,현대인텔렉스,강남구
11680|논현동|261-7,서울특별시 강남구 논현동 261-7,현대넥서스B동,강남구
11680|논현동|261-8,서울특별시 강남구 논현동 261-8,현대넥서스A동,강남구
11680|논현동|267-18,서울특별시 강남구 논현동 267-18,케럿스테이트,강남구
11680|논현동|267-23,서울특별시 강남구 논현동 267-23,마블하우스,강남구
11680|논현동|268-12,서울특별시 강남구 논현동 268-12,그랑디오스,강남구
11680|논현동|271-6,서울특별시 강남구 논현동 271-6,테크노빌라트,강남구
11680|논현동|274,서울특별시 강남구 논현동 274,경남논현,강남구
11680|논현동|275,서울특별시 강남구 논현동 275,동부센트레빌,강남구
11680|논현동|276,서울특별시 강남구 논현동 276,경복,강남구
11680|논현동|276-1,서울특별시 강남구 논현동 276-1,아크로힐스논현,강남구
11680|논현동|39-10,서울특별시 강남구 논현동 39-10,비쥬힐,강남구
11680|논현동|40,서울특별시 강남구 논현동 40,브라이튼N40,강남구
11680|논현동|43-3,서울특별시 강남구 논현동 43-3,브라운스톤,강남구
11680|논현동|44-6,서울특별시 강남구 논현동 44-6,은탑리더스카운티,강남구
11680|논현동|44-8,서울특별시 강남구 논현동 44-8,지고하임(101동),강남구
11680|논현동|44-9,서울특별시 강남구 논현동 44-9,지고하임(102동),강남구
11680|논현동|46-2,서울특별시 강남구 논현동 46-2,힐스빌7,강남구
11680|논현동|46-3,서울특별시 강남구 논현동 46-3,요진보네르,강남구
11680|논현동|47-11,서울특별시 강남구 논현동 47-11,벨러스빌,강남구
11680|논현동|53-1,서울특별시 강남구 논현동 53-1,힐타워,강남구
11680|논현동|55,서울특별시 강남구 논현동 55,스위트캐슬레지던스,강남구
11680|논현동|55-12,서울특별시 강남구 논현동 55-12,네오빌,강남구
11680|논현동|58-2,서울특별시 강남구 논현동 58-2,마일스디오빌,강남구
11680|논현동|62-3,서울특별시 강남구 논현동 62-3,"청학아파트에이동,비동,씨동",강남구
11680|논현동|79-5,서울특별시 강남구 논현동 79-5,삼성빌라트,강남구
11680|논현동|79-7,서울특별시 강남구 논현동 79-7,한양빌라트,강남구
11680|논현동|80-13,서울특별시 강남구 논현동 80-13,프라임,강남구
11680|논현동|9-2,서울특별시 강남구 논현동 9-2,논현인텔(9-2),강남구
11680|대치동|1007-1,서울특별시 강남구 대치동 1007-1,풍림아이원3차(1007-1),강남구
11680|대치동|1007-2,서울특별시 강남구 대치동 1007-2,풍림아이원4차(1007-2),강남구
11680|대치동|1009-4,서울특별시 강남구 대치동 1009-4,상지리츠빌카일룸(1009-4),강남구
11680|대치동|1014-1,서울특별시 강남구 대치동 1014-1,삼성2차,강남구
11680|대치동|1014-3,서울특별시 강남구 대치동 1014-3,대치삼성,강남구
11680|대치동|1015-6,서울특별시 강남구 대치동 1015-6,대치하나빌,강남구
11680|대치동|1016-2,서울특별시 강남구 대치동 1016-2,삼성3차,강남구
11680|대치동|1017-1,서울특별시 강남구 대치동 1017-1,노빌리티빌리지,강남구
11680|대치동|1025,서울특별시 강남구 대치동 1025,롯데캐슬리베,강남구
11680|대치동|1027,서울특별시 강남구 대치동 1027,래미안대치팰리스,강남구
11680|대치동|1029,서울특별시 강남구 대치동 1029,대치SKVIEW,강남구
11680|대치동|1030,서울특별시 강남구 대치동 1030,대치르엘,강남구
11680|대치동|1031,서울특별시 강남구 대치동 1031,대치더클래스,강남구
11680|대치동|1032,서울특별시 강남구 대치동 1032,대치푸르지오써밋,강남구
11680|대치동|316,서울특별시 강남구 대치동 316,은마,강남구
11680|대치동|500,서울특별시 강남구 대치동 500,개포우성2,강남구
11680|대치동|503,서울특별시 강남구 대치동 503,개포우성1,강남구
11680|대치동|506#11680-211,서울특별시 강남구 대치동 506,선경1차(1동-7동),강남구
11680|대치동|506#11680-3559,서울특별시 강남구 대치동 506,선경2차(8동-12동),강남구
11680|대치동|511#11680-222,서울특별시 강남구 대치동 511,한보미도맨션1,강남구
11680|대치동|511#11680-481,서울특별시 강남구 대치동 511,한보미도맨션2,강남구
11680|대치동|601-1,서울특별시 강남구 대치동 601-1,미도맨션3차,강남구
11680|대치동|602,서울특별시 강남구 대치동 602,선경3차,강남구
11680|대치동|610,서울특별시 강남구 대치동 610,청실2,강남구
11680|대치동|612,서울특별시 강남구 대치동 612,국제,강남구
11680|대치동|63,서울특별시 강남구 대치동 63,"대치우성아파트1동,2동,3동,5동,6동,7동",강남구
11680|대치동|633,서울특별시 강남구 대치동 633,청실1,강남구
11680|대치동|633-22,서울특별시 강남구 대치동 633-22,하광엘피스빌,강남구
11680|대치동|65,서울특별시 강남구 대치동 65,쌍용대치2,강남구
11680|대치동|650,서울특별시 강남구 대치동 650,청암빌라트,강남구
11680|대치동|66,서울특별시 강남구 대치동 66,"쌍용대치아파트1동,2동,3동,5동,6동",강남구
11680|대치동|670,서울특별시 강남구 대치동 670,동부센트레빌,강남구
11680|대치동|888,서울특별시 강남구 대치동 888,대치아이파크,강남구
11680|대치동|889-74,서울특별시 강남구 대치동 889-74,아름빌(889-74),강남구
11680|대치동|890-42,서울특별시 강남구 대치동 890-42,대치동우정에쉐르2(890-42),강남구
11680|대치동|890-49,서울특별시 강남구 대치동 890-49,선릉역대우아이빌(890-49),강남구
11680|대치동|890-54,서울특별시 강남구 대치동 890-54,선릉역풍림아이원레몬,강남구
11680|대치동|891-23,서울특별시 강남구 대치동 891-23,대우아이빌명문가(891-23),강남구
11680|대치동|891-26,서울특별시 강남구 대치동 891-26,대우아이빌멤버스(891-26),강남구
11680|대치동|891-28,서울특별시 강남구 대치동 891-28,대치동우정에쉐르1,강남구
11680|대치동|891-6,서울특별시 강남구 대치동 891-6,테헤란로대우아이빌(891-6),강남구
11680|대치동|893,서울특별시 강남구 대치동 893,롯데캐슬,강남구
11680|대치동|894,서울특별시 강남구 대치동 894,현대썬앤빌테헤란,강남구
11680|대치동|901-51,서울특별시 강남구 대치동 901-51,메트로,강남구
11680|대치동|902,서울특별시 강남구 대치동 902,포스코더샵,강남구
11680|대치동|904-10,서울특별시 강남구 대치동 904-10,신성미소시티,강남구
11680|대치동|907-12,서울특별시 강남구 대치동 907-12,아티스톤,강남구
11680|대치동|907-2,서울특별시 강남구 대치동 907-2,대치한신휴플러스,강남구
11680|대치동|910-3,서울특별시 강남구 대치동 910-3,풍림아이원1차101동(910-3),강남구
11680|대치동|910-4,서울특별시 강남구 대치동 910-4,풍림아이원아파트,강남구
11680|대치동|910-5,서울특별시 강남구 대치동 910-5,풍림아이원1차103동(910-5),강남구
11680|대치동|910-6,서울특별시 강남구 대치동 910-6,풍림아이원2차202동,강남구
11680|대치동|910-7,서울특별시 강남구 대치동 910-7,풍림아이원2차201동,강남구
11680|대치동|914-8,서울특별시 강남구 대치동 914-8,대치타워,강남구
11680|대치동|915-13,서울특별시 강남구 대치동 915-13,스카이써밋아파트,강남구
11680|대치동|920-32,서울특별시 강남구 대치동 920-32,동양,강남구
11680|대치동|929-8,서울특별시 강남구 대치동 929-8,세연파크뷰,강남구
11680|대치동|933,서울특별시 강남구 대치동 933,한티(933-0),강남구
11680|대치동|933-35,서울특별시 강남구 대치동 933-35,한티(933-35),강남구
11680|대치동|934-1,서울특별시 강남구 대치동 934-1,청원,강남구
11680|대치동|938-11,서울특별시 강남구 대치동 938-11,동민맥스빌A동,강남구
11680|대치동|938-13,서울특별시 강남구 대치동 938-13,동민맥스빌B동,강남구
11680|대치동|938-16,서울특별시 강남구 대치동 938-16,삼환SOGOOD,강남구
11680|대치동|941-13,서울특별시 강남구 대치동 941-13,한양팰리스,강남구
11680|대치동|950,서울특별시 강남구 대치동 950,우정에쉐르,강남구
11680|대치동|950-3,서울특별시 강남구 대치동 950-3,월드빌,강남구
11680|대치동|950-5,서울특별시 강남구 대치동 950-5,화인하이빌,강남구
11680|대치동|962-20,서울특별시 강남구 대치동 962-20,대치주성,강남구
11680|대치동|974,서울특별시 강남구 대치동 974,대치현대,강남구
11680|대치동|975-20,서울특별시 강남구 대치동 975-20,세영팔레스타운,강남구
11680|대치동|983-1,서울특별시 강남구 대치동 983-1,해암프리존,강남구
11680|대치동|985#11680-374,서울특별시 강남구 대치동 985,우성2(대치),강남구
11680|대치동|985#11680-4293,서울특별시 강남구 대치동 985,래미안대치하이스턴,강남구
11680|대치동|986,서울특별시 강남구 대치동 986,하이캐슬102동,강남구
11680|대치동|986-14,서울특별시 강남구 대치동 986-14,하이캐슬,강남구
11680|대치동|988-4,서울특별시 강남구 대치동 988-4,대치효성,강남구
11680|대치동|992,서울특별시 강남구 대치동 992,현대1,강남구
11680|도곡동|153-2,서울특별시 강남구 도곡동 153-2,현대향목빌라트,강남구
11680|도곡동|161,서울특별시 강남구 도곡동 161,삼성,강남구
11680|도곡동|162-4,서울특별시 강남구 도곡동 162-4,울트라멤버스,강남구
11680|도곡동|164-6,서울특별시 강남구 도곡동 164-6,포스코트,강남구
11680|도곡동|183,서울특별시 강남구 도곡동 183,도곡현대힐스테이트101동,강남구
11680|도곡동|183-7,서울특별시 강남구 도곡동 183-7,도곡현대힐스테이트102동,강남구
11680|도곡동|183-8,서울특별시 강남구 도곡동 183-8,도곡현대힐스테이트103동,강남구
11680|도곡동|184-3,서울특별시 강남구 도곡동 184-3,도곡현대힐스테이트105동,강남구
11680|도곡동|190-3,서울특별시 강남구 도곡동 190-3,그랜빌캐슬,강남구
11680|도곡동|192-2,서울특별시 강남구 도곡동 192-2,현대오티움,강남구
11680|도곡동|193-1,서울특별시 강남구 도곡동 193-1,힐데스하임빌라,강남구
11680|도곡동|193-42,서울특별시 강남구 도곡동 193-42,벨라빌,강남구
11680|도곡동|193-45,서울특별시 강남구 도곡동 193-45,필로스(193-45),강남구
11680|도곡동|193-67,서울특별시 강남구 도곡동 193-67,PLUMHILLS,강남구
11680|도곡동|194,서울특별시 강남구 도곡동 194,리치아르떼빌,강남구
11680|도곡동|199-1,서울특별시 강남구 도곡동 199-1,도곡지웰카운티102동,강남구
11680|도곡동|199-4,서울특별시 강남구 도곡동 199-4,도곡지웰카운티101동,강남구
11680|도곡동|200-1,서울특별시 강남구 도곡동 200-1,월드메르디앙101동,강남구
11680|도곡동|200-5,서울특별시 강남구 도곡동 200-5,월드메르디앙102동,강남구
11680|도곡동|201,서울특별시 강남구 도곡동 201,이니그마빌-III,강남구
11680|도곡동|202,서울특별시 강남구 도곡동 202,상지리츠빌카일룸,강남구
11680|도곡동|462,서울특별시 강남구 도곡동 462,럭키(462),강남구
11680|도곡동|462-1,서울특별시 강남구 도곡동 462-1,로덴하우스이스트빌리지,강남구
11680|도곡동|462-2,서울특별시 강남구 도곡동 462-2,로덴하우스웨스트빌리지,강남구
11680|도곡동|463-1,서울특별시 강남구 도곡동 463-1,우성사원5,강남구
11680|도곡동|464,서울특별시 강남구 도곡동 464,한신(개포),강남구
11680|도곡동|465,서울특별시 강남구 도곡동 465,우성4,강남구
11680|도곡동|467,서울특별시 강남구 도곡동 467,타워팰리스1,강남구
11680|도곡동|467-10,서울특별시 강남구 도곡동 467-10,우성리빙텔,강남구
11680|도곡동|467-17,서울특별시 강남구 도곡동 467-17,타워팰리스2,강남구
11680|도곡동|467-18,서울특별시 강남구 도곡동 467-18,우성캐릭터빌,강남구
11680|도곡동|467-19,서울특별시 강남구 도곡동 467-19,현대비젼21,강남구
11680|도곡동|467-24,서울특별시 강남구 도곡동 467-24,우성캐릭터199,강남구
11680|도곡동|467-29,서울특별시 강남구 도곡동 467-29,타워팰리스3,강남구
11680|도곡동|467-6,서울특별시 강남구 도곡동 467-6,대림아크로빌,강남구
11680|도곡동|467-7,서울특별시 강남구 도곡동 467-7,아카데미스위트1,강남구
11680|도곡동|514-3,서울특별시 강남구 도곡동 514-3,도곡스타빌,강남구
11680|도곡동|527,서울특별시 강남구 도곡동 527,도곡렉슬,강남구
11680|도곡동|538,서울특별시 강남구 도곡동 538,진달래,강남구
11680|도곡동|538-3,서울특별시 강남구 도곡동 538-3,래미안도곡카운티,강남구
11680|도곡동|539-5,서울특별시 강남구 도곡동 539-5,래미안그레이튼,강남구
11680|도곡동|540,서울특별시 강남구 도곡동 540,삼호,강남구
11680|도곡동|543-7,서울특별시 강남구 도곡동 543-7,도곡1차아이파크,강남구
11680|도곡동|550-1,서울특별시 강남구 도곡동 550-1,파크힐,강남구
11680|도곡동|551-28,서울특별시 강남구 도곡동 551-28,롯데캐슬모닝,강남구
11680|도곡동|869,서울특별시 강남구 도곡동 869,삼익,강남구
11680|도곡동|893-2,서울특별시 강남구 도곡동 893-2,동신(바동),강남구
11680|도곡동|895-8,서울특별시 강남구 도곡동 895-8,한신엠비씨,강남구
11680|도곡동|902-8,서울특별시 강남구 도곡동 902-8,도곡쌍용예가,강남구
11680|도곡동|91-5,서울특별시 강남구 도곡동 91-5,삼성래미안,강남구
11680|도곡동|919-3,서울특별시 강남구 도곡동 919-3,도곡하이빌,강남구
11680|도곡동|933,서울특별시 강남구 도곡동 933,도곡쌍용예가,강남구
11680|도곡동|934-10,서울특별시 강남구 도곡동 934-10,도곡우성아파트,강남구
11680|도곡동|941-1,서울특별시 강남구 도곡동 941-1,도곡루아르,강남구
11680|도곡동|944-5,서울특별시 강남구 도곡동 944-5,현대아이리스1,강남구
11680|도곡동|944-6,서울특별시 강남구 도곡동 944-6,대명비발디,강남구
11680|도곡동|949-1,서울특별시 강남구 도곡동 949-1,도곡푸르지오,강남구
11680|도곡동|949-2,서울특별시 강남구 도곡동 949-2,도곡푸르지오102동,강남구
11680|도곡동|950-19,서울특별시 강남구 도곡동 950-19,조이너스도곡,강남구
11680|도곡동|952,서울특별시 강남구 도곡동 952,대우디오빌,강남구
11680|도곡동|952-14,서울특별시 강남구 도곡동 952-14,원팰리스,강남구
11680|도곡동|953-1,서울특별시 강남구 도곡동 953-1,SK허브프리모,강남구
11680|도곡동|954-17,서울특별시 강남구 도곡동 954-17,도곡더써밋타워,강남구
11680|도곡동|955,서울특별시 강남구 도곡동 955,도곡그린빌,강남구
11680|도곡동|957-11,서울특별시 강남구 도곡동 957-11,도곡스타클래스,강남구
11680|도곡동|960,서울특별시 강남구 도곡동 960,대림,강남구
11680|도곡동|961,서울특별시 강남구 도곡동 961,현대아파트1동~3동,강남구
11680|도곡동|963,서울특별시 강남구 도곡동 963,럭키(963),강남구
11680|도곡동|964,서울특별시 강남구 도곡동 964,현대그린1,강남구
11680|도곡동|965,서울특별시 강남구 도곡동 965,중명하니빌,강남구
11680|도곡동|966,서울특별시 강남구 도곡동 966,매봉삼성,강남구
11680|도곡동|967,서울특별시 강남구 도곡동 967,경남,강남구
11680|도곡동|968,서울특별시 강남구 도곡동 968,하이페리온,강남구
11680|도곡동|969,서울특별시 강남구 도곡동 969,도곡2차I'PARK,강남구
11680|도곡동|970,서울특별시 강남구 도곡동 970,도곡3차아이파크,강남구
11680|도곡동|972,서울특별시 강남구 도곡동 972,한라비발디,강남구
11680|도곡동|973,서울특별시 강남구 도곡동 973,도곡월드메르디앙아파트,강남구
11680|삼성동|100-14,서울특별시 강남구 삼성동 100-14,동일파크스위트,강남구
11680|삼성동|101,서울특별시 강남구 삼성동 101,삼성동에스케이뷰,강남구
11680|삼성동|102,서울특별시 강남구 삼성동 102,래미안삼성1차(201동),강남구
11680|삼성동|102-2,서울특별시 강남구 삼성동 102-2,금호어울림,강남구
11680|삼성동|103-22,서울특별시 강남구 삼성동 103-22,래미안삼성1차(103-22),강남구
11680|삼성동|104,서울특별시 강남구 삼성동 104,삼성풍림2차아파트,강남구
11680|삼성동|104-10,서울특별시 강남구 삼성동 104-10,레미안삼성1차(101동),강남구
11680|삼성동|105,서울특별시 강남구 삼성동 105,래미안삼성1차(105-0),강남구
11680|삼성동|106,서울특별시 강남구 삼성동 106,풍림(1차),강남구
11680|삼성동|107,서울특별시 강남구 삼성동 107,미켈란107,강남구
11680|삼성동|108-1,서울특별시 강남구 삼성동 108-1,아셈,강남구
11680|삼성동|108-2,서울특별시 강남구 삼성동 108-2,동구싼타빌,강남구
11680|삼성동|109-21,서울특별시 강남구 삼성동 109-21,엘에이치삼성도시형생활주택,강남구
11680|삼성동|11,서울특별시 강남구 삼성동 11,롯데캐슬프레미어,강남구
11680|삼성동|110-2,서울특별시 강남구 삼성동 110-2,삼성동라테라스,강남구
11680|삼성동|113-17,서울특별시 강남구 삼성동 113-17,삼성더파크뷰,강남구
11680|삼성동|114-11,서울특별시 강남구 삼성동 114-11,삼성동신영지웰,강남구
11680|삼성동|117,서울특별시 강남구 삼성동 117,쌍용플래티넘,강남구
11680|삼성동|117-18,서울특별시 강남구 삼성동 117-18,현대빌라트,강남구
11680|삼성동|120-9,서울특별시 강남구 삼성동 120-9,삼성동대유리채,강남구
11680|삼성동|121-38,서울특별시 강남구 삼성동 121-38,삼성동신도브래뉴,강남구
11680|삼성동|122-7,서울특별시 강남구 삼성동 122-7,영무예다음,강남구
11680|삼성동|126,서울특별시 강남구 삼성동 126,삼성파크,강남구
11680|삼성동|127-5,서울특별시 강남구 삼성동 127-5,삼성오네뜨,강남구
11680|삼성동|129,서울특별시 강남구 삼성동 129,삼성동대성유니드,강남구
11680|삼성동|129-20,서울특별시 강남구 삼성동 129-20,풍림,강남구
11680|삼성동|129-5,서울특별시 강남구 삼성동 129-5,삼성펠리스,강남구
11680|삼성동|130,서울특별시 강남구 삼성동 130,이안애빌,강남구
11680|삼성동|130-2,서울특별시 강남구 삼성동 130-2,삼성웰피아,강남구
11680|삼성동|130-6,서울특별시 강남구 삼성동 130-6,이안애2차,강남구
11680|삼성동|14-1,서울특별시 강남구 삼성동 14-1,삼성동중앙하이츠빌리지,강남구
11680|삼성동|142-16,서울특별시 강남구 삼성동 142-16,한양립스,강남구
11680|삼성동|142-3,서울특별시 강남구 삼성동 142-3,LG선릉에클라트(B),강남구
11680|삼성동|142-7,서울특별시 강남구 삼성동 142-7,LG선릉에클라트(A),강남구
11680|삼성동|143-37,서울특별시 강남구 삼성동 143-37,현대타워(13층-27층),강남구
11680|삼성동|144-10,서울특별시 강남구 삼성동 144-10,우정에쉐르2,강남구
11680|삼성동|144-14,서울특별시 강남구 삼성동 144-14,채널리저브,강남구
11680|삼성동|146,서울특별시 강남구 삼성동 146,포스코트,강남구
11680|삼성동|147-2,서울특별시 강남구 삼성동 147-2,미켈란147,강남구
11680|삼성동|150-20,서울특별시 강남구 삼성동 150-20,삼성그랑빌,강남구
11680|삼성동|150-5,서울특별시 강남구 삼성동 150-5,삼성아셈,강남구
11680|삼성동|16-2,서울특별시 강남구 삼성동 16-2,삼성동힐스테이트 1단지,강남구
11680|삼성동|17,서울특별시 강남구 삼성동 17,삼성동롯데아파트,강남구
11680|삼성동|188,서울특별시 강남구 삼성동 188,삼성동센트럴아이파크,강남구
11680|삼성동|189,서울특별시 강남구 삼성동 189,래미안라클래시,강남구
11680|삼성동|19-4,서울특별시 강남구 삼성동 19-4,상아아파트,강남구
11680|삼성동|2,서울특별시 강남구 삼성동 2,서광아파트,강남구
11680|삼성동|22,서울특별시 강남구 삼성동 22,상아3,강남구
11680|삼성동|29-11,서울특별시 강남구 삼성동 29-11,SM드림빌,강남구
11680|삼성동|29-19,서울특별시 강남구 삼성동 29-19,삼성벨라스빌,강남구
11680|삼성동|3-1,서울특별시 강남구 삼성동 3-1,삼성월드타워,강남구
11680|삼성동|3-2,서울특별시 강남구 삼성동 3-2,삼성동씨엘케이,강남구
11680|삼성동|3-3,서울특별시 강남구 삼성동 3-3,석탑아파트101동,강남구
11680|삼성동|3-8,서울특별시 강남구 삼성동 3-8,우정에쉐르,강남구
11680|삼성동|33-20,서울특별시 강남구 삼성동 33-20,대우멤버스카운티201,강남구
11680|삼성동|33-22,서울특별시 강남구 삼성동 33-22,대우멤버스카운티501,강남구
11680|삼성동|33-24,서울특별시 강남구 삼성동 33-24,대우멤버스카운티301,강남구
11680|삼성동|36-12,서울특별시 강남구 삼성동 36-12,노블테라스,강남구
11680|삼성동|37,서울특별시 강남구 삼성동 37,호산프라자,강남구
11680|삼성동|4-3,서울특별시 강남구 삼성동 4-3,푸른솔아파트1동,강남구
11680|삼성동|4-6,서울특별시 강남구 삼성동 4-6,삼성동한솔아파트,강남구
11680|삼성동|42-4,서울특별시 강남구 삼성동 42-4,네오블로썸,강남구
11680|삼성동|43,서울특별시 강남구 삼성동 43,삼성동롯데캐슬킹덤,강남구
11680|삼성동|45-5,서울특별시 강남구 삼성동 45-5,그라나다,강남구
11680|삼성동|47-18,서울특별시 강남구 삼성동 47-18,삼성동드림하우스,강남구
11680|삼성동|47-20,서울특별시 강남구 삼성동 47-20,상아빌라트,강남구
11680|삼성동|48,서울특별시 강남구 삼성동 48,한일,강남구
11680|삼성동|5-3#11680-3737,서울특별시 강남구 삼성동 5-3,골든카운티,강남구
11680|삼성동|5-3#11680-4795,서울특별시 강남구 삼성동 5-3,골든카운티,강남구
11680|삼성동|50,서울특별시 강남구 삼성동 50,현대힐스테이트2단지,강남구
11680|삼성동|52-9,서울특별시 강남구 삼성동 52-9,삼성리치빌1,강남구
11680|삼성동|53-2,서울특별시 강남구 삼성동 53-2,진흥아파트,강남구
11680|삼성동|57-3,서울특별시 강남구 삼성동 57-3,현대2차,강남구
11680|삼성동|57-9,서울특별시 강남구 삼성동 57-9,현대삼성동1차,강남구
11680|삼성동|6,서울특별시 강남구 삼성동 6,현대아파트101동,강남구
11680|삼성동|64-4,서울특별시 강남구 삼성동 64-4,블루밍하우스,강남구
11680|삼성동|64-5,서울특별시 강남구 삼성동 64-5,아델하우스,강남구
11680|삼성동|64-6,서울특별시 강남구 삼성동 64-6,삼성루첸시아,강남구
11680|삼성동|64-7,서울특별시 강남구 삼성동 64-7,세방타운하우스,강남구
11680|삼성동|64-9,서울특별시 강남구 삼성동 64-9,형우럭스빌,강남구
11680|삼성동|65-4,서울특별시 강남구 삼성동 65-4,상지리츠빌카일룸(65-4),강남구
11680|삼성동|66-1,서울특별시 강남구 삼성동 66-1,심포니하우스,강남구
11680|삼성동|7-3,서울특별시 강남구 삼성동 7-3,래미안삼성2차,강남구
11680|삼성동|71-16,서울특별시 강남구 삼성동 71-16,삼성팰리스(71-16),강남구
11680|삼성동|75-3,서울특별시 강남구 삼성동 75-3,우림루미아트,강남구
11680|삼성동|78-4,서울특별시 강남구 삼성동 78-4,청구아파트,강남구
11680|삼성동|79#11680-200,서울특별시 강남구 삼성동 79,홍실아파트,강남구
11680|삼성동|79#11680-6669,서울특별시 강남구 삼성동 79,아크로삼성,강남구
11680|삼성동|8-2,서울특별시 강남구 삼성동 8-2,삼성동브라운스톤레전드,강남구
11680|삼성동|82-1,서울특별시 강남구 삼성동 82-1,삼성동헤렌하우스2(82-1),강남구
11680|삼성동|82-4,서울특별시 강남구 삼성동 82-4,삼성동헤렌하우스2(82-4),강남구
11680|삼성동|82-6,서울특별시 강남구 삼성동 82-6,다우림하우스,강남구
11680|삼성동|87,서울특별시 강남구 삼성동 87,아이파크,강남구
11680|삼성동|90,서울특별시 강남구 삼성동 90,브르넨삼성,강남구
11680|삼성동|91-16,서울특별시 강남구 삼성동 91-16,월성빌라트,강남구
11680|삼성동|97,서울특별시 강남구 삼성동 97,시티(A동),강남구
11680|삼성동|97-2,서울특별시 강남구 삼성동 97-2,시티(B동),강남구
11680|삼성동|98-11,서울특별시 강남구 삼성동 98-11,삼부아그레빌,강남구
11680|삼성동|98-18,서울특별시 강남구 삼성동 98-18,대우멤버스카운티(101동),강남구
11680|삼성동|98-9,서울특별시 강남구 삼성동 98-9,대우멤버스카운티(102동),강남구
11680|삼성동|99,서울특별시 강남구 삼성동 99,삼부아파트102동,강남구
11680|삼성동|99-1,서울특별시 강남구 삼성동 99-1,골든빌(99-1),강남구
11680|삼성동|99-11,서울특별시 강남구 삼성동 99-11,신동아듀크빌,강남구
11680|삼성동|99-12,서울특별시 강남구 삼성동 99-12,강변삼부아파트,강남구
11680|삼성동|99-13,서울특별시 강남구 삼성동 99-13,삼부아파트(101동),강남구
11680|삼성동|99-3,서울특별시 강남구 삼성동 99-3,아펠바움,강남구
11680|세곡동|508,서울특별시 강남구 세곡동 508,강남신동아파밀리에1단지,강남구
11680|세곡동|511,서울특별시 강남구 세곡동 511,강남신동아파밀리에2단지,강남구
11680|세곡동|516,서울특별시 강남구 세곡동 516,세곡리엔파크(3단지),강남구
11680|세곡동|525,서울특별시 강남구 세곡동 525,강남데시앙파크,강남구
11680|세곡동|533,서울특별시 강남구 세곡동 533,세곡푸르지오,강남구
11680|세곡동|579,서울특별시 강남구 세곡동 579,강남엘에이치1단지,강남구
11680|수서동|708,서울특별시 강남구 수서동 708,삼익,강남구
11680|수서동|712,서울특별시 강남구 수서동 712,수서한아름,강남구
11680|수서동|736,서울특별시 강남구 수서동 736,신동아,강남구
11680|수서동|738,서울특별시 강남구 수서동 738,동익,강남구
11680|수서동|746,서울특별시 강남구 수서동 746,까치마을,강남구
11680|수서동|747,서울특별시 강남구 수서동 747,삼성,강남구
11680|수서동|795,서울특별시 강남구 수서동 795,강남데시앙포레,강남구
11680|수서동|799,서울특별시 강남구 수서동 799,강남 더샵 포레스트,강남구
11680|신사동|506-9,서울특별시 강남구 신사동 506-9,래미안신사,강남구
11680|신사동|510-11,서울특별시 강남구 신사동 510-11,강남상가,강남구
11680|신사동|522,서울특별시 강남구 신사동 522,신사아이빌(522),강남구
11680|신사동|523-4,서울특별시 강남구 신사동 523-4,신사동씨티빌,강남구
11680|신사동|524-8,서울특별시 강남구 신사동 524-8,RudenHouse,강남구
11680|신사동|540-2,서울특별시 강남구 신사동 540-2,대성아파트,강남구
11680|신사동|547-7,서울특별시 강남구 신사동 547-7,유로미아파트A동,강남구
11680|신사동|547-8,서울특별시 강남구 신사동 547-8,유로미아파트B동,강남구
11680|신사동|550-20,서울특별시 강남구 신사동 550-20,우찬,강남구
11680|신사동|550-5,서울특별시 강남구 신사동 550-5,뉴현대,강남구
11680|신사동|550-7,서울특별시 강남구 신사동 550-7,체리빌,강남구
11680|신사동|551-5,서울특별시 강남구 신사동 551-5,하야트빌,강남구
11680|신사동|555-11,서울특별시 강남구 신사동 555-11,청림빌,강남구
11680|신사동|556-29,서울특별시 강남구 신사동 556-29,한양아파트,강남구
11680|신사동|562,서울특별시 강남구 신사동 562,신사파크빌A동,강남구
11680|신사동|562-24,서울특별시 강남구 신사동 562-24,신사파크빌B동,강남구
11680|신사동|569-1,서울특별시 강남구 신사동 569-1,현대아인빌,강남구
11680|신사동|588-16,서울특별시 강남구 신사동 588-16,썬-타워빌딩,강남구
11680|신사동|590-7,서울특별시 강남구 신사동 590-7,압구정Ainvill,강남구
11680|신사동|591-11,서울특별시 강남구 신사동 591-11,압구정화이트빌,강남구
11680|신사동|593-21,서울특별시 강남구 신사동 593-21,장자울아파트,강남구
11680|신사동|593-32,서울특별시 강남구 신사동 593-32,토미,강남구
11680|신사동|606-2,서울특별시 강남구 신사동 606-2,신사아크존2,강남구
11680|신사동|622,서울특별시 강남구 신사동 622,신성아파트101동,강남구
11680|신사동|622-1,서울특별시 강남구 신사동 622-1,압구정케이씨씨(622-1),강남구
11680|신사동|626,서울특별시 강남구 신사동 626,리갈팰리스,강남구
11680|신사동|626-1,서울특별시 강남구 신사동 626-1,진흥아마란스,강남구
11680|신사동|632,서울특별시 강남구 신사동 632,압구정하이츠파크,강남구
11680|신사동|634-14,서울특별시 강남구 신사동 634-14,신사동닛시빌라트,강남구
11680|신사동|635-14,서울특별시 강남구 신사동 635-14,금광아크존(635-14),강남구
11680|신사동|649-5,서울특별시 강남구 신사동 649-5,알파임하우스1,강남구
11680|신사동|658,서울특별시 강남구 신사동 658,로데오현대,강남구
11680|신사동|659,서울특별시 강남구 신사동 659,압구정대원칸타빌아파트,강남구
11680|압구정동|369-1#11680-415,서울특별시 강남구 압구정동 369-1,"현대1차(12,13,21,22,31,32,33동)",강남구
11680|압구정동|369-1#11680-416,서울특별시 강남구 압구정동 369-1,"현대2차(10,11,20,23,24,25동)",강남구
11680|압구정동|397,서울특별시 강남구 압구정동 397,미성2차,강남구
11680|압구정동|414,서울특별시 강남구 압구정동 414,미성1차,강남구
11680|압구정동|426,서울특별시 강남구 압구정동 426,신현대9차,강남구
11680|압구정동|433,서울특별시 강남구 압구정동 433,신현대11차,강남구
11680|압구정동|434,서울특별시 강남구 압구정동 434,신현대12차,강남구
11680|압구정동|436,서울특별시 강남구 압구정동 436,"현대10차(201,202동)",강남구
11680|압구정동|443,서울특별시 강남구 압구정동 443,현대3차(61~64동),강남구
11680|압구정동|444,서울특별시 강남구 압구정동 444,대림빌라트,강남구
11680|압구정동|446,서울특별시 강남구 압구정동 446,현대빌라트,강남구
11680|압구정동|447,서울특별시 강남구 압구정동 447,"현대14차(203,204,205,206동)",강남구
11680|압구정동|448,서울특별시 강남구 압구정동 448,현대13차(208~211동),강남구
11680|압구정동|455,서울특별시 강남구 압구정동 455,"현대5차(71,72동)",강남구
11680|압구정동|456#11680-420,서울특별시 강남구 압구정동 456,"현대6차(78~81,83,84,86,87동)",강남구
11680|압구정동|456#11680-421,서울특별시 강남구 압구정동 456,"현대7차(73~77,82,85동)",강남구
11680|압구정동|456#11680-475,서울특별시 강남구 압구정동 456,현대65동(대림아크로빌아파트),강남구
11680|압구정동|462,서울특별시 강남구 압구정동 462,현대4차저층(51~56동),강남구
11680|압구정동|481,서울특별시 강남구 압구정동 481,현대8차(성수현대:91~95동),강남구
11680|압구정동|484,서울특별시 강남구 압구정동 484,한양6,강남구
11680|압구정동|486,서울특별시 강남구 압구정동 486,한양4,강남구
11680|압구정동|489,서울특별시 강남구 압구정동 489,한양3,강남구
11680|압구정동|490,서울특별시 강남구 압구정동 490,한양1차(영동한양),강남구
11680|압구정동|493,서울특별시 강남구 압구정동 493,한양2,강남구
11680|압구정동|510,서울특별시 강남구 압구정동 510,한양8(81동한개동),강남구
11680|압구정동|513,서울특별시 강남구 압구정동 513,한양5,강남구
11680|압구정동|528,서울특별시 강남구 압구정동 528,한양7,강남구
11680|역삼동|604,서울특별시 강남구 역삼동 604,리치타워,강남구
11680|역삼동|606-18,서울특별시 강남구 역삼동 606-18,현대휴먼터치빌,강남구
11680|역삼동|607-17,서울특별시 강남구 역삼동 607-17,역삼동칼라,강남구
11680|역삼동|628-1,서울특별시 강남구 역삼동 628-1,한양럭스,강남구
11680|역삼동|633,서울특별시 강남구 역삼동 633,베스젠빌,강남구
11680|역삼동|633-11,서울특별시 강남구 역삼동 633-11,역삼우성,강남구
11680|역삼동|633-22,서울특별시 강남구 역삼동 633-22,로얄팰리스,강남구
11680|역삼동|635-5,서울특별시 강남구 역삼동 635-5,풍림지오빌,강남구
11680|역삼동|635-9,서울특별시 강남구 역삼동 635-9,뉴엠빌라트,강남구
11680|역삼동|636,서울특별시 강남구 역삼동 636,프리우스역삼102동,강남구
11680|역삼동|636-33,서울특별시 강남구 역삼동 636-33,프리우스역삼101동,강남구
11680|역삼동|644-6,서울특별시 강남구 역삼동 644-6,로얄빌리지,강남구
11680|역삼동|653-4,서울특별시 강남구 역삼동 653-4,원에디션강남,강남구
11680|역삼동|656-30,서울특별시 강남구 역삼동 656-30,역삼엔스위트1,강남구
11680|역삼동|656-31,서울특별시 강남구 역삼동 656-31,역삼엔스위트102동,강남구
11680|역삼동|656-32,서울특별시 강남구 역삼동 656-32,역삼동그린비,강남구
11680|역삼동|664-21,서울특별시 강남구 역삼동 664-21,역삼동프라임,강남구
11680|역삼동|664-5,서울특별시 강남구 역삼동 664-5,역삼예명,강남구
11680|역삼동|667-1,서울특별시 강남구 역삼동 667-1,역삼동골든베리힐,강남구
11680|역삼동|678-27,서울특별시 강남구 역삼동 678-27,이지마루역삼,강남구
11680|역삼동|681-26,서울특별시 강남구 역삼동 681-26,역삼동하나빌,강남구
11680|역삼동|681-46,서울특별시 강남구 역삼동 681-46,성영forU,강남구
11680|역삼동|682-1,서울특별시 강남구 역삼동 682-1,Bienestar,강남구
11680|역삼동|685-19,서울특별시 강남구 역삼동 685-19,에벤에셀빌라트,강남구
11680|역삼동|706-10,서울특별시 강남구 역삼동 706-10,우림루미아트2,강남구
11680|역삼동|706-11,서울특별시 강남구 역삼동 706-11,우림루미아트1,강남구
11680|역삼동|706-20,서울특별시 강남구 역삼동 706-20,한화진넥스빌,강남구
11680|역삼동|706-24,서울특별시 강남구 역삼동 706-24,진넥스빌2,강남구
11680|역삼동|707-15,서울특별시 강남구 역삼동 707-15,우정에쉐르3,강남구
11680|역삼동|707-18,서울특별시 강남구 역삼동 707-18,역삼우정에쉐르2,강남구
11680|역삼동|708-31,서울특별시 강남구 역삼동 708-31,우정에쉐르멤버스,강남구
11680|역삼동|709,서울특별시 강남구 역삼동 709,성보,강남구
11680|역삼동|709-5,서울특별시 강남구 역삼동 709-5,테헤란아이파크,강남구
11680|역삼동|710,서울특별시 강남구 역삼동 710,현대까르띠에710,강남구
11680|역삼동|711,서울특별시 강남구 역삼동 711,개나리6,강남구
11680|역삼동|711-3,서울특별시 강남구 역삼동 711-3,역삼자이,강남구
11680|역삼동|712,서울특별시 강남구 역삼동 712,개나리4,강남구
11680|역삼동|712-5,서울특별시 강남구 역삼동 712-5,역삼센트럴2차아이파크,강남구
11680|역삼동|713-11,서울특별시 강남구 역삼동 713-11,역삼I'PARK,강남구
11680|역삼동|713-7,서울특별시 강남구 역삼동 713-7,래미안펜타빌,강남구
11680|역삼동|716,서울특별시 강남구 역삼동 716,동부센트레빌,강남구
11680|역삼동|716-1,서울특별시 강남구 역삼동 716-1,개나리5,강남구
11680|역삼동|716-3,서울특별시 강남구 역삼동 716-3,개나리SK뷰,강남구
11680|역삼동|720-25,서울특별시 강남구 역삼동 720-25,대우디오빌,강남구
11680|역삼동|722,서울특별시 강남구 역삼동 722,경남아너스빌,강남구
11680|역삼동|723-16,서울특별시 강남구 역삼동 723-16,프리빌리지,강남구
11680|역삼동|723-21,서울특별시 강남구 역삼동 723-21,탑팰리스,강남구
11680|역삼동|727-11,서울특별시 강남구 역삼동 727-11,프리마빌,강남구
11680|역삼동|727-2,서울특별시 강남구 역삼동 727-2,대명벨리온,강남구
11680|역삼동|727-9,서울특별시 강남구 역삼동 727-9,요진와이시티미니,강남구
11680|역삼동|728-10,서울특별시 강남구 역삼동 728-10,네스빌(728-10),강남구
11680|역삼동|728-45,서울특별시 강남구 역삼동 728-45,현대이스트빌,강남구
11680|역삼동|728-52,서울특별시 강남구 역삼동 728-52,예지향,강남구
11680|역삼동|728-6,서울특별시 강남구 역삼동 728-6,마이다스힐빌라트,강남구
11680|역삼동|729-37,서울특별시 강남구 역삼동 729-37,명인갤러리,강남구
11680|역삼동|732-25,서울특별시 강남구 역삼동 732-25,명인갤러리2차,강남구
11680|역삼동|735-15,서울특별시 강남구 역삼동 735-15,이스턴오피스텔,강남구
11680|역삼동|741-22,서울특별시 강남구 역삼동 741-22,포스틸빌라트,강남구
11680|역삼동|745-13,서울특별시 강남구 역삼동 745-13,동원스위트뷰역삼,강남구
11680|역삼동|747,서울특별시 강남구 역삼동 747,노블스위트,강남구
11680|역삼동|747-1,서울특별시 강남구 역삼동 747-1,조이너스,강남구
11680|역삼동|747-5,서울특별시 강남구 역삼동 747-5,브라운스톤역삼,강남구
11680|역삼동|754,서울특별시 강남구 역삼동 754,개나리래미안,강남구
11680|역삼동|754-1,서울특별시 강남구 역삼동 754-1,역삼푸르지오,강남구
11680|역삼동|755-1,서울특별시 강남구 역삼동 755-1,개나리푸르지오,강남구
11680|역삼동|755-4,서울특별시 강남구 역삼동 755-4,e-편한세상,강남구
11680|역삼동|757,서울특별시 강남구 역삼동 757,역삼래미안,강남구
11680|역삼동|759-1,서울특별시 강남구 역삼동 759-1,은하수,강남구
11680|역삼동|760-7,서울특별시 강남구 역삼동 760-7,현대트라움,강남구
11680|역삼동|761,서울특별시 강남구 역삼동 761,상지리츠빌(2호라인),강남구
11680|역삼동|761-10,서울특별시 강남구 역삼동 761-10,대림역삼,강남구
11680|역삼동|761-3,서울특별시 강남구 역삼동 761-3,상지리츠빌역삼2차,강남구
11680|역삼동|761-9,서울특별시 강남구 역삼동 761-9,상지리츠빌(1호라인),강남구
11680|역삼동|762-3,서울특별시 강남구 역삼동 762-3,래미안그레이튼(진달래2차),강남구
11680|역삼동|763-16,서울특별시 강남구 역삼동 763-16,래미안그레이튼,강남구
11680|역삼동|765-10,서울특별시 강남구 역삼동 765-10,테라힐스,강남구
11680|역삼동|765-32,서울특별시 강남구 역삼동 765-32,역삼2차아이파크,강남구
11680|역삼동|766-8,서울특별시 강남구 역삼동 766-8,트레벨,강남구
11680|역삼동|771-14,서울특별시 강남구 역삼동 771-14,세방하이빌2,강남구
11680|역삼동|771-4,서울특별시 강남구 역삼동 771-4,세방하이빌1,강남구
11680|역삼동|775-14,서울특별시 강남구 역삼동 775-14,경일역삼,강남구
11680|역삼동|775-15,서울특별시 강남구 역삼동 775-15,현대하이츠,강남구
11680|역삼동|777-2,서울특별시 강남구 역삼동 777-2,역삼이안애에이,강남구
11680|역삼동|777-49,서울특별시 강남구 역삼동 777-49,역삼이안애비,강남구
11680|역삼동|778,서울특별시 강남구 역삼동 778,쎄비앙101동,강남구
11680|역삼동|778-5,서울특별시 강남구 역삼동 778-5,쎄비앙102동,강남구
11680|역삼동|783-28,서울특별시 강남구 역삼동 783-28,갤러리아트,강남구
11680|역삼동|783-3,서울특별시 강남구 역삼동 783-3,갤러리하우스,강남구
11680|역삼동|783-30,서울특별시 강남구 역삼동 783-30,공간쉐르빌,강남구
11680|역삼동|787-4,서울특별시 강남구 역삼동 787-4,리츠빌아파트,강남구
11680|역삼동|789-29,서울특별시 강남구 역삼동 789-29,지석천평대,강남구
11680|역삼동|791-23,서울특별시 강남구 역삼동 791-23,세종빌라트,강남구
11680|역삼동|794-19,서울특별시 강남구 역삼동 794-19,강남한솔,강남구
11680|역삼동|794-24,서울특별시 강남구 역삼동 794-24,노블카운티,강남구
11680|역삼동|794-28,서울특별시 강남구 역삼동 794-28,거평빌라트,강남구
11680|역삼동|795-41,서울특별시 강남구 역삼동 795-41,역삼동월드메르디앙,강남구
11680|역삼동|796-29,서울특별시 강남구 역삼동 796-29,강남서해그랑블,강남구
11680|역삼동|797-12,서울특별시 강남구 역삼동 797-12,우성빌라트,강남구
11680|역삼동|823-7,서울특별시 강남구 역삼동 823-7,강남역우정에쉐르,강남구
11680|역삼동|824-25,서울특별시 강남구 역삼동 824-25,대우디오빌플러스,강남구
11680|역삼동|826-29,서울특별시 강남구 역삼동 826-29,역삼동우정에쉐르1,강남구
11680|역삼동|826-37,서울특별시 강남구 역삼동 826-37,쌍용플레티넘밸류,강남구
11680|역삼동|828-11,서울특별시 강남구 역삼동 828-11,예지인,강남구
11680|역삼동|828-21,서울특별시 강남구 역삼동 828-21,(828-21),강남구
11680|역삼동|828-28,서울특별시 강남구 역삼동 828-28,EGSoulLeader,강남구
11680|역삼동|828-46,서울특별시 강남구 역삼동 828-46,정원,강남구
11680|역삼동|828-76,서울특별시 강남구 역삼동 828-76,(828-76),강남구
11680|역삼동|831-29,서울특별시 강남구 역삼동 831-29,에레프,강남구
11680|역삼동|831-45,서울특별시 강남구 역삼동 831-45,에스케이허브젠,강남구
11680|역삼동|832-5,서울특별시 강남구 역삼동 832-5,역삼디오슈페리움,강남구
11680|역삼동|835-12,서울특별시 강남구 역삼동 835-12,역삼르비앙1,강남구
11680|역삼동|835-67,서울특별시 강남구 역삼동 835-67,금호어울림,강남구
11680|역삼동|835-68,서울특별시 강남구 역삼동 835-68,롯데캐슬노블,강남구
11680|역삼동|836,서울특별시 강남구 역삼동 836,한스빌(836),강남구
11680|역삼동|836-35,서울특별시 강남구 역삼동 836-35,역삼카이스아파트,강남구
11680|역삼동|838-10,서울특별시 강남구 역삼동 838-10,강남웅진베어스빌,강남구
11680|역삼동|900,서울특별시 강남구 역삼동 900,시티프라디움더강남101동,강남구
11680|역삼동|901,서울특별시 강남구 역삼동 901,시티프라디움더강남201동,강남구
11680|역삼동|902,서울특별시 강남구 역삼동 902,강남센트럴아이파크,강남구
11680|역삼동|905,서울특별시 강남구 역삼동 905,역삼센트럴아파트,강남구
11680|율현동|365,서울특별시 강남구 율현동 365,강남한신휴플러스6단지,강남구
11680|율현동|513,서울특별시 강남구 율현동 513,강남한신휴플러스8단지,강남구
11680|일원동|614,서울특별시 강남구 일원동 614,현대4,강남구
11680|일원동|615,서울특별시 강남구 일원동 615,우성7,강남구
11680|일원동|615-1,서울특별시 강남구 일원동 615-1,개포한신,강남구
11680|일원동|626,서울특별시 강남구 일원동 626,삼성,강남구
11680|일원동|679,서울특별시 강남구 일원동 679,호정빌라트,강남구
11680|일원동|690-1,서울특별시 강남구 일원동 690-1,대우,강남구
11680|일원동|690-2,서울특별시 강남구 일원동 690-2,현대사원,강남구
11680|일원동|711,서울특별시 강남구 일원동 711,수서,강남구
11680|일원동|716,서울특별시 강남구 일원동 716,목련타운,강남구
11680|일원동|718,서울특별시 강남구 일원동 718,샘터마을,강남구
11680|일원동|719,서울특별시 강남구 일원동 719,푸른마을아파트101동~111동,강남구
11680|일원동|731,서울특별시 강남구 일원동 731,한솔마을,강남구
11680|일원동|734,서울특별시 강남구 일원동 734,상록수,강남구
11680|일원동|735,서울특별시 강남구 일원동 735,가람,강남구
11680|일원동|741,서울특별시 강남구 일원동 741,래미안 개포 루체하임,강남구
11680|일원동|742,서울특별시 강남구 일원동 742,디에이치포레센트,강남구
11680|일원동|743,서울특별시 강남구 일원동 743,디에이치자이개포,강남구
11680|자곡동|602,서울특별시 강남구 자곡동 602,강남자곡아이파크,강남구
11680|자곡동|611,서울특별시 강남구 자곡동 611,래미안강남힐즈,강남구
11680|자곡동|618,서울특별시 강남구 자곡동 618,강남브리즈힐(토지임대부아파트),강남구
11680|자곡동|619,서울특별시 강남구 자곡동 619,강남자곡 힐스테이트,강남구
11680|자곡동|686,서울특별시 강남구 자곡동 686,강남한양수자인(4단지),강남구
11680|자곡동|687,서울특별시 강남구 자곡동 687,래미안포레,강남구
11680|청담동|10,서울특별시 강남구 청담동 10,삼환(101동),강남구
11680|청담동|101,서울특별시 강남구 청담동 101,효성빌라청담101(A동),강남구
11680|청담동|101-1,서울특별시 강남구 청담동 101-1,청담대우로얄카운티6차,강남구
11680|청담동|101-17,서울특별시 강남구 청담동 101-17,효성빌라청담101(B동),강남구
11680|청담동|102,서울특별시 강남구 청담동 102,연세리버테라스,강남구
11680|청담동|102-1,서울특별시 강남구 청담동 102-1,청담파라곤Ⅱ1단지,강남구
11680|청담동|102-13,서울특별시 강남구 청담동 102-13,청담파라곤Ⅱ2단지,강남구
11680|청담동|102-2,서울특별시 강남구 청담동 102-2,연세힐하우스1,강남구
11680|청담동|102-5,서울특별시 강남구 청담동 102-5,연세힐하우스(Ⅱ),강남구
11680|청담동|102-6,서울특별시 강남구 청담동 102-6,연세빌라(102-6),강남구
11680|청담동|102-7,서울특별시 강남구 청담동 102-7,연세리버빌,강남구
11680|청담동|104,서울특별시 강남구 청담동 104,연세리버빌3,강남구
11680|청담동|104-13,서울특별시 강남구 청담동 104-13,씨티2차(202동),강남구
11680|청담동|104-19,서울특별시 강남구 청담동 104-19,씨티2차(201동),강남구
11680|청담동|104-2,서울특별시 강남구 청담동 104-2,엘지빌라,강남구
11680|청담동|104-5,서울특별시 강남구 청담동 104-5,삼호빌라씨동,강남구
11680|청담동|105,서울특별시 강남구 청담동 105,씨티3차,강남구
11680|청담동|105-6,서울특별시 강남구 청담동 105-6,목화,강남구
11680|청담동|106,서울특별시 강남구 청담동 106,현대한강빌라,강남구
11680|청담동|106-1,서울특별시 강남구 청담동 106-1,상지리츠빌6,강남구
11680|청담동|106-11,서울특별시 강남구 청담동 106-11,씨티1차102동,강남구
11680|청담동|106-17,서울특별시 강남구 청담동 106-17,강변상지리츠빌,강남구
11680|청담동|106-21,서울특별시 강남구 청담동 106-21,씨티1차101동,강남구
11680|청담동|106-7,서울특별시 강남구 청담동 106-7,에테르노청담,강남구
11680|청담동|108,서울특별시 강남구 청담동 108,청담건영,강남구
11680|청담동|109-16,서울특별시 강남구 청담동 109-16,청담범신칼릭스빌2차,강남구
11680|청담동|11-25,서울특별시 강남구 청담동 11-25,우성아파트,강남구
11680|청담동|110,서울특별시 강남구 청담동 110,청담대우멤버스카운티8차,강남구
11680|청담동|110-11,서울특별시 강남구 청담동 110-11,청담대우멤버스카운티12차,강남구
11680|청담동|110-13,서울특별시 강남구 청담동 110-13,청담대우멤버스카운티10차,강남구
11680|청담동|110-3,서울특별시 강남구 청담동 110-3,청담대우멤버스카운티7차,강남구
11680|청담동|110-4,서울특별시 강남구 청담동 110-4,청담대우멤버스카운티6차,강남구
11680|청담동|110-7,서울특별시 강남구 청담동 110-7,청담대우멤버스카운티9차,강남구
11680|청담동|111-11,서울특별시 강남구 청담동 111-11,청담CJ빌리지,강남구
11680|청담동|113,서울특별시 강남구 청담동 113,청담힐(에이동)진도(비동),강남구
11680|청담동|113-16,서울특별시 강남구 청담동 113-16,삼호빌라A동,강남구
11680|청담동|113-23,서울특별시 강남구 청담동 113-23,삼호빌라B동,강남구
11680|청담동|114,서울특별시 강남구 청담동 114,상지리츠빌4A,강남구
11680|청담동|114-18,서울특별시 강남구 청담동 114-18,상지리츠빌4B,강남구
11680|청담동|114-9,서울특별시 강남구 청담동 114-9,BRUNNEN청담,강남구
11680|청담동|115-17,서울특별시 강남구 청담동 115-17,호원빌라,강남구
11680|청담동|115-6#11680-451,서울특별시 강남구 청담동 115-6,청담7상지리츠빌,강남구
11680|청담동|115-6#11680-5042,서울특별시 강남구 청담동 115-6,효성빌라청담101(2차),강남구
11680|청담동|116-10,서울특별시 강남구 청담동 116-10,상지리츠빌9차,강남구
11680|청담동|116-5,서울특별시 강남구 청담동 116-5,대우로얄카운티2,강남구
11680|청담동|117-22,서울특별시 강남구 청담동 117-22,대우리츠카운티,강남구
11680|청담동|117-3,서울특별시 강남구 청담동 117-3,청담로얄카운티,강남구
11680|청담동|117-6,서울특별시 강남구 청담동 117-6,대우로얄카운티3,강남구
11680|청담동|121,서울특별시 강남구 청담동 121,청담동현대빌라트,강남구
11680|청담동|121-14,서울특별시 강남구 청담동 121-14,청담8차상지리츠빌,강남구
11680|청담동|122-1,서울특별시 강남구 청담동 122-1,상지리츠빌10차,강남구
11680|청담동|122-15,서울특별시 강남구 청담동 122-15,청담대우멤버스카운티11차,강남구
11680|청담동|122-35,서울특별시 강남구 청담동 122-35,청담신원아침도시마인,강남구
11680|청담동|125,서울특별시 강남구 청담동 125,범신칼릭스빌,강남구
11680|청담동|127,서울특별시 강남구 청담동 127,연세리버빌7차A동,강남구
11680|청담동|127-12,서울특별시 강남구 청담동 127-12,상지리츠빌5A,강남구
11680|청담동|127-16,서울특별시 강남구 청담동 127-16,상지리츠빌(127-16),강남구
11680|청담동|127-31,서울특별시 강남구 청담동 127-31,청담현대3차아파트,강남구
11680|청담동|127-37,서울특별시 강남구 청담동 127-37,상지리츠빌5B,강남구
11680|청담동|128,서울특별시 강남구 청담동 128,상지카일룸,강남구
11680|청담동|128-1,서울특별시 강남구 청담동 128-1,구산,강남구
11680|청담동|128-18,서울특별시 강남구 청담동 128-18,상지리츠빌카일룸2차,강남구
11680|청담동|129,서울특별시 강남구 청담동 129,PH129,강남구
11680|청담동|129-16,서울특별시 강남구 청담동 129-16,상지리츠빌카일룸3차,강남구
11680|청담동|129-7,서울특별시 강남구 청담동 129-7,빌폴라리스,강남구
11680|청담동|130#11680-4292,서울특별시 강남구 청담동 130,청담아이파크,강남구
11680|청담동|130#11680-66,서울특별시 강남구 청담동 130,청구,강남구
11680|청담동|130-10,서울특별시 강남구 청담동 130-10,뉴현대리버빌,강남구
11680|청담동|130-6,서울특별시 강남구 청담동 130-6,마크힐스웨스트윙,강남구
11680|청담동|130-7,서울특별시 강남구 청담동 130-7,마크힐스이스트윙,강남구
11680|청담동|134#11680-28,서울특별시 강남구 청담동 134,동산,강남구
11680|청담동|134#11680-4291,서울특별시 강남구 청담동 134,래미안청담로이뷰,강남구
11680|청담동|134-15,서울특별시 강남구 청담동 134-15,청담삼익아파트,강남구
11680|청담동|134-16,서울특별시 강남구 청담동 134-16,신동아,강남구
11680|청담동|134-38,서울특별시 강남구 청담동 134-38,청담자이,강남구
11680|청담동|14,서울특별시 강남구 청담동 14,"청담2차이-편한세상(201동,202동,203동)",강남구
11680|청담동|141-1,서울특별시 강남구 청담동 141-1,청담매스터빌,강남구
11680|청담동|141-6,서울특별시 강남구 청담동 141-6,신동아빌라트,강남구
11680|청담동|15,서울특별시 강남구 청담동 15,청담2차이-편한세상(204동),강남구
11680|청담동|15-21,서울특별시 강남구 청담동 15-21,청담2차이-편한세상(205동),강남구
11680|청담동|23,서울특별시 강남구 청담동 23,현대아파트,강남구
11680|청담동|28-13,서울특별시 강남구 청담동 28-13,골든아트빌,강남구
11680|청담동|28-20,서울특별시 강남구 청담동 28-20,청담4차이-편한세상,강남구
11680|청담동|30-33,서울특별시 강남구 청담동 30-33,청담대림이-편한세상,강남구
11680|청담동|32,서울특별시 강남구 청담동 32,청담아르지움,강남구
11680|청담동|33,서울특별시 강남구 청담동 33,청담동삼성1차(101동),강남구
11680|청담동|34-13,서울특별시 강남구 청담동 34-13,청담스위트,강남구
11680|청담동|35-47,서울특별시 강남구 청담동 35-47,한신오페라하우스,강남구
11680|청담동|35-48,서울특별시 강남구 청담동 35-48,한신오페라하우스2차,강남구
11680|청담동|36,서울특별시 강남구 청담동 36,영풍마드레빌,강남구
11680|청담동|42,서울특별시 강남구 청담동 42,삼성청담아파트,강남구
11680|청담동|43,서울특별시 강남구 청담동 43,청담우방아파트,강남구
11680|청담동|43-1,서울특별시 강남구 청담동 43-1,현대빌라(43-1),강남구
11680|청담동|44-21,서울특별시 강남구 청담동 44-21,청담3차이-편한세상(301동),강남구
11680|청담동|46-12,서울특별시 강남구 청담동 46-12,청담파크빌,강남구
11680|청담동|46-5,서울특별시 강남구 청담동 46-5,청담그랑빌,강남구
11680|청담동|5-25,서울특별시 강남구 청담동 5-25,휴먼스타빌,강남구
11680|청담동|50-5,서울특별시 강남구 청담동 50-5,대우유로카운티,강남구
11680|청담동|54-5,서울특별시 강남구 청담동 54-5,더갤러리파크,강남구
11680|청담동|59-13,서울특별시 강남구 청담동 59-13,청담대우로얄카운티5차,강남구
11680|청담동|59-16,서울특별시 강남구 청담동 59-16,청담포레,강남구
11680|청담동|59-2,서울특별시 강남구 청담동 59-2,대우멤버스카운티Ⅱ,강남구
11680|청담동|59-21,서울특별시 강남구 청담동 59-21,연세청담파크빌,강남구
11680|청담동|60,서울특별시 강남구 청담동 60,삼성청담공원아파트,강남구
11680|청담동|62-6,서울특별시 강남구 청담동 62-6,청담디에브스아파트,강남구
11680|청담동|64-1,서울특별시 강남구 청담동 64-1,청담어퍼하우스,강남구
11680|청담동|65,서울특별시 강남구 청담동 65,진흥아파트,강남구
11680|청담동|67-1,서울특별시 강남구 청담동 67-1,청담린든그로브,강남구
11680|청담동|69-18,서울특별시 강남구 청담동 69-18,동양파라곤,강남구
11680|청담동|75-1,서울특별시 강남구 청담동 75-1,현대아파트(75-1),강남구
11680|청담동|76-12,서울특별시 강남구 청담동 76-12,라테라스청담,강남구
11680|청담동|89-12,서울특별시 강남구 청담동 89-12,청담동마크노빌,강남구
11680|청담동|90-10,서울특별시 강남구 청담동 90-10,이니그마빌2,강남구
11680|청담동|90-13,서울특별시 강남구 청담동 90-13,에비뉴나인티,강남구
11680|청담동|90-17,서울특별시 강남구 청담동 90-17,아노스카운트빌라트,강남구
11680|청담동|94,서울특별시 강남구 청담동 94,이니그마빌,강남구
11710|가락동|1-10,서울특별시 송파구 가락동 1-10,현대빌라트1,송파구
11710|가락동|1-7,서울특별시 송파구 가락동 1-7,그린아파트,송파구
11710|가락동|101-3,서울특별시 송파구 가락동 101-3,아키죤아파트1동,송파구
11710|가락동|101-4,서울특별시 송파구 가락동 101-4,아키죤II,송파구
11710|가락동|101-5,서울특별시 송파구 가락동 101-5,성해,송파구
11710|가락동|102,서울특별시 송파구 가락동 102,한신1,송파구
11710|가락동|11-3,서울특별시 송파구 가락동 11-3,씨티빌,송파구
11710|가락동|111-12,서울특별시 송파구 가락동 111-12,로즈힐파크(B동),송파구
11710|가락동|111-13,서울특별시 송파구 가락동 111-13,로즈힐파크(A동),송파구
11710|가락동|120-4,서울특별시 송파구 가락동 120-4,가락우성2,송파구
11710|가락동|123-12,서울특별시 송파구 가락동 123-12,강남팰리스,송파구
11710|가락동|126-2,서울특별시 송파구 가락동 126-2,프라임,송파구
11710|가락동|130-14,서울특별시 송파구 가락동 130-14,신한빌라트-신한미지엔,송파구
11710|가락동|130-3,서울특별시 송파구 가락동 130-3,신한에스빌-미지엔,송파구
11710|가락동|137-3,서울특별시 송파구 가락동 137-3,청공빌딩주상복합-현대빌리지,송파구
11710|가락동|138,서울특별시 송파구 가락동 138,가락미륭아파트,송파구
11710|가락동|140,서울특별시 송파구 가락동 140,가락(1차)쌍용아파트,송파구
11710|가락동|141-7,서울특별시 송파구 가락동 141-7,가락그랑밸리,송파구
11710|가락동|142,서울특별시 송파구 가락동 142,풍림1,송파구
11710|가락동|142-1,서울특별시 송파구 가락동 142-1,가락한일유앤아이,송파구
11710|가락동|147-2,서울특별시 송파구 가락동 147-2,현대파크빌,송파구
11710|가락동|149-5,서울특별시 송파구 가락동 149-5,청솔,송파구
11710|가락동|15,서울특별시 송파구 가락동 15,동성아파트(101동),송파구
11710|가락동|15-11,서울특별시 송파구 가락동 15-11,동성아파트(103동),송파구
11710|가락동|15-4,서울특별시 송파구 가락동 15-4,동성아파트(102동),송파구
11710|가락동|16-12,서울특별시 송파구 가락동 16-12,동일씨티빌,송파구
11710|가락동|16-21,서울특별시 송파구 가락동 16-21,e지브로,송파구
11710|가락동|160-1,서울특별시 송파구 가락동 160-1,주성드림펠리스,송파구
11710|가락동|161-1,서울특별시 송파구 가락동 161-1,현대(60동),송파구
11710|가락동|161-2,서울특별시 송파구 가락동 161-2,현대(5차),송파구
11710|가락동|161-3,서울특별시 송파구 가락동 161-3,현대(5차)(재건축),송파구
11710|가락동|164-1,서울특별시 송파구 가락동 164-1,골드팰리스아파트,송파구
11710|가락동|165,서울특별시 송파구 가락동 165,래미안파크팰리스,송파구
11710|가락동|166-10,서울특별시 송파구 가락동 166-10,진넥스베르디엠,송파구
11710|가락동|166-15,서울특별시 송파구 가락동 166-15,대련,송파구
11710|가락동|166-2,서울특별시 송파구 가락동 166-2,sk파크타워,송파구
11710|가락동|166-6,서울특별시 송파구 가락동 166-6,테라펠리체송파,송파구
11710|가락동|168-1,서울특별시 송파구 가락동 168-1,삼성프라자,송파구
11710|가락동|169-13,서울특별시 송파구 가락동 169-13,주성파크빌,송파구
11710|가락동|171,서울특별시 송파구 가락동 171,현진타워,송파구
11710|가락동|171-5,서울특별시 송파구 가락동 171-5,현대7,송파구
11710|가락동|173-4,서울특별시 송파구 가락동 173-4,금홍해오름,송파구
11710|가락동|173-6,서울특별시 송파구 가락동 173-6,동궁리치웰1,송파구
11710|가락동|176,서울특별시 송파구 가락동 176,삼환,송파구
11710|가락동|177-10,서울특별시 송파구 가락동 177-10,시안헤븐스테이,송파구
11710|가락동|177-7,서울특별시 송파구 가락동 177-7,주성드림아파트,송파구
11710|가락동|177-8,서울특별시 송파구 가락동 177-8,우민-늘푸른아파트,송파구
11710|가락동|183,서울특별시 송파구 가락동 183,동구햇살,송파구
11710|가락동|192,서울특별시 송파구 가락동 192,극동,송파구
11710|가락동|196,서울특별시 송파구 가락동 196,동궁리치웰(102동),송파구
11710|가락동|196-1,서울특별시 송파구 가락동 196-1,동궁리치웰(101동),송파구
11710|가락동|196-3,서울특별시 송파구 가락동 196-3,프라임레지던스,송파구
11710|가락동|197-12,서울특별시 송파구 가락동 197-12,금성프라자1,송파구
11710|가락동|198-13,서울특별시 송파구 가락동 198-13,가락현대투웰브(102동),송파구
11710|가락동|198-7,서울특별시 송파구 가락동 198-7,에스디펠리체,송파구
11710|가락동|198-9,서울특별시 송파구 가락동 198-9,가락현대투웰브(101동),송파구
11710|가락동|199,서울특별시 송파구 가락동 199,프라자,송파구
11710|가락동|21-6,서울특별시 송파구 가락동 21-6,가락쌍용(2차),송파구
11710|가락동|29-16,서울특별시 송파구 가락동 29-16,쌍용노블래스,송파구
11710|가락동|34-1,서울특별시 송파구 가락동 34-1,카나피아Ⅱ,송파구
11710|가락동|46-3,서울특별시 송파구 가락동 46-3,카나피아,송파구
11710|가락동|478,서울특별시 송파구 가락동 478,송파동부쎈트레빌,송파구
11710|가락동|479#11710-56,서울특별시 송파구 가락동 479,시영1,송파구
11710|가락동|479#11710-57,서울특별시 송파구 가락동 479,시영2,송파구
11710|가락동|51-1,서울특별시 송파구 가락동 51-1,쌍용스윗닷홈(105동),송파구
11710|가락동|52,서울특별시 송파구 가락동 52,쌍용스윗닷홈(104동),송파구
11710|가락동|53,서울특별시 송파구 가락동 53,"가락3차쌍용스윗닷홈101동,102동",송파구
11710|가락동|54,서울특별시 송파구 가락동 54,가락3차쌍용스윗닷홈(103동),송파구
11710|가락동|55,서울특별시 송파구 가락동 55,현대(6차),송파구
11710|가락동|6-8,서울특별시 송파구 가락동 6-8,정산파크뷰,송파구
11710|가락동|70-19,서울특별시 송파구 가락동 70-19,대림,송파구
11710|가락동|77-7,서울특별시 송파구 가락동 77-7,송파Nsuite,송파구
11710|가락동|78-1,서울특별시 송파구 가락동 78-1,한화오벨리스크,송파구
11710|가락동|79,서울특별시 송파구 가락동 79,롯데캐슬,송파구
11710|가락동|8,서울특별시 송파구 가락동 8,가락스타클래스,송파구
11710|가락동|8-1,서울특별시 송파구 가락동 8-1,우정에쉐르,송파구
11710|가락동|80,서울특별시 송파구 가락동 80,성원상떼빌,송파구
11710|가락동|913,서울특별시 송파구 가락동 913,헬리오시티,송파구
11710|가락동|92-3,서울특별시 송파구 가락동 92-3,예일,송파구
11710|가락동|93-4,서울특별시 송파구 가락동 93-4,그랜드,송파구
11710|가락동|95,서울특별시 송파구 가락동 95,동부센트레빌,송파구
11710|가락동|95-1,서울특별시 송파구 가락동 95-1,가락금호아파트,송파구
11710|가락동|96-1,서울특별시 송파구 가락동 96-1,우성,송파구
11710|가락동|97-8,서울특별시 송파구 가락동 97-8,이연파레스,송파구
11710|가락동|98,서울특별시 송파구 가락동 98,두산위브,송파구
11710|가락동|99-6,서울특별시 송파구 가락동 99-6,동부썬빌,송파구
11710|거여동|127-1,서울특별시 송파구 거여동 127-1,팰리스힐,송파구
11710|거여동|129,서울특별시 송파구 거여동 129,성동레인보우,송파구
11710|거여동|136,서울특별시 송파구 거여동 136,삼호아파트,송파구
11710|거여동|199-2,서울특별시 송파구 거여동 199-2,보화1차,송파구
11710|거여동|216-2,서울특별시 송파구 거여동 216-2,퍼시픽53차,송파구
11710|거여동|258-7,서울특별시 송파구 거여동 258-7,보화2차,송파구
11710|거여동|27-5,서울특별시 송파구 거여동 27-5,쌍용스윗닷홈2차,송파구
11710|거여동|28,서울특별시 송파구 거여동 28,쌍용스윗닷홈거여역1차,송파구
11710|거여동|290,서울특별시 송파구 거여동 290,거여1단지,송파구
11710|거여동|291#11710-134,서울특별시 송파구 거여동 291,거여2단지효성아파트,송파구
11710|거여동|291#11710-135,서울특별시 송파구 거여동 291,거여2단지효성,송파구
11710|거여동|293,서울특별시 송파구 거여동 293,거여4단지,송파구
11710|거여동|294,서울특별시 송파구 거여동 294,거여5단지,송파구
11710|거여동|33-2,서울특별시 송파구 거여동 33-2,청솔,송파구
11710|거여동|34,서울특별시 송파구 거여동 34,메이저A동,송파구
11710|거여동|34-10,서울특별시 송파구 거여동 34-10,메이져비동,송파구
11710|거여동|34-2,서울특별시 송파구 거여동 34-2,노블레스,송파구
11710|거여동|35-7,서울특별시 송파구 거여동 35-7,퓨전빌,송파구
11710|거여동|356,서울특별시 송파구 거여동 356,우방1,송파구
11710|거여동|362,서울특별시 송파구 거여동 362,현대1차,송파구
11710|거여동|44,서울특별시 송파구 거여동 44,현대2차,송파구
11710|거여동|45-1,서울특별시 송파구 거여동 45-1,블레스,송파구
11710|거여동|46,서울특별시 송파구 거여동 46,현대3차,송파구
11710|거여동|551-11,서울특별시 송파구 거여동 551-11,로얄,송파구
11710|거여동|593,서울특별시 송파구 거여동 593,금호어울림,송파구
11710|거여동|597,서울특별시 송파구 거여동 597,송파레이크파크호반써밋Ⅰ,송파구
11710|거여동|606,서울특별시 송파구 거여동 606,송파레이크힐,송파구
11710|거여동|607,서울특별시 송파구 거여동 607,송파레이크파크호반써밋Ⅱ,송파구
11710|거여동|651,서울특별시 송파구 거여동 651,포레나송파,송파구
11710|거여동|654,서울특별시 송파구 거여동 654,송파위례리슈빌,송파구
11710|거여동|696,서울특별시 송파구 거여동 696,e편한세상송파파크센트럴,송파구
11710|거여동|697,서울특별시 송파구 거여동 697,송파시그니처롯데캐슬,송파구
11710|거여동|698,서울특별시 송파구 거여동 698,힐트리움송파,송파구
11710|거여동|9-6,서울특별시 송파구 거여동 9-6,대영무지개1,송파구
11710|마천동|10,서울특별시 송파구 마천동 10,씨티빌,송파구
11710|마천동|175,서울특별시 송파구 마천동 175,한보1,송파구
11710|마천동|181,서울특별시 송파구 마천동 181,현대그린빌,송파구
11710|마천동|188-2,서울특별시 송파구 마천동 188-2,동구햇살,송파구
11710|마천동|191-17,서울특별시 송파구 마천동 191-17,기영,송파구
11710|마천동|197-9,서울특별시 송파구 마천동 197-9,뉴타운,송파구
11710|마천동|20,서울특별시 송파구 마천동 20,신동아,송파구
11710|마천동|200-75,서울특별시 송파구 마천동 200-75,보보스빌,송파구
11710|마천동|21,서울특별시 송파구 마천동 21,송파건원여미지아파트,송파구
11710|마천동|22,서울특별시 송파구 마천동 22,성영,송파구
11710|마천동|22-1,서울특별시 송파구 마천동 22-1,한주리버뷰,송파구
11710|마천동|271-17,서울특별시 송파구 마천동 271-17,산성,송파구
11710|마천동|30-2,서울특별시 송파구 마천동 30-2,다우림,송파구
11710|마천동|304,서울특별시 송파구 마천동 304,마천동금호타운1,송파구
11710|마천동|31-1,서울특별시 송파구 마천동 31-1,씨티,송파구
11710|마천동|31-2,서울특별시 송파구 마천동 31-2,솔렌시아,송파구
11710|마천동|319,서울특별시 송파구 마천동 319,금호어울림,송파구
11710|마천동|32-1,서울특별시 송파구 마천동 32-1,송파자연채,송파구
11710|마천동|5,서울특별시 송파구 마천동 5,대성스카이뷰아파트,송파구
11710|마천동|50,서울특별시 송파구 마천동 50,대성골드클래스,송파구
11710|마천동|573,서울특별시 송파구 마천동 573,삼익1,송파구
11710|마천동|574,서울특별시 송파구 마천동 574,마천대성,송파구
11710|마천동|575,서울특별시 송파구 마천동 575,마천금호어울림1차아파트,송파구
11710|마천동|576,서울특별시 송파구 마천동 576,우방아파트,송파구
11710|마천동|582,서울특별시 송파구 마천동 582,송파파크데일1단지,송파구
11710|마천동|607,서울특별시 송파구 마천동 607,송파파크데일2단지,송파구
11710|마천동|68-5,서울특별시 송파구 마천동 68-5,천마그랑밸리,송파구
11710|마천동|9,서울특별시 송파구 마천동 9,아남,송파구
11710|문정동|1,서울특별시 송파구 문정동 1,문정래미안,송파구
11710|문정동|104,서울특별시 송파구 문정동 104,현대,송파구
11710|문정동|106-15,서울특별시 송파구 문정동 106-15,선경쉐르빌(106-15),송파구
11710|문정동|106-23,서울특별시 송파구 문정동 106-23,선경쉐르빌(106-23),송파구
11710|문정동|110-7,서울특별시 송파구 문정동 110-7,크로바맨션,송파구
11710|문정동|112,서울특별시 송파구 문정동 112,트윈팰리스(101동),송파구
11710|문정동|112-19,서울특별시 송파구 문정동 112-19,트윈팰리스(102동),송파구
11710|문정동|113-3,서울특별시 송파구 문정동 113-3,문정그린,송파구
11710|문정동|114,서울특별시 송파구 문정동 114,인택,송파구
11710|문정동|117,서울특별시 송파구 문정동 117,문정대우푸르지오3차,송파구
11710|문정동|128-10,서울특별시 송파구 문정동 128-10,뉴파크팰리스,송파구
11710|문정동|140,서울특별시 송파구 문정동 140,광남캐스빌(C동),송파구
11710|문정동|145,서울특별시 송파구 문정동 145,문정시영,송파구
11710|문정동|146,서울특별시 송파구 문정동 146,세양청마루,송파구
11710|문정동|15,서울특별시 송파구 문정동 15,문정동아,송파구
11710|문정동|150,서울특별시 송파구 문정동 150,올림픽훼밀리타운,송파구
11710|문정동|18,서울특별시 송파구 문정동 18,문정대우푸르지오1차,송파구
11710|문정동|19,서울특별시 송파구 문정동 19,문정대우푸르지오2차,송파구
11710|문정동|3,서울특별시 송파구 문정동 3,문정가락현대1차,송파구
11710|문정동|4-1,서울특별시 송파구 문정동 4-1,프라임,송파구
11710|문정동|4-2,서울특별시 송파구 문정동 4-2,성해,송파구
11710|문정동|55-14,서울특별시 송파구 문정동 55-14,동궁리치웰문정(102),송파구
11710|문정동|55-3,서울특별시 송파구 문정동 55-3,동궁리치웰문정(101),송파구
11710|문정동|56-6,서울특별시 송파구 문정동 56-6,주성파크뷰,송파구
11710|문정동|58,서울특별시 송파구 문정동 58,현대2,송파구
11710|문정동|58-17,서울특별시 송파구 문정동 58-17,동부화이트빌,송파구
11710|문정동|61-11,서울특별시 송파구 문정동 61-11,주성아트빌,송파구
11710|문정동|618,서울특별시 송파구 문정동 618,파크하비오,송파구
11710|문정동|62-5,서울특별시 송파구 문정동 62-5,현대(62-5),송파구
11710|문정동|63-8,서울특별시 송파구 문정동 63-8,브리앙뜨,송파구
11710|문정동|656,서울특별시 송파구 문정동 656,힐스테이트e편한세상문정,송파구
11710|문정동|67-14,서울특별시 송파구 문정동 67-14,동부화이트빌(2동),송파구
11710|문정동|68-1,서울특별시 송파구 문정동 68-1,자이파인빌(101동),송파구
11710|문정동|68-13,서울특별시 송파구 문정동 68-13,예그리나(2동),송파구
11710|문정동|68-15,서울특별시 송파구 문정동 68-15,예그리나(1동),송파구
11710|문정동|68-17,서울특별시 송파구 문정동 68-17,우민늘푸른,송파구
11710|문정동|68-5,서울특별시 송파구 문정동 68-5,자이파인빌(102동),송파구
11710|문정동|69-3,서울특별시 송파구 문정동 69-3,동궁리치웰(69-3),송파구
11710|문정동|70-16,서울특별시 송파구 문정동 70-16,그랜빌캐슬,송파구
11710|문정동|72-3,서울특별시 송파구 문정동 72-3,건영1,송파구
11710|문정동|74,서울특별시 송파구 문정동 74,동부브리앙뜨1,송파구
11710|문정동|81-1,서울특별시 송파구 문정동 81-1,아름빌,송파구
11710|문정동|88-11,서울특별시 송파구 문정동 88-11,미소로,송파구
11710|문정동|89-15,서울특별시 송파구 문정동 89-15,보라뷰2,송파구
11710|문정동|89-6,서울특별시 송파구 문정동 89-6,메트로IV,송파구
11710|문정동|91-19,서울특별시 송파구 문정동 91-19,보라뷰,송파구
11710|문정동|94-9,서울특별시 송파구 문정동 94-9,대림미소나눔,송파구
11710|문정동|96-12,서울특별시 송파구 문정동 96-12,삼형아파트,송파구
11710|방이동|103-24,서울특별시 송파구 방이동 103-24,몽촌(아),송파구
11710|방이동|104-4,서울특별시 송파구 방이동 104-4,아크로빌,송파구
11710|방이동|107-18,서울특별시 송파구 방이동 107-18,뉴파크플러스,송파구
11710|방이동|107-2,서울특별시 송파구 방이동 107-2,부광,송파구
11710|방이동|120-2,서울특별시 송파구 방이동 120-2,광명아파트,송파구
11710|방이동|124-18,서울특별시 송파구 방이동 124-18,서경아파트,송파구
11710|방이동|126-12,서울특별시 송파구 방이동 126-12,서림올림피아드,송파구
11710|방이동|126-5,서울특별시 송파구 방이동 126-5,서울탑빌라트,송파구
11710|방이동|130-19,서울특별시 송파구 방이동 130-19,인텍스빌,송파구
11710|방이동|134,서울특별시 송파구 방이동 134,보미리즌빌(101동),송파구
11710|방이동|134-1,서울특별시 송파구 방이동 134-1,정우아트빌A,송파구
11710|방이동|134-17,서울특별시 송파구 방이동 134-17,보미리즌빌(102동),송파구
11710|방이동|134-22,서울특별시 송파구 방이동 134-22,해동아파트B동(134-22),송파구
11710|방이동|134-5,서울특별시 송파구 방이동 134-5,해동아파트A동(134-5),송파구
11710|방이동|134-8,서울특별시 송파구 방이동 134-8,정우아트빌B,송파구
11710|방이동|148-7,서울특별시 송파구 방이동 148-7,은성아파트,송파구
11710|방이동|154-1,서울특별시 송파구 방이동 154-1,광남,송파구
11710|방이동|154-10,서울특별시 송파구 방이동 154-10,드림팰리스,송파구
11710|방이동|154-21,서울특별시 송파구 방이동 154-21,주함위너스Ⅰ,송파구
11710|방이동|154-3,서울특별시 송파구 방이동 154-3,주함위너스Ⅱ,송파구
11710|방이동|157,서울특별시 송파구 방이동 157,방이금호어울림,송파구
11710|방이동|168,서울특별시 송파구 방이동 168,한승,송파구
11710|방이동|169-1,서울특별시 송파구 방이동 169-1,신암밀리안아파트,송파구
11710|방이동|169-2,서울특별시 송파구 방이동 169-2,세원아파트,송파구
11710|방이동|171,서울특별시 송파구 방이동 171,올림픽베어스타운1,송파구
11710|방이동|173-1,서울특별시 송파구 방이동 173-1,원진아뜨리에,송파구
11710|방이동|177,서울특별시 송파구 방이동 177,도무스빌,송파구
11710|방이동|177-2,서울특별시 송파구 방이동 177-2,리치빌(177-2),송파구
11710|방이동|177-4,서울특별시 송파구 방이동 177-4,한솔빌라트,송파구
11710|방이동|177-6,서울특별시 송파구 방이동 177-6,방이동그린파크,송파구
11710|방이동|179-1,서울특별시 송파구 방이동 179-1,우광아파트,송파구
11710|방이동|180-8,서울특별시 송파구 방이동 180-8,해태그린피아빌라트,송파구
11710|방이동|181,서울특별시 송파구 방이동 181,태평양파크1,송파구
11710|방이동|182,서울특별시 송파구 방이동 182,올림픽타워1,송파구
11710|방이동|182-2,서울특별시 송파구 방이동 182-2,대양코리아나타워,송파구
11710|방이동|185,서울특별시 송파구 방이동 185,인택파크랜드,송파구
11710|방이동|185-5,서울특별시 송파구 방이동 185-5,(185-5),송파구
11710|방이동|186-12,서울특별시 송파구 방이동 186-12,인택스빌3차,송파구
11710|방이동|190-1,서울특별시 송파구 방이동 190-1,현대파크빌라트,송파구
11710|방이동|191,서울특별시 송파구 방이동 191,현대월드빌리지,송파구
11710|방이동|191-6,서울특별시 송파구 방이동 191-6,실버빌타운,송파구
11710|방이동|193-37,서울특별시 송파구 방이동 193-37,옥산크리스탈,송파구
11710|방이동|197,서울특별시 송파구 방이동 197,신구블레스밸리,송파구
11710|방이동|197-4,서울특별시 송파구 방이동 197-4,현대홈타운스위트101,송파구
11710|방이동|198,서울특별시 송파구 방이동 198,현대홈타운스위트102,송파구
11710|방이동|198-10,서울특별시 송파구 방이동 198-10,현대홈타운스위트105,송파구
11710|방이동|198-3,서울특별시 송파구 방이동 198-3,현대홈타운스위트103,송파구
11710|방이동|198-9,서울특별시 송파구 방이동 198-9,현대홈타운스위트104,송파구
11710|방이동|205-6,서울특별시 송파구 방이동 205-6,올림픽하이빌,송파구
11710|방이동|208-19,서울특별시 송파구 방이동 208-19,현대빌라(208-19),송파구
11710|방이동|211-1,서울특별시 송파구 방이동 211-1,윈저하우스,송파구
11710|방이동|211-7,서울특별시 송파구 방이동 211-7,디벨라지오,송파구
11710|방이동|212-3,서울특별시 송파구 방이동 212-3,한성나이스빌,송파구
11710|방이동|212-8,서울특별시 송파구 방이동 212-8,코오롱아파트,송파구
11710|방이동|217,서울특별시 송파구 방이동 217,대림,송파구
11710|방이동|222,서울특별시 송파구 방이동 222,인택스빌,송파구
11710|방이동|223-13,서울특별시 송파구 방이동 223-13,AQUADCASAS,송파구
11710|방이동|225,서울특별시 송파구 방이동 225,한양3,송파구
11710|방이동|39-2,서울특별시 송파구 방이동 39-2,신동아타워,송파구
11710|방이동|40,서울특별시 송파구 방이동 40,파라다이스빌(40-0),송파구
11710|방이동|454,서울특별시 송파구 방이동 454,트리니엘,송파구
11710|방이동|455,서울특별시 송파구 방이동 455,올림픽포레다움아파트,송파구
11710|방이동|456,서울특별시 송파구 방이동 456,잠실라펜앤,송파구
11710|방이동|46-1,서울특별시 송파구 방이동 46-1,이스턴잠실,송파구
11710|방이동|47-2,서울특별시 송파구 방이동 47-2,에비뉴잠실,송파구
11710|방이동|48-3,서울특별시 송파구 방이동 48-3,더원센트럴,송파구
11710|방이동|48-5,서울특별시 송파구 방이동 48-5,현대주상복합,송파구
11710|방이동|50-10,서울특별시 송파구 방이동 50-10,동광팰리스,송파구
11710|방이동|51,서울특별시 송파구 방이동 51,올림픽파크리움,송파구
11710|방이동|51-4,서울특별시 송파구 방이동 51-4,올림픽카운티,송파구
11710|방이동|89#11710-102,서울특별시 송파구 방이동 89,올림픽선수기자촌3단지,송파구
11710|방이동|89#11710-5714,서울특별시 송파구 방이동 89,올림픽선수기자촌1단지,송파구
11710|방이동|89#11710-5715,서울특별시 송파구 방이동 89,올림픽선수기자촌2단지,송파구
11710|방이동|98-9,서울특별시 송파구 방이동 98-9,그린파크빌아파트,송파구
11710|삼전동|164-5,서울특별시 송파구 삼전동 164-5,동승,송파구
11710|삼전동|166-10,서울특별시 송파구 삼전동 166-10,동신,송파구
11710|삼전동|38-11,서울특별시 송파구 삼전동 38-11,에이메스더리버송파,송파구
11710|삼전동|38-12,서울특별시 송파구 삼전동 38-12,하이파크아파트,송파구
11710|삼전동|38-19,서울특별시 송파구 삼전동 38-19,한양,송파구
11710|삼전동|38-26,서울특별시 송파구 삼전동 38-26,동원아이파크,송파구
11710|삼전동|39,서울특별시 송파구 삼전동 39,현대1,송파구
11710|삼전동|53-5,서울특별시 송파구 삼전동 53-5,삼성아파트,송파구
11710|삼전동|69-5,서울특별시 송파구 삼전동 69-5,하늘공원(69-5),송파구
11710|삼전동|7-16,서울특별시 송파구 삼전동 7-16,엘에스타워,송파구
11710|삼전동|72-9,서울특별시 송파구 삼전동 72-9,경덕,송파구
11710|삼전동|8,서울특별시 송파구 삼전동 8,레이크시티,송파구
11710|석촌동|1-1,서울특별시 송파구 석촌동 1-1,로쟌뷰,송파구
11710|석촌동|158-5,서울특별시 송파구 석촌동 158-5,미켈란호수가,송파구
11710|석촌동|164,서울특별시 송파구 석촌동 164,청솔레이크,송파구
11710|석촌동|173-1,서울특별시 송파구 석촌동 173-1,루컴스힐더테라스,송파구
11710|석촌동|216-4,서울특별시 송파구 석촌동 216-4,석촌,송파구
11710|석촌동|222-7,서울특별시 송파구 석촌동 222-7,배명씨앤디,송파구
11710|석촌동|224-2,서울특별시 송파구 석촌동 224-2,서원파인뷰(101동),송파구
11710|석촌동|224-3,서울특별시 송파구 석촌동 224-3,서원파인뷰(102동),송파구
11710|석촌동|226-2,서울특별시 송파구 석촌동 226-2,현대(201),송파구
11710|석촌동|227-10,서울특별시 송파구 석촌동 227-10,베스트휴,송파구
11710|석촌동|227-11,서울특별시 송파구 석촌동 227-11,은성,송파구
11710|석촌동|227-12,서울특별시 송파구 석촌동 227-12,밀란체1,송파구
11710|석촌동|24-3,서울특별시 송파구 석촌동 24-3,석촌호수효성해링턴타워,송파구
11710|석촌동|251-16,서울특별시 송파구 석촌동 251-16,K.L.C,송파구
11710|석촌동|253-2,서울특별시 송파구 석촌동 253-2,예명,송파구
11710|석촌동|280-4,서울특별시 송파구 석촌동 280-4,나래파크빌,송파구
11710|석촌동|282-12,서울특별시 송파구 석촌동 282-12,원남,송파구
11710|석촌동|285,서울특별시 송파구 석촌동 285,잠실한솔,송파구
11710|석촌동|297-28,서울특별시 송파구 석촌동 297-28,월드,송파구
11710|석촌동|54-31,서울특별시 송파구 석촌동 54-31,석촌동효신아파트,송파구
11710|석촌동|60-2,서울특별시 송파구 석촌동 60-2,신부파스카빌,송파구
11710|석촌동|77-7,서울특별시 송파구 석촌동 77-7,다성리치빌,송파구
11710|송파동|100,서울특별시 송파구 송파동 100,한양파크뷰,송파구
11710|송파동|104,서울특별시 송파구 송파동 104,힐스빌,송파구
11710|송파동|104-1,서울특별시 송파구 송파동 104-1,위례캐스빌,송파구
11710|송파동|118-2,서울특별시 송파구 송파동 118-2,에스-탑,송파구
11710|송파동|119,서울특별시 송파구 송파동 119,한양아파트,송파구
11710|송파동|12-2,서울특별시 송파구 송파동 12-2,엘에이치송파도시형생활주택,송파구
11710|송파동|132-4,서울특별시 송파구 송파동 132-4,온누리,송파구
11710|송파동|139-4,서울특별시 송파구 송파동 139-4,경일,송파구
11710|송파동|14,서울특별시 송파구 송파동 14,갑오빌라트,송파구
11710|송파동|151,서울특별시 송파구 송파동 151,2차한양아파트,송파구
11710|송파동|161,서울특별시 송파구 송파동 161,미성맨션,송파구
11710|송파동|162,서울특별시 송파구 송파동 162,송파삼성래미안아파트,송파구
11710|송파동|163-14,서울특별시 송파구 송파동 163-14,현대,송파구
11710|송파동|164,서울특별시 송파구 송파동 164,금강KCC,송파구
11710|송파동|166,서울특별시 송파구 송파동 166,가락삼익맨숀,송파구
11710|송파동|167,서울특별시 송파구 송파동 167,반도1차,송파구
11710|송파동|167-1,서울특별시 송파구 송파동 167-1,한영해시안아파트,송파구
11710|송파동|170,서울특별시 송파구 송파동 170,SK,송파구
11710|송파동|171#11710-13145,서울특별시 송파구 송파동 171,잠실더샵루벤,송파구
11710|송파동|171#11710-28,서울특별시 송파구 송파동 171,성지,송파구
11710|송파동|173-1,서울특별시 송파구 송파동 173-1,각산,송파구
11710|송파동|173-12,서울특별시 송파구 송파동 173-12,홍익봄마을,송파구
11710|송파동|180-7,서울특별시 송파구 송파동 180-7,노보빌아파트,송파구
11710|송파동|187-5,서울특별시 송파구 송파동 187-5,송정,송파구
11710|송파동|194-1,서울특별시 송파구 송파동 194-1,송파,송파구
11710|송파동|20-10,서울특별시 송파구 송파동 20-10,에스탑(20-10),송파구
11710|송파동|243,서울특별시 송파구 송파동 243,래미안송파파인탑,송파구
11710|송파동|244,서울특별시 송파구 송파동 244,송파포트힐한샘인사이드,송파구
11710|송파동|245,서울특별시 송파구 송파동 245,송파파밀리에더퍼스트,송파구
11710|송파동|246,서울특별시 송파구 송파동 246,송파센텀레이크,송파구
11710|송파동|31,서울특별시 송파구 송파동 31,여흥레이크빌,송파구
11710|송파동|31-2,서울특별시 송파구 송파동 31-2,현대레이크빌1,송파구
11710|송파동|32-1,서울특별시 송파구 송파동 32-1,경남레이크파크,송파구
11710|송파동|33,서울특별시 송파구 송파동 33,호수임광,송파구
11710|송파동|38,서울특별시 송파구 송파동 38,호수,송파구
11710|송파동|58-1,서울특별시 송파구 송파동 58-1,대우레이크월드,송파구
11710|송파동|58-15,서울특별시 송파구 송파동 58-15,트윈레이크팰리스빌,송파구
11710|송파동|58-4,서울특별시 송파구 송파동 58-4,레이크해모로,송파구
11710|송파동|7-1,서울특별시 송파구 송파동 7-1,아르누보팰리스,송파구
11710|신천동|11#11710-171,서울특별시 송파구 신천동 11,장미3,송파구
11710|신천동|11#11710-177,서울특별시 송파구 신천동 11,장미2,송파구
11710|신천동|11-10,서울특별시 송파구 신천동 11-10,잠실아이스페이스,송파구
11710|신천동|11-4,서울특별시 송파구 신천동 11-4,잠실푸르지오월드마크,송파구
11710|신천동|11-8,서울특별시 송파구 신천동 11-8,더샵스타리버,송파구
11710|신천동|11-9,서울특별시 송파구 신천동 11-9,한신잠실코아,송파구
11710|신천동|17,서울특별시 송파구 신천동 17,파크리오,송파구
11710|신천동|17-6#11710-13191,서울특별시 송파구 신천동 17-6,잠실르엘,송파구
11710|신천동|17-6#11710-166,서울특별시 송파구 신천동 17-6,미성,송파구
11710|신천동|17-6#11710-173,서울특별시 송파구 신천동 17-6,크로바,송파구
11710|신천동|20-4,서울특별시 송파구 신천동 20-4,진주,송파구
11710|신천동|7,서울특별시 송파구 신천동 7,장미1,송파구
11710|신천동|7-14,서울특별시 송파구 신천동 7-14,잠실더샵스타파크,송파구
11710|신천동|7-17,서울특별시 송파구 신천동 7-17,한빛웰리스,송파구
11710|신천동|7-18,서울특별시 송파구 신천동 7-18,롯데캐슬골드,송파구
11710|신천동|7-19,서울특별시 송파구 신천동 7-19,잠실시그마타워,송파구
11710|신천동|7-28,서울특별시 송파구 신천동 7-28,현대타워,송파구
11710|오금동|1-6,서울특별시 송파구 오금동 1-6,에스아이팰리스송파올림픽공원,송파구
11710|오금동|11,서울특별시 송파구 오금동 11,현대백조,송파구
11710|오금동|113-2,서울특별시 송파구 오금동 113-2,광남캐스빌,송파구
11710|오금동|114-29,서울특별시 송파구 오금동 114-29,한두리,송파구
11710|오금동|118-23,서울특별시 송파구 오금동 118-23,명성화인캐슬,송파구
11710|오금동|119-27,서울특별시 송파구 오금동 119-27,그랑밸리(119-27),송파구
11710|오금동|119-5,서울특별시 송파구 오금동 119-5,다성이즈빌,송파구
11710|오금동|130-3,서울특별시 송파구 오금동 130-3,더뷰21,송파구
11710|오금동|133-16,서울특별시 송파구 오금동 133-16,영풍,송파구
11710|오금동|134-29,서울특별시 송파구 오금동 134-29,미소,송파구
11710|오금동|135,서울특별시 송파구 오금동 135,송파두산위브,송파구
11710|오금동|138,서울특별시 송파구 오금동 138,우방,송파구
11710|오금동|160,서울특별시 송파구 오금동 160,삼성,송파구
11710|오금동|164,서울특별시 송파구 오금동 164,우창,송파구
11710|오금동|165,서울특별시 송파구 오금동 165,상아2차아파트,송파구
11710|오금동|166,서울특별시 송파구 오금동 166,상아1차아파트,송파구
11710|오금동|2,서울특별시 송파구 오금동 2,대림,송파구
11710|오금동|26-2,서울특별시 송파구 오금동 26-2,엘리시움아파트,송파구
11710|오금동|26-3,서울특별시 송파구 오금동 26-3,다성파크뷰,송파구
11710|오금동|29,서울특별시 송파구 오금동 29,쌍용스윗닷홈1단지,송파구
11710|오금동|29-5,서울특별시 송파구 오금동 29-5,오륜파크빌,송파구
11710|오금동|30-2,서울특별시 송파구 오금동 30-2,쌍용스위닷홈(201동),송파구
11710|오금동|31,서울특별시 송파구 오금동 31,쌍용스윗닷홈(301동),송파구
11710|오금동|31-2,서울특별시 송파구 오금동 31-2,쌍용스윗닷홈(401동),송파구
11710|오금동|4-7,서울특별시 송파구 오금동 4-7,노블레스카운티,송파구
11710|오금동|43,서울특별시 송파구 오금동 43,현대(2-4차),송파구
11710|오금동|45,서울특별시 송파구 오금동 45,르네상스빌,송파구
11710|오금동|49-3,서울특별시 송파구 오금동 49-3,리오파크빌,송파구
11710|오금동|54-1,서울특별시 송파구 오금동 54-1,혜성공원(101동),송파구
11710|오금동|54-4,서울특별시 송파구 오금동 54-4,대영공원(102동),송파구
11710|오금동|55-3,서울특별시 송파구 오금동 55-3,진성,송파구
11710|오금동|55-8,서울특별시 송파구 오금동 55-8,반석블레스빌,송파구
11710|오금동|615,서울특별시 송파구 오금동 615,올림픽파크센트레빌,송파구
11710|오금동|616,서울특별시 송파구 오금동 616,송파레미니스,송파구
11710|오금동|617,서울특별시 송파구 오금동 617,송파레미니스2단지,송파구
11710|오금동|619,서울특별시 송파구 오금동 619,송파호반베르디움더퍼스트,송파구
11710|오금동|64,서울특별시 송파구 오금동 64,그랑밸리(64),송파구
11710|오금동|67#11710-125,서울특별시 송파구 오금동 67,아남,송파구
11710|오금동|67#11710-9616,서울특별시 송파구 오금동 67,송파더플래티넘,송파구
11710|오금동|69-9,서울특별시 송파구 오금동 69-9,오금아르미안,송파구
11710|오금동|71-8,서울특별시 송파구 오금동 71-8,오금그랑밸리,송파구
11710|오금동|75,서울특별시 송파구 오금동 75,다성이즈빌클래식,송파구
11710|오금동|76,서울특별시 송파구 오금동 76,우송그린,송파구
11710|오금동|80-14,서울특별시 송파구 오금동 80-14,아키스,송파구
11710|오금동|80-15,서울특별시 송파구 오금동 80-15,슈프림하우스,송파구
11710|오금동|81-1,서울특별시 송파구 오금동 81-1,매그놀리아(2차),송파구
11710|오금동|81-2,서울특별시 송파구 오금동 81-2,매그놀리아(1차),송파구
11710|오금동|85-4,서울특별시 송파구 오금동 85-4,금성리치몬드,송파구
11710|오금동|9-7,서울특별시 송파구 오금동 9-7,노블하우스1,송파구
11710|잠실동|101-1,서울특별시 송파구 잠실동 101-1,우성아파트,송파구
11710|잠실동|175-4,서울특별시 송파구 잠실동 175-4,잠실월드메르디앙,송파구
11710|잠실동|183-12,서울특별시 송파구 잠실동 183-12,NS파인트리,송파구
11710|잠실동|19,서울특별시 송파구 잠실동 19,잠실엘스,송파구
11710|잠실동|22,서울특별시 송파구 잠실동 22,리센츠,송파구
11710|잠실동|239-6,서울특별시 송파구 잠실동 239-6,한영해시안아파트,송파구
11710|잠실동|250-5,서울특별시 송파구 잠실동 250-5,파크인-수,송파구
11710|잠실동|27,서울특별시 송파구 잠실동 27,주공아파트 5단지,송파구
11710|잠실동|305,서울특별시 송파구 잠실동 305,앙시레이크타워,송파구
11710|잠실동|307-2,서울특별시 송파구 잠실동 307-2,신동아예지움,송파구
11710|잠실동|320,서울특별시 송파구 잠실동 320,우성4차,송파구
11710|잠실동|331,서울특별시 송파구 잠실동 331,현대,송파구
11710|잠실동|336-5,서울특별시 송파구 잠실동 336-5,잠실포스코더샵,송파구
11710|잠실동|35,서울특별시 송파구 잠실동 35,트리지움,송파구
11710|잠실동|40,서울특별시 송파구 잠실동 40,갤러리아팰리스,송파구
11710|잠실동|44,서울특별시 송파구 잠실동 44,레이크팰리스,송파구
11710|잠실동|86,서울특별시 송파구 잠실동 86,아시아선수촌아파트,송파구
11710|장지동|833,서울특별시 송파구 장지동 833,송파파인타운1단지,송파구
11710|장지동|835,서울특별시 송파구 장지동 835,송파파인타운2단지,송파구
11710|장지동|837,서울특별시 송파구 장지동 837,송파파인타운4단지,송파구
11710|장지동|842,서울특별시 송파구 장지동 842,송파파인타운8단지,송파구
11710|장지동|842-1,서울특별시 송파구 장지동 842-1,송파해링턴타워,송파구
11710|장지동|843,서울특별시 송파구 장지동 843,송파파인타운9단지,송파구
11710|장지동|844,서울특별시 송파구 장지동 844,송파파인타운7단지,송파구
11710|장지동|845,서울특별시 송파구 장지동 845,송파파인타운5단지,송파구
11710|장지동|847,서울특별시 송파구 장지동 847,송파파인타운6단지,송파구
11710|장지동|849,서울특별시 송파구 장지동 849,송파파인타운3단지,송파구
11710|장지동|854,서울특별시 송파구 장지동 854,송파파인타운11단지,송파구
11710|장지동|855,서울특별시 송파구 장지동 855,송파파인타운12단지,송파구
11710|장지동|856,서울특별시 송파구 장지동 856,송파파인타운10단지,송파구
11710|장지동|857,서울특별시 송파구 장지동 857,송파파인타운13단지,송파구
11710|장지동|878,서울특별시 송파구 장지동 878,위례신도시송파푸르지오,송파구
11710|장지동|879,서울특별시 송파구 장지동 879,송파더센트레,송파구
11710|장지동|883,서울특별시 송파구 장지동 883,힐스테이트송파위례,송파구
11710|장지동|884,서울특별시 송파구 장지동 884,위례2차아이파크,송파구
11710|장지동|894,서울특별시 송파구 장지동 894,위례아이파크,송파구
11710|장지동|895,서울특별시 송파구 장지동 895,송파와이즈더샵,송파구
11710|장지동|896,서울특별시 송파구 장지동 896,위례중앙푸르지오2단지,송파구
11710|장지동|897,서울특별시 송파구 장지동 897,위례중앙푸르지오1단지,송파구
11710|장지동|901,서울특별시 송파구 장지동 901,위례24단지(꿈에그린),송파구
11710|풍납동|163,서울특별시 송파구 풍납동 163,대아(제101상가동),송파구
11710|풍납동|172,서울특별시 송파구 풍납동 172,대동1,송파구
11710|풍납동|214-6,서울특별시 송파구 풍납동 214-6,갑을,송파구
11710|풍납동|219,서울특별시 송파구 풍납동 219,미성,송파구
11710|풍납동|220-2,서울특별시 송파구 풍납동 220-2,신동아파밀리에,송파구
11710|풍납동|224-1,서울특별시 송파구 풍납동 224-1,케이앤피상상,송파구
11710|풍납동|251-2,서울특별시 송파구 풍납동 251-2,토성현대,송파구
11710|풍납동|254,서울특별시 송파구 풍납동 254,미랜드퀸,송파구
11710|풍납동|254-2,서울특별시 송파구 풍납동 254-2,송파N-suite,송파구
11710|풍납동|260,서울특별시 송파구 풍납동 260,현대리버빌1지구,송파구
11710|풍납동|261,서울특별시 송파구 풍납동 261,현대리버빌2지구,송파구
11710|풍납동|271-3,서울특별시 송파구 풍납동 271-3,신아,송파구
11710|풍납동|281-4,서울특별시 송파구 풍납동 281-4,이트리움송파(281-4),송파구
11710|풍납동|299-1,서울특별시 송파구 풍납동 299-1,강변현대,송파구
11710|풍납동|388-7,서울특별시 송파구 풍납동 388-7,우성,송파구
11710|풍납동|389,서울특별시 송파구 풍납동 389,삼용,송파구
11710|풍납동|391,서울특별시 송파구 풍납동 391,극동,송파구
11710|풍납동|398-16,서울특별시 송파구 풍납동 398-16,칼라,송파구
11710|풍납동|400-5,서울특별시 송파구 풍납동 400-5,연지토성,송파구
11710|풍납동|401-1,서울특별시 송파구 풍납동 401-1,쌍용,송파구
11710|풍납동|413-1,서울특별시 송파구 풍납동 413-1,현대1,송파구
11710|풍납동|506,서울특별시 송파구 풍납동 506,동아한가람1,송파구
11710|풍납동|508,서울특별시 송파구 풍납동 508,한강극동,송파구
11710|풍납동|509,서울특별시 송파구 풍납동 509,씨티극동1,송파구
11710|풍납동|510,서울특별시 송파구 풍납동 510,신성노바빌아파트,송파구
11710|풍납동|511,서울특별시 송파구 풍납동 511,송파현대힐스테이트,송파구
11710|풍납동|512,서울특별시 송파구 풍납동 512,송파해모로아파트,송파구
11710|풍납동|513,서울특별시 송파구 풍납동 513,금강캐스빌,송파구
11710|풍납동|514,서울특별시 송파구 풍납동 514,잠실올림픽공원아이파크,송파구
11710|풍납동|515,서울특별시 송파구 풍납동 515,올림픽레아아파트,송파구
11740|강일동|114,서울특별시 강동구 강일동 114,강동리버스트4단지,강동구
11740|강일동|66,서울특별시 강동구 강일동 66,강동리버스트8단지,강동구
11740|강일동|665,서울특별시 강동구 강일동 665,강일리버파크1단지,강동구
11740|강일동|668,서울특별시 강동구 강일동 668,강일리버파크2단지,강동구
11740|강일동|670,서울특별시 강동구 강일동 670,강일리버파크5단지,강동구
11740|강일동|673,서울특별시 강동구 강일동 673,강일리버파크4단지,강동구
11740|강일동|674,서울특별시 강동구 강일동 674,강일리버파크3단지,강동구
11740|강일동|684,서울특별시 강동구 강일동 684,강일리버파크6단지,강동구
11740|강일동|686,서울특별시 강동구 강일동 686,강일리버파크7단지,강동구
11740|강일동|695,서울특별시 강동구 강일동 695,강일리버파크10단지,강동구
11740|강일동|699,서울특별시 강동구 강일동 699,강일리버파크9단지,강동구
11740|강일동|701,서울특별시 강동구 강일동 701,강일리버파크8단지,강동구
11740|강일동|707,서울특별시 강동구 강일동 707,고덕리엔파크1단지,강동구
11740|강일동|717,서울특별시 강동구 강일동 717,고덕리엔파크2단지,강동구
11740|강일동|72,서울특별시 강동구 강일동 72,힐스테이트리슈빌강일,강동구
11740|고덕동|210-1,서울특별시 강동구 고덕동 210-1,고덕센트럴푸르지오,강동구
11740|고덕동|212,서울특별시 강동구 고덕동 212,주공2,강동구
11740|고덕동|220,서울특별시 강동구 고덕동 220,삼익그린12,강동구
11740|고덕동|312,서울특별시 강동구 고덕동 312,배재현대,강동구
11740|고덕동|470,서울특별시 강동구 고덕동 470,대우,강동구
11740|고덕동|486,서울특별시 강동구 고덕동 486,아남1,강동구
11740|고덕동|492,서울특별시 강동구 고덕동 492,고덕시영,강동구
11740|고덕동|499,서울특별시 강동구 고덕동 499,고덕 아이파크,강동구
11740|고덕동|688,서울특별시 강동구 고덕동 688,래미안힐스테이트고덕,강동구
11740|고덕동|693,서울특별시 강동구 고덕동 693,고덕그라시움,강동구
11740|고덕동|BL-3-1,서울특별시 강동구 고덕동 BL-3-1,고덕풍경채어바니티,강동구
11740|길동|100,서울특별시 강동구 길동 100,형인허브빌아파트,강동구
11740|길동|103-5,서울특별시 강동구 길동 103-5,청원파크빌3,강동구
11740|길동|106,서울특별시 강동구 길동 106,하이존,강동구
11740|길동|107,서울특별시 강동구 길동 107,동삼빌라트,강동구
11740|길동|143-4,서울특별시 강동구 길동 143-4,서한베네치아,강동구
11740|길동|146-1,서울특별시 강동구 길동 146-1,길동3차이룸,강동구
11740|길동|152-3,서울특별시 강동구 길동 152-3,엠프라자아파트(152-3),강동구
11740|길동|152-9,서울특별시 강동구 길동 152-9,엠프라자아파트(152-9),강동구
11740|길동|160,서울특별시 강동구 길동 160,신동아,강동구
11740|길동|184,서울특별시 강동구 길동 184,삼익세라믹,강동구
11740|길동|228,서울특별시 강동구 길동 228,해맞이에이동,강동구
11740|길동|228-11,서울특별시 강동구 길동 228-11,해맞이비동,강동구
11740|길동|229-3,서울특별시 강동구 길동 229-3,탑건위너빌1,강동구
11740|길동|237,서울특별시 강동구 길동 237,한건,강동구
11740|길동|241-5,서울특별시 강동구 길동 241-5,삼유스위트빌,강동구
11740|길동|242-6,서울특별시 강동구 길동 242-6,예전이룸1차,강동구
11740|길동|247,서울특별시 강동구 길동 247,광남캐스빌(247-0),강동구
11740|길동|320-9,서울특별시 강동구 길동 320-9,웅주아크로파크,강동구
11740|길동|323-1,서울특별시 강동구 길동 323-1,주풍그린빌,강동구
11740|길동|324-6,서울특별시 강동구 길동 324-6,다성이즈빌아파트,강동구
11740|길동|332,서울특별시 강동구 길동 332,한전우성1,강동구
11740|길동|334-3,서울특별시 강동구 길동 334-3,시가오똠,강동구
11740|길동|334-6,서울특별시 강동구 길동 334-6,시가오똠에이동,강동구
11740|길동|337-19,서울특별시 강동구 길동 337-19,예전이룸2차,강동구
11740|길동|339-1,서울특별시 강동구 길동 339-1,동서울오네뜨,강동구
11740|길동|343-1,서울특별시 강동구 길동 343-1,현대웰하임(101동),강동구
11740|길동|343-2,서울특별시 강동구 길동 343-2,현대웰하임(201동),강동구
11740|길동|344-5,서울특별시 강동구 길동 344-5,대상,강동구
11740|길동|346-1,서울특별시 강동구 길동 346-1,효성노바,강동구
11740|길동|347-20,서울특별시 강동구 길동 347-20,태솔,강동구
11740|길동|347-27,서울특별시 강동구 길동 347-27,예다움,강동구
11740|길동|348-4,서울특별시 강동구 길동 348-4,다성이즈빌,강동구
11740|길동|349-1,서울특별시 강동구 길동 349-1,다성이즈빌(349-1),강동구
11740|길동|350-9,서울특별시 강동구 길동 350-9,태흥,강동구
11740|길동|351-2,서울특별시 강동구 길동 351-2,신세대빌라트,강동구
11740|길동|352-3,서울특별시 강동구 길동 352-3,양촌,강동구
11740|길동|352-4,서울특별시 강동구 길동 352-4,길동쎈스빌주상복합,강동구
11740|길동|353-40,서울특별시 강동구 길동 353-40,유덕휴먼빌,강동구
11740|길동|355-2,서울특별시 강동구 길동 355-2,광남(355-2),강동구
11740|길동|356-8,서울특별시 강동구 길동 356-8,문화1,강동구
11740|길동|357-7,서울특별시 강동구 길동 357-7,다성이즈빌,강동구
11740|길동|358-1,서울특별시 강동구 길동 358-1,에스엠이로빌,강동구
11740|길동|358-3,서울특별시 강동구 길동 358-3,다성팰리스,강동구
11740|길동|358-7,서울특별시 강동구 길동 358-7,신대길파크하임,강동구
11740|길동|360-5,서울특별시 강동구 길동 360-5,태성,강동구
11740|길동|361-14,서울특별시 강동구 길동 361-14,엠엑스아뜨리에빌아파트,강동구
11740|길동|361-18,서울특별시 강동구 길동 361-18,청원파크빌2,강동구
11740|길동|365-1,서울특별시 강동구 길동 365-1,라인,강동구
11740|길동|370-20,서울특별시 강동구 길동 370-20,에이스빌(370-20),강동구
11740|길동|370-3,서울특별시 강동구 길동 370-3,에이스빌(370-3),강동구
11740|길동|371-9,서울특별시 강동구 길동 371-9,다성이즈빌,강동구
11740|길동|373-7,서울특별시 강동구 길동 373-7,신암,강동구
11740|길동|378-1,서울특별시 강동구 길동 378-1,SM드림빌,강동구
11740|길동|379,서울특별시 강동구 길동 379,에스엠이로빌(379-0),강동구
11740|길동|380-1,서울특별시 강동구 길동 380-1,SM빌,강동구
11740|길동|380-18,서울특별시 강동구 길동 380-18,광남아파트101동,강동구
11740|길동|380-6,서울특별시 강동구 길동 380-6,광남아파트102동,강동구
11740|길동|382-6,서울특별시 강동구 길동 382-6,우성,강동구
11740|길동|383-6,서울특별시 강동구 길동 383-6,동심훼밀리,강동구
11740|길동|383-7,서울특별시 강동구 길동 383-7,다오아트빌,강동구
11740|길동|383-8,서울특별시 강동구 길동 383-8,노블레스(383-8),강동구
11740|길동|384-1,서울특별시 강동구 길동 384-1,한빛골드빌1차,강동구
11740|길동|384-2,서울특별시 강동구 길동 384-2,골드빌4차,강동구
11740|길동|384-4,서울특별시 강동구 길동 384-4,에이치비골드빌(102동),강동구
11740|길동|384-5,서울특별시 강동구 길동 384-5,에이치비골드빌(103동),강동구
11740|길동|385-1,서울특별시 강동구 길동 385-1,예건타워빌,강동구
11740|길동|385-3,서울특별시 강동구 길동 385-3,광남벨라스613V,강동구
11740|길동|385-4,서울특별시 강동구 길동 385-4,이스트드림힐,강동구
11740|길동|385-6,서울특별시 강동구 길동 385-6,한일시티타워(우성아트빌),강동구
11740|길동|386-4,서울특별시 강동구 길동 386-4,에스아이팰리스강동센텀Ⅱ,강동구
11740|길동|387-2,서울특별시 강동구 길동 387-2,다성이즈빌(387-2),강동구
11740|길동|387-4,서울특별시 강동구 길동 387-4,다성이즈빌(387-4),강동구
11740|길동|387-5,서울특별시 강동구 길동 387-5,청광플러스원(큐브1차),강동구
11740|길동|388-2,서울특별시 강동구 길동 388-2,에스아이팰리스강동센텀I,강동구
11740|길동|388-4,서울특별시 강동구 길동 388-4,다성이즈빌아파트(388-4),강동구
11740|길동|388-5,서울특별시 강동구 길동 388-5,메트로아파트,강동구
11740|길동|388-7,서울특별시 강동구 길동 388-7,다성이즈빌(주상복합),강동구
11740|길동|389-9,서울특별시 강동구 길동 389-9,광남캐스빌(389-9),강동구
11740|길동|394-17,서울특별시 강동구 길동 394-17,율전에버그린아파트,강동구
11740|길동|396-1,서울특별시 강동구 길동 396-1,광남캐스빌아파트101동,강동구
11740|길동|400,서울특별시 강동구 길동 400,길동우성,강동구
11740|길동|401-1,서울특별시 강동구 길동 401-1,하나플러스,강동구
11740|길동|410-3,서울특별시 강동구 길동 410-3,광남캐스빌610V,강동구
11740|길동|413-11,서울특별시 강동구 길동 413-11,경지Arium,강동구
11740|길동|413-8,서울특별시 강동구 길동 413-8,동남아이스타즈,강동구
11740|길동|414-10,서울특별시 강동구 길동 414-10,강동한신휴플러스,강동구
11740|길동|414-4,서울특별시 강동구 길동 414-4,강동와이시티,강동구
11740|길동|414-5,서울특별시 강동구 길동 414-5,골드클래스,강동구
11740|길동|414-6,서울특별시 강동구 길동 414-6,신암가온,강동구
11740|길동|414-9,서울특별시 강동구 길동 414-9,거산유팰리스2차,강동구
11740|길동|415-11,서울특별시 강동구 길동 415-11,한솔브리즈,강동구
11740|길동|415-13,서울특별시 강동구 길동 415-13,강동큐브(2차),강동구
11740|길동|415-16,서울특별시 강동구 길동 415-16,청광플러스원큐브3차,강동구
11740|길동|415-5,서울특별시 강동구 길동 415-5,중앙하이츠강동,강동구
11740|길동|416-17,서울특별시 강동구 길동 416-17,다성이즈빌,강동구
11740|길동|416-3,서울특별시 강동구 길동 416-3,다성이즈텔,강동구
11740|길동|43,서울특별시 강동구 길동 43,신동아3,강동구
11740|길동|445-1,서울특별시 강동구 길동 445-1,강동역에스케이허브,강동구
11740|길동|45,서울특별시 강동구 길동 45,우림루미아트,강동구
11740|길동|456-2,서울특별시 강동구 길동 456-2,하이브,강동구
11740|길동|456-3,서울특별시 강동구 길동 456-3,강동큐브,강동구
11740|길동|456-4,서울특별시 강동구 길동 456-4,다성이즈빌,강동구
11740|길동|457,서울특별시 강동구 길동 457,청광플러스원큐브2차,강동구
11740|길동|457-1,서울특별시 강동구 길동 457-1,강동렘브란트,강동구
11740|길동|470,서울특별시 강동구 길동 470,현대1,강동구
11740|길동|472,서울특별시 강동구 길동 472,희훈리치파크1,강동구
11740|길동|474,서울특별시 강동구 길동 474,강동LG자이,강동구
11740|길동|475,서울특별시 강동구 길동 475,장인이즈빌,강동구
11740|길동|477,서울특별시 강동구 길동 477,이편한세상강동에코포레,강동구
11740|길동|480,서울특별시 강동구 길동 480,길동다성이즈빌,강동구
11740|길동|481,서울특별시 강동구 길동 481,다성이즈빌,강동구
11740|길동|483,서울특별시 강동구 길동 483,강동헤리티지자이,강동구
11740|길동|53,서울특별시 강동구 길동 53,삼익파크맨션,강동구
11740|길동|74,서울특별시 강동구 길동 74,골든빌,강동구
11740|길동|83-2,서울특별시 강동구 길동 83-2,태천해오름18차,강동구
11740|길동|92,서울특별시 강동구 길동 92,신동아4,강동구
11740|길동|97-6,서울특별시 강동구 길동 97-6,SM해그린12차,강동구
11740|길동|99-1,서울특별시 강동구 길동 99-1,도림씨티빌1,강동구
11740|둔촌동|104-3,서울특별시 강동구 둔촌동 104-3,율전에버그린,강동구
11740|둔촌동|134-10,서울특별시 강동구 둔촌동 134-10,신성둔촌미소지움2,강동구
11740|둔촌동|135-1,서울특별시 강동구 둔촌동 135-1,현대3,강동구
11740|둔촌동|170-1#11740-211,서울특별시 강동구 둔촌동 170-1,둔촌주공4단지,강동구
11740|둔촌동|170-1#11740-75,서울특별시 강동구 둔촌동 170-1,둔촌주공1단지,강동구
11740|둔촌동|174-1#11740-209,서울특별시 강동구 둔촌동 174-1,둔촌주공2단지,강동구
11740|둔촌동|174-1#11740-76,서울특별시 강동구 둔촌동 174-1,둔촌주공3단지,강동구
11740|둔촌동|30-4,서울특별시 강동구 둔촌동 30-4,더샵둔촌포레,강동구
11740|둔촌동|31-1,서울특별시 강동구 둔촌동 31-1,미랜드퀸아파트102동,강동구
11740|둔촌동|425-3,서울특별시 강동구 둔촌동 425-3,태천해오름,강동구
11740|둔촌동|426,서울특별시 강동구 둔촌동 426,세양청마루,강동구
11740|둔촌동|435-2,서울특별시 강동구 둔촌동 435-2,상상프리,강동구
11740|둔촌동|435-3,서울특별시 강동구 둔촌동 435-3,광남캐스빌103동,강동구
11740|둔촌동|435-4,서울특별시 강동구 둔촌동 435-4,광남캐스빌105동,강동구
11740|둔촌동|435-5,서울특별시 강동구 둔촌동 435-5,월드메르디앙올림픽파크,강동구
11740|둔촌동|435-7,서울특별시 강동구 둔촌동 435-7,광남캐스빌101동,강동구
11740|둔촌동|435-8,서울특별시 강동구 둔촌동 435-8,광남캐스빌102동,강동구
11740|둔촌동|446-4,서울특별시 강동구 둔촌동 446-4,도원빌,강동구
11740|둔촌동|46-20,서울특별시 강동구 둔촌동 46-20,찬솔,강동구
11740|둔촌동|46-41,서울특별시 강동구 둔촌동 46-41,미랜드퀸아파트101동,강동구
11740|둔촌동|488,서울특별시 강동구 둔촌동 488,아인리베,강동구
11740|둔촌동|490-3,서울특별시 강동구 둔촌동 490-3,다원애버니아,강동구
11740|둔촌동|490-9,서울특별시 강동구 둔촌동 490-9,한솔,강동구
11740|둔촌동|511-2,서울특별시 강동구 둔촌동 511-2,케이엔피로얄,강동구
11740|둔촌동|518-1,서울특별시 강동구 둔촌동 518-1,그랜드1,강동구
11740|둔촌동|518-13,서울특별시 강동구 둔촌동 518-13,광남아파트102동,강동구
11740|둔촌동|518-2,서울특별시 강동구 둔촌동 518-2,광남아파트101동,강동구
11740|둔촌동|518-6,서울특별시 강동구 둔촌동 518-6,경방필하우스,강동구
11740|둔촌동|544,서울특별시 강동구 둔촌동 544,라이프101동(544)102동(544-1),강동구
11740|둔촌동|545,서울특별시 강동구 둔촌동 545,둔촌하이츠,강동구
11740|둔촌동|546,서울특별시 강동구 둔촌동 546,신성둔촌미소지움1,강동구
11740|둔촌동|555,서울특별시 강동구 둔촌동 555,신동아파밀리에,강동구
11740|둔촌동|556,서울특별시 강동구 둔촌동 556,암펠로스타워,강동구
11740|둔촌동|603,서울특별시 강동구 둔촌동 603,프라자,강동구
11740|둔촌동|61-12,서울특별시 강동구 둔촌동 61-12,동호리츠빌,강동구
11740|둔촌동|61-8,서울특별시 강동구 둔촌동 61-8,태상아트빌,강동구
11740|둔촌동|61-9,서울특별시 강동구 둔촌동 61-9,노바,강동구
11740|둔촌동|611,서울특별시 강동구 둔촌동 611,한솔솔파크,강동구
11740|둔촌동|613,서울특별시 강동구 둔촌동 613,성원,강동구
11740|둔촌동|62,서울특별시 강동구 둔촌동 62,KNP이스트빌,강동구
11740|둔촌동|621,서울특별시 강동구 둔촌동 621,초원동아,강동구
11740|둔촌동|622-12,서울특별시 강동구 둔촌동 622-12,주풍그린빌라트,강동구
11740|둔촌동|630,서울특별시 강동구 둔촌동 630,둔촌푸르지오,강동구
11740|둔촌동|631,서울특별시 강동구 둔촌동 631,광남캐스빌(631),강동구
11740|둔촌동|632,서울특별시 강동구 둔촌동 632,둔촌현대수린나아파트,강동구
11740|둔촌동|633,서울특별시 강동구 둔촌동 633,올림픽파크포레온,강동구
11740|둔촌동|64,서울특별시 강동구 둔촌동 64,청호뜨레피움퍼스트아파트,강동구
11740|둔촌동|65-4,서울특별시 강동구 둔촌동 65-4,둔촌늘푸른,강동구
11740|둔촌동|654,서울특별시 강동구 둔촌동 654,더샵파크솔레이유,강동구
11740|둔촌동|67,서울특별시 강동구 둔촌동 67,KNP주상복합1,강동구
11740|둔촌동|70-5,서울특별시 강동구 둔촌동 70-5,현대2,강동구
11740|둔촌동|89,서울특별시 강동구 둔촌동 89,현대4,강동구
11740|둔촌동|90,서울특별시 강동구 둔촌동 90,청원파크빌,강동구
11740|둔촌동|94-16,서울특별시 강동구 둔촌동 94-16,동아,강동구
11740|명일동|15,서울특별시 강동구 명일동 15,삼익그린2차,강동구
11740|명일동|251-1,서울특별시 강동구 명일동 251-1,현대(명일),강동구
11740|명일동|257,서울특별시 강동구 명일동 257,고덕주공9,강동구
11740|명일동|270,서울특별시 강동구 명일동 270,삼익가든,강동구
11740|명일동|294,서울특별시 강동구 명일동 294,삼익그린1차,강동구
11740|명일동|312-16,서울특별시 강동구 명일동 312-16,세비앙,강동구
11740|명일동|312-165,서울특별시 강동구 명일동 312-165,우성103동,강동구
11740|명일동|312-256,서울특별시 강동구 명일동 312-256,삼보힐아파트,강동구
11740|명일동|312-257,서울특별시 강동구 명일동 312-257,우성102동,강동구
11740|명일동|326-9,서울특별시 강동구 명일동 326-9,중앙,강동구
11740|명일동|332,서울특별시 강동구 명일동 332,명일지에스아파트,강동구
11740|명일동|335-7,서울특별시 강동구 명일동 335-7,해밀,강동구
11740|명일동|336-12,서울특별시 강동구 명일동 336-12,KNP,강동구
11740|명일동|343-10,서울특별시 강동구 명일동 343-10,동은,강동구
11740|명일동|344-16,서울특별시 강동구 명일동 344-16,한강훼미리,강동구
11740|명일동|346-10,서울특별시 강동구 명일동 346-10,다성이즈빌(346-10),강동구
11740|명일동|346-12,서울특별시 강동구 명일동 346-12,다성이즈빌(346-12),강동구
11740|명일동|348-1,서울특별시 강동구 명일동 348-1,다성이즈빌(명일4차),강동구
11740|명일동|348-4,서울특별시 강동구 명일동 348-4,동은그랜드,강동구
11740|명일동|351-11,서울특별시 강동구 명일동 351-11,태천해오름103동,강동구
11740|명일동|351-5,서울특별시 강동구 명일동 351-5,다성씨티(1차),강동구
11740|명일동|352-18,서울특별시 강동구 명일동 352-18,태천해오름102동B,강동구
11740|명일동|352-5,서울특별시 강동구 명일동 352-5,다성씨티(2),강동구
11740|명일동|352-8,서울특별시 강동구 명일동 352-8,태천해오름102동A,강동구
11740|명일동|354,서울특별시 강동구 명일동 354,형인허브빌,강동구
11740|명일동|355,서울특별시 강동구 명일동 355,태천해오름101동,강동구
11740|명일동|356,서울특별시 강동구 명일동 356,우성101동,강동구
11740|명일동|357,서울특별시 강동구 명일동 357,에스엠해그린,강동구
11740|명일동|358,서울특별시 강동구 명일동 358,명일동다성이즈빌아파트,강동구
11740|명일동|359,서울특별시 강동구 명일동 359,래미안솔베뉴,강동구
11740|명일동|360,서울특별시 강동구 명일동 360,시앤디아파트,강동구
11740|명일동|38,서울특별시 강동구 명일동 38,삼익그린11차,강동구
11740|명일동|41,서울특별시 강동구 명일동 41,고덕삼환아파트,강동구
11740|명일동|42,서울특별시 강동구 명일동 42,명일우성,강동구
11740|명일동|44,서울특별시 강동구 명일동 44,신동아,강동구
11740|명일동|47,서울특별시 강동구 명일동 47,삼환,강동구
11740|명일동|47-12,서울특별시 강동구 명일동 47-12,명일진로,강동구
11740|명일동|48-12,서울특별시 강동구 명일동 48-12,동양타워,강동구
11740|명일동|54,서울특별시 강동구 명일동 54,한양,강동구
11740|명일동|56,서울특별시 강동구 명일동 56,현대(고덕),강동구
11740|상일동|121,서울특별시 강동구 상일동 121,주공3,강동구
11740|상일동|124,서울특별시 강동구 상일동 124,주공6,강동구
11740|상일동|131,서울특별시 강동구 상일동 131,주공5,강동구
11740|상일동|134,서울특별시 강동구 상일동 134,주공4,강동구
11740|상일동|187,서울특별시 강동구 상일동 187,주공7,강동구
11740|상일동|28,서울특별시 강동구 상일동 28,강동리엔파크14단지,강동구
11740|상일동|473,서울특별시 강동구 상일동 473,동아,강동구
11740|상일동|476,서울특별시 강동구 상일동 476,중앙하이츠,강동구
11740|상일동|490,서울특별시 강동구 상일동 490,고덕리엔파크3단지,강동구
11740|상일동|513,서울특별시 강동구 상일동 513,고덕센트럴IPARK,강동구
11740|상일동|514,서울특별시 강동구 상일동 514,고덕롯데캐슬베네루체,강동구
11740|상일동|515,서울특별시 강동구 상일동 515,고덕숲아이파크,강동구
11740|상일동|519,서울특별시 강동구 상일동 519,고덕아르테온,강동구
11740|상일동|521,서울특별시 강동구 상일동 521,고덕자이,강동구
11740|상일동|555,서울특별시 강동구 상일동 555,고덕아르테스미소지움,강동구
11740|성내동|111-64,서울특별시 강동구 성내동 111-64,포레스(A동),강동구
11740|성내동|111-66,서울특별시 강동구 성내동 111-66,포레스(B동),강동구
11740|성내동|111-67,서울특별시 강동구 성내동 111-67,포레스(C동),강동구
11740|성내동|13-15,서울특별시 강동구 성내동 13-15,동남드림빌,강동구
11740|성내동|137,서울특별시 강동구 성내동 137,성내2차e-편한세상,강동구
11740|성내동|164-1,서울특별시 강동구 성내동 164-1,씨제이나인,강동구
11740|성내동|194,서울특별시 강동구 성내동 194,에스케이허브진,강동구
11740|성내동|196-8,서울특별시 강동구 성내동 196-8,코오롱(1차),강동구
11740|성내동|199-18,서울특별시 강동구 성내동 199-18,아이퍼스트빌,강동구
11740|성내동|199-19,서울특별시 강동구 성내동 199-19,한솔애리즈601동,강동구
11740|성내동|199-4,서울특별시 강동구 성내동 199-4,한솔브리즈(199-4),강동구
11740|성내동|203-5,서울특별시 강동구 성내동 203-5,성주아트빌,강동구
11740|성내동|244-12,서울특별시 강동구 성내동 244-12,LIGA,강동구
11740|성내동|244-5,서울특별시 강동구 성내동 244-5,한양립스,강동구
11740|성내동|244-6,서울특별시 강동구 성내동 244-6,건영아모리움,강동구
11740|성내동|244-8,서울특별시 강동구 성내동 244-8,늘조은,강동구
11740|성내동|25-1,서울특별시 강동구 성내동 25-1,이안강동,강동구
11740|성내동|295,서울특별시 강동구 성내동 295,성안마을청구,강동구
11740|성내동|30-2,서울특별시 강동구 성내동 30-2,현대,강동구
11740|성내동|320-1,서울특별시 강동구 성내동 320-1,신주,강동구
11740|성내동|378-6,서울특별시 강동구 성내동 378-6,용명브릿지2차,강동구
11740|성내동|382-1,서울특별시 강동구 성내동 382-1,샤인빌(A동),강동구
11740|성내동|382-16,서울특별시 강동구 성내동 382-16,샤인빌(B동),강동구
11740|성내동|383-11,서울특별시 강동구 성내동 383-11,현대상가,강동구
11740|성내동|386,서울특별시 강동구 성내동 386,비앤비(101동),강동구
11740|성내동|386-6,서울특별시 강동구 성내동 386-6,우성(102동),강동구
11740|성내동|386-74,서울특별시 강동구 성내동 386-74,우성(104동),강동구
11740|성내동|386-82,서울특별시 강동구 성내동 386-82,비앤비(102동),강동구
11740|성내동|386-83,서울특별시 강동구 성내동 386-83,우성(101동),강동구
11740|성내동|387-48,서울특별시 강동구 성내동 387-48,해가든,강동구
11740|성내동|396-10,서울특별시 강동구 성내동 396-10,일심,강동구
11740|성내동|405-5,서울특별시 강동구 성내동 405-5,한솔애리즈(405-5),강동구
11740|성내동|405-9,서울특별시 강동구 성내동 405-9,한솔애리즈,강동구
11740|성내동|407-2,서울특별시 강동구 성내동 407-2,동방,강동구
11740|성내동|409-8,서울특별시 강동구 성내동 409-8,운암화인빌,강동구
11740|성내동|410-15,서울특별시 강동구 성내동 410-15,성내웰빙시티,강동구
11740|성내동|410-16,서울특별시 강동구 성내동 410-16,한솔애리즈1,강동구
11740|성내동|410-2,서울특별시 강동구 성내동 410-2,중앙하이츠,강동구
11740|성내동|410-43,서울특별시 강동구 성내동 410-43,한강훼미리,강동구
11740|성내동|412,서울특별시 강동구 성내동 412,둔촌역아치스톤(101동),강동구
11740|성내동|412-1,서울특별시 강동구 성내동 412-1,태천해오름(412-1),강동구
11740|성내동|413-6,서울특별시 강동구 성내동 413-6,신이모닝빌,강동구
11740|성내동|416-11,서울특별시 강동구 성내동 416-11,동일상가,강동구
11740|성내동|417-1,서울특별시 강동구 성내동 417-1,한솔애리즈202동,강동구
11740|성내동|419,서울특별시 강동구 성내동 419,집앤사비카,강동구
11740|성내동|419-1,서울특별시 강동구 성내동 419-1,둔촌역청구,강동구
11740|성내동|419-11,서울특별시 강동구 성내동 419-11,주성AURA1,강동구
11740|성내동|419-13,서울특별시 강동구 성내동 419-13,동아1,강동구
11740|성내동|419-46,서울특별시 강동구 성내동 419-46,성내동AURAⅡ,강동구
11740|성내동|420-16,서울특별시 강동구 성내동 420-16,대주그린빌,강동구
11740|성내동|420-2,서울특별시 강동구 성내동 420-2,한솔애리즈3차,강동구
11740|성내동|420-20,서울특별시 강동구 성내동 420-20,미랜드프레임빌,강동구
11740|성내동|420-9,서울특별시 강동구 성내동 420-9,태천,강동구
11740|성내동|422,서울특별시 강동구 성내동 422,태천해오름15차,강동구
11740|성내동|423-15,서울특별시 강동구 성내동 423-15,신성,강동구
11740|성내동|423-64,서울특별시 강동구 성내동 423-64,다성이즈빌,강동구
11740|성내동|424-12,서울특별시 강동구 성내동 424-12,동아2,강동구
11740|성내동|427-74,서울특별시 강동구 성내동 427-74,태천해오름,강동구
11740|성내동|428-2,서울특별시 강동구 성내동 428-2,파크프라자,강동구
11740|성내동|429-6,서울특별시 강동구 성내동 429-6,메이저,강동구
11740|성내동|433-12,서울특별시 강동구 성내동 433-12,삼진,강동구
11740|성내동|434-13,서울특별시 강동구 성내동 434-13,다성이즈빌아파트,강동구
11740|성내동|434-32,서울특별시 강동구 성내동 434-32,아미캐슬(434-32),강동구
11740|성내동|434-4,서울특별시 강동구 성내동 434-4,중명,강동구
11740|성내동|435-10,서울특별시 강동구 성내동 435-10,스위트빌(435-10),강동구
11740|성내동|435-2,서울특별시 강동구 성내동 435-2,한독,강동구
11740|성내동|435-5,서울특별시 강동구 성내동 435-5,로얄,강동구
11740|성내동|435-7,서울특별시 강동구 성내동 435-7,광남캐스빌(435-7),강동구
11740|성내동|437-26,서울특별시 강동구 성내동 437-26,영진파크빌(437-26),강동구
11740|성내동|438,서울특별시 강동구 성내동 438,한솔애리즈501동,강동구
11740|성내동|438-2,서울특별시 강동구 성내동 438-2,센츄럴(438-2),강동구
11740|성내동|438-56,서울특별시 강동구 성내동 438-56,한솔애리즈(438-56),강동구
11740|성내동|438-6,서울특별시 강동구 성내동 438-6,센츄럴(438-6),강동구
11740|성내동|439-2,서울특별시 강동구 성내동 439-2,라움,강동구
11740|성내동|440-27,서울특별시 강동구 성내동 440-27,오륜아크로빌,강동구
11740|성내동|443-21,서울특별시 강동구 성내동 443-21,갑지하이린,강동구
11740|성내동|443-24,서울특별시 강동구 성내동 443-24,오륜하이츠,강동구
11740|성내동|443-26,서울특별시 강동구 성내동 443-26,광남캐스빌(443-26),강동구
11740|성내동|444,서울특별시 강동구 성내동 444,백룡도원,강동구
11740|성내동|444-4,서울특별시 강동구 성내동 444-4,강동네스빌,강동구
11740|성내동|445-4,서울특별시 강동구 성내동 445-4,광남벨라스타워,강동구
11740|성내동|446-11,서울특별시 강동구 성내동 446-11,동남1,강동구
11740|성내동|446-12,서울특별시 강동구 성내동 446-12,동남2,강동구
11740|성내동|446-17,서울특별시 강동구 성내동 446-17,올림픽파크힐,강동구
11740|성내동|447-2,서울특별시 강동구 성내동 447-2,강동다온채,강동구
11740|성내동|447-5,서울특별시 강동구 성내동 447-5,타운빌라트,강동구
11740|성내동|448-14,서울특별시 강동구 성내동 448-14,하나플러스,강동구
11740|성내동|448-17,서울특별시 강동구 성내동 448-17,인택스파크뷰,강동구
11740|성내동|448-18,서울특별시 강동구 성내동 448-18,올림픽파크플러스,강동구
11740|성내동|448-5,서울특별시 강동구 성내동 448-5,광남캐스빌(448-5),강동구
11740|성내동|452-2,서울특별시 강동구 성내동 452-2,파크뷰진도맨션,강동구
11740|성내동|452-3,서울특별시 강동구 성내동 452-3,신호빌라트,강동구
11740|성내동|454-1,서울특별시 강동구 성내동 454-1,해가든(454-1),강동구
11740|성내동|454-15,서울특별시 강동구 성내동 454-15,대은팰리스뷰,강동구
11740|성내동|455-3,서울특별시 강동구 성내동 455-3,호암아펙스,강동구
11740|성내동|456-8,서울특별시 강동구 성내동 456-8,동원2,강동구
11740|성내동|457-4,서울특별시 강동구 성내동 457-4,동원,강동구
11740|성내동|459-2,서울특별시 강동구 성내동 459-2,청구빌라트,강동구
11740|성내동|459-9,서울특별시 강동구 성내동 459-9,삼성파크타워,강동구
11740|성내동|460,서울특별시 강동구 성내동 460,몽촌토성,강동구
11740|성내동|460-1,서울특별시 강동구 성내동 460-1,현대제이드,강동구
11740|성내동|463-1,서울특별시 강동구 성내동 463-1,탑건위너빌,강동구
11740|성내동|465-1,서울특별시 강동구 성내동 465-1,코랜드빌리지,강동구
11740|성내동|466-1,서울특별시 강동구 성내동 466-1,운암화인빌102,강동구
11740|성내동|467-1,서울특별시 강동구 성내동 467-1,새한올림픽,강동구
11740|성내동|468,서울특별시 강동구 성내동 468,현대토파즈,강동구
11740|성내동|468-3,서울특별시 강동구 성내동 468-3,파크뷰캐슬,강동구
11740|성내동|468-6,서울특별시 강동구 성내동 468-6,현대코럴,강동구
11740|성내동|508-2,서울특별시 강동구 성내동 508-2,드림스빌,강동구
11740|성내동|51,서울특별시 강동구 성내동 51,성내동대성,강동구
11740|성내동|510-1,서울특별시 강동구 성내동 510-1,광남캐스빌(510-1),강동구
11740|성내동|513,서울특별시 강동구 성내동 513,중앙,강동구
11740|성내동|542,서울특별시 강동구 성내동 542,노블네스트,강동구
11740|성내동|542-1,서울특별시 강동구 성내동 542-1,집앤사베니아파트,강동구
11740|성내동|545-7,서울특별시 강동구 성내동 545-7,집앤사비디아파트,강동구
11740|성내동|545-8,서울특별시 강동구 성내동 545-8,집앤사비키아파트,강동구
11740|성내동|548-4,서울특별시 강동구 성내동 548-4,에스아이팰리스센트럴성내,강동구
11740|성내동|549-5,서울특별시 강동구 성내동 549-5,성내스테이,강동구
11740|성내동|551-4,서울특별시 강동구 성내동 551-4,다성이즈빌,강동구
11740|성내동|552-1,서울특별시 강동구 성내동 552-1,한영해시안아파트,강동구
11740|성내동|565,서울특별시 강동구 성내동 565,선광,강동구
11740|성내동|590,서울특별시 강동구 성내동 590,성내동삼성아파트,강동구
11740|성내동|592,서울특별시 강동구 성내동 592,원다빌2,강동구
11740|성내동|593,서울특별시 강동구 성내동 593,영풍마드레빌,강동구
11740|성내동|594,서울특별시 강동구 성내동 594,한솔브리즈,강동구
11740|성내동|595,서울특별시 강동구 성내동 595,코오롱2,강동구
11740|성내동|596,서울특별시 강동구 성내동 596,경보그레이스힐,강동구
11740|성내동|597,서울특별시 강동구 성내동 597,한솔애리즈2차,강동구
11740|성내동|598,서울특별시 강동구 성내동 598,성내1차e-편한세상,강동구
11740|성내동|599,서울특별시 강동구 성내동 599,우림루미아트,강동구
11740|성내동|600,서울특별시 강동구 성내동 600,성내3차e-편한세상,강동구
11740|성내동|601,서울특별시 강동구 성내동 601,하나플러스ll,강동구
11740|성내동|602,서울특별시 강동구 성내동 602,광남캐스빌3,강동구
11740|성내동|603,서울특별시 강동구 성내동 603,신일유토빌(603-0),강동구
11740|성내동|604,서울특별시 강동구 성내동 604,금광포란재,강동구
11740|성내동|605,서울특별시 강동구 성내동 605,파라디아,강동구
11740|성내동|606,서울특별시 강동구 성내동 606,올림픽파크한양수자인,강동구
11740|성내동|607,서울특별시 강동구 성내동 607,라움포레,강동구
11740|성내동|608,서울특별시 강동구 성내동 608,힐데스하임올림픽파크아파트,강동구
11740|성내동|611,서울특별시 강동구 성내동 611,그란츠리버파크,강동구
11740|암사동|400,서울특별시 강동구 암사동 400,현대홈타운,강동구
11740|암사동|413,서울특별시 강동구 암사동 413,프라이어팰리스,강동구
11740|암사동|414-2,서울특별시 강동구 암사동 414-2,롯데캐슬퍼스트,강동구
11740|암사동|419,서울특별시 강동구 암사동 419,암사동한솔,강동구
11740|암사동|422-26,서울특별시 강동구 암사동 422-26,암사e편한세상,강동구
11740|암사동|440-4,서울특별시 강동구 암사동 440-4,대송,강동구
11740|암사동|440-7,서울특별시 강동구 암사동 440-7,풍천,강동구
11740|암사동|441-1,서울특별시 강동구 암사동 441-1,다성리버빌,강동구
11740|암사동|441-10,서울특별시 강동구 암사동 441-10,정산(101동),강동구
11740|암사동|441-2,서울특별시 강동구 암사동 441-2,정산(102동),강동구
11740|암사동|441-3,서울특별시 강동구 암사동 441-3,정산(103동),강동구
11740|암사동|442,서울특별시 강동구 암사동 442,암사라인,강동구
11740|암사동|442-1,서울특별시 강동구 암사동 442-1,한강현대,강동구
11740|암사동|445,서울특별시 강동구 암사동 445,한강포스파크,강동구
11740|암사동|446-21,서울특별시 강동구 암사동 446-21,양지벨로스,강동구
11740|암사동|446-3,서울특별시 강동구 암사동 446-3,영상라이브센스,강동구
11740|암사동|447-8,서울특별시 강동구 암사동 447-8,대명,강동구
11740|암사동|449,서울특별시 강동구 암사동 449,한양그린,강동구
11740|암사동|450-10,서울특별시 강동구 암사동 450-10,신동아빌라트,강동구
11740|암사동|453-38,서울특별시 강동구 암사동 453-38,평대정원,강동구
11740|암사동|454-10,서울특별시 강동구 암사동 454-10,삼화그린,강동구
11740|암사동|459-1,서울특별시 강동구 암사동 459-1,다성이즈빌,강동구
11740|암사동|461,서울특별시 강동구 암사동 461,대원,강동구
11740|암사동|463-18,서울특별시 강동구 암사동 463-18,우암쎈스뷰,강동구
11740|암사동|466-3,서울특별시 강동구 암사동 466-3,내일쎄닛빌,강동구
11740|암사동|472-18,서울특별시 강동구 암사동 472-18,에스엠해그린,강동구
11740|암사동|474-10,서울특별시 강동구 암사동 474-10,새롬,강동구
11740|암사동|474-21,서울특별시 강동구 암사동 474-21,메이저(474-21),강동구
11740|암사동|485-1,서울특별시 강동구 암사동 485-1,영진해가든(1동),강동구
11740|암사동|485-2,서울특별시 강동구 암사동 485-2,영진해가든(2동),강동구
11740|암사동|487-37,서울특별시 강동구 암사동 487-37,아키스,강동구
11740|암사동|488-10,서울특별시 강동구 암사동 488-10,다성이즈빌,강동구
11740|암사동|488-3,서울특별시 강동구 암사동 488-3,다성이즈빌Ⅰ,강동구
11740|암사동|492-28,서울특별시 강동구 암사동 492-28,라움(492-28),강동구
11740|암사동|492-45,서울특별시 강동구 암사동 492-45,라움(492-45),강동구
11740|암사동|493-14,서울특별시 강동구 암사동 493-14,중앙하이츠,강동구
11740|암사동|497-6,서울특별시 강동구 암사동 497-6,한건브리앙,강동구
11740|암사동|501-4,서울특별시 강동구 암사동 501-4,동양넥스빌,강동구
11740|암사동|503-31,서울특별시 강동구 암사동 503-31,대은팰리스뷰(101),강동구
11740|암사동|503-6,서울특별시 강동구 암사동 503-6,대은팰리스뷰(102),강동구
11740|암사동|504-8,서울특별시 강동구 암사동 504-8,한건,강동구
11740|암사동|508,서울특별시 강동구 암사동 508,삼성광나루,강동구
11740|암사동|509,서울특별시 강동구 암사동 509,선사현대아파트,강동구
11740|암사동|510-10,서울특별시 강동구 암사동 510-10,경지리버캐슬,강동구
11740|암사동|513-4,서울특별시 강동구 암사동 513-4,리치,강동구
11740|암사동|516-2,서울특별시 강동구 암사동 516-2,한강리치팰리스,강동구
11740|암사동|518,서울특별시 강동구 암사동 518,한솔솔파크,강동구
11740|암사동|670,서울특별시 강동구 암사동 670,동원베네스트,강동구
11740|암사동|671,서울특별시 강동구 암사동 671,대의아름누리,강동구
11740|암사동|672,서울특별시 강동구 암사동 672,효정하나플러스,강동구
11740|암사동|675,서울특별시 강동구 암사동 675,힐스테이트 강동 리버뷰,강동구
11740|천호동|121-32,서울특별시 강동구 천호동 121-32,다성이즈빌(121-32),강동구
11740|천호동|155-5,서울특별시 강동구 천호동 155-5,강동역두산위브센티움,강동구
11740|천호동|163-14,서울특별시 강동구 천호동 163-14,우정에쉐르(102동),강동구
11740|천호동|163-34,서울특별시 강동구 천호동 163-34,우정에쉐르(101동),강동구
11740|천호동|164-70,서울특별시 강동구 천호동 164-70,하이브2,강동구
11740|천호동|166-106,서울특별시 강동구 천호동 166-106,창대캐슬,강동구
11740|천호동|166-109,서울특별시 강동구 천호동 166-109,현진에스페랑스,강동구
11740|천호동|168-6,서울특별시 강동구 천호동 168-6,현대아파트,강동구
11740|천호동|170-2,서울특별시 강동구 천호동 170-2,천호네스빌,강동구
11740|천호동|19-1,서울특별시 강동구 천호동 19-1,우성,강동구
11740|천호동|217-132,서울특별시 강동구 천호동 217-132,동아하이빌아파트,강동구
11740|천호동|22-11,서울특별시 강동구 천호동 22-11,고려아파트(C동),강동구
11740|천호동|22-17,서울특별시 강동구 천호동 22-17,평대미진아파트,강동구
11740|천호동|22-23,서울특별시 강동구 천호동 22-23,고려아파트(B동),강동구
11740|천호동|22-6,서울특별시 강동구 천호동 22-6,고려아파트(A동),강동구
11740|천호동|22-9,서울특별시 강동구 천호동 22-9,고려아파트(D동),강동구
11740|천호동|237,서울특별시 강동구 천호동 237,한신아파트,강동구
11740|천호동|26-12,서울특별시 강동구 천호동 26-12,평대보민아파트,강동구
11740|천호동|27-41,서울특별시 강동구 천호동 27-41,형인허브빌,강동구
11740|천호동|27-6,서울특별시 강동구 천호동 27-6,신주아파트,강동구
11740|천호동|28,서울특별시 강동구 천호동 28,용명브릿지아파트,강동구
11740|천호동|28-32,서울특별시 강동구 천호동 28-32,썬팰리스아파트,강동구
11740|천호동|287-16,서울특별시 강동구 천호동 287-16,시티빌아파트,강동구
11740|천호동|287-25,서울특별시 강동구 천호동 287-25,보람아파트,강동구
11740|천호동|287-9,서울특별시 강동구 천호동 287-9,유원아파트,강동구
11740|천호동|288-29,서울특별시 강동구 천호동 288-29,브라운스톤암사아파트,강동구
11740|천호동|288-5,서울특별시 강동구 천호동 288-5,삼익아파트,강동구
11740|천호동|291-50,서울특별시 강동구 천호동 291-50,천호동이연아마빌레아파트,강동구
11740|천호동|293-8,서울특별시 강동구 천호동 293-8,이연아마빌레(293-8),강동구
11740|천호동|302-3,서울특별시 강동구 천호동 302-3,태천와이드빌,강동구
11740|천호동|305,서울특별시 강동구 천호동 305,중앙하이츠,강동구
11740|천호동|313,서울특별시 강동구 천호동 313,신주아파트(313),강동구
11740|천호동|315-3,서울특별시 강동구 천호동 315-3,베네캐슬,강동구
11740|천호동|317-3,서울특별시 강동구 천호동 317-3,신주아파트(102동),강동구
11740|천호동|317-31,서울특별시 강동구 천호동 317-31,부강아파트,강동구
11740|천호동|317-4,서울특별시 강동구 천호동 317-4,신주아파트(101동),강동구
11740|천호동|32-2,서울특별시 강동구 천호동 32-2,성인아파트,강동구
11740|천호동|320,서울특별시 강동구 천호동 320,다성이즈빌(320),강동구
11740|천호동|322-19,서울특별시 강동구 천호동 322-19,나래8차,강동구
11740|천호동|328-1,서울특별시 강동구 천호동 328-1,집앤사스윗사이드아파트,강동구
11740|천호동|33-7,서울특별시 강동구 천호동 33-7,천호KNP아파트,강동구
11740|천호동|333-55,서울특별시 강동구 천호동 333-55,천호e-편한세상,강동구
11740|천호동|334,서울특별시 강동구 천호동 334,즈믄촌,강동구
11740|천호동|334-2,서울특별시 강동구 천호동 334-2,천호역마에스트로,강동구
11740|천호동|338-20,서울특별시 강동구 천호동 338-20,한건브리앙아파트,강동구
11740|천호동|34-1,서울특별시 강동구 천호동 34-1,그랜드밸리아파트,강동구
11740|천호동|340-6,서울특별시 강동구 천호동 340-6,다성씨티아파트(340-6),강동구
11740|천호동|35-12,서울특별시 강동구 천호동 35-12,태천아파트,강동구
11740|천호동|35-4,서울특별시 강동구 천호동 35-4,신동양빛여울아파트,강동구
11740|천호동|35-8,서울특별시 강동구 천호동 35-8,동성아파트,강동구
11740|천호동|358-4,서울특별시 강동구 천호동 358-4,다성시티아파트,강동구
11740|천호동|36-9,서울특별시 강동구 천호동 36-9,장방아파트,강동구
11740|천호동|361-1,서울특별시 강동구 천호동 361-1,제일아파트,강동구
11740|천호동|362,서울특별시 강동구 천호동 362,로뎀,강동구
11740|천호동|37-24,서울특별시 강동구 천호동 37-24,베스트빌,강동구
11740|천호동|39-6,서울특별시 강동구 천호동 39-6,새롬트윈스아파트(B동),강동구
11740|천호동|39-7,서울특별시 강동구 천호동 39-7,새롬트윈스아파트(A동),강동구
11740|천호동|40-9,서울특별시 강동구 천호동 40-9,아크로파크,강동구
11740|천호동|410-100,서울특별시 강동구 천호동 410-100,코오롱상가아파트,강동구
11740|천호동|410-105,서울특별시 강동구 천호동 410-105,현대프라자아파트,강동구
11740|천호동|414,서울특별시 강동구 천호동 414,두산위브센티움,강동구
11740|천호동|416-12,서울특별시 강동구 천호동 416-12,엘림스퀘어II,강동구
11740|천호동|423-200,서울특별시 강동구 천호동 423-200,강동밀레니얼중흥S-클래스,강동구
11740|천호동|425-5,서울특별시 강동구 천호동 425-5,대우한강베네시티,강동구
11740|천호동|427-3,서울특별시 강동구 천호동 427-3,천호엘크루,강동구
11740|천호동|432-7,서울특별시 강동구 천호동 432-7,아스하임,강동구
11740|천호동|437-22,서울특별시 강동구 천호동 437-22,다성이즈빌(437-22),강동구
11740|천호동|44,서울특별시 강동구 천호동 44,금호아파트,강동구
11740|천호동|447-15,서울특별시 강동구 천호동 447-15,진넥스빌Ⅲ,강동구
11740|천호동|447-17,서울특별시 강동구 천호동 447-17,강동역신동아파밀리에,강동구
11740|천호동|450,서울특별시 강동구 천호동 450,강동상떼빌,강동구
11740|천호동|450-38,서울특별시 강동구 천호동 450-38,강동파크빌,강동구
11740|천호동|452-15,서울특별시 강동구 천호동 452-15,미사아름채아파트,강동구
11740|천호동|46,서울특별시 강동구 천호동 46,강동이루미아파트,강동구
11740|천호동|46-5,서울특별시 강동구 천호동 46-5,우정아파트,강동구
11740|천호동|462-35,서울특별시 강동구 천호동 462-35,리버하임아파트,강동구
11740|천호동|467-11,서울특별시 강동구 천호동 467-11,현진리버파크,강동구
11740|천호동|47-24,서울특별시 강동구 천호동 47-24,천호1차우림루미아트,강동구
11740|천호동|49-16,서울특별시 강동구 천호동 49-16,금성타운,강동구
11740|천호동|49-4,서울특별시 강동구 천호동 49-4,천호동1차예전이룸아파트,강동구
11740|천호동|49-8,서울특별시 강동구 천호동 49-8,대명사이버아파트,강동구
11740|천호동|50,서울특별시 강동구 천호동 50,천호2차우림루미아트,강동구
11740|천호동|50-11,서울특별시 강동구 천호동 50-11,다성이즈빌(50-11),강동구
11740|천호동|50-32,서울특별시 강동구 천호동 50-32,광남벨라스643V(50-32),강동구
11740|천호동|50-7,서울특별시 강동구 천호동 50-7,광남벨라스643V(50-7),강동구
11740|천호동|52-1,서울특별시 강동구 천호동 52-1,광남캐스빌아파트,강동구
11740|천호동|52-16,서울특별시 강동구 천호동 52-16,늘푸른아파트,강동구
11740|천호동|52-17,서울특별시 강동구 천호동 52-17,태천해오름아파트,강동구
11740|천호동|52-3,서울특별시 강동구 천호동 52-3,SM이로빌아파트,강동구
11740|천호동|52-6,서울특별시 강동구 천호동 52-6,천호2차이룸아파트,강동구
11740|천호동|528,서울특별시 강동구 천호동 528,천호동삼성아파트,강동구
11740|천호동|53-32,서울특별시 강동구 천호동 53-32,광남벨라스2차아파트(53-32),강동구
11740|천호동|53-6,서울특별시 강동구 천호동 53-6,광남벨라스2차아파트,강동구
11740|천호동|53-9,서울특별시 강동구 천호동 53-9,다성씨티아파트,강동구
11740|천호동|54-12,서울특별시 강동구 천호동 54-12,지원G델타아파트,강동구
11740|천호동|54-13,서울특별시 강동구 천호동 54-13,골드하임(101동),강동구
11740|천호동|54-25,서울특별시 강동구 천호동 54-25,골드하임(102동),강동구
11740|천호동|54-4,서울특별시 강동구 천호동 54-4,대명에버빌아파트,강동구
11740|천호동|54-6,서울특별시 강동구 천호동 54-6,지원골드아파트,강동구
11740|천호동|54-7,서울특별시 강동구 천호동 54-7,율전에버그린아파트,강동구
11740|천호동|55-25,서울특별시 강동구 천호동 55-25,다성이즈빌아파트(55-25),강동구
11740|천호동|55-4,서울특별시 강동구 천호동 55-4,천호롯데아파트,강동구
11740|천호동|563,서울특별시 강동구 천호동 563,동아코아아파트,강동구
11740|천호동|564,서울특별시 강동구 천호동 564,성원아파트,강동구
11740|천호동|565,서울특별시 강동구 천호동 565,현대코아아파트,강동구
11740|천호동|566,서울특별시 강동구 천호동 566,천호태영아파트,강동구
11740|천호동|567,서울특별시 강동구 천호동 567,동구햇살아파트,강동구
11740|천호동|568,서울특별시 강동구 천호동 568,강변그대가리버뷰,강동구
11740|천호동|570,서울특별시 강동구 천호동 570,강변그대가갤럭시,강동구
11740|천호동|571,서울특별시 강동구 천호동 571,래미안강동팰리스,강동구
11740|천호동|578,서울특별시 강동구 천호동 578,힐데스하임천호아파트,강동구
41111|송죽동|190-2,경기도 수원시 장안구 송죽동 190-2,은하,수원시 장안구
41111|송죽동|395-1,경기도 수원시 장안구 송죽동 395-1,송죽프라자,수원시 장안구
41111|송죽동|395-14,경기도 수원시 장안구 송죽동 395-14,웰가아파트,수원시 장안구
41111|송죽동|444-5,경기도 수원시 장안구 송죽동 444-5,송죽동희성연인,수원시 장안구
41111|송죽동|458-3,경기도 수원시 장안구 송죽동 458-3,삼우,수원시 장안구
41111|송죽동|461,경기도 수원시 장안구 송죽동 461,선경아트빌,수원시 장안구
41111|송죽동|462,경기도 수원시 장안구 송죽동 462,동진맨션,수원시 장안구
41111|송죽동|496-24,경기도 수원시 장안구 송죽동 496-24,삼풍프라자빌라트,수원시 장안구
41111|송죽동|498-3,경기도 수원시 장안구 송죽동 498-3,"대성(A,B,C)",수원시 장안구
41111|송죽동|499-3,경기도 수원시 장안구 송죽동 499-3,동양파라곤,수원시 장안구
41111|송죽동|513,경기도 수원시 장안구 송죽동 513,희훈루체팰리스(총4동),수원시 장안구
41111|송죽동|514,경기도 수원시 장안구 송죽동 514,수원로얄팰리스,수원시 장안구
41111|송죽동|517,경기도 수원시 장안구 송죽동 517,수원아너스빌위즈,수원시 장안구
41111|송죽동|65,경기도 수원시 장안구 송죽동 65,영광,수원시 장안구
41111|연무동|10,경기도 수원시 장안구 연무동 10,성원,수원시 장안구
41111|연무동|18-2,경기도 수원시 장안구 연무동 18-2,서광교파크뷰,수원시 장안구
41111|연무동|193-1,경기도 수원시 장안구 연무동 193-1,방림,수원시 장안구
41111|연무동|21,경기도 수원시 장안구 연무동 21,유천프라자,수원시 장안구
41111|연무동|21-5,경기도 수원시 장안구 연무동 21-5,유천프라자(21-5)나동,수원시 장안구
41111|연무동|214,경기도 수원시 장안구 연무동 214,목화,수원시 장안구
41111|연무동|221-2,경기도 수원시 장안구 연무동 221-2,대명,수원시 장안구
41111|연무동|223-1,경기도 수원시 장안구 연무동 223-1,태영,수원시 장안구
41111|연무동|224-1,경기도 수원시 장안구 연무동 224-1,태영2,수원시 장안구
41111|연무동|226-1,경기도 수원시 장안구 연무동 226-1,남창,수원시 장안구
41111|연무동|244-1,경기도 수원시 장안구 연무동 244-1,청호,수원시 장안구
41111|연무동|248-17,경기도 수원시 장안구 연무동 248-17,익주,수원시 장안구
41111|연무동|251,경기도 수원시 장안구 연무동 251,광교프라자,수원시 장안구
41111|연무동|252,경기도 수원시 장안구 연무동 252,경성A,수원시 장안구
41111|연무동|252-4,경기도 수원시 장안구 연무동 252-4,화영,수원시 장안구
41111|연무동|257,경기도 수원시 장안구 연무동 257,경성B,수원시 장안구
41111|연무동|258-43,경기도 수원시 장안구 연무동 258-43,동우,수원시 장안구
41111|연무동|300,경기도 수원시 장안구 연무동 300,서광교파크스위첸,수원시 장안구
41111|연무동|4-20,경기도 수원시 장안구 연무동 4-20,신미주,수원시 장안구
41111|연무동|9-4,경기도 수원시 장안구 연무동 9-4,효준,수원시 장안구
41111|영화동|101-7,경기도 수원시 장안구 영화동 101-7,벽산,수원시 장안구
41111|영화동|272-7,경기도 수원시 장안구 영화동 272-7,구림해피타운,수원시 장안구
41111|영화동|308-1,경기도 수원시 장안구 영화동 308-1,동성영화타운,수원시 장안구
41111|영화동|31,경기도 수원시 장안구 영화동 31,삼원,수원시 장안구
41111|영화동|334-5,경기도 수원시 장안구 영화동 334-5,공우,수원시 장안구
41111|영화동|342-7,경기도 수원시 장안구 영화동 342-7,수정타운,수원시 장안구
41111|영화동|389-4,경기도 수원시 장안구 영화동 389-4,금송,수원시 장안구
41111|영화동|405-3,경기도 수원시 장안구 영화동 405-3,수정,수원시 장안구
41111|영화동|418,경기도 수원시 장안구 영화동 418,태영,수원시 장안구
41111|영화동|430-1,경기도 수원시 장안구 영화동 430-1,경원,수원시 장안구
41111|율전동|109,경기도 수원시 장안구 율전동 109,장안,수원시 장안구
41111|율전동|142-5,경기도 수원시 장안구 율전동 142-5,장미6,수원시 장안구
41111|율전동|161-9,경기도 수원시 장안구 율전동 161-9,"반석(101동,102동)",수원시 장안구
41111|율전동|163-2,경기도 수원시 장안구 율전동 163-2,장미5,수원시 장안구
41111|율전동|168-2,경기도 수원시 장안구 율전동 168-2,건우2차,수원시 장안구
41111|율전동|276-3,경기도 수원시 장안구 율전동 276-3,천록,수원시 장안구
41111|율전동|319,경기도 수원시 장안구 율전동 319,신일,수원시 장안구
41111|율전동|322,경기도 수원시 장안구 율전동 322,늘푸른벽산,수원시 장안구
41111|율전동|334-13,경기도 수원시 장안구 율전동 334-13,화남,수원시 장안구
41111|율전동|375-2,경기도 수원시 장안구 율전동 375-2,대우이안,수원시 장안구
41111|율전동|408-9,경기도 수원시 장안구 율전동 408-9,청도,수원시 장안구
41111|율전동|419,경기도 수원시 장안구 율전동 419,삼성2,수원시 장안구
41111|율전동|439-8,경기도 수원시 장안구 율전동 439-8,율전,수원시 장안구
41111|율전동|468,경기도 수원시 장안구 율전동 468,삼성1,수원시 장안구
41111|율전동|543,경기도 수원시 장안구 율전동 543,벽산블루밍,수원시 장안구
41111|율전동|544,경기도 수원시 장안구 율전동 544,송촌스페이스향301동,수원시 장안구
41111|율전동|546,경기도 수원시 장안구 율전동 546,밤꽃마을뜨란채,수원시 장안구
41111|율전동|560,경기도 수원시 장안구 율전동 560,서희스타힐스3단지,수원시 장안구
41111|율전동|561,경기도 수원시 장안구 율전동 561,성균관대역서희스타힐스아파트1단지,수원시 장안구
41111|율전동|562,경기도 수원시 장안구 율전동 562,서희스타힐스2단지,수원시 장안구
41111|율전동|600,경기도 수원시 장안구 율전동 600,성균관대역동문디이스트,수원시 장안구
41111|이목동|916,경기도 수원시 장안구 이목동 916,수원장안힐스테이트,수원시 장안구
41111|이목동|917,경기도 수원시 장안구 이목동 917,장안STX칸2단지,수원시 장안구
41111|이목동|918,경기도 수원시 장안구 이목동 918,장안STX칸1단지,수원시 장안구
41111|정자동|1-10,경기도 수원시 장안구 정자동 1-10,비바체하임,수원시 장안구
41111|정자동|11-1,경기도 수원시 장안구 정자동 11-1,효성,수원시 장안구
41111|정자동|13,경기도 수원시 장안구 정자동 13,기산,수원시 장안구
41111|정자동|2-1,경기도 수원시 장안구 정자동 2-1,뜨레모아라이프,수원시 장안구
41111|정자동|23-7,경기도 수원시 장안구 정자동 23-7,익주빌라트,수원시 장안구
41111|정자동|24-1,경기도 수원시 장안구 정자동 24-1,정자KTe-편한세상,수원시 장안구
41111|정자동|29-1,경기도 수원시 장안구 정자동 29-1,신미주,수원시 장안구
41111|정자동|297-2,경기도 수원시 장안구 정자동 297-2,경남아너스빌,수원시 장안구
41111|정자동|30-1,경기도 수원시 장안구 정자동 30-1,현대,수원시 장안구
41111|정자동|303,경기도 수원시 장안구 정자동 303,동신3단지,수원시 장안구
41111|정자동|31-3,경기도 수원시 장안구 정자동 31-3,보은맨션,수원시 장안구
41111|정자동|313-1,경기도 수원시 장안구 정자동 313-1,동신2단지,수원시 장안구
41111|정자동|36-20,경기도 수원시 장안구 정자동 36-20,가림,수원시 장안구
41111|정자동|36-21,경기도 수원시 장안구 정자동 36-21,예은퍼스트타워,수원시 장안구
41111|정자동|36-23,경기도 수원시 장안구 정자동 36-23,송학,수원시 장안구
41111|정자동|378,경기도 수원시 장안구 정자동 378,미도,수원시 장안구
41111|정자동|390,경기도 수원시 장안구 정자동 390,동남타운,수원시 장안구
41111|정자동|395,경기도 수원시 장안구 정자동 395,동신1단지,수원시 장안구
41111|정자동|41-12,경기도 수원시 장안구 정자동 41-12,경원,수원시 장안구
41111|정자동|417,경기도 수원시 장안구 정자동 417,남서울그린맨션,수원시 장안구
41111|정자동|423-1,경기도 수원시 장안구 정자동 423-1,벽산블루밍,수원시 장안구
41111|정자동|45-2,경기도 수원시 장안구 정자동 45-2,노블레스,수원시 장안구
41111|정자동|45-8,경기도 수원시 장안구 정자동 45-8,대성,수원시 장안구
41111|정자동|534-2,경기도 수원시 장안구 정자동 534-2,건우까사미,수원시 장안구
41111|정자동|69-2,경기도 수원시 장안구 정자동 69-2,정자2차희성연인,수원시 장안구
41111|정자동|69-45,경기도 수원시 장안구 정자동 69-45,수원정자금강에스쁘아,수원시 장안구
41111|정자동|74-7,경기도 수원시 장안구 정자동 74-7,희성연인,수원시 장안구
41111|정자동|80-18,경기도 수원시 장안구 정자동 80-18,눈e부신,수원시 장안구
41111|정자동|840-98,경기도 수원시 장안구 정자동 840-98,신호정자,수원시 장안구
41111|정자동|870-1,경기도 수원시 장안구 정자동 870-1,백설마을현대코오롱아파트,수원시 장안구
41111|정자동|871-4,경기도 수원시 장안구 정자동 871-4,백설 에듀빌,수원시 장안구
41111|정자동|872-1,경기도 수원시 장안구 정자동 872-1,연꽃마을풍림,수원시 장안구
41111|정자동|873-3,경기도 수원시 장안구 정자동 873-3,연꽃마을벽산,수원시 장안구
41111|정자동|879-1,경기도 수원시 장안구 정자동 879-1,백설마을성지동양고속아파트,수원시 장안구
41111|정자동|880-2,경기도 수원시 장안구 정자동 880-2,백설마을효성,수원시 장안구
41111|정자동|880-3,경기도 수원시 장안구 정자동 880-3,백설마을삼환나우빌,수원시 장안구
41111|정자동|881-4,경기도 수원시 장안구 정자동 881-4,꽃뫼노을마을한마루아파트,수원시 장안구
41111|정자동|882-5,경기도 수원시 장안구 정자동 882-5,화서역파크뷰,수원시 장안구
41111|정자동|883-6,경기도 수원시 장안구 정자동 883-6,꽃뫼마을신안,수원시 장안구
41111|정자동|884-4,경기도 수원시 장안구 정자동 884-4,두견마을벽산3차,수원시 장안구
41111|정자동|886-1,경기도 수원시 장안구 정자동 886-1,화서역현대벽산,수원시 장안구
41111|정자동|887-1,경기도 수원시 장안구 정자동 887-1,화서역 우방 센트럴파크,수원시 장안구
41111|정자동|888-2,경기도 수원시 장안구 정자동 888-2,노을마을대동,수원시 장안구
41111|정자동|9-2,경기도 수원시 장안구 정자동 9-2,벽산그랜드코아,수원시 장안구
41111|정자동|900-1,경기도 수원시 장안구 정자동 900-1,꽃뫼마을장안,수원시 장안구
41111|정자동|913,경기도 수원시 장안구 정자동 913,북수원리버파크,수원시 장안구
41111|정자동|914,경기도 수원시 장안구 정자동 914,대월마을대림진흥,수원시 장안구
41111|정자동|918,경기도 수원시 장안구 정자동 918,청솔마을SK한화,수원시 장안구
41111|정자동|919,경기도 수원시 장안구 정자동 919,청솔마을한라,수원시 장안구
41111|정자동|922,경기도 수원시 장안구 정자동 922,화서역 위너스 파크,수원시 장안구
41111|정자동|945,경기도 수원시 장안구 정자동 945,수원 SK SKY VIEW,수원시 장안구
41111|정자동|950,경기도 수원시 장안구 정자동 950,화서역파크푸르지오,수원시 장안구
41111|정자동|961,경기도 수원시 장안구 정자동 961,화서역푸르지오브리시엘,수원시 장안구
41111|정자동|964,경기도 수원시 장안구 정자동 964,북수원자이렉스비아,수원시 장안구
41111|조원동|459-11,경기도 수원시 장안구 조원동 459-11,장안,수원시 장안구
41111|조원동|510,경기도 수원시 장안구 조원동 510,벽산,수원시 장안구
41111|조원동|664-8,경기도 수원시 장안구 조원동 664-8,뜨레모아아파트,수원시 장안구
41111|조원동|668-4,경기도 수원시 장안구 조원동 668-4,성신,수원시 장안구
41111|조원동|675-4,경기도 수원시 장안구 조원동 675-4,조원샤르망,수원시 장안구
41111|조원동|676-8,경기도 수원시 장안구 조원동 676-8,포레스트빌,수원시 장안구
41111|조원동|676-9,경기도 수원시 장안구 조원동 676-9,청우,수원시 장안구
41111|조원동|745,경기도 수원시 장안구 조원동 745,신형,수원시 장안구
41111|조원동|749,경기도 수원시 장안구 조원동 749,티앤와이꿈사랑,수원시 장안구
41111|조원동|756-5,경기도 수원시 장안구 조원동 756-5,형우럭스빌,수원시 장안구
41111|조원동|761-5,경기도 수원시 장안구 조원동 761-5,화성,수원시 장안구
41111|조원동|778,경기도 수원시 장안구 조원동 778,상훈휴팰리스,수원시 장안구
41111|조원동|855,경기도 수원시 장안구 조원동 855,주공뉴타운1,수원시 장안구
41111|조원동|861,경기도 수원시 장안구 조원동 861,주공뉴타운2,수원시 장안구
41111|조원동|881#41111-72,경기도 수원시 장안구 조원동 881,한일타운대림,수원시 장안구
41111|조원동|881#41111-93,경기도 수원시 장안구 조원동 881,한일타운쌍용,수원시 장안구
41111|조원동|881#41111-94,경기도 수원시 장안구 조원동 881,한일타운우성,수원시 장안구
41111|조원동|881#41111-95,경기도 수원시 장안구 조원동 881,한일타운태영,수원시 장안구
41111|조원동|908,경기도 수원시 장안구 조원동 908,맥스빌,수원시 장안구
41111|조원동|910,경기도 수원시 장안구 조원동 910,수원광교산스위첸,수원시 장안구
41111|조원동|912,경기도 수원시 장안구 조원동 912,광교산임광그대가,수원시 장안구
41111|조원동|925,경기도 수원시 장안구 조원동 925,더샵광교산퍼스트파크,수원시 장안구
41111|천천동|333,경기도 수원시 장안구 천천동 333,화서역푸르지오더에듀포레,수원시 장안구
41111|천천동|482,경기도 수원시 장안구 천천동 482,비단마을신명,수원시 장안구
41111|천천동|511,경기도 수원시 장안구 천천동 511,비단마을베스트타운,수원시 장안구
41111|천천동|514,경기도 수원시 장안구 천천동 514,비단마을영풍,수원시 장안구
41111|천천동|531,경기도 수원시 장안구 천천동 531,비단마을성우우방,수원시 장안구
41111|천천동|544,경기도 수원시 장안구 천천동 544,천천삼성래미안,수원시 장안구
41111|천천동|563,경기도 수원시 장안구 천천동 563,신안한일,수원시 장안구
41111|천천동|565,경기도 수원시 장안구 천천동 565,삼호진덕,수원시 장안구
41111|천천동|566,경기도 수원시 장안구 천천동 566,현대,수원시 장안구
41111|천천동|569,경기도 수원시 장안구 천천동 569,일성,수원시 장안구
41111|파장동|199,경기도 수원시 장안구 파장동 199,궁전,수원시 장안구
41111|파장동|212-5,경기도 수원시 장안구 파장동 212-5,삼익,수원시 장안구
41111|파장동|213-5,경기도 수원시 장안구 파장동 213-5,동진,수원시 장안구
41111|파장동|281,경기도 수원시 장안구 파장동 281,익주,수원시 장안구
41111|파장동|422-1,경기도 수원시 장안구 파장동 422-1,장안,수원시 장안구
41111|파장동|422-2,경기도 수원시 장안구 파장동 422-2,삼청,수원시 장안구
41111|파장동|470,경기도 수원시 장안구 파장동 470,화남2,수원시 장안구
41111|파장동|560,경기도 수원시 장안구 파장동 560,노송,수원시 장안구
41111|파장동|569-3,경기도 수원시 장안구 파장동 569-3,화남1,수원시 장안구
41111|파장동|572-2,경기도 수원시 장안구 파장동 572-2,SC제일,수원시 장안구
41111|파장동|577-2,경기도 수원시 장안구 파장동 577-2,영림프라자,수원시 장안구
41111|파장동|582-3,경기도 수원시 장안구 파장동 582-3,미다스,수원시 장안구
41111|파장동|597-18,경기도 수원시 장안구 파장동 597-18,무진,수원시 장안구
41111|파장동|622,경기도 수원시 장안구 파장동 622,현대,수원시 장안구
41111|파장동|632,경기도 수원시 장안구 파장동 632,북수원아이파크,수원시 장안구
41111|파장동|640,경기도 수원시 장안구 파장동 640,포레나북수원,수원시 장안구
41113|고색동|287-4,경기도 수원시 권선구 고색동 287-4,거산2,수원시 권선구
41113|고색동|291,경기도 수원시 권선구 고색동 291,대원레스피아,수원시 권선구
41113|고색동|306-1,경기도 수원시 권선구 고색동 306-1,거산1,수원시 권선구
41113|고색동|368-1,경기도 수원시 권선구 고색동 368-1,대한,수원시 권선구
41113|고색동|5-4,경기도 수원시 권선구 고색동 5-4,상우,수원시 권선구
41113|고색동|7-114,경기도 수원시 권선구 고색동 7-114,연안,수원시 권선구
41113|고색동|886-83,경기도 수원시 권선구 고색동 886-83,태산1,수원시 권선구
41113|고색동|887-56,경기도 수원시 권선구 고색동 887-56,태산2,수원시 권선구
41113|고색동|915,경기도 수원시 권선구 고색동 915,우림필유,수원시 권선구
41113|곡반정동|548,경기도 수원시 권선구 곡반정동 548,권선신일유토빌,수원시 권선구
41113|곡반정동|578,경기도 수원시 권선구 곡반정동 578,수원곡반정현대아이파크,수원시 권선구
41113|곡반정동|579,경기도 수원시 권선구 곡반정동 579,수원권선한솔,수원시 권선구
41113|곡반정동|580,경기도 수원시 권선구 곡반정동 580,수원권선삼성래미안,수원시 권선구
41113|곡반정동|652,경기도 수원시 권선구 곡반정동 652,수원하늘채더퍼스트1단지,수원시 권선구
41113|곡반정동|654,경기도 수원시 권선구 곡반정동 654,수원하늘채더퍼스트2단지,수원시 권선구
41113|구운동|300,경기도 수원시 권선구 구운동 300,세진신비로움,수원시 권선구
41113|구운동|462,경기도 수원시 권선구 구운동 462,삼환,수원시 권선구
41113|구운동|463,경기도 수원시 권선구 구운동 463,강남,수원시 권선구
41113|구운동|466,경기도 수원시 권선구 구운동 466,선경,수원시 권선구
41113|구운동|889,경기도 수원시 권선구 구운동 889,일월청구,수원시 권선구
41113|구운동|890,경기도 수원시 권선구 구운동 890,코오롱하늘채,수원시 권선구
41113|구운동|893,경기도 수원시 권선구 구운동 893,구운동성원상떼빌,수원시 권선구
41113|구운동|902-5,경기도 수원시 권선구 구운동 902-5,동은102동,수원시 권선구
41113|구운동|902-7,경기도 수원시 권선구 구운동 902-7,동은101동,수원시 권선구
41113|구운동|933-1,경기도 수원시 권선구 구운동 933-1,가림29차101동,수원시 권선구
41113|구운동|933-12,경기도 수원시 권선구 구운동 933-12,가림29차102동,수원시 권선구
41113|구운동|933-13,경기도 수원시 권선구 구운동 933-13,가림29차103동,수원시 권선구
41113|구운동|933-14,경기도 수원시 권선구 구운동 933-14,가림29차104동,수원시 권선구
41113|구운동|944-10,경기도 수원시 권선구 구운동 944-10,드림3차,수원시 권선구
41113|구운동|971,경기도 수원시 권선구 구운동 971,오페라하우스,수원시 권선구
41113|구운동|973,경기도 수원시 권선구 구운동 973,서수원엠코타운르본느,수원시 권선구
41113|권선동|1010-4,경기도 수원시 권선구 권선동 1010-4,파크앤시티타워Ⅱ,수원시 권선구
41113|권선동|1011-15,경기도 수원시 권선구 권선동 1011-15,DK-ECO권선,수원시 권선구
41113|권선동|1011-18,경기도 수원시 권선구 권선동 1011-18,프리모시티,수원시 권선구
41113|권선동|1011-9,경기도 수원시 권선구 권선동 1011-9,씨즈더원,수원시 권선구
41113|권선동|1013-12,경기도 수원시 권선구 권선동 1013-12,엘리시아,수원시 권선구
41113|권선동|1015,경기도 수원시 권선구 권선동 1015,동양덱스빌,수원시 권선구
41113|권선동|1018-8,경기도 수원시 권선구 권선동 1018-8,네이처인,수원시 권선구
41113|권선동|1020-3,경기도 수원시 권선구 권선동 1020-3,SONOHEIM,수원시 권선구
41113|권선동|1035,경기도 수원시 권선구 권선동 1035,수원시청역SKVIEW,수원시 권선구
41113|권선동|1044-1,경기도 수원시 권선구 권선동 1044-1,금성,수원시 권선구
41113|권선동|1050,경기도 수원시 권선구 권선동 1050,동산,수원시 권선구
41113|권선동|1059-6,경기도 수원시 권선구 권선동 1059-6,전원,수원시 권선구
41113|권선동|1063-1,경기도 수원시 권선구 권선동 1063-1,한효,수원시 권선구
41113|권선동|1185,경기도 수원시 권선구 권선동 1185,신명,수원시 권선구
41113|권선동|1185-1,경기도 수원시 권선구 권선동 1185-1,권선삼성,수원시 권선구
41113|권선동|1186,경기도 수원시 권선구 권선동 1186,삼천리1차,수원시 권선구
41113|권선동|1187-1,경기도 수원시 권선구 권선동 1187-1,신현대,수원시 권선구
41113|권선동|1188,경기도 수원시 권선구 권선동 1188,한양,수원시 권선구
41113|권선동|1188-1,경기도 수원시 권선구 권선동 1188-1,성지,수원시 권선구
41113|권선동|1199-1,경기도 수원시 권선구 권선동 1199-1,두산동아,수원시 권선구
41113|권선동|1235,경기도 수원시 권선구 권선동 1235,신안풍림,수원시 권선구
41113|권선동|1238,경기도 수원시 권선구 권선동 1238,삼천리2차,수원시 권선구
41113|권선동|1240,경기도 수원시 권선구 권선동 1240,현대,수원시 권선구
41113|권선동|1263,경기도 수원시 권선구 권선동 1263,신우,수원시 권선구
41113|권선동|1265,경기도 수원시 권선구 권선동 1265,"보성,유원",수원시 권선구
41113|권선동|1267#41113-46,경기도 수원시 권선구 권선동 1267,벽산,수원시 권선구
41113|권선동|1267#41113-60,경기도 수원시 권선구 권선동 1267,한성,수원시 권선구
41113|권선동|1270,경기도 수원시 권선구 권선동 1270,삼호벽산,수원시 권선구
41113|권선동|1274,경기도 수원시 권선구 권선동 1274,대원신동아,수원시 권선구
41113|권선동|1298,경기도 수원시 권선구 권선동 1298,상록5단지,수원시 권선구
41113|권선동|1303,경기도 수원시 권선구 권선동 1303,상록3단지,수원시 권선구
41113|권선동|1304,경기도 수원시 권선구 권선동 1304,매탄권선역리버파크,수원시 권선구
41113|권선동|1305,경기도 수원시 권선구 권선동 1305,권선대우,수원시 권선구
41113|권선동|1306,경기도 수원시 권선구 권선동 1306,현대3,수원시 권선구
41113|권선동|1312,경기도 수원시 권선구 권선동 1312,권선3지구주공1단지,수원시 권선구
41113|권선동|1315,경기도 수원시 권선구 권선동 1315,우남1,수원시 권선구
41113|권선동|1320,경기도 수원시 권선구 권선동 1320,우남2,수원시 권선구
41113|권선동|1321,경기도 수원시 권선구 권선동 1321,대림,수원시 권선구
41113|권선동|1323,경기도 수원시 권선구 권선동 1323,권선3지구써미트빌,수원시 권선구
41113|권선동|1330,경기도 수원시 권선구 권선동 1330,권선자이e편한세상,수원시 권선구
41113|권선동|1337,경기도 수원시 권선구 권선동 1337,수원아이파크시티7단지,수원시 권선구
41113|권선동|1340,경기도 수원시 권선구 권선동 1340,수원아이파크시티10단지,수원시 권선구
41113|권선동|1355,경기도 수원시 권선구 권선동 1355,수원아이파크시티5단지,수원시 권선구
41113|권선동|1356,경기도 수원시 권선구 권선동 1356,수원아이파크시티6단지,수원시 권선구
41113|권선동|1357,경기도 수원시 권선구 권선동 1357,수원아이파크시티4단지,수원시 권선구
41113|권선동|1359,경기도 수원시 권선구 권선동 1359,수원아이파크시티3단지,수원시 권선구
41113|권선동|1360,경기도 수원시 권선구 권선동 1360,수원아이파크시티1단지,수원시 권선구
41113|권선동|1361,경기도 수원시 권선구 권선동 1361,수원아이파크시티2단지,수원시 권선구
41113|권선동|1362,경기도 수원시 권선구 권선동 1362,수원아이파크시티9단지,수원시 권선구
41113|권선동|1364,경기도 수원시 권선구 권선동 1364,수원아이파크시티8단지,수원시 권선구
41113|권선동|944-13,경기도 수원시 권선구 권선동 944-13,문영,수원시 권선구
41113|금곡동|104-3,경기도 수원시 권선구 금곡동 104-3,거산,수원시 권선구
41113|금곡동|1076,경기도 수원시 권선구 금곡동 1076,호매실더센트라고,수원시 권선구
41113|금곡동|1077,경기도 수원시 권선구 금곡동 1077,수원모아미래도센트럴타운2단지,수원시 권선구
41113|금곡동|1078,경기도 수원시 권선구 금곡동 1078,수원모아미래도센트럴타운1단지,수원시 권선구
41113|금곡동|1081,경기도 수원시 권선구 금곡동 1081,호매실역서희스타힐스,수원시 권선구
41113|금곡동|1100,경기도 수원시 권선구 금곡동 1100,Y CITY(와이시티),수원시 권선구
41113|금곡동|1146,경기도 수원시 권선구 금곡동 1146,호반 써밋 수원,수원시 권선구
41113|금곡동|1147,경기도 수원시 권선구 금곡동 1147,호반베르디움더센트럴,수원시 권선구
41113|금곡동|241,경기도 수원시 권선구 금곡동 241,삼익1,수원시 권선구
41113|금곡동|243,경기도 수원시 권선구 금곡동 243,동성,수원시 권선구
41113|금곡동|243-1,경기도 수원시 권선구 금곡동 243-1,공작,수원시 권선구
41113|금곡동|252,경기도 수원시 권선구 금곡동 252,일신건영(휴먼빌),수원시 권선구
41113|금곡동|262-10,경기도 수원시 권선구 금곡동 262-10,신미주,수원시 권선구
41113|금곡동|520,경기도 수원시 권선구 금곡동 520,엘지빌리지4,수원시 권선구
41113|금곡동|530#41113-86,경기도 수원시 권선구 금곡동 530,엘지빌리지2,수원시 권선구
41113|금곡동|530#41113-87,경기도 수원시 권선구 금곡동 530,엘지빌리지3,수원시 권선구
41113|금곡동|648,경기도 수원시 권선구 금곡동 648,엘지빌리지1,수원시 권선구
41113|금곡동|66,경기도 수원시 권선구 금곡동 66,강남,수원시 권선구
41113|금곡동|79,경기도 수원시 권선구 금곡동 79,삼익3,수원시 권선구
41113|당수동|218-1,경기도 수원시 권선구 당수동 218-1,삼정그린뷰,수원시 권선구
41113|당수동|287,경기도 수원시 권선구 당수동 287,인정프린스,수원시 권선구
41113|당수동|333,경기도 수원시 권선구 당수동 333,서수원한라비발디3단지,수원시 권선구
41113|당수동|336-1,경기도 수원시 권선구 당수동 336-1,라포리엘,수원시 권선구
41113|당수동|742,경기도 수원시 권선구 당수동 742,한라비발디2단지,수원시 권선구
41113|당수동|743,경기도 수원시 권선구 당수동 743,한라비발디1단지,수원시 권선구
41113|당수동|744,경기도 수원시 권선구 당수동 744,쌍용스윗닷홈2단지,수원시 권선구
41113|당수동|745,경기도 수원시 권선구 당수동 745,쌍용스윗닷홈1단지,수원시 권선구
41113|서둔동|361,경기도 수원시 권선구 서둔동 361,동남,수원시 권선구
41113|서둔동|361-1,경기도 수원시 권선구 서둔동 361-1,화서성일,수원시 권선구
41113|서둔동|371,경기도 수원시 권선구 서둔동 371,센트라우스,수원시 권선구
41113|서둔동|374,경기도 수원시 권선구 서둔동 374,희성연인,수원시 권선구
41113|서둔동|375,경기도 수원시 권선구 서둔동 375,서수원울트라참누리파크1단지,수원시 권선구
41113|서둔동|377,경기도 수원시 권선구 서둔동 377,서수원울트라참누리파크2단지,수원시 권선구
41113|서둔동|418,경기도 수원시 권선구 서둔동 418,수원역한라비발디퍼스트,수원시 권선구
41113|서둔동|421,경기도 수원시 권선구 서둔동 421,수원역한양아이클래스퍼스트,수원시 권선구
41113|서둔동|465,경기도 수원시 권선구 서둔동 465,힐스테이트수원파크포레,수원시 권선구
41113|세류동|1010-1,경기도 수원시 권선구 세류동 1010-1,전원,수원시 권선구
41113|세류동|1021-4,경기도 수원시 권선구 세류동 1021-4,한주,수원시 권선구
41113|세류동|1076-1,경기도 수원시 권선구 세류동 1076-1,해피하임,수원시 권선구
41113|세류동|1138-1,경기도 수원시 권선구 세류동 1138-1,성영,수원시 권선구
41113|세류동|1248,경기도 수원시 권선구 세류동 1248,녹턴,수원시 권선구
41113|세류동|1249,경기도 수원시 권선구 세류동 1249,수원권선데시앙,수원시 권선구
41113|세류동|1255,경기도 수원시 권선구 세류동 1255,권선어울림,수원시 권선구
41113|세류동|1260,경기도 수원시 권선구 세류동 1260,수원역해모로아파트(수원센트럴타운1단지),수원시 권선구
41113|세류동|1270,경기도 수원시 권선구 세류동 1270,수원역센트럴타운,수원시 권선구
41113|세류동|1280,경기도 수원시 권선구 세류동 1280,수원역센트럴어반시티아파트(수원센트럴타운3단지),수원시 권선구
41113|세류동|141,경기도 수원시 권선구 세류동 141,성원,수원시 권선구
41113|세류동|456-8,경기도 수원시 권선구 세류동 456-8,공우맨션,수원시 권선구
41113|세류동|462-13,경기도 수원시 권선구 세류동 462-13,세종,수원시 권선구
41113|세류동|526,경기도 수원시 권선구 세류동 526,경일,수원시 권선구
41113|세류동|530-3,경기도 수원시 권선구 세류동 530-3,장미,수원시 권선구
41113|세류동|544-54,경기도 수원시 권선구 세류동 544-54,LeeDoParkView(544-54),수원시 권선구
41113|세류동|840,경기도 수원시 권선구 세류동 840,삼익,수원시 권선구
41113|세류동|846-1,경기도 수원시 권선구 세류동 846-1,현대,수원시 권선구
41113|오목천동|1170,경기도 수원시 권선구 오목천동 1170,오목천역 서희스타힐스 아파트,수원시 권선구
41113|오목천동|1192,경기도 수원시 권선구 오목천동 1192,쌍용더플래티넘오목천역,수원시 권선구
41113|오목천동|314-34,경기도 수원시 권선구 오목천동 314-34,남광하우스토리2차,수원시 권선구
41113|오목천동|323-2,경기도 수원시 권선구 오목천동 323-2,태산,수원시 권선구
41113|오목천동|381,경기도 수원시 권선구 오목천동 381,청구2,수원시 권선구
41113|오목천동|542,경기도 수원시 권선구 오목천동 542,청구1차,수원시 권선구
41113|오목천동|951,경기도 수원시 권선구 오목천동 951,오목천동대우푸르지오1단지,수원시 권선구
41113|오목천동|956,경기도 수원시 권선구 오목천동 956,오목천동푸르지오2단지,수원시 권선구
41113|오목천동|960,경기도 수원시 권선구 오목천동 960,영조아름다운나날2단지,수원시 권선구
41113|오목천동|961,경기도 수원시 권선구 오목천동 961,영조아름다운나날1단지,수원시 권선구
41113|오목천동|962,경기도 수원시 권선구 오목천동 962,남광하우스토리,수원시 권선구
41113|입북동|150-1,경기도 수원시 권선구 입북동 150-1,웅비,수원시 권선구
41113|입북동|810,경기도 수원시 권선구 입북동 810,서수원자이,수원시 권선구
41113|입북동|814,경기도 수원시 권선구 입북동 814,서수원레이크푸르지오1단지,수원시 권선구
41113|입북동|815,경기도 수원시 권선구 입북동 815,서수원레이크푸르지오2단지,수원시 권선구
41113|탑동|1-24,경기도 수원시 권선구 탑동 1-24,새롬103동,수원시 권선구
41113|탑동|1-27,경기도 수원시 권선구 탑동 1-27,새롬102동,수원시 권선구
41113|탑동|1-28,경기도 수원시 권선구 탑동 1-28,새롬101동,수원시 권선구
41113|탑동|30-9,경기도 수원시 권선구 탑동 30-9,청우,수원시 권선구
41113|탑동|314,경기도 수원시 권선구 탑동 314,상아,수원시 권선구
41113|탑동|316-25,경기도 수원시 권선구 탑동 316-25,금광,수원시 권선구
41113|탑동|5-4,경기도 수원시 권선구 탑동 5-4,현대탑월드,수원시 권선구
41113|탑동|744-7,경기도 수원시 권선구 탑동 744-7,유일,수원시 권선구
41113|탑동|759-17,경기도 수원시 권선구 탑동 759-17,효림,수원시 권선구
41113|탑동|759-22,경기도 수원시 권선구 탑동 759-22,혜성,수원시 권선구
41113|탑동|763,경기도 수원시 권선구 탑동 763,삼성,수원시 권선구
41113|탑동|771-4,경기도 수원시 권선구 탑동 771-4,계림(771-4),수원시 권선구
41113|탑동|772-1,경기도 수원시 권선구 탑동 772-1,우리3차,수원시 권선구
41113|탑동|783-10,경기도 수원시 권선구 탑동 783-10,가림21차,수원시 권선구
41113|탑동|797-4,경기도 수원시 권선구 탑동 797-4,가림26차나동,수원시 권선구
41113|탑동|797-6,경기도 수원시 권선구 탑동 797-6,가림26차가동,수원시 권선구
41113|탑동|803-1,경기도 수원시 권선구 탑동 803-1,계림,수원시 권선구
41113|탑동|805-5,경기도 수원시 권선구 탑동 805-5,가림25차,수원시 권선구
41113|탑동|811-1,경기도 수원시 권선구 탑동 811-1,미래탑마을,수원시 권선구
41113|탑동|815-3,경기도 수원시 권선구 탑동 815-3,다림(815-3),수원시 권선구
41113|탑동|816-1,경기도 수원시 권선구 탑동 816-1,가림22차(가동),수원시 권선구
41113|탑동|816-2,경기도 수원시 권선구 탑동 816-2,가림22차(나동),수원시 권선구
41113|탑동|816-3,경기도 수원시 권선구 탑동 816-3,세림,수원시 권선구
41113|탑동|816-4,경기도 수원시 권선구 탑동 816-4,탑캐슬13차,수원시 권선구
41113|탑동|817-1,경기도 수원시 권선구 탑동 817-1,청우(102동),수원시 권선구
41113|탑동|817-2,경기도 수원시 권선구 탑동 817-2,청우(101동),수원시 권선구
41113|탑동|820-7,경기도 수원시 권선구 탑동 820-7,가림20차,수원시 권선구
41113|탑동|822-11,경기도 수원시 권선구 탑동 822-11,신성,수원시 권선구
41113|탑동|827-5,경기도 수원시 권선구 탑동 827-5,탑캐슬19차,수원시 권선구
41113|탑동|833-6,경기도 수원시 권선구 탑동 833-6,가림28차,수원시 권선구
41113|탑동|849-11,경기도 수원시 권선구 탑동 849-11,우리,수원시 권선구
41113|탑동|849-2,경기도 수원시 권선구 탑동 849-2,가림23차가동,수원시 권선구
41113|탑동|849-3,경기도 수원시 권선구 탑동 849-3,가림23차나동,수원시 권선구
41113|탑동|849-8,경기도 수원시 권선구 탑동 849-8,민석그린,수원시 권선구
41113|탑동|850-1,경기도 수원시 권선구 탑동 850-1,가림,수원시 권선구
41113|탑동|854-5,경기도 수원시 권선구 탑동 854-5,보림A동,수원시 권선구
41113|탑동|854-7,경기도 수원시 권선구 탑동 854-7,보림B동,수원시 권선구
41113|탑동|855-11,경기도 수원시 권선구 탑동 855-11,탑캐슬,수원시 권선구
41113|탑동|855-7,경기도 수원시 권선구 탑동 855-7,태양빛,수원시 권선구
41113|탑동|856-2,경기도 수원시 권선구 탑동 856-2,미래탑마을(856-2),수원시 권선구
41113|탑동|860,경기도 수원시 권선구 탑동 860,탑동우방파크타운,수원시 권선구
41113|탑동|869-13,경기도 수원시 권선구 탑동 869-13,구림해피타운,수원시 권선구
41113|탑동|869-6,경기도 수원시 권선구 탑동 869-6,대건칸타빌,수원시 권선구
41113|탑동|874-4,경기도 수원시 권선구 탑동 874-4,탑캐슬(874-4),수원시 권선구
41113|탑동|875-3,경기도 수원시 권선구 탑동 875-3,대건칸타빌리더스,수원시 권선구
41113|탑동|876-1,경기도 수원시 권선구 탑동 876-1,탑팰리스,수원시 권선구
41113|탑동|876-3,경기도 수원시 권선구 탑동 876-3,탑캐슬17차,수원시 권선구
41113|탑동|880-1,경기도 수원시 권선구 탑동 880-1,탑하우스,수원시 권선구
41113|탑동|880-2,경기도 수원시 권선구 탑동 880-2,동화펠리스(101동),수원시 권선구
41113|탑동|884-3,경기도 수원시 권선구 탑동 884-3,태영아이원3차,수원시 권선구
41113|탑동|888-4,경기도 수원시 권선구 탑동 888-4,탑캐슬(888-4),수원시 권선구
41113|탑동|896,경기도 수원시 권선구 탑동 896,세양청마루,수원시 권선구
41113|탑동|920,경기도 수원시 권선구 탑동 920,해오름,수원시 권선구
41113|평동|151,경기도 수원시 권선구 평동 151,동남,수원시 권선구
41113|호매실동|1352,경기도 수원시 권선구 호매실동 1352,극동스타클래스,수원시 권선구
41113|호매실동|1361,경기도 수원시 권선구 호매실동 1361,한양수자인파크원,수원시 권선구
41113|호매실동|1371,경기도 수원시 권선구 호매실동 1371,호매실마을13단지,수원시 권선구
41113|호매실동|1380,경기도 수원시 권선구 호매실동 1380,벨섬시티,수원시 권선구
41113|호매실동|1388,경기도 수원시 권선구 호매실동 1388,호매실경남아너스빌,수원시 권선구
41113|호매실동|1394,경기도 수원시 권선구 호매실동 1394,호매실스위첸,수원시 권선구
41113|호매실동|1408,경기도 수원시 권선구 호매실동 1408,호매실스타힐스,수원시 권선구
41113|호매실동|1414,경기도 수원시 권선구 호매실동 1414,호매실엔루체(N'LUCE),수원시 권선구
41113|호매실동|1420,경기도 수원시 권선구 호매실동 1420,호매실금호어울림에듀포레,수원시 권선구
41113|호매실동|377,경기도 수원시 권선구 호매실동 377,호매실GS아파트,수원시 권선구
41113|호매실동|452,경기도 수원시 권선구 호매실동 452,호매실신미주,수원시 권선구
41113|호매실동|453-6,경기도 수원시 권선구 호매실동 453-6,호매실동쌍용,수원시 권선구
41113|호매실동|82-5,경기도 수원시 권선구 호매실동 82-5,삼익2차,수원시 권선구
41115|고등동|116,경기도 수원시 팔달구 고등동 116,엘리시아,수원시 팔달구
41115|고등동|198-22,경기도 수원시 팔달구 고등동 198-22,롯데,수원시 팔달구
41115|고등동|198-29,경기도 수원시 팔달구 고등동 198-29,영림맨션,수원시 팔달구
41115|고등동|226-34,경기도 수원시 팔달구 고등동 226-34,석산,수원시 팔달구
41115|고등동|267-40,경기도 수원시 팔달구 고등동 267-40,청호,수원시 팔달구
41115|고등동|305-10,경기도 수원시 팔달구 고등동 305-10,루체스타,수원시 팔달구
41115|고등동|305-7,경기도 수원시 팔달구 고등동 305-7,아이제이빌,수원시 팔달구
41115|고등동|310,경기도 수원시 팔달구 고등동 310,수원역푸르지오자이,수원시 팔달구
41115|고등동|67-19,경기도 수원시 팔달구 고등동 67-19,동은,수원시 팔달구
41115|고등동|94-1,경기도 수원시 팔달구 고등동 94-1,해창,수원시 팔달구
41115|교동|155-40,경기도 수원시 팔달구 교동 155-40,명진,수원시 팔달구
41115|교동|185-7,경기도 수원시 팔달구 교동 185-7,풍림아이원,수원시 팔달구
41115|매교동|142-1,경기도 수원시 팔달구 매교동 142-1,연향예스빌,수원시 팔달구
41115|매교동|158-6,경기도 수원시 팔달구 매교동 158-6,문화맨션,수원시 팔달구
41115|매교동|24-6,경기도 수원시 팔달구 매교동 24-6,만강,수원시 팔달구
41115|매교동|25-4,경기도 수원시 팔달구 매교동 25-4,건영캐스빌,수원시 팔달구
41115|매교동|292,경기도 수원시 팔달구 매교동 292,힐스테이트푸르지오수원,수원시 팔달구
41115|매교동|300,경기도 수원시 팔달구 매교동 300,매교역푸르지오SKVIEW,수원시 팔달구
41115|매교동|65-13,경기도 수원시 팔달구 매교동 65-13,아이제이빌,수원시 팔달구
41115|매교동|77-67,경기도 수원시 팔달구 매교동 77-67,계림,수원시 팔달구
41115|매교동|77-75,경기도 수원시 팔달구 매교동 77-75,블루오션,수원시 팔달구
41115|매산로1가|111-2,경기도 수원시 팔달구 매산로1가 111-2,유엘비치나움,수원시 팔달구
41115|매산로2가|11-2,경기도 수원시 팔달구 매산로2가 11-2,동은,수원시 팔달구
41115|매산로2가|84-5,경기도 수원시 팔달구 매산로2가 84-5,이건,수원시 팔달구
41115|매산로2가|90,경기도 수원시 팔달구 매산로2가 90,대한대우,수원시 팔달구
41115|매산로3가|16-24,경기도 수원시 팔달구 매산로3가 16-24,우주그린,수원시 팔달구
41115|매산로3가|32-1,경기도 수원시 팔달구 매산로3가 32-1,KCC파크타운,수원시 팔달구
41115|매산로3가|35-6,경기도 수원시 팔달구 매산로3가 35-6,우리하이빌,수원시 팔달구
41115|우만동|129-1,경기도 수원시 팔달구 우만동 129-1,현대,수원시 팔달구
41115|우만동|138,경기도 수원시 팔달구 우만동 138,신성미소지움,수원시 팔달구
41115|우만동|139-18,경기도 수원시 팔달구 우만동 139-18,한일베라체에코플러스,수원시 팔달구
41115|우만동|28#41115-30,경기도 수원시 팔달구 우만동 28,우만주공2단지,수원시 팔달구
41115|우만동|28#41115-35,경기도 수원시 팔달구 우만동 28,우만주공1단지,수원시 팔달구
41115|우만동|300,경기도 수원시 팔달구 우만동 300,우만주공4단지,수원시 팔달구
41115|우만동|477,경기도 수원시 팔달구 우만동 477,나성복합상가,수원시 팔달구
41115|우만동|479-1,경기도 수원시 팔달구 우만동 479-1,보은맨션,수원시 팔달구
41115|우만동|494,경기도 수원시 팔달구 우만동 494,삼익세라믹,수원시 팔달구
41115|우만동|496,경기도 수원시 팔달구 우만동 496,풍림,수원시 팔달구
41115|우만동|499-6,경기도 수원시 팔달구 우만동 499-6,동원파크뷰,수원시 팔달구
41115|우만동|517,경기도 수원시 팔달구 우만동 517,신미주,수원시 팔달구
41115|우만동|526-12,경기도 수원시 팔달구 우만동 526-12,한효,수원시 팔달구
41115|우만동|533-1,경기도 수원시 팔달구 우만동 533-1,동도센트리움,수원시 팔달구
41115|우만동|58-1,경기도 수원시 팔달구 우만동 58-1,금성,수원시 팔달구
41115|우만동|600,경기도 수원시 팔달구 우만동 600,월드메르디앙,수원시 팔달구
41115|우만동|606,경기도 수원시 팔달구 우만동 606,동수원신도브래뉴,수원시 팔달구
41115|우만동|607,경기도 수원시 팔달구 우만동 607,수원광교양우내안애애플아파트,수원시 팔달구
41115|우만동|76-7,경기도 수원시 팔달구 우만동 76-7,우만동삼성래미안,수원시 팔달구
41115|우만동|85-3,경기도 수원시 팔달구 우만동 85-3,우만R타워,수원시 팔달구
41115|우만동|98,경기도 수원시 팔달구 우만동 98,선경,수원시 팔달구
41115|인계동|1019-6,경기도 수원시 팔달구 인계동 1019-6,ELYSIA,수원시 팔달구
41115|인계동|1022-3,경기도 수원시 팔달구 인계동 1022-3,센트럴하임,수원시 팔달구
41115|인계동|1034-11,경기도 수원시 팔달구 인계동 1034-11,리블리안,수원시 팔달구
41115|인계동|1035-7,경기도 수원시 팔달구 인계동 1035-7,인계리치안,수원시 팔달구
41115|인계동|1036-13,경기도 수원시 팔달구 인계동 1036-13,센트럴시티아리스타,수원시 팔달구
41115|인계동|1043,경기도 수원시 팔달구 인계동 1043,무비하임,수원시 팔달구
41115|인계동|1114-5,경기도 수원시 팔달구 인계동 1114-5,인계미루아파트,수원시 팔달구
41115|인계동|1122-10,경기도 수원시 팔달구 인계동 1122-10,삼호파크타워,수원시 팔달구
41115|인계동|1125-2,경기도 수원시 팔달구 인계동 1125-2,벽산그랜드코아,수원시 팔달구
41115|인계동|1127-1,경기도 수원시 팔달구 인계동 1127-1,한화꿈에그린파크,수원시 팔달구
41115|인계동|1131,경기도 수원시 팔달구 인계동 1131,수원시청역선경센트럴파크,수원시 팔달구
41115|인계동|1132-1,경기도 수원시 팔달구 인계동 1132-1,인계지음,수원시 팔달구
41115|인계동|1132-18,경기도 수원시 팔달구 인계동 1132-18,테라스더아델라움,수원시 팔달구
41115|인계동|1135,경기도 수원시 팔달구 인계동 1135,엘디그린토피아,수원시 팔달구
41115|인계동|1168,경기도 수원시 팔달구 인계동 1168,인계희성연인,수원시 팔달구
41115|인계동|1169,경기도 수원시 팔달구 인계동 1169,수원인계푸르지오,수원시 팔달구
41115|인계동|1170,경기도 수원시 팔달구 인계동 1170,인계한양수자인,수원시 팔달구
41115|인계동|1171,경기도 수원시 팔달구 인계동 1171,수원인계동동문굿모닝힐아파트,수원시 팔달구
41115|인계동|1173,경기도 수원시 팔달구 인계동 1173,수원센트럴아이파크자이,수원시 팔달구
41115|인계동|158-30,경기도 수원시 팔달구 인계동 158-30,선경2,수원시 팔달구
41115|인계동|159,경기도 수원시 팔달구 인계동 159,선경3,수원시 팔달구
41115|인계동|163,경기도 수원시 팔달구 인계동 163,선경1,수원시 팔달구
41115|인계동|209-7,경기도 수원시 팔달구 인계동 209-7,CJ아파트101동,수원시 팔달구
41115|인계동|245-3,경기도 수원시 팔달구 인계동 245-3,무궁화,수원시 팔달구
41115|인계동|247-9,경기도 수원시 팔달구 인계동 247-9,대명쉐르빌,수원시 팔달구
41115|인계동|261-1,경기도 수원시 팔달구 인계동 261-1,장안,수원시 팔달구
41115|인계동|303-3,경기도 수원시 팔달구 인계동 303-3,수정,수원시 팔달구
41115|인계동|319-6,경기도 수원시 팔달구 인계동 319-6,신반포수원(한신),수원시 팔달구
41115|인계동|371-1,경기도 수원시 팔달구 인계동 371-1,삼성,수원시 팔달구
41115|인계동|373-2,경기도 수원시 팔달구 인계동 373-2,아미힐,수원시 팔달구
41115|인계동|374-14,경기도 수원시 팔달구 인계동 374-14,신미주,수원시 팔달구
41115|인계동|384,경기도 수원시 팔달구 인계동 384,래미안노블클래스1단지,수원시 팔달구
41115|인계동|465,경기도 수원시 팔달구 인계동 465,래미안노블클래스2단지,수원시 팔달구
41115|인계동|740-10,경기도 수원시 팔달구 인계동 740-10,영평엘리시움,수원시 팔달구
41115|인계동|865-10,경기도 수원시 팔달구 인계동 865-10,인계파밀리에,수원시 팔달구
41115|인계동|867-1,경기도 수원시 팔달구 인계동 867-1,영광,수원시 팔달구
41115|인계동|899-1,경기도 수원시 팔달구 인계동 899-1,전원,수원시 팔달구
41115|인계동|939-5,경기도 수원시 팔달구 인계동 939-5,코스모골드,수원시 팔달구
41115|인계동|945,경기도 수원시 팔달구 인계동 945,인계극동스타클래스아파트,수원시 팔달구
41115|인계동|953-2,경기도 수원시 팔달구 인계동 953-2,인계아우름아파트,수원시 팔달구
41115|인계동|956-1,경기도 수원시 팔달구 인계동 956-1,은하,수원시 팔달구
41115|인계동|960-4,경기도 수원시 팔달구 인계동 960-4,해피포트,수원시 팔달구
41115|인계동|968-6,경기도 수원시 팔달구 인계동 968-6,인계베스트빌,수원시 팔달구
41115|인계동|975-10,경기도 수원시 팔달구 인계동 975-10,다림늘푸른아파트,수원시 팔달구
41115|인계동|975-15,경기도 수원시 팔달구 인계동 975-15,다림(975-15),수원시 팔달구
41115|인계동|997,경기도 수원시 팔달구 인계동 997,현대콤비타운,수원시 팔달구
41115|지동|138-24,경기도 수원시 팔달구 지동 138-24,삼호,수원시 팔달구
41115|지동|138-3,경기도 수원시 팔달구 지동 138-3,진우,수원시 팔달구
41115|지동|138-6,경기도 수원시 팔달구 지동 138-6,진우빌라트,수원시 팔달구
41115|지동|312-1,경기도 수원시 팔달구 지동 312-1,여울,수원시 팔달구
41115|지동|349-1,경기도 수원시 팔달구 지동 349-1,수원성중흥S-클래스,수원시 팔달구
41115|지동|354-35,경기도 수원시 팔달구 지동 354-35,동오,수원시 팔달구
41115|지동|365-20,경기도 수원시 팔달구 지동 365-20,포레스트,수원시 팔달구
41115|화서동|11-11,경기도 수원시 팔달구 화서동 11-11,성원쌍떼빌,수원시 팔달구
41115|화서동|11-41,경기도 수원시 팔달구 화서동 11-41,벽산아파트,수원시 팔달구
41115|화서동|151-7,경기도 수원시 팔달구 화서동 151-7,성원,수원시 팔달구
41115|화서동|206-8,경기도 수원시 팔달구 화서동 206-8,신우상가,수원시 팔달구
41115|화서동|212-1,경기도 수원시 팔달구 화서동 212-1,화서맨션가동,수원시 팔달구
41115|화서동|212-5,경기도 수원시 팔달구 화서동 212-5,화서맨션나동,수원시 팔달구
41115|화서동|212-6,경기도 수원시 팔달구 화서동 212-6,화서맨션다동,수원시 팔달구
41115|화서동|213-27,경기도 수원시 팔달구 화서동 213-27,민영루이스,수원시 팔달구
41115|화서동|220-3,경기도 수원시 팔달구 화서동 220-3,영광,수원시 팔달구
41115|화서동|250-4,경기도 수원시 팔달구 화서동 250-4,화서역블루밍푸른숲,수원시 팔달구
41115|화서동|646,경기도 수원시 팔달구 화서동 646,화서주공3단지,수원시 팔달구
41115|화서동|650#41115-20,경기도 수원시 팔달구 화서동 650,화서주공4단지,수원시 팔달구
41115|화서동|650#41115-24,경기도 수원시 팔달구 화서동 650,화서주공5단지,수원시 팔달구
41115|화서동|656,경기도 수원시 팔달구 화서동 656,한진현대아파트,수원시 팔달구
41115|화서동|674-1,경기도 수원시 팔달구 화서동 674-1,꽃뫼마을풍림,수원시 팔달구
41115|화서동|684-2,경기도 수원시 팔달구 화서동 684-2,꽃뫼마을신동아,수원시 팔달구
41115|화서동|700,경기도 수원시 팔달구 화서동 700,꽃뫼양지마을현대,수원시 팔달구
41115|화서동|703,경기도 수원시 팔달구 화서동 703,꽃뫼양지마을대우,수원시 팔달구
41115|화서동|706,경기도 수원시 팔달구 화서동 706,꽃뫼버들마을진흥,수원시 팔달구
41115|화서동|709,경기도 수원시 팔달구 화서동 709,꽃뫼버들마을금강,수원시 팔달구
41115|화서동|71-21,경기도 수원시 팔달구 화서동 71-21,계림,수원시 팔달구
41115|화서동|71-6,경기도 수원시 팔달구 화서동 71-6,포레스트나인아파트,수원시 팔달구
41115|화서동|713,경기도 수원시 팔달구 화서동 713,꽃뫼버들마을엘지,수원시 팔달구
41115|화서동|730,경기도 수원시 팔달구 화서동 730,꽃뫼마을코오롱,수원시 팔달구
41115|화서동|743,경기도 수원시 팔달구 화서동 743,화서위브하늘채,수원시 팔달구
41115|화서동|761,경기도 수원시 팔달구 화서동 761,수원화서역동문굿모닝힐,수원시 팔달구
41115|화서동|769,경기도 수원시 팔달구 화서동 769,화서한신더휴,수원시 팔달구
41115|화서동|79-30,경기도 수원시 팔달구 화서동 79-30,익주,수원시 팔달구
41115|화서동|84-1,경기도 수원시 팔달구 화서동 84-1,칠성,수원시 팔달구
41117|망포동|291,경기도 수원시 영통구 망포동 291,청와,수원시 영통구
41117|망포동|295-3,경기도 수원시 영통구 망포동 295-3,해피홈타운,수원시 영통구
41117|망포동|298-2,경기도 수원시 영통구 망포동 298-2,세흥,수원시 영통구
41117|망포동|488,경기도 수원시 영통구 망포동 488,늘푸른벽산,수원시 영통구
41117|망포동|509-1,경기도 수원시 영통구 망포동 509-1,마젤란21(1101동),수원시 영통구
41117|망포동|509-2,경기도 수원시 영통구 망포동 509-2,마젤란21,수원시 영통구
41117|망포동|683,경기도 수원시 영통구 망포동 683,망포현대2아이파크,수원시 영통구
41117|망포동|686,경기도 수원시 영통구 망포동 686,동수원자이1차,수원시 영통구
41117|망포동|690,경기도 수원시 영통구 망포동 690,동수원자이2차,수원시 영통구
41117|망포동|691,경기도 수원시 영통구 망포동 691,망포마을쌍용1차,수원시 영통구
41117|망포동|693,경기도 수원시 영통구 망포동 693,망포역아이파크,수원시 영통구
41117|망포동|696,경기도 수원시 영통구 망포동 696,망포벽산이빌리지,수원시 영통구
41117|망포동|698,경기도 수원시 영통구 망포동 698,엘지동수원자이,수원시 영통구
41117|망포동|700,경기도 수원시 영통구 망포동 700,망포쌍용에듀파크,수원시 영통구
41117|망포동|702,경기도 수원시 영통구 망포동 702,쌍용스윗닷홈2차,수원시 영통구
41117|망포동|704,경기도 수원시 영통구 망포동 704,극동의푸른별,수원시 영통구
41117|망포동|707,경기도 수원시 영통구 망포동 707,방죽마을영통뜨란채,수원시 영통구
41117|망포동|716,경기도 수원시 영통구 망포동 716,일신건영휴먼빌,수원시 영통구
41117|망포동|717,경기도 수원시 영통구 망포동 717,삼정라츠,수원시 영통구
41117|망포동|718,경기도 수원시 영통구 망포동 718,센트럴하이츠,수원시 영통구
41117|망포동|720,경기도 수원시 영통구 망포동 720,그대가프리미어,수원시 영통구
41117|망포동|722,경기도 수원시 영통구 망포동 722,그대가센트럴파크,수원시 영통구
41117|망포동|723,경기도 수원시 영통구 망포동 723,한양수자인,수원시 영통구
41117|망포동|725,경기도 수원시 영통구 망포동 725,영통SKVIEW,수원시 영통구
41117|망포동|726,경기도 수원시 영통구 망포동 726,e편한세상영통2차(1단지),수원시 영통구
41117|망포동|727,경기도 수원시 영통구 망포동 727,e편한세상영통2차(2단지),수원시 영통구
41117|망포동|728,경기도 수원시 영통구 망포동 728,힐스테이트영통,수원시 영통구
41117|망포동|760,경기도 수원시 영통구 망포동 760,영통아이파크캐슬2단지,수원시 영통구
41117|망포동|766,경기도 수원시 영통구 망포동 766,영통아이파크캐슬1단지,수원시 영통구
41117|망포동|790,경기도 수원시 영통구 망포동 790,영통아이파크캐슬3단지,수원시 영통구
41117|망포동|800,경기도 수원시 영통구 망포동 800,영통자이,수원시 영통구
41117|망포동|805,경기도 수원시 영통구 망포동 805,영통롯데캐슬엘클래스1단지,수원시 영통구
41117|망포동|810,경기도 수원시 영통구 망포동 810,영통롯데캐슬엘클래스2단지,수원시 영통구
41117|매탄동|110-14,경기도 수원시 영통구 매탄동 110-14,희성연인,수원시 영통구
41117|매탄동|1162,경기도 수원시 영통구 매탄동 1162,임광,수원시 영통구
41117|매탄동|1199,경기도 수원시 영통구 매탄동 1199,원천성일,수원시 영통구
41117|매탄동|1209,경기도 수원시 영통구 매탄동 1209,e-편한세상,수원시 영통구
41117|매탄동|1211,경기도 수원시 영통구 매탄동 1211,한국1,수원시 영통구
41117|매탄동|1211-1,경기도 수원시 영통구 매탄동 1211-1,금성5,수원시 영통구
41117|매탄동|1217,경기도 수원시 영통구 매탄동 1217,한국2,수원시 영통구
41117|매탄동|1217-5,경기도 수원시 영통구 매탄동 1217-5,백자,수원시 영통구
41117|매탄동|1217-7,경기도 수원시 영통구 매탄동 1217-7,삼성3,수원시 영통구
41117|매탄동|1230,경기도 수원시 영통구 매탄동 1230,매탄레이크파크,수원시 영통구
41117|매탄동|1258,경기도 수원시 영통구 매탄동 1258,주공그린빌1,수원시 영통구
41117|매탄동|1260,경기도 수원시 영통구 매탄동 1260,주공그린빌2,수원시 영통구
41117|매탄동|1274,경기도 수원시 영통구 매탄동 1274,우남퍼스트빌,수원시 영통구
41117|매탄동|1277,경기도 수원시 영통구 매탄동 1277,주공그린빌3,수원시 영통구
41117|매탄동|1280,경기도 수원시 영통구 매탄동 1280,주공그린빌4,수원시 영통구
41117|매탄동|1282,경기도 수원시 영통구 매탄동 1282,주공그린빌5,수원시 영통구
41117|매탄동|1352,경기도 수원시 영통구 매탄동 1352,매탄위브하늘채,수원시 영통구
41117|매탄동|164-10,경기도 수원시 영통구 매탄동 164-10,우성,수원시 영통구
41117|매탄동|172-181,경기도 수원시 영통구 매탄동 172-181,성신,수원시 영통구
41117|매탄동|176,경기도 수원시 영통구 매탄동 176,현대힐스테이트,수원시 영통구
41117|매탄동|194-4,경기도 수원시 영통구 매탄동 194-4,재왕아트빌,수원시 영통구
41117|매탄동|50,경기도 수원시 영통구 매탄동 50,극동,수원시 영통구
41117|매탄동|810,경기도 수원시 영통구 매탄동 810,삼성2,수원시 영통구
41117|매탄동|810-1,경기도 수원시 영통구 매탄동 810-1,현대,수원시 영통구
41117|매탄동|810-2,경기도 수원시 영통구 매탄동 810-2,동남,수원시 영통구
41117|매탄동|810-3,경기도 수원시 영통구 매탄동 810-3,삼성1,수원시 영통구
41117|매탄동|810-4,경기도 수원시 영통구 매탄동 810-4,성일,수원시 영통구
41117|매탄동|897#41117-6,경기도 수원시 영통구 매탄동 897,매탄주공4,수원시 영통구
41117|매탄동|897#41117-7,경기도 수원시 영통구 매탄동 897,매탄주공5,수원시 영통구
41117|신동|939,경기도 수원시 영통구 신동 939,래미안영통마크원1단지,수원시 영통구
41117|신동|940,경기도 수원시 영통구 신동 940,래미안영통마크원2단지,수원시 영통구
41117|영통동|1025-6,경기도 수원시 영통구 영통동 1025-6,영통마크타워,수원시 영통구
41117|영통동|1025-7,경기도 수원시 영통구 영통동 1025-7,myown,수원시 영통구
41117|영통동|1046-1,경기도 수원시 영통구 영통동 1046-1,청명마을삼성,수원시 영통구
41117|영통동|1047-1,경기도 수원시 영통구 영통동 1047-1,건영1차,수원시 영통구
41117|영통동|1048-2,경기도 수원시 영통구 영통동 1048-2,청명마을(주공),수원시 영통구
41117|영통동|1052-2,경기도 수원시 영통구 영통동 1052-2,황골마을(쌍용),수원시 영통구
41117|영통동|1053-2#41117-61,경기도 수원시 영통구 영통동 1053-2,풍림,수원시 영통구
41117|영통동|1053-2#41117-78,경기도 수원시 영통구 영통동 1053-2,벽산(1053-2),수원시 영통구
41117|영통동|1054-3#41117-63,경기도 수원시 영통구 영통동 1054-3,황골마을신명,수원시 영통구
41117|영통동|1054-3#41117-67,경기도 수원시 영통구 영통동 1054-3,황골마을한국,수원시 영통구
41117|영통동|1093,경기도 수원시 영통구 영통동 1093,영통3풍림아이원,수원시 영통구
41117|영통동|1153,경기도 수원시 영통구 영통동 1153,영통아이파크,수원시 영통구
41117|영통동|1154,경기도 수원시 영통구 영통동 1154,영통라온프라이빗,수원시 영통구
41117|영통동|1166,경기도 수원시 영통구 영통동 1166,청명센트레빌,수원시 영통구
41117|영통동|948-4,경기도 수원시 영통구 영통동 948-4,영통센트럴파크뷰,수원시 영통구
41117|영통동|955-1,경기도 수원시 영통구 영통동 955-1,황골마을주공1,수원시 영통구
41117|영통동|956-2#41117-58,경기도 수원시 영통구 영통동 956-2,청명마을대우,수원시 영통구
41117|영통동|956-2#41117-59,경기도 수원시 영통구 영통동 956-2,청명마을동신,수원시 영통구
41117|영통동|957-6#41117-45,경기도 수원시 영통구 영통동 957-6,영통에듀파크(321동~327동),수원시 영통구
41117|영통동|957-6#41117-80,경기도 수원시 영통구 영통동 957-6,영통에듀파크(331동~337동),수원시 영통구
41117|영통동|958-3,경기도 수원시 영통구 영통동 958-3,영통하우스토리,수원시 영통구
41117|영통동|963-2#41117-49,경기도 수원시 영통구 영통동 963-2,신나무실신성,수원시 영통구
41117|영통동|963-2#41117-50,경기도 수원시 영통구 영통동 963-2,신나무실신안,수원시 영통구
41117|영통동|963-2#41117-51,경기도 수원시 영통구 영통동 963-2,신나무실쌍용,수원시 영통구
41117|영통동|963-2#41117-53,경기도 수원시 영통구 영통동 963-2,신나무실진흥,수원시 영통구
41117|영통동|964-5,경기도 수원시 영통구 영통동 964-5,신나무실휴먼시아5단지,수원시 영통구
41117|영통동|965-2#41117-35,경기도 수원시 영통구 영통동 965-2,신나무실미주,수원시 영통구
41117|영통동|965-2#41117-55,경기도 수원시 영통구 영통동 965-2,신나무실신원,수원시 영통구
41117|영통동|966-2,경기도 수원시 영통구 영통동 966-2,신나무실건영,수원시 영통구
41117|영통동|967-2#41117-34,경기도 수원시 영통구 영통동 967-2,신나무실극동,수원시 영통구
41117|영통동|967-2#41117-54,경기도 수원시 영통구 영통동 967-2,신나무실풍림,수원시 영통구
41117|영통동|968#41117-47,경기도 수원시 영통구 영통동 968,신나무실동보,수원시 영통구
41117|영통동|968#41117-48,경기도 수원시 영통구 영통동 968,신나무실신명,수원시 영통구
41117|영통동|969-1#41117-44,경기도 수원시 영통구 영통동 969-1,삼성,수원시 영통구
41117|영통동|969-1#41117-79,경기도 수원시 영통구 영통동 969-1,태영,수원시 영통구
41117|영통동|970-3,경기도 수원시 영통구 영통동 970-3,벽적골9단지주공,수원시 영통구
41117|영통동|971-1,경기도 수원시 영통구 영통동 971-1,벽적골롯데,수원시 영통구
41117|영통동|972-2,경기도 수원시 영통구 영통동 972-2,벽적골주공휴먼시아8단지,수원시 영통구
41117|영통동|973-3#41117-36,경기도 수원시 영통구 영통동 973-3,벽적골두산,수원시 영통구
41117|영통동|973-3#41117-37,경기도 수원시 영통구 영통동 973-3,벽적골우성,수원시 영통구
41117|영통동|973-3#41117-39,경기도 수원시 영통구 영통동 973-3,벽적골한신,수원시 영통구
41117|영통동|987-1,경기도 수원시 영통구 영통동 987-1,영통e-편한세상,수원시 영통구
41117|영통동|988-2,경기도 수원시 영통구 영통동 988-2,살구골마을진덕서광성지동아,수원시 영통구
41117|영통동|989-2,경기도 수원시 영통구 영통동 989-2,현대,수원시 영통구
41117|영통동|996-3,경기도 수원시 영통구 영통동 996-3,대우월드마크,수원시 영통구
41117|원천동|30-5,경기도 수원시 영통구 원천동 30-5,수양,수원시 영통구
41117|원천동|300-3,경기도 수원시 영통구 원천동 300-3,원천신미주,수원시 영통구
41117|원천동|333-3,경기도 수원시 영통구 원천동 333-3,삼성1,수원시 영통구
41117|원천동|35,경기도 수원시 영통구 원천동 35,주공,수원시 영통구
41117|원천동|548,경기도 수원시 영통구 원천동 548,원천레이크파크,수원시 영통구
41117|원천동|589,경기도 수원시 영통구 원천동 589,광교중흥에스클래스,수원시 영통구
41117|원천동|593,경기도 수원시 영통구 원천동 593,광교아이파크,수원시 영통구
41117|원천동|604,경기도 수원시 영통구 원천동 604,광교더샵,수원시 영통구
41117|원천동|606,경기도 수원시 영통구 원천동 606,광교호반베르디움,수원시 영통구
41117|원천동|628,경기도 수원시 영통구 원천동 628,영흥숲푸르지오파크비엔,수원시 영통구
41117|원천동|632,경기도 수원시 영통구 원천동 632,포레나영흥숲,수원시 영통구
41117|원천동|71-1,경기도 수원시 영통구 원천동 71-1,아주,수원시 영통구
41117|원천동|96-1,경기도 수원시 영통구 원천동 96-1,삼부리치안,수원시 영통구
41117|이의동|1182,경기도 수원시 영통구 이의동 1182,광교대광로제비앙,수원시 영통구
41117|이의동|1184,경기도 수원시 영통구 이의동 1184,광교호반베르디움,수원시 영통구
41117|이의동|1200,경기도 수원시 영통구 이의동 1200,광교2차e편한세상,수원시 영통구
41117|이의동|1211,경기도 수원시 영통구 이의동 1211,광교한양수자인,수원시 영통구
41117|이의동|1226,경기도 수원시 영통구 이의동 1226,광교 해모로 아파트,수원시 영통구
41117|이의동|1229,경기도 수원시 영통구 이의동 1229,광교호반베르디움트라엘,수원시 영통구
41117|이의동|1252,경기도 수원시 영통구 이의동 1252,광교역참누리포레스트,수원시 영통구
41117|이의동|1253,경기도 수원시 영통구 이의동 1253,광교시티아이,수원시 영통구
41117|이의동|1303,경기도 수원시 영통구 이의동 1303,오드카운티,수원시 영통구
41117|이의동|1304,경기도 수원시 영통구 이의동 1304,래미안광교,수원시 영통구
41117|이의동|1326,경기도 수원시 영통구 이의동 1326,광교e편한세상,수원시 영통구
41117|이의동|1331,경기도 수원시 영통구 이의동 1331,광교푸르지오월드마크,수원시 영통구
41117|이의동|1332,경기도 수원시 영통구 이의동 1332,SummitPlace광교,수원시 영통구
41117|이의동|1334,경기도 수원시 영통구 이의동 1334,광교센트럴뷰,수원시 영통구
41117|이의동|1339,경기도 수원시 영통구 이의동 1339,자연앤자이3단지,수원시 영통구
41117|이의동|1344,경기도 수원시 영통구 이의동 1344,자연앤힐스테이트,수원시 영통구
41117|이의동|1353,경기도 수원시 영통구 이의동 1353,자연앤자이2단지,수원시 영통구
41117|이의동|1358,경기도 수원시 영통구 이의동 1358,광교아르데코,수원시 영통구
41117|이의동|1367,경기도 수원시 영통구 이의동 1367,자연앤자이1단지,수원시 영통구
41117|이의동|1370,경기도 수원시 영통구 이의동 1370,광교에듀포레,수원시 영통구
41117|하동|1001,경기도 수원시 영통구 하동 1001,광교더포레스트,수원시 영통구
41117|하동|1013,경기도 수원시 영통구 하동 1013,광교더리브,수원시 영통구
41117|하동|1021,경기도 수원시 영통구 하동 1021,힐스테이트광교,수원시 영통구
41117|하동|1027,경기도 수원시 영통구 하동 1027,광교LAKEPARK한양수자인,수원시 영통구
41117|하동|1028,경기도 수원시 영통구 하동 1028,광교모아엘가레이크뷰,수원시 영통구
41117|하동|1032,경기도 수원시 영통구 하동 1032,광교모아엘가레이크파크,수원시 영통구
41117|하동|994,경기도 수원시 영통구 하동 994,광교호수마을호반써밋,수원시 영통구
41131|고등동|582,경기도 성남시 수정구 고등동 582,판교밸리자이1단지,성남시 수정구
41131|고등동|585,경기도 성남시 수정구 고등동 585,판교밸리자이2단지,성남시 수정구
41131|고등동|590,경기도 성남시 수정구 고등동 590,판교밸리제일풍경채,성남시 수정구
41131|고등동|592,경기도 성남시 수정구 고등동 592,판교밸리호반써밋,성남시 수정구
41131|고등동|601,경기도 성남시 수정구 고등동 601,판교밸리자이3단지,성남시 수정구
41131|단대동|100,경기도 성남시 수정구 단대동 100,단대푸르지오,성남시 수정구
41131|단대동|124,경기도 성남시 수정구 단대동 124,진로,성남시 수정구
41131|단대동|127,경기도 성남시 수정구 단대동 127,희망,성남시 수정구
41131|단대동|182,경기도 성남시 수정구 단대동 182,미도,성남시 수정구
41131|단대동|185-13,경기도 성남시 수정구 단대동 185-13,훼밀리웰빙,성남시 수정구
41131|단대동|3,경기도 성남시 수정구 단대동 3,낙원,성남시 수정구
41131|단대동|6,경기도 성남시 수정구 단대동 6,선경논골,성남시 수정구
41131|단대동|66-1,경기도 성남시 수정구 단대동 66-1,미래아트,성남시 수정구
41131|단대동|6986,경기도 성남시 수정구 단대동 6986,코오롱하늘채,성남시 수정구
41131|단대동|78,경기도 성남시 수정구 단대동 78,진흥더블파크,성남시 수정구
41131|산성동|848,경기도 성남시 수정구 산성동 848,성남기능대학교직원아파트,성남시 수정구
41131|수진동|1-5,경기도 성남시 수정구 수진동 1-5,하이코랜드빌,성남시 수정구
41131|수진동|2220,경기도 성남시 수정구 수진동 2220,엠디,성남시 수정구
41131|수진동|2934,경기도 성남시 수정구 수진동 2934,낙원스카이뷰,성남시 수정구
41131|수진동|2965,경기도 성남시 수정구 수진동 2965,우리빌,성남시 수정구
41131|수진동|3016,경기도 성남시 수정구 수진동 3016,와이엠프라젠,성남시 수정구
41131|수진동|3029,경기도 성남시 수정구 수진동 3029,에이스,성남시 수정구
41131|수진동|3379,경기도 성남시 수정구 수진동 3379,현대,성남시 수정구
41131|수진동|3991,경기도 성남시 수정구 수진동 3991,밀란체3,성남시 수정구
41131|수진동|4002,경기도 성남시 수정구 수진동 4002,밀란체2,성남시 수정구
41131|수진동|4539,경기도 성남시 수정구 수진동 4539,세일띠아모,성남시 수정구
41131|수진동|4557,경기도 성남시 수정구 수진동 4557,밀란체1,성남시 수정구
41131|수진동|4569,경기도 성남시 수정구 수진동 4569,세븐빌,성남시 수정구
41131|수진동|4660,경기도 성남시 수정구 수진동 4660,산호,성남시 수정구
41131|수진동|4663,경기도 성남시 수정구 수진동 4663,삼부,성남시 수정구
41131|수진동|4678,경기도 성남시 수정구 수진동 4678,삼정그린뷰,성남시 수정구
41131|수진동|4763-1,경기도 성남시 수정구 수진동 4763-1,모란수정빌,성남시 수정구
41131|수진동|4809,경기도 성남시 수정구 수진동 4809,모란아이하우스,성남시 수정구
41131|신흥동|10#41131-2,경기도 성남시 수정구 신흥동 10,주공고층,성남시 수정구
41131|신흥동|10#41131-23,경기도 성남시 수정구 신흥동 10,주공저층,성남시 수정구
41131|신흥동|125-2,경기도 성남시 수정구 신흥동 125-2,셀레스빌,성남시 수정구
41131|신흥동|1741-8,경기도 성남시 수정구 신흥동 1741-8,수정트라움하우스,성남시 수정구
41131|신흥동|179,경기도 성남시 수정구 신흥동 179,삼부르네상스파크1,성남시 수정구
41131|신흥동|188,경기도 성남시 수정구 신흥동 188,삼남,성남시 수정구
41131|신흥동|2024,경기도 성남시 수정구 신흥동 2024,두산,성남시 수정구
41131|신흥동|2463-1,경기도 성남시 수정구 신흥동 2463-1,한신,성남시 수정구
41131|신흥동|2464-1,경기도 성남시 수정구 신흥동 2464-1,청구,성남시 수정구
41131|신흥동|2465-7,경기도 성남시 수정구 신흥동 2465-7,신동아파라디움,성남시 수정구
41131|신흥동|2476,경기도 성남시 수정구 신흥동 2476,삼부르네상스파크2,성남시 수정구
41131|신흥동|2565,경기도 성남시 수정구 신흥동 2565,대성,성남시 수정구
41131|신흥동|3765,경기도 성남시 수정구 신흥동 3765,신흥센트리움,성남시 수정구
41131|신흥동|4205,경기도 성남시 수정구 신흥동 4205,이한팔라티움A동,성남시 수정구
41131|신흥동|4512,경기도 성남시 수정구 신흥동 4512,스타시티타워,성남시 수정구
41131|신흥동|4535,경기도 성남시 수정구 신흥동 4535,신세계,성남시 수정구
41131|신흥동|5180,경기도 성남시 수정구 신흥동 5180,샤르망,성남시 수정구
41131|신흥동|5503,경기도 성남시 수정구 신흥동 5503,탑클래스,성남시 수정구
41131|신흥동|5518,경기도 성남시 수정구 신흥동 5518,현진,성남시 수정구
41131|신흥동|5519,경기도 성남시 수정구 신흥동 5519,이룸,성남시 수정구
41131|신흥동|5542-3,경기도 성남시 수정구 신흥동 5542-3,미래타운,성남시 수정구
41131|신흥동|65,경기도 성남시 수정구 신흥동 65,미래타운2차,성남시 수정구
41131|신흥동|6947,경기도 성남시 수정구 신흥동 6947,에드모스,성남시 수정구
41131|신흥동|6951,경기도 성남시 수정구 신흥동 6951,산성역포레스티아,성남시 수정구
41131|신흥동|6961,경기도 성남시 수정구 신흥동 6961,산성역자이푸르지오1단지,성남시 수정구
41131|신흥동|6963,경기도 성남시 수정구 신흥동 6963,산성역자이푸르지오2단지,성남시 수정구
41131|신흥동|6971,경기도 성남시 수정구 신흥동 6971,산성역자이푸르지오3단지,성남시 수정구
41131|신흥동|72,경기도 성남시 수정구 신흥동 72,위플러스,성남시 수정구
41131|신흥동|859,경기도 성남시 수정구 신흥동 859,수정,성남시 수정구
41131|신흥동|89-1,경기도 성남시 수정구 신흥동 89-1,통보8,성남시 수정구
41131|신흥동|950,경기도 성남시 수정구 신흥동 950,세일띠아모아파트,성남시 수정구
41131|양지동|1021,경기도 성남시 수정구 양지동 1021,양우내안애,성남시 수정구
41131|양지동|1022,경기도 성남시 수정구 양지동 1022,우성에비뉴,성남시 수정구
41131|양지동|6,경기도 성남시 수정구 양지동 6,굿모닝파크빌,성남시 수정구
41131|양지동|743-1,경기도 성남시 수정구 양지동 743-1,통보3,성남시 수정구
41131|양지동|89,경기도 성남시 수정구 양지동 89,미성,성남시 수정구
41131|양지동|93,경기도 성남시 수정구 양지동 93,주원파크빌101,성남시 수정구
41131|양지동|94,경기도 성남시 수정구 양지동 94,주원파크빌201,성남시 수정구
41131|창곡동|504,경기도 성남시 수정구 창곡동 504,위례센트럴자이,성남시 수정구
41131|창곡동|507,경기도 성남시 수정구 창곡동 507,위례보미리즌빌,성남시 수정구
41131|창곡동|512,경기도 성남시 수정구 창곡동 512,위례자이더시티,성남시 수정구
41131|창곡동|515,경기도 성남시 수정구 창곡동 515,위례호반써밋에비뉴,성남시 수정구
41131|창곡동|519,경기도 성남시 수정구 창곡동 519,위례센트럴푸르지오,성남시 수정구
41131|창곡동|521,경기도 성남시 수정구 창곡동 521,위례더힐55,성남시 수정구
41131|창곡동|528,경기도 성남시 수정구 창곡동 528,래미안위례,성남시 수정구
41131|창곡동|529,경기도 성남시 수정구 창곡동 529,위례아트리버푸르지오2단지,성남시 수정구
41131|창곡동|530,경기도 성남시 수정구 창곡동 530,위례아트리버푸르지오1단지,성남시 수정구
41131|창곡동|531,경기도 성남시 수정구 창곡동 531,위례자이,성남시 수정구
41131|창곡동|563,경기도 성남시 수정구 창곡동 563,위례역푸르지오6단지,성남시 수정구
41131|창곡동|564,경기도 성남시 수정구 창곡동 564,위례역푸르지오5단지,성남시 수정구
41131|창곡동|565,경기도 성남시 수정구 창곡동 565,위례역푸르지오4단지,성남시 수정구
41131|창곡동|567,경기도 성남시 수정구 창곡동 567,위례 래미안이편한세상,성남시 수정구
41131|창곡동|572,경기도 성남시 수정구 창곡동 572,힐스테이트위례,성남시 수정구
41131|창곡동|597,경기도 성남시 수정구 창곡동 597,위례포레스트부영,성남시 수정구
41131|태평동|2991-2,경기도 성남시 수정구 태평동 2991-2,통보,성남시 수정구
41131|태평동|3505,경기도 성남시 수정구 태평동 3505,삼오아트빌,성남시 수정구
41131|태평동|3649-2,경기도 성남시 수정구 태평동 3649-2,백산,성남시 수정구
41131|태평동|3659,경기도 성남시 수정구 태평동 3659,태평동낙원스카이뷰,성남시 수정구
41131|태평동|3737,경기도 성남시 수정구 태평동 3737,굿모닝하우스,성남시 수정구
41131|태평동|50-1,경기도 성남시 수정구 태평동 50-1,건우,성남시 수정구
41131|태평동|5113-3,경기도 성남시 수정구 태평동 5113-3,SM해그린,성남시 수정구
41131|태평동|5113-7,경기도 성남시 수정구 태평동 5113-7,일성오퍼스원,성남시 수정구
41131|태평동|6146,경기도 성남시 수정구 태평동 6146,낙원스카이뷰2,성남시 수정구
41131|태평동|6455,경기도 성남시 수정구 태평동 6455,동인트루빌2,성남시 수정구
41131|태평동|6513,경기도 성남시 수정구 태평동 6513,삼능스페이스향,성남시 수정구
41131|태평동|7288-11,경기도 성남시 수정구 태평동 7288-11,주민태평동락커뮤니티,성남시 수정구
41131|태평동|7306,경기도 성남시 수정구 태평동 7306,선경태평,성남시 수정구
41131|태평동|7330,경기도 성남시 수정구 태평동 7330,태평,성남시 수정구
41131|태평동|7336,경기도 성남시 수정구 태평동 7336,신세계쉐덴,성남시 수정구
41131|태평동|7337,경기도 성남시 수정구 태평동 7337,크란츠힐,성남시 수정구
41131|태평동|7341,경기도 성남시 수정구 태평동 7341,신동아파밀리에,성남시 수정구
41131|태평동|7342,경기도 성남시 수정구 태평동 7342,가천대역쌍용스윗닷홈,성남시 수정구
41131|태평동|7343,경기도 성남시 수정구 태평동 7343,가천대역동부센트레빌1단지,성남시 수정구
41131|태평동|7344,경기도 성남시 수정구 태평동 7344,가천대역동부센트레빌2단지,성남시 수정구
41131|태평동|7346,경기도 성남시 수정구 태평동 7346,가천대역두산위브,성남시 수정구
41133|금광동|1001,경기도 성남시 중원구 금광동 1001,e편한세상금빛그랑메종1단지,성남시 중원구
41133|금광동|1003,경기도 성남시 중원구 금광동 1003,e편한세상금빛그랑메종2단지,성남시 중원구
41133|금광동|1008,경기도 성남시 중원구 금광동 1008,e편한세상금빛그랑메종3단지,성남시 중원구
41133|금광동|1016,경기도 성남시 중원구 금광동 1016,e편한세상금빛그랑메종4단지,성남시 중원구
41133|금광동|1020,경기도 성남시 중원구 금광동 1020,e편한세상금빛그랑메종5단지,성남시 중원구
41133|금광동|2450-1,경기도 성남시 중원구 금광동 2450-1,황송마을,성남시 중원구
41133|금광동|2500,경기도 성남시 중원구 금광동 2500,래미안금광,성남시 중원구
41133|금광동|2600,경기도 성남시 중원구 금광동 2600,한양수자인성남마크뷰,성남시 중원구
41133|금광동|2627,경기도 성남시 중원구 금광동 2627,현대,성남시 중원구
41133|금광동|2892,경기도 성남시 중원구 금광동 2892,용평금광,성남시 중원구
41133|금광동|3950,경기도 성남시 중원구 금광동 3950,삼익금광1차,성남시 중원구
41133|금광동|4464,경기도 성남시 중원구 금광동 4464,세일띠아모,성남시 중원구
41133|금광동|4622,경기도 성남시 중원구 금광동 4622,금광,성남시 중원구
41133|금광동|4863,경기도 성남시 중원구 금광동 4863,중앙하이츠금광프리미엄아파트,성남시 중원구
41133|금광동|91,경기도 성남시 중원구 금광동 91,브이아이피산성,성남시 중원구
41133|금광동|92,경기도 성남시 중원구 금광동 92,단남,성남시 중원구
41133|도촌동|700,경기도 성남시 중원구 도촌동 700,LH동분당센트럴파크,성남시 중원구
41133|도촌동|702,경기도 성남시 중원구 도촌동 702,동분당포레스트,성남시 중원구
41133|도촌동|704,경기도 성남시 중원구 도촌동 704,동분당더퍼스트,성남시 중원구
41133|도촌동|706,경기도 성남시 중원구 도촌동 706,東분당파크뷰,성남시 중원구
41133|상대원동|152-3,경기도 성남시 중원구 상대원동 152-3,상대원삼익,성남시 중원구
41133|상대원동|174,경기도 성남시 중원구 상대원동 174,산성,성남시 중원구
41133|상대원동|1761,경기도 성남시 중원구 상대원동 1761,이튼,성남시 중원구
41133|상대원동|178-6,경기도 성남시 중원구 상대원동 178-6,일성,성남시 중원구
41133|상대원동|179,경기도 성남시 중원구 상대원동 179,궁전,성남시 중원구
41133|상대원동|195-5,경기도 성남시 중원구 상대원동 195-5,성지,성남시 중원구
41133|상대원동|197-1,경기도 성남시 중원구 상대원동 197-1,현대빌라트,성남시 중원구
41133|상대원동|279-1,경기도 성남시 중원구 상대원동 279-1,선경2차,성남시 중원구
41133|상대원동|2986-20,경기도 성남시 중원구 상대원동 2986-20,수산리치빌103동,성남시 중원구
41133|상대원동|2986-22,경기도 성남시 중원구 상대원동 2986-22,수산리치빌104동,성남시 중원구
41133|상대원동|2993-3,경기도 성남시 중원구 상대원동 2993-3,현성아름빌,성남시 중원구
41133|상대원동|2997-15,경기도 성남시 중원구 상대원동 2997-15,새광,성남시 중원구
41133|상대원동|2997-22,경기도 성남시 중원구 상대원동 2997-22,태영파크뷰,성남시 중원구
41133|상대원동|5026,경기도 성남시 중원구 상대원동 5026,월드뷰,성남시 중원구
41133|상대원동|산19-4,경기도 성남시 중원구 상대원동 산19-4,산호,성남시 중원구
41133|성남동|2163,경기도 성남시 중원구 성남동 2163,동부브리앙뜨,성남시 중원구
41133|성남동|2258,경기도 성남시 중원구 성남동 2258,성남동나래빌주상복합,성남시 중원구
41133|성남동|2292,경기도 성남시 중원구 성남동 2292,동부주택브리앙뜨,성남시 중원구
41133|성남동|2334,경기도 성남시 중원구 성남동 2334,S.N블르버드,성남시 중원구
41133|성남동|2339,경기도 성남시 중원구 성남동 2339,뉴타운A동,성남시 중원구
41133|성남동|2396,경기도 성남시 중원구 성남동 2396,신동아파밀리에,성남시 중원구
41133|성남동|2487,경기도 성남시 중원구 성남동 2487,세종그랑시아,성남시 중원구
41133|성남동|2493,경기도 성남시 중원구 성남동 2493,그린빌,성남시 중원구
41133|성남동|2508,경기도 성남시 중원구 성남동 2508,보미리전빌3,성남시 중원구
41133|성남동|2624,경기도 성남시 중원구 성남동 2624,삼아,성남시 중원구
41133|성남동|2992,경기도 성남시 중원구 성남동 2992,중앙,성남시 중원구
41133|성남동|3121,경기도 성남시 중원구 성남동 3121,현대,성남시 중원구
41133|성남동|3126,경기도 성남시 중원구 성남동 3126,금호어울림,성남시 중원구
41133|성남동|3137,경기도 성남시 중원구 성남동 3137,수산리치빌(102동),성남시 중원구
41133|성남동|3141,경기도 성남시 중원구 성남동 3141,수산리치빌(101동),성남시 중원구
41133|성남동|3166,경기도 성남시 중원구 성남동 3166,휴먼팰리스,성남시 중원구
41133|성남동|3219,경기도 성남시 중원구 성남동 3219,아트팰리스,성남시 중원구
41133|성남동|3264,경기도 성남시 중원구 성남동 3264,쉐르진,성남시 중원구
41133|성남동|3279,경기도 성남시 중원구 성남동 3279,부남프라자,성남시 중원구
41133|성남동|3283,경기도 성남시 중원구 성남동 3283,양지참빛,성남시 중원구
41133|성남동|3287,경기도 성남시 중원구 성남동 3287,크란츠빌Ⅱ,성남시 중원구
41133|성남동|3300,경기도 성남시 중원구 성남동 3300,우원파크빌,성남시 중원구
41133|성남동|3301,경기도 성남시 중원구 성남동 3301,렉스아파트,성남시 중원구
41133|성남동|3747,경기도 성남시 중원구 성남동 3747,금오,성남시 중원구
41133|성남동|3753,경기도 성남시 중원구 성남동 3753,띠아모,성남시 중원구
41133|성남동|3754,경기도 성남시 중원구 성남동 3754,예건췌리쉬,성남시 중원구
41133|성남동|3755,경기도 성남시 중원구 성남동 3755,SR하이원,성남시 중원구
41133|성남동|3757,경기도 성남시 중원구 성남동 3757,대동다숲,성남시 중원구
41133|성남동|4031,경기도 성남시 중원구 성남동 4031,한빛스위티,성남시 중원구
41133|성남동|4105,경기도 성남시 중원구 성남동 4105,월드팰리스,성남시 중원구
41133|성남동|4117,경기도 성남시 중원구 성남동 4117,가나3차(102동),성남시 중원구
41133|성남동|4117-1,경기도 성남시 중원구 성남동 4117-1,가나3차(101동),성남시 중원구
41133|성남동|4859,경기도 성남시 중원구 성남동 4859,로그인한진,성남시 중원구
41133|여수동|600,경기도 성남시 중원구 여수동 600,센트럴타운(3단지),성남시 중원구
41133|여수동|601,경기도 성남시 중원구 여수동 601,연꽃마을(4단지),성남시 중원구
41133|여수동|602,경기도 성남시 중원구 여수동 602,산들마을2단지,성남시 중원구
41133|은행동|1740,경기도 성남시 중원구 은행동 1740,은빛마을(두산위브),성남시 중원구
41133|은행동|1932-6,경기도 성남시 중원구 은행동 1932-6,현대,성남시 중원구
41133|은행동|550#41133-7,경기도 성남시 중원구 은행동 550,은행주공,성남시 중원구
41133|은행동|550#41133-8,경기도 성남시 중원구 은행동 550,은행주공2,성남시 중원구
41133|중앙동|3001,경기도 성남시 중원구 중앙동 3001,신흥역하늘채랜더스원1단지,성남시 중원구
41133|중앙동|3006,경기도 성남시 중원구 중앙동 3006,신흥역하늘채랜더스원2단지,성남시 중원구
41133|중앙동|3007,경기도 성남시 중원구 중앙동 3007,신흥역하늘채랜더스원3단지,성남시 중원구
41133|중앙동|515,경기도 성남시 중원구 중앙동 515,백두씨티웰빙,성남시 중원구
41133|중앙동|577,경기도 성남시 중원구 중앙동 577,중앙동힐스테이트2차,성남시 중원구
41133|중앙동|578,경기도 성남시 중원구 중앙동 578,중앙동힐스테이트1차,성남시 중원구
41133|중앙동|710,경기도 성남시 중원구 중앙동 710,롯데캐슬,성남시 중원구
41133|하대원동|100-3,경기도 성남시 중원구 하대원동 100-3,와이엠프라젠,성남시 중원구
41133|하대원동|103-17,경기도 성남시 중원구 하대원동 103-17,럭키참조은,성남시 중원구
41133|하대원동|104-13,경기도 성남시 중원구 하대원동 104-13,현성라비도르,성남시 중원구
41133|하대원동|105-2,경기도 성남시 중원구 하대원동 105-2,주원파크빌,성남시 중원구
41133|하대원동|105-7,경기도 성남시 중원구 하대원동 105-7,금오베스트샵,성남시 중원구
41133|하대원동|111,경기도 성남시 중원구 하대원동 111,비제이위채,성남시 중원구
41133|하대원동|111-7,경기도 성남시 중원구 하대원동 111-7,제일,성남시 중원구
41133|하대원동|115-3,경기도 성남시 중원구 하대원동 115-3,성원초원,성남시 중원구
41133|하대원동|117,경기도 성남시 중원구 하대원동 117,신영뷰티,성남시 중원구
41133|하대원동|119,경기도 성남시 중원구 하대원동 119,삼남,성남시 중원구
41133|하대원동|120-1,경기도 성남시 중원구 하대원동 120-1,삼두,성남시 중원구
41133|하대원동|127-2,경기도 성남시 중원구 하대원동 127-2,가나2차,성남시 중원구
41133|하대원동|127-4,경기도 성남시 중원구 하대원동 127-4,가나2차1,성남시 중원구
41133|하대원동|137-5,경기도 성남시 중원구 하대원동 137-5,상일,성남시 중원구
41133|하대원동|143-1,경기도 성남시 중원구 하대원동 143-1,태연스카이빌,성남시 중원구
41133|하대원동|147-5,경기도 성남시 중원구 하대원동 147-5,이안모란센트럴파크,성남시 중원구
41133|하대원동|155-2,경기도 성남시 중원구 하대원동 155-2,대원,성남시 중원구
41133|하대원동|156-16,경기도 성남시 중원구 하대원동 156-16,노블씨티,성남시 중원구
41133|하대원동|160-2,경기도 성남시 중원구 하대원동 160-2,가나,성남시 중원구
41133|하대원동|161-9,경기도 성남시 중원구 하대원동 161-9,가나1,성남시 중원구
41133|하대원동|173-2,경기도 성남시 중원구 하대원동 173-2,주원,성남시 중원구
41133|하대원동|176,경기도 성남시 중원구 하대원동 176,현대그린,성남시 중원구
41133|하대원동|190,경기도 성남시 중원구 하대원동 190,현대,성남시 중원구
41133|하대원동|249,경기도 성남시 중원구 하대원동 249,아튼빌,성남시 중원구
41133|하대원동|539,경기도 성남시 중원구 하대원동 539,성남자이,성남시 중원구
41133|하대원동|545,경기도 성남시 중원구 하대원동 545,엘리프하이디움1단지,성남시 중원구
41133|하대원동|546,경기도 성남시 중원구 하대원동 546,엘리프하이디움2단지,성남시 중원구
41135|구미동|110,경기도 성남시 분당구 구미동 110,하얀마을(5단지)(주공),성남시 분당구
41135|구미동|201#41135-178,경기도 성남시 분당구 구미동 201,무지개(3단지)(건영),성남시 분당구
41135|구미동|201#41135-184,경기도 성남시 분당구 구미동 201,무지개(3단지)(신한),성남시 분당구
41135|구미동|202,경기도 성남시 분당구 구미동 202,무지개(2단지)(엘지),성남시 분당구
41135|구미동|211,경기도 성남시 분당구 구미동 211,무지개(1단지)(대림),성남시 분당구
41135|구미동|212,경기도 성남시 분당구 구미동 212,무지개(12단지)(주공),성남시 분당구
41135|구미동|213,경기도 성남시 분당구 구미동 213,무지개(11단지)(금강센테리움),성남시 분당구
41135|구미동|220,경기도 성남시 분당구 구미동 220,무지개(4단지)(주공),성남시 분당구
41135|구미동|221,경기도 성남시 분당구 구미동 221,무지개(5단지)(청구),성남시 분당구
41135|구미동|222#41135-183,경기도 성남시 분당구 구미동 222,무지개(10단지)(삼성),성남시 분당구
41135|구미동|222#41135-218,경기도 성남시 분당구 구미동 222,무지개(10단지)(건영),성남시 분당구
41135|구미동|225,경기도 성남시 분당구 구미동 225,무지개(6단지)(건영),성남시 분당구
41135|구미동|240,경기도 성남시 분당구 구미동 240,무지개(9단지)(동아),성남시 분당구
41135|구미동|242,경기도 성남시 분당구 구미동 242,무지개(7단지)(라이프),성남시 분당구
41135|구미동|243,경기도 성남시 분당구 구미동 243,무지개(8단지)(제일),성남시 분당구
41135|구미동|63#41135-164,경기도 성남시 분당구 구미동 63,까치마을(4단지)(롯데),성남시 분당구
41135|구미동|63#41135-231,경기도 성남시 분당구 구미동 63,까치마을(4단지)(선경),성남시 분당구
41135|구미동|66,경기도 성남시 분당구 구미동 66,까치마을(3단지)(신원),성남시 분당구
41135|구미동|77,경기도 성남시 분당구 구미동 77,까치마을(1단지)(대우롯데선경),성남시 분당구
41135|구미동|88,경기도 성남시 분당구 구미동 88,까치마을(2단지)(주공),성남시 분당구
41135|금곡동|125,경기도 성남시 분당구 금곡동 125,청솔마을(공무원),성남시 분당구
41135|금곡동|132,경기도 성남시 분당구 금곡동 132,청솔마을(동아),성남시 분당구
41135|금곡동|133,경기도 성남시 분당구 금곡동 133,청솔마을(주공9단지),성남시 분당구
41135|금곡동|141,경기도 성남시 분당구 금곡동 141,청솔마을(대원),성남시 분당구
41135|금곡동|143,경기도 성남시 분당구 금곡동 143,청솔마을(성원),성남시 분당구
41135|금곡동|176,경기도 성남시 분당구 금곡동 176,청솔마을(계룡),성남시 분당구
41135|금곡동|177#41135-154,경기도 성남시 분당구 금곡동 177,청솔마을(서광),성남시 분당구
41135|금곡동|177#41135-156,경기도 성남시 분당구 금곡동 177,청솔마을(영남),성남시 분당구
41135|금곡동|180,경기도 성남시 분당구 금곡동 180,청솔마을(유천),성남시 분당구
41135|금곡동|181,경기도 성남시 분당구 금곡동 181,청솔마을(한라),성남시 분당구
41135|금곡동|192,경기도 성남시 분당구 금곡동 192,두산위브트레지움,성남시 분당구
41135|금곡동|201,경기도 성남시 분당구 금곡동 201,코오롱더프라우,성남시 분당구
41135|금곡동|202,경기도 성남시 분당구 금곡동 202,분당하우스토리,성남시 분당구
41135|금곡동|208,경기도 성남시 분당구 금곡동 208,삼라마이다스빌,성남시 분당구
41135|대장동|591,경기도 성남시 분당구 대장동 591,판교퍼스트힐푸르지오A2,성남시 분당구
41135|대장동|592,경기도 성남시 분당구 대장동 592,판교퍼스트힐푸르지오1단지,성남시 분당구
41135|대장동|595,경기도 성남시 분당구 대장동 595,힐스테이트판교엘포레A6BL,성남시 분당구
41135|대장동|621,경기도 성남시 분당구 대장동 621,힐스테이트판교엘포레A3BL,성남시 분당구
41135|대장동|623,경기도 성남시 분당구 대장동 623,판교풍경채어바니티(7단지),성남시 분당구
41135|대장동|634,경기도 성남시 분당구 대장동 634,힐스테이트판교엘포레A4BL,성남시 분당구
41135|대장동|638,경기도 성남시 분당구 대장동 638,판교더샵포레스트11단지,성남시 분당구
41135|대장동|641,경기도 성남시 분당구 대장동 641,판교더샵포레스트12단지,성남시 분당구
41135|대장동|642,경기도 성남시 분당구 대장동 642,판교풍경채어바니티(5단지),성남시 분당구
41135|백현동|525,경기도 성남시 분당구 백현동 525,백현마을9단지(e편한세상),성남시 분당구
41135|백현동|530,경기도 성남시 분당구 백현동 530,판교알파리움2단지,성남시 분당구
41135|백현동|531,경기도 성남시 분당구 백현동 531,판교알파리움1단지,성남시 분당구
41135|백현동|542,경기도 성남시 분당구 백현동 542,판교푸르지오그랑블,성남시 분당구
41135|백현동|545,경기도 성남시 분당구 백현동 545,백현마을2단지,성남시 분당구
41135|백현동|554,경기도 성남시 분당구 백현동 554,백현마을5단지(주공),성남시 분당구
41135|백현동|555,경기도 성남시 분당구 백현동 555,백현마을6단지(주공),성남시 분당구
41135|백현동|556,경기도 성남시 분당구 백현동 556,백현마을7단지(주공),성남시 분당구
41135|백현동|558,경기도 성남시 분당구 백현동 558,백현마을8단지(대림),성남시 분당구
41135|백현동|608,경기도 성남시 분당구 백현동 608,THESHARP판교퍼스트파크,성남시 분당구
41135|분당동|34,경기도 성남시 분당구 분당동 34,샛별마을(라이프),성남시 분당구
41135|분당동|35,경기도 성남시 분당구 분당동 35,샛별마을(동성),성남시 분당구
41135|분당동|38,경기도 성남시 분당구 분당동 38,샛별마을(우방),성남시 분당구
41135|분당동|39,경기도 성남시 분당구 분당동 39,샛별마을(삼부),성남시 분당구
41135|분당동|66,경기도 성남시 분당구 분당동 66,장안타운(건영),성남시 분당구
41135|삼평동|705,경기도 성남시 분당구 삼평동 705,봇들마을1단지(판교신미주),성남시 분당구
41135|삼평동|717,경기도 성남시 분당구 삼평동 717,봇들마을2단지(이지더원),성남시 분당구
41135|삼평동|718,경기도 성남시 분당구 삼평동 718,봇들마을4단지(주공),성남시 분당구
41135|삼평동|722,경기도 성남시 분당구 삼평동 722,봇들마을3단지(주공),성남시 분당구
41135|삼평동|738,경기도 성남시 분당구 삼평동 738,봇들마을7단지,성남시 분당구
41135|삼평동|740,경기도 성남시 분당구 삼평동 740,판교호반써밋플레이스,성남시 분당구
41135|삼평동|741,경기도 성남시 분당구 삼평동 741,판교푸르지오월드마크,성남시 분당구
41135|삼평동|742,경기도 성남시 분당구 삼평동 742,봇들마을8단지(주공),성남시 분당구
41135|삼평동|744,경기도 성남시 분당구 삼평동 744,봇들마을9단지(금호어울림),성남시 분당구
41135|서현동|291,경기도 성남시 분당구 서현동 291,효자촌(동아),성남시 분당구
41135|서현동|292,경기도 성남시 분당구 서현동 292,효자촌(임광),성남시 분당구
41135|서현동|299,경기도 성남시 분당구 서현동 299,효자촌(현대),성남시 분당구
41135|서현동|301,경기도 성남시 분당구 서현동 301,효자촌(삼환),성남시 분당구
41135|서현동|307,경기도 성남시 분당구 서현동 307,효자촌(미래타운),성남시 분당구
41135|서현동|308#41135-104,경기도 성남시 분당구 서현동 308,효자촌(대우),성남시 분당구
41135|서현동|308#41135-107,경기도 성남시 분당구 서현동 308,효자촌(럭키),성남시 분당구
41135|서현동|308#41135-112,경기도 성남시 분당구 서현동 308,효자촌(화성),성남시 분당구
41135|서현동|310,경기도 성남시 분당구 서현동 310,효자촌(대창),성남시 분당구
41135|서현동|87#41135-102,경기도 성남시 분당구 서현동 87,시범한신,성남시 분당구
41135|서현동|87#41135-98,경기도 성남시 분당구 서현동 87,시범삼성,성남시 분당구
41135|서현동|91,경기도 성남시 분당구 서현동 91,시범한양,성남시 분당구
41135|서현동|92,경기도 성남시 분당구 서현동 92,시범현대,성남시 분당구
41135|서현동|96,경기도 성남시 분당구 서현동 96,시범우성,성남시 분당구
41135|수내동|1-1,경기도 성남시 분당구 수내동 1-1,분당지웰푸르지오,성남시 분당구
41135|수내동|24#41135-248,경기도 성남시 분당구 수내동 24,양지마을(5단지)(한양515-529),성남시 분당구
41135|수내동|24#41135-73,경기도 성남시 분당구 수내동 24,양지마을(5단지)(한양501-514),성남시 분당구
41135|수내동|27,경기도 성남시 분당구 수내동 27,양지마을(3단지)(금호),성남시 분당구
41135|수내동|29,경기도 성남시 분당구 수내동 29,양지마을(6단지)(한양603동),성남시 분당구
41135|수내동|32,경기도 성남시 분당구 수내동 32,"양지마을(6단지)(금호,청구)",성남시 분당구
41135|수내동|34,경기도 성남시 분당구 수내동 34,양지마을(금호1),성남시 분당구
41135|수내동|36,경기도 성남시 분당구 수내동 36,양지마을(2단지)(청구),성남시 분당구
41135|수내동|51,경기도 성남시 분당구 수내동 51,파크타운(대림),성남시 분당구
41135|수내동|52,경기도 성남시 분당구 수내동 52,파크타운(서안),성남시 분당구
41135|수내동|54,경기도 성남시 분당구 수내동 54,파크타운(삼익),성남시 분당구
41135|수내동|55,경기도 성남시 분당구 수내동 55,파크타운(롯데),성남시 분당구
41135|수내동|71,경기도 성남시 분당구 수내동 71,푸른마을(벽산),성남시 분당구
41135|수내동|73,경기도 성남시 분당구 수내동 73,푸른마을(신성),성남시 분당구
41135|수내동|75,경기도 성남시 분당구 수내동 75,푸른마을(쌍용),성남시 분당구
41135|야탑동|147,경기도 성남시 분당구 야탑동 147,목련마을SK,성남시 분당구
41135|야탑동|156,경기도 성남시 분당구 야탑동 156,목련마을(영남),성남시 분당구
41135|야탑동|162,경기도 성남시 분당구 야탑동 162,목련마을(한일),성남시 분당구
41135|야탑동|163,경기도 성남시 분당구 야탑동 163,목련마을(한신),성남시 분당구
41135|야탑동|188,경기도 성남시 분당구 야탑동 188,SK-VIEW,성남시 분당구
41135|야탑동|190,경기도 성남시 분당구 야탑동 190,동원로얄듀크,성남시 분당구
41135|야탑동|201,경기도 성남시 분당구 야탑동 201,매화마을공무원1,성남시 분당구
41135|야탑동|205,경기도 성남시 분당구 야탑동 205,매화마을(주공3),성남시 분당구
41135|야탑동|211,경기도 성남시 분당구 야탑동 211,매화마을(주공4),성남시 분당구
41135|야탑동|215,경기도 성남시 분당구 야탑동 215,매화마을공무원2,성남시 분당구
41135|야탑동|330#41135-137,경기도 성남시 분당구 야탑동 330,장미마을(동부),성남시 분당구
41135|야탑동|330#41135-138,경기도 성남시 분당구 야탑동 330,장미마을(코오롱)1,성남시 분당구
41135|야탑동|334,경기도 성남시 분당구 야탑동 334,장미마을(현대),성남시 분당구
41135|야탑동|391,경기도 성남시 분당구 야탑동 391,현대I-PARK,성남시 분당구
41135|야탑동|510,경기도 성남시 분당구 야탑동 510,탑마을(경향),성남시 분당구
41135|야탑동|511#41135-142,경기도 성남시 분당구 야탑동 511,탑마을(기산)1,성남시 분당구
41135|야탑동|511#41135-146,경기도 성남시 분당구 야탑동 511,탑마을(쌍용)1,성남시 분당구
41135|야탑동|517,경기도 성남시 분당구 야탑동 517,탑마을(벽산),성남시 분당구
41135|야탑동|518,경기도 성남시 분당구 야탑동 518,탑마을(주공),성남시 분당구
41135|야탑동|519,경기도 성남시 분당구 야탑동 519,야탑진흥더블파크,성남시 분당구
41135|야탑동|525,경기도 성남시 분당구 야탑동 525,탑마을(경남)1,성남시 분당구
41135|야탑동|530,경기도 성남시 분당구 야탑동 530,탑마을(진덕),성남시 분당구
41135|야탑동|535,경기도 성남시 분당구 야탑동 535,탑마을(대우),성남시 분당구
41135|야탑동|536,경기도 성남시 분당구 야탑동 536,탑마을(선경)1,성남시 분당구
41135|운중동|899,경기도 성남시 분당구 운중동 899,산운마을4단지(리가),성남시 분당구
41135|운중동|916,경기도 성남시 분당구 운중동 916,산운마을14단지(경남아너스빌),성남시 분당구
41135|운중동|918,경기도 성남시 분당구 운중동 918,산운마을13단지(태영),성남시 분당구
41135|운중동|921,경기도 성남시 분당구 운중동 921,산운마을12단지판교센트럴포레와이시티,성남시 분당구
41135|운중동|922,경기도 성남시 분당구 운중동 922,산운마을11단지(판교포레라움),성남시 분당구
41135|운중동|949,경기도 성남시 분당구 운중동 949,산운마을10단지(대광로제비앙),성남시 분당구
41135|운중동|956,경기도 성남시 분당구 운중동 956,산운마을8단지(부영사랑으로),성남시 분당구
41135|운중동|958,경기도 성남시 분당구 운중동 958,산운마을9단지(대방노블랜드),성남시 분당구
41135|운중동|988,경기도 성남시 분당구 운중동 988,산운마을6단지(신동아파밀리에),성남시 분당구
41135|운중동|989,경기도 성남시 분당구 운중동 989,산운마을5단지(한성필하우스),성남시 분당구
41135|이매동|100,경기도 성남시 분당구 이매동 100,이매촌(삼성),성남시 분당구
41135|이매동|110,경기도 성남시 분당구 이매동 110,이매촌(동신9),성남시 분당구
41135|이매동|111,경기도 성남시 분당구 이매동 111,이매촌(진흥),성남시 분당구
41135|이매동|116,경기도 성남시 분당구 이매동 116,이매촌(성지),성남시 분당구
41135|이매동|117,경기도 성남시 분당구 이매동 117,이매촌(동신3),성남시 분당구
41135|이매동|121,경기도 성남시 분당구 이매동 121,이매촌(동부코오롱),성남시 분당구
41135|이매동|122,경기도 성남시 분당구 이매동 122,이매촌(금강),성남시 분당구
41135|이매동|123,경기도 성남시 분당구 이매동 123,이매촌(청구),성남시 분당구
41135|이매동|124,경기도 성남시 분당구 이매동 124,이매촌(한신),성남시 분당구
41135|이매동|132#41135-81,경기도 성남시 분당구 이매동 132,아름마을(건영),성남시 분당구
41135|이매동|132#41135-85,경기도 성남시 분당구 이매동 132,아름마을(태영),성남시 분당구
41135|이매동|132#41135-87,경기도 성남시 분당구 이매동 132,아름마을(한성),성남시 분당구
41135|이매동|133#41135-82,경기도 성남시 분당구 이매동 133,아름마을(두산),성남시 분당구
41135|이매동|133#41135-83,경기도 성남시 분당구 이매동 133,아름마을(삼호),성남시 분당구
41135|이매동|140,경기도 성남시 분당구 이매동 140,아름마을(풍림),성남시 분당구
41135|이매동|142,경기도 성남시 분당구 이매동 142,아름마을(선경),성남시 분당구
41135|이매동|143,경기도 성남시 분당구 이매동 143,아름마을(효성),성남시 분당구
41135|이매동|99,경기도 성남시 분당구 이매동 99,이매촌(삼환),성남시 분당구
41135|정자동|10-1,경기도 성남시 분당구 정자동 10-1,현대I-PARK2,성남시 분당구
41135|정자동|102,경기도 성남시 분당구 정자동 102,한솔마을(4단지)(주공),성남시 분당구
41135|정자동|107,경기도 성남시 분당구 정자동 107,한솔마을(3단지)(한일),성남시 분당구
41135|정자동|11,경기도 성남시 분당구 정자동 11,현대I-PARK3,성남시 분당구
41135|정자동|110,경기도 성남시 분당구 정자동 110,한솔마을(1단지)(청구),성남시 분당구
41135|정자동|111,경기도 성남시 분당구 정자동 111,한솔마을(2단지)(LG),성남시 분당구
41135|정자동|112,경기도 성남시 분당구 정자동 112,한솔마을(5단지)(주공),성남시 분당구
41135|정자동|117,경기도 성남시 분당구 정자동 117,한솔마을(6단지)(주공),성남시 분당구
41135|정자동|12-2,경기도 성남시 분당구 정자동 12-2,성원상떼뷰201동,성남시 분당구
41135|정자동|12-3,경기도 성남시 분당구 정자동 12-3,성원상떼뷰101동,성남시 분당구
41135|정자동|121,경기도 성남시 분당구 정자동 121,상록마을(우성)1,성남시 분당구
41135|정자동|124,경기도 성남시 분당구 정자동 124,상록마을(라이프1차),성남시 분당구
41135|정자동|125,경기도 성남시 분당구 정자동 125,상록마을(라이프2차),성남시 분당구
41135|정자동|13-1,경기도 성남시 분당구 정자동 13-1,동양정자파라곤(3단지),성남시 분당구
41135|정자동|14-1,경기도 성남시 분당구 정자동 14-1,동양정자파라곤(2단지),성남시 분당구
41135|정자동|14-3,경기도 성남시 분당구 정자동 14-3,동양정자파라곤(1단지),성남시 분당구
41135|정자동|15-4,경기도 성남시 분당구 정자동 15-4,두산제니스,성남시 분당구
41135|정자동|169-1,경기도 성남시 분당구 정자동 169-1,아데나팰리스,성남시 분당구
41135|정자동|170-1,경기도 성남시 분당구 정자동 170-1,삼성아데나루체,성남시 분당구
41135|정자동|174-1,경기도 성남시 분당구 정자동 174-1,분당더샾스타파크,성남시 분당구
41135|정자동|180,경기도 성남시 분당구 정자동 180,미켈란쉐르빌,성남시 분당구
41135|정자동|181#41135-59,경기도 성남시 분당구 정자동 181,상록마을(보성),성남시 분당구
41135|정자동|181#41135-61,경기도 성남시 분당구 정자동 181,상록마을(임광),성남시 분당구
41135|정자동|191,경기도 성남시 분당구 정자동 191,정든마을(6단지)(한진),성남시 분당구
41135|정자동|192#41135-229,경기도 성남시 분당구 정자동 192,정든마을(8단지)(한진),성남시 분당구
41135|정자동|192#41135-63,경기도 성남시 분당구 정자동 192,정든마을(5단지)(신화),성남시 분당구
41135|정자동|194,경기도 성남시 분당구 정자동 194,정든마을(7단지)(한진),성남시 분당구
41135|정자동|197,경기도 성남시 분당구 정자동 197,정든마을(4단지)(우성),성남시 분당구
41135|정자동|198#41135-227,경기도 성남시 분당구 정자동 198,정든마을(6단지)(우성),성남시 분당구
41135|정자동|198#41135-62,경기도 성남시 분당구 정자동 198,정든마을(2단지)(동아),성남시 분당구
41135|정자동|200,경기도 성남시 분당구 정자동 200,정든마을(1단지)(동아),성남시 분당구
41135|정자동|215,경기도 성남시 분당구 정자동 215,더샵분당파크리버,성남시 분당구
41135|정자동|28-1,경기도 성남시 분당구 정자동 28-1,로얄팰리스,성남시 분당구
41135|정자동|6,경기도 성남시 분당구 정자동 6,파크뷰,성남시 분당구
41135|정자동|88,경기도 성남시 분당구 정자동 88,느티마을(3단지)(공무원),성남시 분당구
41135|정자동|9,경기도 성남시 분당구 정자동 9,현대I-PARK1,성남시 분당구
41135|정자동|90,경기도 성남시 분당구 정자동 90,느티마을(4단지)(공무원),성남시 분당구
41135|판교동|494,경기도 성남시 분당구 판교동 494,판교원마을12단지(힐스테이트),성남시 분당구
41135|판교동|513,경기도 성남시 분당구 판교동 513,판교원마을11단지(힐스테이트),성남시 분당구
41135|판교동|585,경기도 성남시 분당구 판교동 585,판교원마을9단지(한림풀에버),성남시 분당구
41135|판교동|622,경기도 성남시 분당구 판교동 622,판교원마을1단지(파라곤),성남시 분당구
41135|판교동|623,경기도 성남시 분당구 판교동 623,판교원마을2단지(푸르지오),성남시 분당구
41135|판교동|629,경기도 성남시 분당구 판교동 629,판교원마을3단지(푸르지오),성남시 분당구
41135|판교동|634,경기도 성남시 분당구 판교동 634,판교원마을5단지(푸르지오),성남시 분당구
41135|판교동|635,경기도 성남시 분당구 판교동 635,판교원마을6단지(판교대광로제비앙),성남시 분당구
41135|판교동|637,경기도 성남시 분당구 판교동 637,판교원마을7단지(모아미래도),성남시 분당구
41150|가능동|106-16,경기도 의정부시 가능동 106-16,녹양2차동원아파트,의정부시
41150|가능동|106-21,경기도 의정부시 가능동 106-21,동원,의정부시
41150|가능동|15-25,경기도 의정부시 가능동 15-25,금용,의정부시
41150|가능동|15-552,경기도 의정부시 가능동 15-552,가재울일신건영휴먼빌,의정부시
41150|가능동|15-7#41150-1862,경기도 의정부시 가능동 15-7,오성이큐빌,의정부시
41150|가능동|15-7#41150-2265,경기도 의정부시 가능동 15-7,E.Q.빌아파트,의정부시
41150|가능동|224-191,경기도 의정부시 가능동 224-191,브라운스톤흥선,의정부시
41150|가능동|350-3,경기도 의정부시 가능동 350-3,금광포란재이너스,의정부시
41150|가능동|50,경기도 의정부시 가능동 50,힐스테이트녹양역,의정부시
41150|가능동|568-1,경기도 의정부시 가능동 568-1,신도,의정부시
41150|가능동|620-12,경기도 의정부시 가능동 620-12,희망,의정부시
41150|가능동|632-14,경기도 의정부시 가능동 632-14,동성아파트(102동),의정부시
41150|가능동|632-20,경기도 의정부시 가능동 632-20,동성아파트(101동),의정부시
41150|가능동|641-15,경기도 의정부시 가능동 641-15,문화늘푸른,의정부시
41150|가능동|644-8,경기도 의정부시 가능동 644-8,행복한세상,의정부시
41150|가능동|651-14,경기도 의정부시 가능동 651-14,동일수정,의정부시
41150|가능동|653-25,경기도 의정부시 가능동 653-25,유성벨로스,의정부시
41150|가능동|656-1,경기도 의정부시 가능동 656-1,SKVIEW,의정부시
41150|가능동|716-2,경기도 의정부시 가능동 716-2,궁전,의정부시
41150|가능동|717-22,경기도 의정부시 가능동 717-22,청솔,의정부시
41150|가능동|721-14,경기도 의정부시 가능동 721-14,가능신진,의정부시
41150|가능동|725-25,경기도 의정부시 가능동 725-25,일심,의정부시
41150|가능동|754,경기도 의정부시 가능동 754,신동아파라디움,의정부시
41150|가능동|847,경기도 의정부시 가능동 847,e편한세상녹양역,의정부시
41150|가능동|852,경기도 의정부시 가능동 852,더샵파크에비뉴,의정부시
41150|가능동|860,경기도 의정부시 가능동 860,의정부롯데캐슬골드포레,의정부시
41150|가능동|862,경기도 의정부시 가능동 862,가능역하우스토리리버블리스,의정부시
41150|고산동|903,경기도 의정부시 고산동 903,고산리슈빌포레,의정부시
41150|고산동|945,경기도 의정부시 고산동 945,의정부고산대방노블랜드에듀파크아파트,의정부시
41150|금오동|286-4,경기도 의정부시 금오동 286-4,케이에스씨,의정부시
41150|금오동|344-17,경기도 의정부시 금오동 344-17,금오2차신도브래뉴업,의정부시
41150|금오동|370,경기도 의정부시 금오동 370,신도브래뉴1차,의정부시
41150|금오동|374-1,경기도 의정부시 금오동 374-1,아남주상복합,의정부시
41150|금오동|453-1,경기도 의정부시 금오동 453-1,벽산블루밍,의정부시
41150|금오동|468-1,경기도 의정부시 금오동 468-1,금오주공그린빌1,의정부시
41150|금오동|469-4,경기도 의정부시 금오동 469-4,현대아이파크,의정부시
41150|금오동|476-1,경기도 의정부시 금오동 476-1,금오주공그린빌3,의정부시
41150|금오동|65-3#41150-114,경기도 의정부시 금오동 65-3,평화,의정부시
41150|금오동|65-3#41150-4096,경기도 의정부시 금오동 65-3,힐스테이트금오더퍼스트,의정부시
41150|금오동|66,경기도 의정부시 금오동 66,우암센스뷰,의정부시
41150|금오동|67-1,경기도 의정부시 금오동 67-1,거성,의정부시
41150|금오동|78,경기도 의정부시 금오동 78,파스텔,의정부시
41150|금오동|80-20,경기도 의정부시 금오동 80-20,세아,의정부시
41150|낙양동|709,경기도 의정부시 낙양동 709,의정부민락금강펜테리움아파트,의정부시
41150|낙양동|710,경기도 의정부시 낙양동 710,엘에이치휴스토리,의정부시
41150|낙양동|736,경기도 의정부시 낙양동 736,대광로제비앙포레스트,의정부시
41150|낙양동|746,경기도 의정부시 낙양동 746,라디언트캐슬,의정부시
41150|낙양동|757,경기도 의정부시 낙양동 757,의정부민락푸르지오,의정부시
41150|낙양동|758,경기도 의정부시 낙양동 758,민락노블랜드엔에이치에프,의정부시
41150|낙양동|760,경기도 의정부시 낙양동 760,호반베르디움２차,의정부시
41150|낙양동|763,경기도 의정부시 낙양동 763,반도유보라아이비파크,의정부시
41150|녹양동|146-15,경기도 의정부시 녹양동 146-15,청구,의정부시
41150|녹양동|146-38,경기도 의정부시 녹양동 146-38,영무예다음,의정부시
41150|녹양동|355,경기도 의정부시 녹양동 355,녹양힐스테이트,의정부시
41150|녹양동|373,경기도 의정부시 녹양동 373,대림,의정부시
41150|녹양동|374-1,경기도 의정부시 녹양동 374-1,신도9,의정부시
41150|녹양동|401,경기도 의정부시 녹양동 401,휴먼시아(3단지),의정부시
41150|녹양동|405,경기도 의정부시 녹양동 405,휴먼시아(4단지),의정부시
41150|녹양동|80,경기도 의정부시 녹양동 80,현대,의정부시
41150|민락동|550-4,경기도 의정부시 민락동 550-4,민락e-편한세상,의정부시
41150|민락동|576,경기도 의정부시 민락동 576,청구1차,의정부시
41150|민락동|691-1#41150-101,경기도 의정부시 민락동 691-1,산들마을(신안),의정부시
41150|민락동|691-1#41150-103,경기도 의정부시 민락동 691-1,산들마을(현대),의정부시
41150|민락동|691-1#41150-99,경기도 의정부시 민락동 691-1,산들마을(길훈),의정부시
41150|민락동|692-1#41150-102,경기도 의정부시 민락동 692-1,산들마을(청구),의정부시
41150|민락동|692-1#41150-104,경기도 의정부시 민락동 692-1,산들마을(서광),의정부시
41150|민락동|694#41150-100,경기도 의정부시 민락동 694,산들마을4단지아이파크,의정부시
41150|민락동|694#41150-132,경기도 의정부시 민락동 694,산들마을4단지아이파크,의정부시
41150|민락동|694#41150-138,경기도 의정부시 민락동 694,산들마을4단지아이파크,의정부시
41150|민락동|695-1,경기도 의정부시 민락동 695-1,민락주공2단지,의정부시
41150|민락동|731-2,경기도 의정부시 민락동 731-2,송산팰리스,의정부시
41150|민락동|731-3,경기도 의정부시 민락동 731-3,송산리버빌아파트,의정부시
41150|민락동|735-1,경기도 의정부시 민락동 735-1,송산 그랜드캐슬아파트,의정부시
41150|민락동|735-5,경기도 의정부시 민락동 735-5,송산대우푸르지오,의정부시
41150|민락동|736-1,경기도 의정부시 민락동 736-1,송산센트럴아파트,의정부시
41150|민락동|756-7,경기도 의정부시 민락동 756-7,한라비발디,의정부시
41150|민락동|757-4,경기도 의정부시 민락동 757-4,탑석드림캐슬,의정부시
41150|민락동|847,경기도 의정부시 민락동 847,호반베르디움1차,의정부시
41150|민락동|889,경기도 의정부시 민락동 889,의정부민락우미린더스카이,의정부시
41150|민락동|890,경기도 의정부시 민락동 890,민락엘레트,의정부시
41150|민락동|891,경기도 의정부시 민락동 891,민락센트럴17단지,의정부시
41150|민락동|894,경기도 의정부시 민락동 894,민락2지구18단지호반베르디움,의정부시
41150|민락동|895,경기도 의정부시 민락동 895,민락센트럴15단지,의정부시
41150|민락동|896,경기도 의정부시 민락동 896,엘에이치브라운빌리지,의정부시
41150|산곡동|652,경기도 의정부시 산곡동 652,쌍용더플래티넘고산엔에이치에프,의정부시
41150|산곡동|676,경기도 의정부시 산곡동 676,대광로제비앙더퍼스트,의정부시
41150|산곡동|709,경기도 의정부시 산곡동 709,고산수자인디에스티지1단지,의정부시
41150|산곡동|710,경기도 의정부시 산곡동 710,고산더라피니엘,의정부시
41150|산곡동|725,경기도 의정부시 산곡동 725,고산수자인디에스티지2단지,의정부시
41150|산곡동|733,경기도 의정부시 산곡동 733,고산수자인디에스티지아트포레,의정부시
41150|산곡동|760,경기도 의정부시 산곡동 760,더샵리듬시티,의정부시
41150|신곡동|108-14,경기도 의정부시 신곡동 108-14,신명스카이뷰,의정부시
41150|신곡동|108-15,경기도 의정부시 신곡동 108-15,신명스카이뷰-2,의정부시
41150|신곡동|132-2,경기도 의정부시 신곡동 132-2,파크힐(132-2),의정부시
41150|신곡동|156-12,경기도 의정부시 신곡동 156-12,현대파크빌,의정부시
41150|신곡동|164-1,경기도 의정부시 신곡동 164-1,신곡현대,의정부시
41150|신곡동|167-1,경기도 의정부시 신곡동 167-1,대우,의정부시
41150|신곡동|167-20,경기도 의정부시 신곡동 167-20,극동스타클래스,의정부시
41150|신곡동|169-20,경기도 의정부시 신곡동 169-20,성원,의정부시
41150|신곡동|353-43,경기도 의정부시 신곡동 353-43,신곡서해,의정부시
41150|신곡동|393-11,경기도 의정부시 신곡동 393-11,한일유앤아이,의정부시
41150|신곡동|451-6,경기도 의정부시 신곡동 451-6,신곡신일2,의정부시
41150|신곡동|456,경기도 의정부시 신곡동 456,신일1,의정부시
41150|신곡동|471,경기도 의정부시 신곡동 471,신곡건영,의정부시
41150|신곡동|473-2,경기도 의정부시 신곡동 473-2,성원2,의정부시
41150|신곡동|482,경기도 의정부시 신곡동 482,신성2,의정부시
41150|신곡동|486-13,경기도 의정부시 신곡동 486-13,벽산조합,의정부시
41150|신곡동|519-21,경기도 의정부시 신곡동 519-21,산호클래식,의정부시
41150|신곡동|565-9,경기도 의정부시 신곡동 565-9,신곡동현진에버빌,의정부시
41150|신곡동|571-1,경기도 의정부시 신곡동 571-1,의정부역브라운스톤리버뷰,의정부시
41150|신곡동|580,경기도 의정부시 신곡동 580,신동아파밀리에,의정부시
41150|신곡동|669#41150-49,경기도 의정부시 신곡동 669,극동,의정부시
41150|신곡동|669#41150-51,경기도 의정부시 신곡동 669,동성,의정부시
41150|신곡동|681-2,경기도 의정부시 신곡동 681-2,부용,의정부시
41150|신곡동|682,경기도 의정부시 신곡동 682,신곡동신,의정부시
41150|신곡동|684,경기도 의정부시 신곡동 684,은하수,의정부시
41150|신곡동|685#41150-53,경기도 의정부시 신곡동 685,벽산,의정부시
41150|신곡동|685#41150-69,경기도 의정부시 신곡동 685,신성,의정부시
41150|신곡동|685-1,경기도 의정부시 신곡동 685-1,삼환,의정부시
41150|신곡동|686,경기도 의정부시 신곡동 686,삼도세라믹,의정부시
41150|신곡동|687,경기도 의정부시 신곡동 687,삼부,의정부시
41150|신곡동|687-1,경기도 의정부시 신곡동 687-1,추동,의정부시
41150|신곡동|722-1#41150-130,경기도 의정부시 신곡동 722-1,현대3,의정부시
41150|신곡동|722-1#41150-131,경기도 의정부시 신곡동 722-1,장암동신,의정부시
41150|신곡동|723-1#41150-59,경기도 의정부시 신곡동 723-1,삼익,의정부시
41150|신곡동|723-1#41150-78,경기도 의정부시 신곡동 723-1,한일,의정부시
41150|신곡동|724-2,경기도 의정부시 신곡동 724-2,장암현대2,의정부시
41150|신곡동|725-2,경기도 의정부시 신곡동 725-2,장암현대1,의정부시
41150|신곡동|725-3,경기도 의정부시 신곡동 725-3,장암주공5,의정부시
41150|신곡동|727-1#41150-73,경기도 의정부시 신곡동 727-1,한국아파트,의정부시
41150|신곡동|727-1#41150-77,경기도 의정부시 신곡동 727-1,풍림,의정부시
41150|신곡동|754,경기도 의정부시 신곡동 754,신곡주공4,의정부시
41150|신곡동|755-1,경기도 의정부시 신곡동 755-1,주공그린빌4,의정부시
41150|신곡동|755-2,경기도 의정부시 신곡동 755-2,금오풍림,의정부시
41150|신곡동|758-1,경기도 의정부시 신곡동 758-1,드림밸리,의정부시
41150|신곡동|767-1,경기도 의정부시 신곡동 767-1,삼성래미안진흥,의정부시
41150|신곡동|767-2,경기도 의정부시 신곡동 767-2,상록아이파크,의정부시
41150|신곡동|816,경기도 의정부시 신곡동 816,e편한세상신곡파크비스타,의정부시
41150|신곡동|817,경기도 의정부시 신곡동 817,e편한세상신곡포레스타뷰,의정부시
41150|신곡동|831,경기도 의정부시 신곡동 831,e편한세상신곡파크프라임,의정부시
41150|신곡동|98,경기도 의정부시 신곡동 98,신명,의정부시
41150|용현동|10-6,경기도 의정부시 용현동 10-6,베르우스M,의정부시
41150|용현동|221-3,경기도 의정부시 용현동 221-3,용현현대2차,의정부시
41150|용현동|222-4,경기도 의정부시 용현동 222-4,동문2단지,의정부시
41150|용현동|227,경기도 의정부시 용현동 227,동문1단지,의정부시
41150|용현동|235-63,경기도 의정부시 용현동 235-63,산호,의정부시
41150|용현동|241,경기도 의정부시 용현동 241,용현주공,의정부시
41150|용현동|271-4,경기도 의정부시 용현동 271-4,용현동신도브래뉴PLUS,의정부시
41150|용현동|275-2,경기도 의정부시 용현동 275-2,애디안아파트,의정부시
41150|용현동|276-2,경기도 의정부시 용현동 276-2,웰링턴,의정부시
41150|용현동|290-1,경기도 의정부시 용현동 290-1,신도10차파크힐타운,의정부시
41150|용현동|291-1,경기도 의정부시 용현동 291-1,신도브래뉴아파트,의정부시
41150|용현동|33-1,경기도 의정부시 용현동 33-1,장미1,의정부시
41150|용현동|33-3,경기도 의정부시 용현동 33-3,장미2,의정부시
41150|용현동|38,경기도 의정부시 용현동 38,그랜드,의정부시
41150|용현동|39-54,경기도 의정부시 용현동 39-54,금용,의정부시
41150|용현동|390,경기도 의정부시 용현동 390,용현세아1차,의정부시
41150|용현동|390-33,경기도 의정부시 용현동 390-33,용현동건영캐스빌,의정부시
41150|용현동|391-19,경기도 의정부시 용현동 391-19,건영,의정부시
41150|용현동|402-1,경기도 의정부시 용현동 402-1,보광,의정부시
41150|용현동|404-2,경기도 의정부시 용현동 404-2,용현세아2차,의정부시
41150|용현동|46,경기도 의정부시 용현동 46,용현현대1차,의정부시
41150|용현동|547-3,경기도 의정부시 용현동 547-3,송산주공1단지,의정부시
41150|용현동|567,경기도 의정부시 용현동 567,탑석센트럴자이,의정부시
41150|용현동|576,경기도 의정부시 용현동 576,힐스테이트탑석,의정부시
41150|의정부동|127-5,경기도 의정부시 의정부동 127-5,DS더웰가,의정부시
41150|의정부동|138-15,경기도 의정부시 의정부동 138-15,비비르파크,의정부시
41150|의정부동|145-4,경기도 의정부시 의정부동 145-4,라움M주상복합아파트,의정부시
41150|의정부동|146-1,경기도 의정부시 의정부동 146-1,이안더센트로의정부,의정부시
41150|의정부동|15-3,경기도 의정부시 의정부동 15-3,미리온타워,의정부시
41150|의정부동|163-8,경기도 의정부시 의정부동 163-8,베르우스,의정부시
41150|의정부동|166-12,경기도 의정부시 의정부동 166-12,맥스타워,의정부시
41150|의정부동|166-4,경기도 의정부시 의정부동 166-4,의정부디베뉴스타,의정부시
41150|의정부동|167-1,경기도 의정부시 의정부동 167-1,메트로타워,의정부시
41150|의정부동|167-10,경기도 의정부시 의정부동 167-10,드어반트라움,의정부시
41150|의정부동|167-14,경기도 의정부시 의정부동 167-14,디에스타워,의정부시
41150|의정부동|167-16,경기도 의정부시 의정부동 167-16,드림타운,의정부시
41150|의정부동|167-2,경기도 의정부시 의정부동 167-2,해뜨는마을,의정부시
41150|의정부동|170-4,경기도 의정부시 의정부동 170-4,라임시티,의정부시
41150|의정부동|18-3,경기도 의정부시 의정부동 18-3,아이콘스타로데오,의정부시
41150|의정부동|184-3,경기도 의정부시 의정부동 184-3,의정부한원힐트리움-더테라스,의정부시
41150|의정부동|187-15,경기도 의정부시 의정부동 187-15,승윤노블리안시티II,의정부시
41150|의정부동|187-5,경기도 의정부시 의정부동 187-5,대상센트럴,의정부시
41150|의정부동|187-9,경기도 의정부시 의정부동 187-9,JSBENEST,의정부시
41150|의정부동|188-1,경기도 의정부시 의정부동 188-1,현대그린,의정부시
41150|의정부동|188-25,경기도 의정부시 의정부동 188-25,예체뜰안,의정부시
41150|의정부동|188-5,경기도 의정부시 의정부동 188-5,예체뜰안(188-5),의정부시
41150|의정부동|191-4,경기도 의정부시 의정부동 191-4,우주마루6차,의정부시
41150|의정부동|199-10,경기도 의정부시 의정부동 199-10,우미쁘띠린2차,의정부시
41150|의정부동|199-3,경기도 의정부시 의정부동 199-3,우미쁘띠린1차,의정부시
41150|의정부동|20-1,경기도 의정부시 의정부동 20-1,리버카운티,의정부시
41150|의정부동|20-12,경기도 의정부시 의정부동 20-12,에버리치,의정부시
41150|의정부동|206-5,경기도 의정부시 의정부동 206-5,팰리체,의정부시
41150|의정부동|208-2,경기도 의정부시 의정부동 208-2,이안더메트로,의정부시
41150|의정부동|21-10,경기도 의정부시 의정부동 21-10,메트하임의정부,의정부시
41150|의정부동|214-76,경기도 의정부시 의정부동 214-76,혜성루첸리,의정부시
41150|의정부동|22-2,경기도 의정부시 의정부동 22-2,아이콘스타리버뷰,의정부시
41150|의정부동|220-110,경기도 의정부시 의정부동 220-110,한라비발디루트,의정부시
41150|의정부동|220-59,경기도 의정부시 의정부동 220-59,스마트트라움,의정부시
41150|의정부동|23-12,경기도 의정부시 의정부동 23-12,아이프라자2,의정부시
41150|의정부동|240-111,경기도 의정부시 의정부동 240-111,토암비체,의정부시
41150|의정부동|240-130,경기도 의정부시 의정부동 240-130,힐스테이트의정부역,의정부시
41150|의정부동|27-5,경기도 의정부시 의정부동 27-5,부성파인,의정부시
41150|의정부동|288,경기도 의정부시 의정부동 288,동화,의정부시
41150|의정부동|30-9,경기도 의정부시 의정부동 30-9,아토팰리스,의정부시
41150|의정부동|304-6,경기도 의정부시 의정부동 304-6,준성,의정부시
41150|의정부동|369-2,경기도 의정부시 의정부동 369-2,한양수자인파크뷰,의정부시
41150|의정부동|370-7,경기도 의정부시 의정부동 370-7,효성팰리스,의정부시
41150|의정부동|377-2,경기도 의정부시 의정부동 377-2,승윤노블리안시티,의정부시
41150|의정부동|378-1,경기도 의정부시 의정부동 378-1,의정부역진산&월드메르디앙,의정부시
41150|의정부동|383,경기도 의정부시 의정부동 383,의정부동영무예다음,의정부시
41150|의정부동|386-10,경기도 의정부시 의정부동 386-10,더웰가2,의정부시
41150|의정부동|396-1,경기도 의정부시 의정부동 396-1,신도2,의정부시
41150|의정부동|397-12,경기도 의정부시 의정부동 397-12,신도3,의정부시
41150|의정부동|433-5,경기도 의정부시 의정부동 433-5,케렌시아433,의정부시
41150|의정부동|436-4,경기도 의정부시 의정부동 436-4,스카이파크,의정부시
41150|의정부동|442,경기도 의정부시 의정부동 442,이든타워,의정부시
41150|의정부동|482-3,경기도 의정부시 의정부동 482-3,젠하우트(482-3),의정부시
41150|의정부동|487-2,경기도 의정부시 의정부동 487-2,월드메르디앙웰라시티,의정부시
41150|의정부동|487-4,경기도 의정부시 의정부동 487-4,남해오네뜨,의정부시
41150|의정부동|490,경기도 의정부시 의정부동 490,신도아크라티움,의정부시
41150|의정부동|491-5,경기도 의정부시 의정부동 491-5,월드메르디앙스마트시티,의정부시
41150|의정부동|492-1,경기도 의정부시 의정부동 492-1,태림더끌리움씨티,의정부시
41150|의정부동|493-7,경기도 의정부시 의정부동 493-7,럭스타워,의정부시
41150|의정부동|496-4,경기도 의정부시 의정부동 496-4,아이비타워,의정부시
41150|의정부동|497-4,경기도 의정부시 의정부동 497-4,신한헤스티아,의정부시
41150|의정부동|499-6,경기도 의정부시 의정부동 499-6,의정부역코아루퍼스트원,의정부시
41150|의정부동|527,경기도 의정부시 의정부동 527,의정부일성트루엘,의정부시
41150|의정부동|538-1,경기도 의정부시 의정부동 538-1,한솔리버시티,의정부시
41150|의정부동|720,경기도 의정부시 의정부동 720,의정부롯데캐슬골드파크2단지,의정부시
41150|의정부동|721,경기도 의정부시 의정부동 721,의정부롯데캐슬골드파크1단지,의정부시
41150|의정부동|724,경기도 의정부시 의정부동 724,의정부역센트럴자이앤위브캐슬,의정부시
41150|의정부동|756,경기도 의정부시 의정부동 756,의정부역푸르지오더센트럴,의정부시
41150|의정부동|770,경기도 의정부시 의정부동 770,의정부역스카이자이,의정부시
41150|의정부동|9-20,경기도 의정부시 의정부동 9-20,골든하우스,의정부시
41150|의정부동|9-49,경기도 의정부시 의정부동 9-49,대가트라움,의정부시
41150|의정부동|96-17,경기도 의정부시 의정부동 96-17,라움,의정부시
41150|의정부동|96-19,경기도 의정부시 의정부동 96-19,로즈데일,의정부시
41150|의정부동|97-12,경기도 의정부시 의정부동 97-12,한솔그랑빌A,의정부시
41150|의정부동|97-2,경기도 의정부시 의정부동 97-2,비비르타워,의정부시
41150|의정부동|97-34,경기도 의정부시 의정부동 97-34,한솔그랑빌B,의정부시
41150|의정부동|98-18,경기도 의정부시 의정부동 98-18,대봉그린아파트B,의정부시
41150|의정부동|98-2,경기도 의정부시 의정부동 98-2,아이콘스타센트럴,의정부시
41150|의정부동|98-23,경기도 의정부시 의정부동 98-23,대봉그린아파트,의정부시
41150|의정부동|98-27,경기도 의정부시 의정부동 98-27,다솜프라임,의정부시
41150|의정부동|98-4,경기도 의정부시 의정부동 98-4,공간라움,의정부시
41150|장암동|14-126,경기도 의정부시 장암동 14-126,삼환나우빌,의정부시
41150|장암동|14-8,경기도 의정부시 장암동 14-8,신곡우성,의정부시
41150|장암동|17-32,경기도 의정부시 장암동 17-32,장암주공7,의정부시
41150|장암동|20,경기도 의정부시 장암동 20,동아,의정부시
41150|장암동|37,경기도 의정부시 장암동 37,장암1차푸르지오,의정부시
41150|장암동|37-4,경기도 의정부시 장암동 37-4,장암2차푸르지오,의정부시
41150|장암동|412,경기도 의정부시 장암동 412,수락리버시티2단지,의정부시
41150|장암동|413,경기도 의정부시 장암동 413,수락리버시티1단지,의정부시
41150|장암동|419,경기도 의정부시 장암동 419,장암더샵포레스트,의정부시
41150|장암동|5,경기도 의정부시 장암동 5,장암주공2,의정부시
41150|호원동|10-1,경기도 의정부시 호원동 10-1,한신1차,의정부시
41150|호원동|10-3,경기도 의정부시 호원동 10-3,한신2차,의정부시
41150|호원동|114-2,경기도 의정부시 호원동 114-2,양우내안애팰리스,의정부시
41150|호원동|121,경기도 의정부시 호원동 121,건영,의정부시
41150|호원동|281-21,경기도 의정부시 호원동 281-21,힐스테이트회룡역파크뷰,의정부시
41150|호원동|289-7,경기도 의정부시 호원동 289-7,호원동한승미메이드,의정부시
41150|호원동|308-139,경기도 의정부시 호원동 308-139,회룡역풍림아이원,의정부시
41150|호원동|308-45,경기도 의정부시 호원동 308-45,한국개나리,의정부시
41150|호원동|313-37,경기도 의정부시 호원동 313-37,쌍용스윗닷홈,의정부시
41150|호원동|318-1,경기도 의정부시 호원동 318-1,삼성미도,의정부시
41150|호원동|322-5,경기도 의정부시 호원동 322-5,뉴삼익호원2,의정부시
41150|호원동|327-1,경기도 의정부시 호원동 327-1,신원,의정부시
41150|호원동|347-1,경기도 의정부시 호원동 347-1,호원두산,의정부시
41150|호원동|351-1,경기도 의정부시 호원동 351-1,삼익,의정부시
41150|호원동|351-7,경기도 의정부시 호원동 351-7,호원풍림,의정부시
41150|호원동|360,경기도 의정부시 호원동 360,호원가든1,의정부시
41150|호원동|362,경기도 의정부시 호원동 362,뉴삼익5차,의정부시
41150|호원동|375-1,경기도 의정부시 호원동 375-1,하늘빛(덕림),의정부시
41150|호원동|376-7,경기도 의정부시 호원동 376-7,뉴익호원가든3,의정부시
41150|호원동|399-10,경기도 의정부시 호원동 399-10,신도6-1,의정부시
41150|호원동|401-1,경기도 의정부시 호원동 401-1,신도6,의정부시
41150|호원동|419,경기도 의정부시 호원동 419,현대,의정부시
41150|호원동|419-2,경기도 의정부시 호원동 419-2,신도5,의정부시
41150|호원동|421,경기도 의정부시 호원동 421,신도4,의정부시
41150|호원동|422,경기도 의정부시 호원동 422,우남,의정부시
41150|호원동|423-2,경기도 의정부시 호원동 423-2,우남2,의정부시
41150|호원동|424,경기도 의정부시 호원동 424,한주5,의정부시
41150|호원동|425,경기도 의정부시 호원동 425,한승,의정부시
41150|호원동|428,경기도 의정부시 호원동 428,회룡한주6차,의정부시
41150|호원동|430,경기도 의정부시 호원동 430,우성3,의정부시
41150|호원동|431,경기도 의정부시 호원동 431,한주4-1,의정부시
41150|호원동|432-9,경기도 의정부시 호원동 432-9,한주4,의정부시
41150|호원동|436,경기도 의정부시 호원동 436,한주3,의정부시
41150|호원동|436-1,경기도 의정부시 호원동 436-1,한주1,의정부시
41150|호원동|441-4,경기도 의정부시 호원동 441-4,흥화브라운,의정부시
41150|호원동|442,경기도 의정부시 호원동 442,성호,의정부시
41150|호원동|443,경기도 의정부시 호원동 443,성호(443-0),의정부시
41150|호원동|444-1,경기도 의정부시 호원동 444-1,푸른마을,의정부시
41150|호원동|446,경기도 의정부시 호원동 446,우성1,의정부시
41150|호원동|448-1,경기도 의정부시 호원동 448-1,신도101,의정부시
41150|호원동|450-2,경기도 의정부시 호원동 450-2,유원,의정부시
41150|호원동|451,경기도 의정부시 호원동 451,우성5,의정부시
41150|호원동|452-12,경기도 의정부시 호원동 452-12,우성2,의정부시
41150|호원동|452-2,경기도 의정부시 호원동 452-2,우남푸르미아,의정부시
41150|호원동|456-3,경기도 의정부시 호원동 456-3,신일,의정부시
41150|호원동|457,경기도 의정부시 호원동 457,한아름월드,의정부시
41150|호원동|458-11,경기도 의정부시 호원동 458-11,그랑베르,의정부시
41150|호원동|458-6,경기도 의정부시 호원동 458-6,서하뜰,의정부시
41150|호원동|459,경기도 의정부시 호원동 459,신일엘리시움,의정부시
41150|호원동|460-13,경기도 의정부시 호원동 460-13,엘리시아,의정부시
41150|호원동|461,경기도 의정부시 호원동 461,신일유토빌플러스,의정부시
41150|호원동|466-15,경기도 의정부시 호원동 466-15,신일골든휴아파트,의정부시
41150|호원동|467,경기도 의정부시 호원동 467,I-PARK,의정부시
41150|호원동|467-5,경기도 의정부시 호원동 467-5,신도7,의정부시
41150|호원동|467-8,경기도 의정부시 호원동 467-8,롯데,의정부시
41150|호원동|468-4,경기도 의정부시 호원동 468-4,르네상스시티,의정부시
41150|호원동|50-2,경기도 의정부시 호원동 50-2,회룡타운,의정부시
41150|호원동|55-4,경기도 의정부시 호원동 55-4,신일유토빌,의정부시
41150|호원동|6-3,경기도 의정부시 호원동 6-3,쌍용,의정부시
41171|박달동|103,경기도 안양시 만안구 박달동 103,적성4차,안양시 만안구
41171|박달동|103-1,경기도 안양시 만안구 박달동 103-1,적성5차,안양시 만안구
41171|박달동|107,경기도 안양시 만안구 박달동 107,벽산,안양시 만안구
41171|박달동|111-1,경기도 안양시 만안구 박달동 111-1,신한,안양시 만안구
41171|박달동|114,경기도 안양시 만안구 박달동 114,한라비발디,안양시 만안구
41171|박달동|139-202,경기도 안양시 만안구 박달동 139-202,극동,안양시 만안구
41171|박달동|149-1,경기도 안양시 만안구 박달동 149-1,금호타운,안양시 만안구
41171|박달동|15-2,경기도 안양시 만안구 박달동 15-2,동원베네스트,안양시 만안구
41171|박달동|152,경기도 안양시 만안구 박달동 152,신안,안양시 만안구
41171|박달동|25-6,경기도 안양시 만안구 박달동 25-6,은하수,안양시 만안구
41171|박달동|34,경기도 안양시 만안구 박달동 34,한신휴플러스2차,안양시 만안구
41171|박달동|36-4,경기도 안양시 만안구 박달동 36-4,대흥,안양시 만안구
41171|박달동|37,경기도 안양시 만안구 박달동 37,한신휴플러스3차,안양시 만안구
41171|박달동|57-7,경기도 안양시 만안구 박달동 57-7,서광아침의빛,안양시 만안구
41171|박달동|607-1,경기도 안양시 만안구 박달동 607-1,한일유앤아이,안양시 만안구
41171|박달동|616-9,경기도 안양시 만안구 박달동 616-9,대림한숲타운,안양시 만안구
41171|박달동|64-1,경기도 안양시 만안구 박달동 64-1,짜임,안양시 만안구
41171|박달동|7-50,경기도 안양시 만안구 박달동 7-50,박달1차한신휴플러스,안양시 만안구
41171|박달동|85,경기도 안양시 만안구 박달동 85,우성,안양시 만안구
41171|박달동|939,경기도 안양시 만안구 박달동 939,한양수자인에듀파크,안양시 만안구
41171|박달동|942,경기도 안양시 만안구 박달동 942,안양리버자이르네,안양시 만안구
41171|석수동|101-16,경기도 안양시 만안구 석수동 101-16,관악역이안,안양시 만안구
41171|석수동|110-20,경기도 안양시 만안구 석수동 110-20,대주파크빌,안양시 만안구
41171|석수동|166,경기도 안양시 만안구 석수동 166,관악산현대홈타운,안양시 만안구
41171|석수동|168-4,경기도 안양시 만안구 석수동 168-4,석수경남아너스빌,안양시 만안구
41171|석수동|182-2,경기도 안양시 만안구 석수동 182-2,석수e-편한세상,안양시 만안구
41171|석수동|259-16,경기도 안양시 만안구 석수동 259-16,석수동관악맨션(101동),안양시 만안구
41171|석수동|259-6,경기도 안양시 만안구 석수동 259-6,개성하이뷰,안양시 만안구
41171|석수동|264-10,경기도 안양시 만안구 석수동 264-10,일우아파트,안양시 만안구
41171|석수동|265-3,경기도 안양시 만안구 석수동 265-3,송림,안양시 만안구
41171|석수동|269-17,경기도 안양시 만안구 석수동 269-17,신흥,안양시 만안구
41171|석수동|275-1,경기도 안양시 만안구 석수동 275-1,현대아파트,안양시 만안구
41171|석수동|275-2,경기도 안양시 만안구 석수동 275-2,무림,안양시 만안구
41171|석수동|278-1,경기도 안양시 만안구 석수동 278-1,우방유쉘,안양시 만안구
41171|석수동|281-1,경기도 안양시 만안구 석수동 281-1,삼우수피아,안양시 만안구
41171|석수동|284-1,경기도 안양시 만안구 석수동 284-1,적성,안양시 만안구
41171|석수동|292-15,경기도 안양시 만안구 석수동 292-15,원진,안양시 만안구
41171|석수동|293-4,경기도 안양시 만안구 석수동 293-4,서해,안양시 만안구
41171|석수동|296,경기도 안양시 만안구 석수동 296,럭키,안양시 만안구
41171|석수동|297-1,경기도 안양시 만안구 석수동 297-1,동산벨로스,안양시 만안구
41171|석수동|297-7,경기도 안양시 만안구 석수동 297-7,고은햇살,안양시 만안구
41171|석수동|308-5,경기도 안양시 만안구 석수동 308-5,석수,안양시 만안구
41171|석수동|322-3,경기도 안양시 만안구 석수동 322-3,경일,안양시 만안구
41171|석수동|337-1,경기도 안양시 만안구 석수동 337-1,미영팰리스(337-1),안양시 만안구
41171|석수동|346-3,경기도 안양시 만안구 석수동 346-3,영풍,안양시 만안구
41171|석수동|374-12,경기도 안양시 만안구 석수동 374-12,메트로빌석수,안양시 만안구
41171|석수동|374-5,경기도 안양시 만안구 석수동 374-5,석수역푸르지오,안양시 만안구
41171|석수동|382,경기도 안양시 만안구 석수동 382,석수2차e-편한세상,안양시 만안구
41171|석수동|386-1,경기도 안양시 만안구 석수동 386-1,힐스테이트석수,안양시 만안구
41171|석수동|412,경기도 안양시 만안구 석수동 412,청광플러스,안양시 만안구
41171|석수동|413-2,경기도 안양시 만안구 석수동 413-2,현진에버빌,안양시 만안구
41171|석수동|417-1,경기도 안양시 만안구 석수동 417-1,한양수자인,안양시 만안구
41171|석수동|417-3,경기도 안양시 만안구 석수동 417-3,두산위브아파트,안양시 만안구
41171|석수동|484,경기도 안양시 만안구 석수동 484,석수엘지빌리지,안양시 만안구
41171|석수동|485-8,경기도 안양시 만안구 석수동 485-8,안양석수하우스토리아파트,안양시 만안구
41171|석수동|607,경기도 안양시 만안구 석수동 607,우양전원3차,안양시 만안구
41171|석수동|607-3,경기도 안양시 만안구 석수동 607-3,우양전원2차,안양시 만안구
41171|석수동|620-2,경기도 안양시 만안구 석수동 620-2,우양(620),안양시 만안구
41171|석수동|786,경기도 안양시 만안구 석수동 786,코오롱하늘채,안양시 만안구
41171|석수동|794,경기도 안양시 만안구 석수동 794,현대아이파크,안양시 만안구
41171|석수동|805,경기도 안양시 만안구 석수동 805,주공그린빌,안양시 만안구
41171|석수동|864,경기도 안양시 만안구 석수동 864,석수지웰아파트,안양시 만안구
41171|안양동|1024-1,경기도 안양시 만안구 안양동 1024-1,뉴골든,안양시 만안구
41171|안양동|1036-1,경기도 안양시 만안구 안양동 1036-1,장은한양,안양시 만안구
41171|안양동|1038-3,경기도 안양시 만안구 안양동 1038-3,금용,안양시 만안구
41171|안양동|1055-1,경기도 안양시 만안구 안양동 1055-1,극동메모리스,안양시 만안구
41171|안양동|1056-1,경기도 안양시 만안구 안양동 1056-1,늘푸른102동,안양시 만안구
41171|안양동|1056-8,경기도 안양시 만안구 안양동 1056-8,늘푸른101동,안양시 만안구
41171|안양동|1059-1,경기도 안양시 만안구 안양동 1059-1,수리산힐스테이트,안양시 만안구
41171|안양동|1060,경기도 안양시 만안구 안양동 1060,수리산현대(1060),안양시 만안구
41171|안양동|1062-2,경기도 안양시 만안구 안양동 1062-2,수리산현대(1062-2),안양시 만안구
41171|안양동|1094-1,경기도 안양시 만안구 안양동 1094-1,흥화브라운빌,안양시 만안구
41171|안양동|121-5,경기도 안양시 만안구 안양동 121-5,원영,안양시 만안구
41171|안양동|132-2,경기도 안양시 만안구 안양동 132-2,일승(가동),안양시 만안구
41171|안양동|1380,경기도 안양시 만안구 안양동 1380,주공뜨란채(아),안양시 만안구
41171|안양동|1393,경기도 안양시 만안구 안양동 1393,래미안안양메가트리아,안양시 만안구
41171|안양동|1410,경기도 안양시 만안구 안양동 1410,안양명학역유보라더스마트,안양시 만안구
41171|안양동|1411,경기도 안양시 만안구 안양동 1411,안양역한양수자인리버파크,안양시 만안구
41171|안양동|1416,경기도 안양시 만안구 안양동 1416,안양씨엘포레자이,안양시 만안구
41171|안양동|1429,경기도 안양시 만안구 안양동 1429,안양광신프로그레스리버뷰,안양시 만안구
41171|안양동|1438,경기도 안양시 만안구 안양동 1438,두산위브더아티움,안양시 만안구
41171|안양동|1448,경기도 안양시 만안구 안양동 1448,아르테자이,안양시 만안구
41171|안양동|1459,경기도 안양시 만안구 안양동 1459,안양역푸르지오더샵,안양시 만안구
41171|안양동|15-16,경기도 안양시 만안구 안양동 15-16,삼영1,안양시 만안구
41171|안양동|150-16,경기도 안양시 만안구 안양동 150-16,대아2차,안양시 만안구
41171|안양동|152-8,경기도 안양시 만안구 안양동 152-8,정동2차,안양시 만안구
41171|안양동|154-5,경기도 안양시 만안구 안양동 154-5,은하2차,안양시 만안구
41171|안양동|155-2,경기도 안양시 만안구 안양동 155-2,한승미메이드,안양시 만안구
41171|안양동|164-11,경기도 안양시 만안구 안양동 164-11,현암,안양시 만안구
41171|안양동|164-12,경기도 안양시 만안구 안양동 164-12,성원(164-12),안양시 만안구
41171|안양동|190-11,경기도 안양시 만안구 안양동 190-11,덕천마을동아,안양시 만안구
41171|안양동|190-6,경기도 안양시 만안구 안양동 190-6,동성2,안양시 만안구
41171|안양동|28-13,경기도 안양시 만안구 안양동 28-13,시티블레스,안양시 만안구
41171|안양동|28-6,경기도 안양시 만안구 안양동 28-6,보원,안양시 만안구
41171|안양동|30-12,경기도 안양시 만안구 안양동 30-12,신흥,안양시 만안구
41171|안양동|30-29,경기도 안양시 만안구 안양동 30-29,더포레스트아파트,안양시 만안구
41171|안양동|32-1,경기도 안양시 만안구 안양동 32-1,삼성,안양시 만안구
41171|안양동|34-1,경기도 안양시 만안구 안양동 34-1,삼영2,안양시 만안구
41171|안양동|34-5,경기도 안양시 만안구 안양동 34-5,참피온(34),안양시 만안구
41171|안양동|377-1,경기도 안양시 만안구 안양동 377-1,삼호수정,안양시 만안구
41171|안양동|387-16,경기도 안양시 만안구 안양동 387-16,하이원빌5차,안양시 만안구
41171|안양동|390-16,경기도 안양시 만안구 안양동 390-16,하이트캐슬,안양시 만안구
41171|안양동|391-1,경기도 안양시 만안구 안양동 391-1,베네스트아파트,안양시 만안구
41171|안양동|391-32,경기도 안양시 만안구 안양동 391-32,아이원팰리스,안양시 만안구
41171|안양동|391-6,경기도 안양시 만안구 안양동 391-6,신우메르디앙아파트,안양시 만안구
41171|안양동|392-11,경기도 안양시 만안구 안양동 392-11,엠씨티,안양시 만안구
41171|안양동|392-5,경기도 안양시 만안구 안양동 392-5,미목연,안양시 만안구
41171|안양동|393-1,경기도 안양시 만안구 안양동 393-1,하이트타운아파트102동,안양시 만안구
41171|안양동|393-26,경기도 안양시 만안구 안양동 393-26,다솜캐슬,안양시 만안구
41171|안양동|393-3,경기도 안양시 만안구 안양동 393-3,하이트타운아파트101동,안양시 만안구
41171|안양동|393-5,경기도 안양시 만안구 안양동 393-5,하이트타운아파트103동,안양시 만안구
41171|안양동|396-8,경기도 안양시 만안구 안양동 396-8,더화인아파트,안양시 만안구
41171|안양동|397-10,경기도 안양시 만안구 안양동 397-10,더베이프리미엄아파트,안양시 만안구
41171|안양동|397-14,경기도 안양시 만안구 안양동 397-14,파크힐스,안양시 만안구
41171|안양동|397-18,경기도 안양시 만안구 안양동 397-18,동화센트럴타운,안양시 만안구
41171|안양동|397-21,경기도 안양시 만안구 안양동 397-21,현준에버빌,안양시 만안구
41171|안양동|397-22,경기도 안양시 만안구 안양동 397-22,유정,안양시 만안구
41171|안양동|397-23,경기도 안양시 만안구 안양동 397-23,프라임벨루체,안양시 만안구
41171|안양동|397-3,경기도 안양시 만안구 안양동 397-3,더라움빌리지,안양시 만안구
41171|안양동|398-35,경기도 안양시 만안구 안양동 398-35,대안탐스빌산마루,안양시 만안구
41171|안양동|41-2,경기도 안양시 만안구 안양동 41-2,세림,안양시 만안구
41171|안양동|414-2,경기도 안양시 만안구 안양동 414-2,태신주상복합,안양시 만안구
41171|안양동|414-4,경기도 안양시 만안구 안양동 414-4,꿈에블리스나인,안양시 만안구
41171|안양동|42-10,경기도 안양시 만안구 안양동 42-10,메르시,안양시 만안구
41171|안양동|42-4,경기도 안양시 만안구 안양동 42-4,현진,안양시 만안구
41171|안양동|42-6,경기도 안양시 만안구 안양동 42-6,청담캐슬,안양시 만안구
41171|안양동|421-1,경기도 안양시 만안구 안양동 421-1,씨티프라임,안양시 만안구
41171|안양동|421-11,경기도 안양시 만안구 안양동 421-11,한솔타운,안양시 만안구
41171|안양동|421-27,경기도 안양시 만안구 안양동 421-27,청암푸르미,안양시 만안구
41171|안양동|421-8,경기도 안양시 만안구 안양동 421-8,가온누리아파트,안양시 만안구
41171|안양동|422-1,경기도 안양시 만안구 안양동 422-1,다미안아파트,안양시 만안구
41171|안양동|422-19,경기도 안양시 만안구 안양동 422-19,동인베스트빌,안양시 만안구
41171|안양동|422-6,경기도 안양시 만안구 안양동 422-6,한솔타운202동,안양시 만안구
41171|안양동|426-1,경기도 안양시 만안구 안양동 426-1,한솔(105동),안양시 만안구
41171|안양동|426-15,경기도 안양시 만안구 안양동 426-15,현대캐슬,안양시 만안구
41171|안양동|426-33,경기도 안양시 만안구 안양동 426-33,한솔(104동),안양시 만안구
41171|안양동|426-5,경기도 안양시 만안구 안양동 426-5,한솔(103동),안양시 만안구
41171|안양동|428-2,경기도 안양시 만안구 안양동 428-2,한솔(102동),안양시 만안구
41171|안양동|428-3,경기도 안양시 만안구 안양동 428-3,한솔(101동),안양시 만안구
41171|안양동|428-5,경기도 안양시 만안구 안양동 428-5,"한솔(106동3,4호)",안양시 만안구
41171|안양동|428-6,경기도 안양시 만안구 안양동 428-6,"한솔(106동1,2호)",안양시 만안구
41171|안양동|428-7,경기도 안양시 만안구 안양동 428-7,수자인프리미엄APT,안양시 만안구
41171|안양동|431-27,경기도 안양시 만안구 안양동 431-27,한솔아파트(107동),안양시 만안구
41171|안양동|431-3,경기도 안양시 만안구 안양동 431-3,마빌르스위트,안양시 만안구
41171|안양동|432-3,경기도 안양시 만안구 안양동 432-3,미주,안양시 만안구
41171|안양동|433,경기도 안양시 만안구 안양동 433,안양센트럴헤센2차,안양시 만안구
41171|안양동|433-1,경기도 안양시 만안구 안양동 433-1,안양KCC스위첸,안양시 만안구
41171|안양동|433-2,경기도 안양시 만안구 안양동 433-2,안양센트럴헤센,안양시 만안구
41171|안양동|435-3,경기도 안양시 만안구 안양동 435-3,개성하이뷰,안양시 만안구
41171|안양동|435-9,경기도 안양시 만안구 안양동 435-9,세양청마루,안양시 만안구
41171|안양동|436-1,경기도 안양시 만안구 안양동 436-1,삼익,안양시 만안구
41171|안양동|438-22,경기도 안양시 만안구 안양동 438-22,에스엠,안양시 만안구
41171|안양동|438-24,경기도 안양시 만안구 안양동 438-24,초원,안양시 만안구
41171|안양동|438-9,경기도 안양시 만안구 안양동 438-9,시대맨션,안양시 만안구
41171|안양동|44-2,경기도 안양시 만안구 안양동 44-2,신라,안양시 만안구
41171|안양동|441-11,경기도 안양시 만안구 안양동 441-11,퍼스트힐,안양시 만안구
41171|안양동|441-17,경기도 안양시 만안구 안양동 441-17,미도,안양시 만안구
41171|안양동|441-7,경기도 안양시 만안구 안양동 441-7,신라(441-7),안양시 만안구
41171|안양동|458-6,경기도 안양시 만안구 안양동 458-6,원평노블레스6차,안양시 만안구
41171|안양동|46-5,경기도 안양시 만안구 안양동 46-5,향림,안양시 만안구
41171|안양동|490-3,경기도 안양시 만안구 안양동 490-3,보송,안양시 만안구
41171|안양동|491-18,경기도 안양시 만안구 안양동 491-18,샤인,안양시 만안구
41171|안양동|504-7,경기도 안양시 만안구 안양동 504-7,더파인타워,안양시 만안구
41171|안양동|510-35,경기도 안양시 만안구 안양동 510-35,하이트뷰아파트,안양시 만안구
41171|안양동|512-19,경기도 안양시 만안구 안양동 512-19,뉴팰리스,안양시 만안구
41171|안양동|512-24,경기도 안양시 만안구 안양동 512-24,삼성아이파크,안양시 만안구
41171|안양동|517-12,경기도 안양시 만안구 안양동 517-12,제나시티,안양시 만안구
41171|안양동|518-25,경기도 안양시 만안구 안양동 518-25,갤럭시뷰,안양시 만안구
41171|안양동|522-9,경기도 안양시 만안구 안양동 522-9,우양파크빌,안양시 만안구
41171|안양동|528-1,경기도 안양시 만안구 안양동 528-1,존스빌,안양시 만안구
41171|안양동|529-1,경기도 안양시 만안구 안양동 529-1,서경,안양시 만안구
41171|안양동|529-15,경기도 안양시 만안구 안양동 529-15,벨라루체Ⅳ,안양시 만안구
41171|안양동|529-2,경기도 안양시 만안구 안양동 529-2,거성타워,안양시 만안구
41171|안양동|529-9,경기도 안양시 만안구 안양동 529-9,로체타운,안양시 만안구
41171|안양동|532-3,경기도 안양시 만안구 안양동 532-3,한림시티빌,안양시 만안구
41171|안양동|533-16,경기도 안양시 만안구 안양동 533-16,미랜드명학타워,안양시 만안구
41171|안양동|533-22,경기도 안양시 만안구 안양동 533-22,서희아리채,안양시 만안구
41171|안양동|533-6,경기도 안양시 만안구 안양동 533-6,빌로채,안양시 만안구
41171|안양동|534-18,경기도 안양시 만안구 안양동 534-18,명학꿈에그린아파트,안양시 만안구
41171|안양동|534-5,경기도 안양시 만안구 안양동 534-5,명지캐럿162주상복합,안양시 만안구
41171|안양동|542-4,경기도 안양시 만안구 안양동 542-4,개성하이뷰,안양시 만안구
41171|안양동|585-2,경기도 안양시 만안구 안양동 585-2,성업그린,안양시 만안구
41171|안양동|588-10,경기도 안양시 만안구 안양동 588-10,수리산ParkOne,안양시 만안구
41171|안양동|613-21,경기도 안양시 만안구 안양동 613-21,동명,안양시 만안구
41171|안양동|618-77,경기도 안양시 만안구 안양동 618-77,성원5차,안양시 만안구
41171|안양동|622-107,경기도 안양시 만안구 안양동 622-107,프라임힐,안양시 만안구
41171|안양동|622-15,경기도 안양시 만안구 안양동 622-15,그라하씨티,안양시 만안구
41171|안양동|622-217,경기도 안양시 만안구 안양동 622-217,씨티블레스,안양시 만안구
41171|안양동|622-236,경기도 안양시 만안구 안양동 622-236,위너스빌,안양시 만안구
41171|안양동|622-295,경기도 안양시 만안구 안양동 622-295,도시형생활주택,안양시 만안구
41171|안양동|622-299,경기도 안양시 만안구 안양동 622-299,원평노블레스(622-299),안양시 만안구
41171|안양동|622-342,경기도 안양시 만안구 안양동 622-342,어반휴플러스,안양시 만안구
41171|안양동|622-379,경기도 안양시 만안구 안양동 622-379,루미에르,안양시 만안구
41171|안양동|622-386,경기도 안양시 만안구 안양동 622-386,퍼스트힐3차,안양시 만안구
41171|안양동|622-43,경기도 안양시 만안구 안양동 622-43,원평노블레스,안양시 만안구
41171|안양동|622-46,경기도 안양시 만안구 안양동 622-46,원평노블레스A동,안양시 만안구
41171|안양동|622-5,경기도 안양시 만안구 안양동 622-5,1'st이지움,안양시 만안구
41171|안양동|622-76,경기도 안양시 만안구 안양동 622-76,삼성원시티,안양시 만안구
41171|안양동|627-41,경기도 안양시 만안구 안양동 627-41,(627-41),안양시 만안구
41171|안양동|627-64,경기도 안양시 만안구 안양동 627-64,세르누비앙3차,안양시 만안구
41171|안양동|627-72,경기도 안양시 만안구 안양동 627-72,벽산,안양시 만안구
41171|안양동|676-165,경기도 안양시 만안구 안양동 676-165,온누리베일리,안양시 만안구
41171|안양동|676-38,경기도 안양시 만안구 안양동 676-38,원평노블레스12차,안양시 만안구
41171|안양동|688-16,경기도 안양시 만안구 안양동 688-16,금산트윈스빌(688),안양시 만안구
41171|안양동|688-22,경기도 안양시 만안구 안양동 688-22,채움e,안양시 만안구
41171|안양동|688-55,경기도 안양시 만안구 안양동 688-55,써니타운,안양시 만안구
41171|안양동|689-135,경기도 안양시 만안구 안양동 689-135,넥스빌,안양시 만안구
41171|안양동|689-16,경기도 안양시 만안구 안양동 689-16,삼성그린103동,안양시 만안구
41171|안양동|689-19,경기도 안양시 만안구 안양동 689-19,삼성그린102동(689-19),안양시 만안구
41171|안양동|689-216,경기도 안양시 만안구 안양동 689-216,안양리치빌1,안양시 만안구
41171|안양동|689-27,경기도 안양시 만안구 안양동 689-27,금산트윈스빌,안양시 만안구
41171|안양동|689-89,경기도 안양시 만안구 안양동 689-89,리치빌2,안양시 만안구
41171|안양동|695-251,경기도 안양시 만안구 안양동 695-251,행복한사람들,안양시 만안구
41171|안양동|70,경기도 안양시 만안구 안양동 70,대우,안양시 만안구
41171|안양동|708-196,경기도 안양시 만안구 안양동 708-196,수리산성원상떼빌2차,안양시 만안구
41171|안양동|708-9,경기도 안양시 만안구 안양동 708-9,냉천마을현대,안양시 만안구
41171|안양동|709-16,경기도 안양시 만안구 안양동 709-16,성원상떼빌,안양시 만안구
41171|안양동|709-33,경기도 안양시 만안구 안양동 709-33,아성,안양시 만안구
41171|안양동|714-27,경기도 안양시 만안구 안양동 714-27,안양동2차성원아파트,안양시 만안구
41171|안양동|716-5,경기도 안양시 만안구 안양동 716-5,흥화,안양시 만안구
41171|안양동|730-1,경기도 안양시 만안구 안양동 730-1,"우성2(105동,106동)",안양시 만안구
41171|안양동|730-6,경기도 안양시 만안구 안양동 730-6,우성3(301동),안양시 만안구
41171|안양동|734-1,경기도 안양시 만안구 안양동 734-1,청호,안양시 만안구
41171|안양동|735,경기도 안양시 만안구 안양동 735,우성1차,안양시 만안구
41171|안양동|752-20,경기도 안양시 만안구 안양동 752-20,신성안양미소지움,안양시 만안구
41171|안양동|762-2,경기도 안양시 만안구 안양동 762-2,프라자,안양시 만안구
41171|안양동|767,경기도 안양시 만안구 안양동 767,성원1,안양시 만안구
41171|안양동|773-3,경기도 안양시 만안구 안양동 773-3,성원상떼빌3,안양시 만안구
41171|안양동|78,경기도 안양시 만안구 안양동 78,안양동경남아너스빌,안양시 만안구
41171|안양동|782-15,경기도 안양시 만안구 안양동 782-15,유일보노빌,안양시 만안구
41171|안양동|80-4,경기도 안양시 만안구 안양동 80-4,청원,안양시 만안구
41171|안양동|815-13,경기도 안양시 만안구 안양동 815-13,미래엠피아,안양시 만안구
41171|안양동|815-49,경기도 안양시 만안구 안양동 815-49,안양퍼스트프리미엄B,안양시 만안구
41171|안양동|815-7,경기도 안양시 만안구 안양동 815-7,한양하이츠빌,안양시 만안구
41171|안양동|817-15,경기도 안양시 만안구 안양동 817-15,영화아이닉스,안양시 만안구
41171|안양동|823-10,경기도 안양시 만안구 안양동 823-10,공원,안양시 만안구
41171|안양동|841-1,경기도 안양시 만안구 안양동 841-1,로얄아파트,안양시 만안구
41171|안양동|845-7,경기도 안양시 만안구 안양동 845-7,이너스내안에,안양시 만안구
41171|안양동|847-20,경기도 안양시 만안구 안양동 847-20,개성하이뷰,안양시 만안구
41171|안양동|861-19,경기도 안양시 만안구 안양동 861-19,뉴데시앙,안양시 만안구
41171|안양동|88-4,경기도 안양시 만안구 안양동 88-4,헤븐리치더퍼스트294,안양시 만안구
41171|안양동|90-1,경기도 안양시 만안구 안양동 90-1,삼성래미안,안양시 만안구
41171|안양동|908-4,경기도 안양시 만안구 안양동 908-4,진흥,안양시 만안구
41171|안양동|911-1,경기도 안양시 만안구 안양동 911-1,정우,안양시 만안구
41171|안양동|911-46,경기도 안양시 만안구 안양동 911-46,오승,안양시 만안구
41171|안양동|969-1,경기도 안양시 만안구 안양동 969-1,율목주공,안양시 만안구
41171|안양동|97-3,경기도 안양시 만안구 안양동 97-3,진흥(97-3),안양시 만안구
41171|안양동|976-6,경기도 안양시 만안구 안양동 976-6,효성화운트빌,안양시 만안구
41173|관양동|1379-3,경기도 안양시 동안구 관양동 1379-3,관양쇼핑타운,안양시 동안구
41173|관양동|1389-3,경기도 안양시 동안구 관양동 1389-3,덕원연립,안양시 동안구
41173|관양동|1390-4,경기도 안양시 동안구 관양동 1390-4,덕원아파트,안양시 동안구
41173|관양동|1391-13,경기도 안양시 동안구 관양동 1391-13,삼호아파트,안양시 동안구
41173|관양동|1396,경기도 안양시 동안구 관양동 1396,현대,안양시 동안구
41173|관양동|1397-2,경기도 안양시 동안구 관양동 1397-2,뉴골든(다동),안양시 동안구
41173|관양동|1398,경기도 안양시 동안구 관양동 1398,뉴골든,안양시 동안구
41173|관양동|1404-23,경기도 안양시 동안구 관양동 1404-23,아리랑6차,안양시 동안구
41173|관양동|1409,경기도 안양시 동안구 관양동 1409,아리랑타워,안양시 동안구
41173|관양동|1414-14,경기도 안양시 동안구 관양동 1414-14,아리랑3차,안양시 동안구
41173|관양동|1414-2,경기도 안양시 동안구 관양동 1414-2,아리랑1차,안양시 동안구
41173|관양동|1415-4,경기도 안양시 동안구 관양동 1415-4,덕원맨션7,안양시 동안구
41173|관양동|1421-4,경기도 안양시 동안구 관양동 1421-4,아리랑5차,안양시 동안구
41173|관양동|1423-2,경기도 안양시 동안구 관양동 1423-2,신송,안양시 동안구
41173|관양동|1425,경기도 안양시 동안구 관양동 1425,덕원맨숀6차,안양시 동안구
41173|관양동|1440-9,경기도 안양시 동안구 관양동 1440-9,수정,안양시 동안구
41173|관양동|1443-7,경기도 안양시 동안구 관양동 1443-7,내안에,안양시 동안구
41173|관양동|1450-1,경기도 안양시 동안구 관양동 1450-1,코오롱동산타워,안양시 동안구
41173|관양동|1453-13,경기도 안양시 동안구 관양동 1453-13,U-포그니,안양시 동안구
41173|관양동|1454-4,경기도 안양시 동안구 관양동 1454-4,해오름,안양시 동안구
41173|관양동|1454-9,경기도 안양시 동안구 관양동 1454-9,인덕원관양뜰,안양시 동안구
41173|관양동|1455,경기도 안양시 동안구 관양동 1455,신일해피트리,안양시 동안구
41173|관양동|1455-2,경기도 안양시 동안구 관양동 1455-2,원주,안양시 동안구
41173|관양동|1461-10,경기도 안양시 동안구 관양동 1461-10,신태양(B동),안양시 동안구
41173|관양동|1461-9,경기도 안양시 동안구 관양동 1461-9,신태양(A동),안양시 동안구
41173|관양동|1463-18,경기도 안양시 동안구 관양동 1463-18,리버빌(101동),안양시 동안구
41173|관양동|1463-4,경기도 안양시 동안구 관양동 1463-4,남광,안양시 동안구
41173|관양동|1463-5,경기도 안양시 동안구 관양동 1463-5,리버빌(102동),안양시 동안구
41173|관양동|1463-6,경기도 안양시 동안구 관양동 1463-6,상남,안양시 동안구
41173|관양동|1465-9,경기도 안양시 동안구 관양동 1465-9,바우,안양시 동안구
41173|관양동|1467-2,경기도 안양시 동안구 관양동 1467-2,관보프라자,안양시 동안구
41173|관양동|1469,경기도 안양시 동안구 관양동 1469,대도,안양시 동안구
41173|관양동|1469-2,경기도 안양시 동안구 관양동 1469-2,신라,안양시 동안구
41173|관양동|1470-5,경기도 안양시 동안구 관양동 1470-5,"한미(C,D)",안양시 동안구
41173|관양동|1471-2,경기도 안양시 동안구 관양동 1471-2,부림,안양시 동안구
41173|관양동|1471-8,경기도 안양시 동안구 관양동 1471-8,골든,안양시 동안구
41173|관양동|1477,경기도 안양시 동안구 관양동 1477,"한미(A1,A2,B)",안양시 동안구
41173|관양동|1481-5,경기도 안양시 동안구 관양동 1481-5,에덴,안양시 동안구
41173|관양동|1488-39,경기도 안양시 동안구 관양동 1488-39,인덕원메트로빌,안양시 동안구
41173|관양동|1504-8,경기도 안양시 동안구 관양동 1504-8,렉스타워,안양시 동안구
41173|관양동|1506-3,경기도 안양시 동안구 관양동 1506-3,세기파크뷰,안양시 동안구
41173|관양동|1507-2,경기도 안양시 동안구 관양동 1507-2,파인빌,안양시 동안구
41173|관양동|1507-22,경기도 안양시 동안구 관양동 1507-22,미래센트럴타워,안양시 동안구
41173|관양동|1507-5,경기도 안양시 동안구 관양동 1507-5,삼우마을,안양시 동안구
41173|관양동|1510-1,경기도 안양시 동안구 관양동 1510-1,인덕원마을(삼성),안양시 동안구
41173|관양동|1586,경기도 안양시 동안구 관양동 1586,한가람(한양),안양시 동안구
41173|관양동|1586-5,경기도 안양시 동안구 관양동 1586-5,한가람(삼성),안양시 동안구
41173|관양동|1586-6,경기도 안양시 동안구 관양동 1586-6,한가람(두산),안양시 동안구
41173|관양동|1587,경기도 안양시 동안구 관양동 1587,공작럭키,안양시 동안구
41173|관양동|1587-5,경기도 안양시 동안구 관양동 1587-5,공작성일,안양시 동안구
41173|관양동|1588,경기도 안양시 동안구 관양동 1588,공작아파트,안양시 동안구
41173|관양동|1589,경기도 안양시 동안구 관양동 1589,한가람(세경),안양시 동안구
41173|관양동|1589-1,경기도 안양시 동안구 관양동 1589-1,한가람(신라),안양시 동안구
41173|관양동|1651,경기도 안양시 동안구 관양동 1651,동편마을(3단지),안양시 동안구
41173|관양동|1669,경기도 안양시 동안구 관양동 1669,동편마을(4단지),안양시 동안구
41173|관양동|1815,경기도 안양시 동안구 관양동 1815,평촌더샵센트럴시티,안양시 동안구
41173|비산동|1015,경기도 안양시 동안구 비산동 1015,영화,안양시 동안구
41173|비산동|1022-2,경기도 안양시 동안구 비산동 1022-2,덕원8,안양시 동안구
41173|비산동|1028-20,경기도 안양시 동안구 비산동 1028-20,성원,안양시 동안구
41173|비산동|1030-2,경기도 안양시 동안구 비산동 1030-2,청운,안양시 동안구
41173|비산동|1043-11,경기도 안양시 동안구 비산동 1043-11,삼호12차,안양시 동안구
41173|비산동|1043-8,경기도 안양시 동안구 비산동 1043-8,무지개,안양시 동안구
41173|비산동|1058,경기도 안양시 동안구 비산동 1058,현암,안양시 동안구
41173|비산동|1101-2,경기도 안양시 동안구 비산동 1101-2,샛별마을한양4-1,안양시 동안구
41173|비산동|1101-6,경기도 안양시 동안구 비산동 1101-6,샛별한양4-2,안양시 동안구
41173|비산동|1101-8,경기도 안양시 동안구 비산동 1101-8,샛별한양4-3,안양시 동안구
41173|비산동|1102,경기도 안양시 동안구 비산동 1102,관악,안양시 동안구
41173|비산동|1102-4,경기도 안양시 동안구 비산동 1102-4,관악부영4,안양시 동안구
41173|비산동|1102-7,경기도 안양시 동안구 비산동 1102-7,관악성원,안양시 동안구
41173|비산동|1103,경기도 안양시 동안구 비산동 1103,은하수벽산,안양시 동안구
41173|비산동|1103-4,경기도 안양시 동안구 비산동 1103-4,은하수신성,안양시 동안구
41173|비산동|1103-5,경기도 안양시 동안구 비산동 1103-5,은하수마을한양,안양시 동안구
41173|비산동|1104,경기도 안양시 동안구 비산동 1104,은하수청구,안양시 동안구
41173|비산동|1109,경기도 안양시 동안구 비산동 1109,샛별한양6(고층1109),안양시 동안구
41173|비산동|1109-3,경기도 안양시 동안구 비산동 1109-3,샛별한양6(저층),안양시 동안구
41173|비산동|1109-4,경기도 안양시 동안구 비산동 1109-4,샛별한양6(고층1109-4),안양시 동안구
41173|비산동|1109-6,경기도 안양시 동안구 비산동 1109-6,샛별한양6(고층1109-6),안양시 동안구
41173|비산동|1155,경기도 안양시 동안구 비산동 1155,더포레스트힐,안양시 동안구
41173|비산동|1163,경기도 안양시 동안구 비산동 1163,안양임곡휴먼시아,안양시 동안구
41173|비산동|1165,경기도 안양시 동안구 비산동 1165,이-편한세상,안양시 동안구
41173|비산동|1166,경기도 안양시 동안구 비산동 1166,비산화성파크드림,안양시 동안구
41173|비산동|1167,경기도 안양시 동안구 비산동 1167,대광로제비앙,안양시 동안구
41173|비산동|1172,경기도 안양시 동안구 비산동 1172,한양수자인평촌리버뷰,안양시 동안구
41173|비산동|1177,경기도 안양시 동안구 비산동 1177,평촌래미안푸르지오,안양시 동안구
41173|비산동|1185,경기도 안양시 동안구 비산동 1185,평촌자이아이파크,안양시 동안구
41173|비산동|1198,경기도 안양시 동안구 비산동 1198,힐스테이트비산파크뷰,안양시 동안구
41173|비산동|1205,경기도 안양시 동안구 비산동 1205,한신더휴,안양시 동안구
41173|비산동|245,경기도 안양시 동안구 비산동 245,뉴타운4,안양시 동안구
41173|비산동|279,경기도 안양시 동안구 비산동 279,화남8,안양시 동안구
41173|비산동|281-1#41173-2155,경기도 안양시 동안구 비산동 281-1,평촌엘프라우드,안양시 동안구
41173|비산동|281-1#41173-36,경기도 안양시 동안구 비산동 281-1,화남9,안양시 동안구
41173|비산동|304-34,경기도 안양시 동안구 비산동 304-34,삼성그린,안양시 동안구
41173|비산동|326-10,경기도 안양시 동안구 비산동 326-10,삼호맨션7차,안양시 동안구
41173|비산동|327-4,경기도 안양시 동안구 비산동 327-4,삼호빌1동,안양시 동안구
41173|비산동|328-2,경기도 안양시 동안구 비산동 328-2,파크아파트(A동),안양시 동안구
41173|비산동|329-1,경기도 안양시 동안구 비산동 329-1,파크아파트(B동),안양시 동안구
41173|비산동|332-59,경기도 안양시 동안구 비산동 332-59,한빛,안양시 동안구
41173|비산동|338,경기도 안양시 동안구 비산동 338,삼호그린,안양시 동안구
41173|비산동|341,경기도 안양시 동안구 비산동 341,뉴타운5,안양시 동안구
41173|비산동|343-2,경기도 안양시 동안구 비산동 343-2,뉴삼호,안양시 동안구
41173|비산동|354-10,경기도 안양시 동안구 비산동 354-10,"뉴타운1,2,3",안양시 동안구
41173|비산동|361,경기도 안양시 동안구 비산동 361,뉴타운6,안양시 동안구
41173|비산동|374,경기도 안양시 동안구 비산동 374,대주파크빌,안양시 동안구
41173|비산동|379-3,경기도 안양시 동안구 비산동 379-3,동양월드타워,안양시 동안구
41173|비산동|406,경기도 안양시 동안구 비산동 406,미륭,안양시 동안구
41173|비산동|408,경기도 안양시 동안구 비산동 408,비산롯데캐슬,안양시 동안구
41173|비산동|412-12,경기도 안양시 동안구 비산동 412-12,비산,안양시 동안구
41173|비산동|412-6,경기도 안양시 동안구 비산동 412-6,기오3차,안양시 동안구
41173|비산동|413-1,경기도 안양시 동안구 비산동 413-1,현진1,안양시 동안구
41173|비산동|414-2,경기도 안양시 동안구 비산동 414-2,크리스챤,안양시 동안구
41173|비산동|420-4,경기도 안양시 동안구 비산동 420-4,현진2,안양시 동안구
41173|비산동|425,경기도 안양시 동안구 비산동 425,삼성래미안,안양시 동안구
41173|비산동|515-2,경기도 안양시 동안구 비산동 515-2,우성,안양시 동안구
41173|비산동|524,경기도 안양시 동안구 비산동 524,다원,안양시 동안구
41173|비산동|557-3,경기도 안양시 동안구 비산동 557-3,블루오션,안양시 동안구
41173|비산동|557-7,경기도 안양시 동안구 비산동 557-7,성도,안양시 동안구
41173|비산동|557-8,경기도 안양시 동안구 비산동 557-8,렉스타운,안양시 동안구
41173|비산동|566-5,경기도 안양시 동안구 비산동 566-5,강남,안양시 동안구
41173|비산동|571-10,경기도 안양시 동안구 비산동 571-10,동산,안양시 동안구
41173|비산동|571-2,경기도 안양시 동안구 비산동 571-2,일진,안양시 동안구
41173|비산동|572,경기도 안양시 동안구 비산동 572,한화꿈에그린,안양시 동안구
41173|비산동|576-7,경기도 안양시 동안구 비산동 576-7,비산힐스테이트,안양시 동안구
41173|비산동|577-1,경기도 안양시 동안구 비산동 577-1,진흥,안양시 동안구
41173|비산동|580-3,경기도 안양시 동안구 비산동 580-3,로얄,안양시 동안구
41173|평촌동|1001,경기도 안양시 동안구 평촌동 1001,힐스테이트인덕원역베르텍스,안양시 동안구
41173|평촌동|101,경기도 안양시 동안구 평촌동 101,인덕원대림2차,안양시 동안구
41173|평촌동|113,경기도 안양시 동안구 평촌동 113,천평대,안양시 동안구
41173|평촌동|118-5,경기도 안양시 동안구 평촌동 118-5,삼아,안양시 동안구
41173|평촌동|130-1,경기도 안양시 동안구 평촌동 130-1,영풍,안양시 동안구
41173|평촌동|132-3,경기도 안양시 동안구 평촌동 132-3,한미(132-3),안양시 동안구
41173|평촌동|314,경기도 안양시 동안구 평촌동 314,귀인마을현대홈타운,안양시 동안구
41173|평촌동|34,경기도 안양시 동안구 평촌동 34,래미안인덕원더포인트,안양시 동안구
41173|평촌동|54-1,경기도 안양시 동안구 평촌동 54-1,대도,안양시 동안구
41173|평촌동|66-6,경기도 안양시 동안구 평촌동 66-6,한일미래아파트,안양시 동안구
41173|평촌동|75-1,경기도 안양시 동안구 평촌동 75-1,평촌이편한세상,안양시 동안구
41173|평촌동|75-2,경기도 안양시 동안구 평촌동 75-2,인덕원대우,안양시 동안구
41173|평촌동|896-2,경기도 안양시 동안구 평촌동 896-2,초원마을세경,안양시 동안구
41173|평촌동|896-6,경기도 안양시 동안구 평촌동 896-6,초원부영,안양시 동안구
41173|평촌동|897-5,경기도 안양시 동안구 평촌동 897-5,초원한양,안양시 동안구
41173|평촌동|897-7,경기도 안양시 동안구 평촌동 897-7,초원LG,안양시 동안구
41173|평촌동|898,경기도 안양시 동안구 평촌동 898,초원성원,안양시 동안구
41173|평촌동|898-2,경기도 안양시 동안구 평촌동 898-2,초원마을대림,안양시 동안구
41173|평촌동|898-6,경기도 안양시 동안구 평촌동 898-6,초원마을대원,안양시 동안구
41173|평촌동|899,경기도 안양시 동안구 평촌동 899,향촌롯데,안양시 동안구
41173|평촌동|899-2,경기도 안양시 동안구 평촌동 899-2,향촌마을현대4차,안양시 동안구
41173|평촌동|899-7,경기도 안양시 동안구 평촌동 899-7,향촌마을현대5차,안양시 동안구
41173|평촌동|93-1,경기도 안양시 동안구 평촌동 93-1,인덕원대림1차,안양시 동안구
41173|평촌동|932-2,경기도 안양시 동안구 평촌동 932-2,꿈마을금호,안양시 동안구
41173|평촌동|932-4,경기도 안양시 동안구 평촌동 932-4,꿈마을한신,안양시 동안구
41173|평촌동|932-6,경기도 안양시 동안구 평촌동 932-6,꿈마을라이프,안양시 동안구
41173|평촌동|932-7,경기도 안양시 동안구 평촌동 932-7,꿈마을현대,안양시 동안구
41173|평촌동|933,경기도 안양시 동안구 평촌동 933,꿈마을우성,안양시 동안구
41173|평촌동|933-6,경기도 안양시 동안구 평촌동 933-6,꿈마을건영5차,안양시 동안구
41173|평촌동|933-7#41173-72,경기도 안양시 동안구 평촌동 933-7,꿈마을건영3차,안양시 동안구
41173|평촌동|933-7#41173-80,경기도 안양시 동안구 평촌동 933-7,꿈마을동아,안양시 동안구
41173|평촌동|97-1,경기도 안양시 동안구 평촌동 97-1,청광플러스원,안양시 동안구
41173|호계동|1002-17,경기도 안양시 동안구 호계동 1002-17,호계더카운티,안양시 동안구
41173|호계동|1002-9,경기도 안양시 동안구 호계동 1002-9,진우(1002-9),안양시 동안구
41173|호계동|1052,경기도 안양시 동안구 호계동 1052,목련마을2단지대우선경,안양시 동안구
41173|호계동|1052-3,경기도 안양시 동안구 호계동 1052-3,목련우성,안양시 동안구
41173|호계동|1052-5,경기도 안양시 동안구 호계동 1052-5,목련우성5,안양시 동안구
41173|호계동|1053-2,경기도 안양시 동안구 호계동 1053-2,목련선경,안양시 동안구
41173|호계동|1053-3,경기도 안양시 동안구 호계동 1053-3,목련아파트,안양시 동안구
41173|호계동|1053-4#41173-109,경기도 안양시 동안구 호계동 1053-4,목련경남,안양시 동안구
41173|호계동|1053-4#41173-110,경기도 안양시 동안구 호계동 1053-4,목련동아,안양시 동안구
41173|호계동|1054-6,경기도 안양시 동안구 호계동 1054-6,목련두산,안양시 동안구
41173|호계동|1054-8,경기도 안양시 동안구 호계동 1054-8,목련우성7,안양시 동안구
41173|호계동|1055#41173-120,경기도 안양시 동안구 호계동 1055,무궁화한양,안양시 동안구
41173|호계동|1055#41173-121,경기도 안양시 동안구 호계동 1055,무궁화효성,안양시 동안구
41173|호계동|1055-1#41173-116,경기도 안양시 동안구 호계동 1055-1,무궁화건영캐스빌,안양시 동안구
41173|호계동|1055-1#41173-119,경기도 안양시 동안구 호계동 1055-1,무궁화코오롱,안양시 동안구
41173|호계동|1056,경기도 안양시 동안구 호계동 1056,무궁화금호,안양시 동안구
41173|호계동|1056-6,경기도 안양시 동안구 호계동 1056-6,무궁화진흥,안양시 동안구
41173|호계동|1057,경기도 안양시 동안구 호계동 1057,무궁화경남,안양시 동안구
41173|호계동|1075,경기도 안양시 동안구 호계동 1075,무궁화태영,안양시 동안구
41173|호계동|1115,경기도 안양시 동안구 호계동 1115,샘마을임광,안양시 동안구
41173|호계동|1116,경기도 안양시 동안구 호계동 1116,샘마을우방,안양시 동안구
41173|호계동|1117,경기도 안양시 동안구 호계동 1117,샘마을쌍용,안양시 동안구
41173|호계동|1121#41173-131,경기도 안양시 동안구 호계동 1121,샘마을대우,안양시 동안구
41173|호계동|1121#41173-133,경기도 안양시 동안구 호계동 1121,샘마을한양,안양시 동안구
41173|호계동|1278,경기도 안양시 동안구 호계동 1278,금호어울림,안양시 동안구
41173|호계동|1279,경기도 안양시 동안구 호계동 1279,금정역호계푸르지오,안양시 동안구
41173|호계동|1280,경기도 안양시 동안구 호계동 1280,신평촌일성트루엘파크,안양시 동안구
41173|호계동|1287,경기도 안양시 동안구 호계동 1287,평촌더샵아이파크,안양시 동안구
41173|호계동|1294,경기도 안양시 동안구 호계동 1294,평촌대성유니드,안양시 동안구
41173|호계동|1296,경기도 안양시 동안구 호계동 1296,평촌어바인퍼스트,안양시 동안구
41173|호계동|1298,경기도 안양시 동안구 호계동 1298,평촌어바인퍼스트더샵,안양시 동안구
41173|호계동|1309,경기도 안양시 동안구 호계동 1309,평촌두산위브리버뷰,안양시 동안구
41173|호계동|1323,경기도 안양시 동안구 호계동 1323,평촌신원아침도시,안양시 동안구
41173|호계동|1327,경기도 안양시 동안구 호계동 1327,평촌센텀퍼스트,안양시 동안구
41173|호계동|1338,경기도 안양시 동안구 호계동 1338,평촌트리지아,안양시 동안구
41173|호계동|1354,경기도 안양시 동안구 호계동 1354,평촌두산위브더프라임아파트,안양시 동안구
41173|호계동|282-31,경기도 안양시 동안구 호계동 282-31,호계금호,안양시 동안구
41173|호계동|283-7,경기도 안양시 동안구 호계동 283-7,덕원,안양시 동안구
41173|호계동|315-17,경기도 안양시 동안구 호계동 315-17,신미주,안양시 동안구
41173|호계동|335-2,경기도 안양시 동안구 호계동 335-2,호계동미원(美苑),안양시 동안구
41173|호계동|335-64,경기도 안양시 동안구 호계동 335-64,수성드림빌,안양시 동안구
41173|호계동|337,경기도 안양시 동안구 호계동 337,흥화브라운빌,안양시 동안구
41173|호계동|570,경기도 안양시 동안구 호계동 570,호계럭키,안양시 동안구
41173|호계동|651-1,경기도 안양시 동안구 호계동 651-1,삼신6차,안양시 동안구
41173|호계동|666-1,경기도 안양시 동안구 호계동 666-1,미래타운,안양시 동안구
41173|호계동|670-9,경기도 안양시 동안구 호계동 670-9,이룸렉스힐,안양시 동안구
41173|호계동|672-3,경기도 안양시 동안구 호계동 672-3,진우,안양시 동안구
41173|호계동|710-41,경기도 안양시 동안구 호계동 710-41,늘해랑,안양시 동안구
41173|호계동|713,경기도 안양시 동안구 호계동 713,호계아크로리버,안양시 동안구
41173|호계동|766-4,경기도 안양시 동안구 호계동 766-4,호계삼익,안양시 동안구
41173|호계동|767-2,경기도 안양시 동안구 호계동 767-2,서부인터빌,안양시 동안구
41173|호계동|767-3,경기도 안양시 동안구 호계동 767-3,삼호우주,안양시 동안구
41173|호계동|801-4,경기도 안양시 동안구 호계동 801-4,영풍,안양시 동안구
41173|호계동|811,경기도 안양시 동안구 호계동 811,호계2차현대홈타운,안양시 동안구
41173|호계동|813,경기도 안양시 동안구 호계동 813,대림e-편한세상,안양시 동안구
41173|호계동|819-2,경기도 안양시 동안구 호계동 819-2,일신건영장미아파트,안양시 동안구
41173|호계동|828-4,경기도 안양시 동안구 호계동 828-4,호계동현대,안양시 동안구
41173|호계동|831,경기도 안양시 동안구 호계동 831,금호(831),안양시 동안구
41173|호계동|843-1,경기도 안양시 동안구 호계동 843-1,삼천리,안양시 동안구
41173|호계동|847,경기도 안양시 동안구 호계동 847,태하,안양시 동안구
41173|호계동|848-2,경기도 안양시 동안구 호계동 848-2,양수,안양시 동안구
41173|호계동|893-1,경기도 안양시 동안구 호계동 893-1,임광한마음2차,안양시 동안구
41173|호계동|895,경기도 안양시 동안구 호계동 895,임광한마음1차,안양시 동안구
41173|호계동|902-20,경기도 안양시 동안구 호계동 902-20,진성베가타운,안양시 동안구
41173|호계동|903-16,경기도 안양시 동안구 호계동 903-16,리츠팰리스,안양시 동안구
41173|호계동|903-4,경기도 안양시 동안구 호계동 903-4,한스하임,안양시 동안구
41173|호계동|912,경기도 안양시 동안구 호계동 912,효성백년가약,안양시 동안구
41173|호계동|914,경기도 안양시 동안구 호계동 914,백운,안양시 동안구
41173|호계동|914-36,경기도 안양시 동안구 호계동 914-36,진성,안양시 동안구
41173|호계동|914-37,경기도 안양시 동안구 호계동 914-37,범계마을호산,안양시 동안구
41173|호계동|914-40,경기도 안양시 동안구 호계동 914-40,호계1차현대홈타운,안양시 동안구
41173|호계동|915,경기도 안양시 동안구 호계동 915,신라6차,안양시 동안구
41173|호계동|915-7,경기도 안양시 동안구 호계동 915-7,경남,안양시 동안구
41173|호계동|916-2,경기도 안양시 동안구 호계동 916-2,유환1차,안양시 동안구
41173|호계동|918-55,경기도 안양시 동안구 호계동 918-55,대명,안양시 동안구
41173|호계동|919-2,경기도 안양시 동안구 호계동 919-2,호계마젤란21,안양시 동안구
41173|호계동|920-4,경기도 안양시 동안구 호계동 920-4,일신진흥,안양시 동안구
41173|호계동|923-21,경기도 안양시 동안구 호계동 923-21,신성미소지움,안양시 동안구
41173|호계동|923-28,경기도 안양시 동안구 호계동 923-28,신도브래뉴,안양시 동안구
41173|호계동|923-30,경기도 안양시 동안구 호계동 923-30,엘디범계마을,안양시 동안구
41173|호계동|923-35,경기도 안양시 동안구 호계동 923-35,호계임광그대가3차,안양시 동안구
41173|호계동|927,경기도 안양시 동안구 호계동 927,흥화,안양시 동안구
41173|호계동|928-9,경기도 안양시 동안구 호계동 928-9,대림,안양시 동안구
41173|호계동|931,경기도 안양시 동안구 호계동 931,삼성(931),안양시 동안구
41173|호계동|931-3,경기도 안양시 동안구 호계동 931-3,신라(931-3),안양시 동안구
41173|호계동|932-3,경기도 안양시 동안구 호계동 932-3,평촌더힐즈,안양시 동안구
41173|호계동|935-19,경기도 안양시 동안구 호계동 935-19,강남3차,안양시 동안구
41173|호계동|939-9,경기도 안양시 동안구 호계동 939-9,삼성(939-9),안양시 동안구
41173|호계동|940,경기도 안양시 동안구 호계동 940,HHI브라운빌3차,안양시 동안구
41173|호계동|941-21,경기도 안양시 동안구 호계동 941-21,호원,안양시 동안구
41173|호계동|945,경기도 안양시 동안구 호계동 945,강남5차,안양시 동안구
41173|호계동|951-4,경기도 안양시 동안구 호계동 951-4,강남4차,안양시 동안구
41173|호계동|953-3,경기도 안양시 동안구 호계동 953-3,성심,안양시 동안구
41173|호계동|955-12,경기도 안양시 동안구 호계동 955-12,하나,안양시 동안구
41173|호계동|959-1,경기도 안양시 동안구 호계동 959-1,개성하이뷰,안양시 동안구
41173|호계동|959-20,경기도 안양시 동안구 호계동 959-20,루미에르,안양시 동안구
41173|호계동|960,경기도 안양시 동안구 호계동 960,다미안,안양시 동안구
41173|호계동|966-1,경기도 안양시 동안구 호계동 966-1,리치밸리,안양시 동안구
41173|호계동|966-67,경기도 안양시 동안구 호계동 966-67,삼성원시티,안양시 동안구
41173|호계동|966-8,경기도 안양시 동안구 호계동 966-8,삼성원시티B동,안양시 동안구
41173|호계동|967-20,경기도 안양시 동안구 호계동 967-20,서안이노빌,안양시 동안구
41173|호계동|967-22,경기도 안양시 동안구 호계동 967-22,개성하이뷰(967-22),안양시 동안구
41173|호계동|969-3,경기도 안양시 동안구 호계동 969-3,삼덕진주,안양시 동안구
41173|호계동|970-17,경기도 안양시 동안구 호계동 970-17,유환3차,안양시 동안구
41173|호계동|970-21,경기도 안양시 동안구 호계동 970-21,정화,안양시 동안구
41173|호계동|971-1,경기도 안양시 동안구 호계동 971-1,DYtown,안양시 동안구
41173|호계동|972-1,경기도 안양시 동안구 호계동 972-1,대경시실리,안양시 동안구
41173|호계동|972-6,경기도 안양시 동안구 호계동 972-6,한솔,안양시 동안구
41173|호계동|972-7,경기도 안양시 동안구 호계동 972-7,우양파크빌,안양시 동안구
41173|호계동|972-9,경기도 안양시 동안구 호계동 972-9,양우내안애팰리스,안양시 동안구
41173|호계동|975-3,경기도 안양시 동안구 호계동 975-3,안양대우디오슈페리움,안양시 동안구
41173|호계동|976,경기도 안양시 동안구 호계동 976,호계주공,안양시 동안구
41173|호계동|989-6,경기도 안양시 동안구 호계동 989-6,예성그린캐슬,안양시 동안구
41173|호계동|991,경기도 안양시 동안구 호계동 991,동원베네스트,안양시 동안구
41173|호계동|991-3,경기도 안양시 동안구 호계동 991-3,화남4차,안양시 동안구
41173|호계동|992-1,경기도 안양시 동안구 호계동 992-1,삼신5차,안양시 동안구
41173|호계동|993-13,경기도 안양시 동안구 호계동 993-13,화남5차,안양시 동안구
41173|호계동|993-3,경기도 안양시 동안구 호계동 993-3,유환2차,안양시 동안구
41173|호계동|994-26,경기도 안양시 동안구 호계동 994-26,원촌(994-26),안양시 동안구
41173|호계동|999-23,경기도 안양시 동안구 호계동 999-23,세계로황토빌,안양시 동안구
41173|호계동|999-25,경기도 안양시 동안구 호계동 999-25,일신,안양시 동안구
41190|고강동|246-2,경기도 부천시 고강동 246-2,고강1차,부천시
41190|고강동|246-5,경기도 부천시 고강동 246-5,고강2차,부천시
41190|고강동|249,경기도 부천시 고강동 249,고강3차,부천시
41190|고강동|284-2,경기도 부천시 고강동 284-2,청담에비뉴101동,부천시
41190|고강동|284-25,경기도 부천시 고강동 284-25,청담에비뉴102동,부천시
41190|고강동|289,경기도 부천시 고강동 289,한오,부천시
41190|고강동|292-6,경기도 부천시 고강동 292-6,부촌1차,부천시
41190|고강동|292-8,경기도 부천시 고강동 292-8,부촌2차,부천시
41190|고강동|295-1,경기도 부천시 고강동 295-1,플로리아,부천시
41190|고강동|296-4,경기도 부천시 고강동 296-4,노블오너스,부천시
41190|고강동|303-2,경기도 부천시 고강동 303-2,부강2차,부천시
41190|고강동|304-3,경기도 부천시 고강동 304-3,부강1차,부천시
41190|고강동|305-13,경기도 부천시 고강동 305-13,동광모닝스카이2차,부천시
41190|고강동|305-3,경기도 부천시 고강동 305-3,서전,부천시
41190|고강동|306,경기도 부천시 고강동 306,동광모닝스카이1차,부천시
41190|고강동|307,경기도 부천시 고강동 307,건우,부천시
41190|고강동|309-2,경기도 부천시 고강동 309-2,대진,부천시
41190|고강동|311-1,경기도 부천시 고강동 311-1,고강오투,부천시
41190|고강동|327,경기도 부천시 고강동 327,장미,부천시
41190|고강동|327-3,경기도 부천시 고강동 327-3,유호,부천시
41190|고강동|327-7,경기도 부천시 고강동 327-7,동문미도(327-7),부천시
41190|고강동|328,경기도 부천시 고강동 328,청광플러스원,부천시
41190|고강동|333,경기도 부천시 고강동 333,오화,부천시
41190|고강동|333-2,경기도 부천시 고강동 333-2,삼두,부천시
41190|고강동|333-3,경기도 부천시 고강동 333-3,서원,부천시
41190|고강동|343-1,경기도 부천시 고강동 343-1,하임하우즈아파트,부천시
41190|고강동|356-14,경기도 부천시 고강동 356-14,에코더힐,부천시
41190|고강동|359-15,경기도 부천시 고강동 359-15,아이원팰리스,부천시
41190|고강동|362,경기도 부천시 고강동 362,리젤펠리스APT,부천시
41190|고강동|363,경기도 부천시 고강동 363,동원(363),부천시
41190|고강동|364,경기도 부천시 고강동 364,동원(364),부천시
41190|고강동|364-9,경기도 부천시 고강동 364-9,에덴펠리체,부천시
41190|고강동|367,경기도 부천시 고강동 367,현대,부천시
41190|고강동|367-5,경기도 부천시 고강동 367-5,건일,부천시
41190|고강동|368-4,경기도 부천시 고강동 368-4,도양라비앙(368-4),부천시
41190|고강동|372-18,경기도 부천시 고강동 372-18,삼원,부천시
41190|고강동|372-2,경기도 부천시 고강동 372-2,천경(372-2),부천시
41190|고강동|372-5,경기도 부천시 고강동 372-5,테라탑펠리스Ⅱ,부천시
41190|고강동|374,경기도 부천시 고강동 374,하늘정원,부천시
41190|고강동|374-7,경기도 부천시 고강동 374-7,더테라리움,부천시
41190|고강동|378,경기도 부천시 고강동 378,인성,부천시
41190|고강동|380,경기도 부천시 고강동 380,상우(380),부천시
41190|고강동|382-2,경기도 부천시 고강동 382-2,아테온,부천시
41190|고강동|388-13#41196-11413,경기도 부천시 고강동 388-13,테라탑팰리스,부천시
41190|고강동|388-13#41196-169,경기도 부천시 고강동 388-13,천경(388-13),부천시
41190|고강동|389-1,경기도 부천시 고강동 389-1,삼우(389-1),부천시
41190|고강동|390-5,경기도 부천시 고강동 390-5,스카이포인트,부천시
41190|고강동|391-1,경기도 부천시 고강동 391-1,진영,부천시
41190|고강동|393-4,경기도 부천시 고강동 393-4,신세계하이츠,부천시
41190|고강동|393-6,경기도 부천시 고강동 393-6,The-편한아파트,부천시
41190|고강동|396,경기도 부천시 고강동 396,삼우(396),부천시
41190|고강동|397,경기도 부천시 고강동 397,새보미,부천시
41190|고강동|398-3,경기도 부천시 고강동 398-3,삼성다빈치,부천시
41190|고강동|400-1,경기도 부천시 고강동 400-1,정도,부천시
41190|고강동|407-6,경기도 부천시 고강동 407-6,선우,부천시
41190|고강동|408-7,경기도 부천시 고강동 408-7,한일,부천시
41190|고강동|409-1,경기도 부천시 고강동 409-1,가야,부천시
41190|고강동|409-5,경기도 부천시 고강동 409-5,홍익,부천시
41190|고강동|411-2,경기도 부천시 고강동 411-2,상우(411-2),부천시
41190|고강동|416-5,경기도 부천시 고강동 416-5,서울,부천시
41190|고강동|417,경기도 부천시 고강동 417,동문미도(417),부천시
41190|고강동|418-3,경기도 부천시 고강동 418-3,네모하우스,부천시
41190|고강동|425-25,경기도 부천시 고강동 425-25,윤성,부천시
41190|고강동|457,경기도 부천시 고강동 457,홈유레카,부천시
41190|고강동|599,경기도 부천시 고강동 599,삼화아르떼파크,부천시
41190|괴안동|1-15,경기도 부천시 괴안동 1-15,우석WS아파트,부천시
41190|괴안동|101-6,경기도 부천시 괴안동 101-6,프라임골드아파트,부천시
41190|괴안동|102-20,경기도 부천시 괴안동 102-20,세웅더스카이,부천시
41190|괴안동|102-6,경기도 부천시 괴안동 102-6,엘리시안A.P.T,부천시
41190|괴안동|104,경기도 부천시 괴안동 104,트윈파크,부천시
41190|괴안동|104-3,경기도 부천시 괴안동 104-3,대현부안,부천시
41190|괴안동|105,경기도 부천시 괴안동 105,현대3차,부천시
41190|괴안동|105-3,경기도 부천시 괴안동 105-3,현대2차,부천시
41190|괴안동|105-4,경기도 부천시 괴안동 105-4,현대1차,부천시
41190|괴안동|106-1,경기도 부천시 괴안동 106-1,대현청실,부천시
41190|괴안동|107-11,경기도 부천시 괴안동 107-11,대현8차,부천시
41190|괴안동|107-6,경기도 부천시 괴안동 107-6,아이원캐슬,부천시
41190|괴안동|107-7,경기도 부천시 괴안동 107-7,청수1차,부천시
41190|괴안동|110-21,경기도 부천시 괴안동 110-21,한아름1차다동,부천시
41190|괴안동|110-24,경기도 부천시 괴안동 110-24,하늘채아파트,부천시
41190|괴안동|110-5,경기도 부천시 괴안동 110-5,정다움,부천시
41190|괴안동|110-9,경기도 부천시 괴안동 110-9,베르포레아파트,부천시
41190|괴안동|112-10,경기도 부천시 괴안동 112-10,아이원,부천시
41190|괴안동|112-9,경기도 부천시 괴안동 112-9,한양,부천시
41190|괴안동|113-1,경기도 부천시 괴안동 113-1,역곡하이뷰,부천시
41190|괴안동|114-10,경기도 부천시 괴안동 114-10,조양휴캐슬,부천시
41190|괴안동|114-11,경기도 부천시 괴안동 114-11,광백드림빌,부천시
41190|괴안동|114-12,경기도 부천시 괴안동 114-12,미성주상복합,부천시
41190|괴안동|116-9,경기도 부천시 괴안동 116-9,캐슬9아파트,부천시
41190|괴안동|117-7,경기도 부천시 괴안동 117-7,남향,부천시
41190|괴안동|118,경기도 부천시 괴안동 118,대현9차,부천시
41190|괴안동|120-12,경기도 부천시 괴안동 120-12,대성,부천시
41190|괴안동|123-3,경기도 부천시 괴안동 123-3,청수이지빌(202동),부천시
41190|괴안동|123-4,경기도 부천시 괴안동 123-4,청수이지빌(201동),부천시
41190|괴안동|125,경기도 부천시 괴안동 125,현대6차,부천시
41190|괴안동|125-3,경기도 부천시 괴안동 125-3,현대5차,부천시
41190|괴안동|126-2,경기도 부천시 괴안동 126-2,현대7차,부천시
41190|괴안동|127-6,경기도 부천시 괴안동 127-6,순영지타워,부천시
41190|괴안동|128-2,경기도 부천시 괴안동 128-2,역곡두진,부천시
41190|괴안동|129,경기도 부천시 괴안동 129,네오빌,부천시
41190|괴안동|157-7,경기도 부천시 괴안동 157-7,역곡프라임,부천시
41190|괴안동|161-24,경기도 부천시 괴안동 161-24,DH벨트라움(161-24번지),부천시
41190|괴안동|161-3,경기도 부천시 괴안동 161-3,DH벨트라움(161-3번지),부천시
41190|괴안동|162-2,경기도 부천시 괴안동 162-2,태송팰리채,부천시
41190|괴안동|163-4,경기도 부천시 괴안동 163-4,초원,부천시
41190|괴안동|164-6,경기도 부천시 괴안동 164-6,염광,부천시
41190|괴안동|165,경기도 부천시 괴안동 165,성우,부천시
41190|괴안동|167-10#41194-11200,경기도 부천시 괴안동 167-10,역곡푸르내아파트,부천시
41190|괴안동|167-10#41194-452,경기도 부천시 괴안동 167-10,금호,부천시
41190|괴안동|168-2,경기도 부천시 괴안동 168-2,글래드빌,부천시
41190|괴안동|168-4,경기도 부천시 괴안동 168-4,글래드빌A,부천시
41190|괴안동|168-5,경기도 부천시 괴안동 168-5,노빌리움APT,부천시
41190|괴안동|170-1,경기도 부천시 괴안동 170-1,역곡아펠리시움,부천시
41190|괴안동|171-10,경기도 부천시 괴안동 171-10,모아,부천시
41190|괴안동|171-18,경기도 부천시 괴안동 171-18,복지,부천시
41190|괴안동|171-6,경기도 부천시 괴안동 171-6,대진,부천시
41190|괴안동|171-8,경기도 부천시 괴안동 171-8,거산,부천시
41190|괴안동|175-6,경기도 부천시 괴안동 175-6,대성(175-6),부천시
41190|괴안동|176-1,경기도 부천시 괴안동 176-1,풍원,부천시
41190|괴안동|177,경기도 부천시 괴안동 177,리라5동,부천시
41190|괴안동|182-24,경기도 부천시 괴안동 182-24,보강에버그린B동,부천시
41190|괴안동|182-6,경기도 부천시 괴안동 182-6,보강에버그린A동,부천시
41190|괴안동|183-5,경기도 부천시 괴안동 183-5,삼풍,부천시
41190|괴안동|184,경기도 부천시 괴안동 184,한아름5차,부천시
41190|괴안동|184-31,경기도 부천시 괴안동 184-31,디에이치벨트라움,부천시
41190|괴안동|184-7,경기도 부천시 괴안동 184-7,디에이치벨트라움102동,부천시
41190|괴안동|187-5,경기도 부천시 괴안동 187-5,신호,부천시
41190|괴안동|199-2,경기도 부천시 괴안동 199-2,동신,부천시
41190|괴안동|202-3,경기도 부천시 괴안동 202-3,성우2차,부천시
41190|괴안동|202-7,경기도 부천시 괴안동 202-7,반도,부천시
41190|괴안동|204-1,경기도 부천시 괴안동 204-1,삼익3차,부천시
41190|괴안동|204-5,경기도 부천시 괴안동 204-5,삼익세라믹,부천시
41190|괴안동|268,경기도 부천시 괴안동 268,이편한세상온수역,부천시
41190|괴안동|269,경기도 부천시 괴안동 269,역곡휴먼빌아파트,부천시
41190|괴안동|270,경기도 부천시 괴안동 270,이안시그니처역곡,부천시
41190|괴안동|271,경기도 부천시 괴안동 271,센텀포레스트,부천시
41190|괴안동|3-14,경기도 부천시 괴안동 3-14,드라포레아파트,부천시
41190|괴안동|3-16,경기도 부천시 괴안동 3-16,"한아름1차(가,나동)",부천시
41190|괴안동|32,경기도 부천시 괴안동 32,조공2차,부천시
41190|괴안동|36,경기도 부천시 괴안동 36,조공1차,부천시
41190|괴안동|40-2,경기도 부천시 괴안동 40-2,리아아파트,부천시
41190|괴안동|6-10,경기도 부천시 괴안동 6-10,에디션아파트,부천시
41190|괴안동|6-11,경기도 부천시 괴안동 6-11,라온107,부천시
41190|괴안동|69-12,경기도 부천시 괴안동 69-12,스카이뷰,부천시
41190|괴안동|70-6,경기도 부천시 괴안동 70-6,대명베르디움아파트,부천시
41190|괴안동|73-2,경기도 부천시 괴안동 73-2,국경,부천시
41190|괴안동|86,경기도 부천시 괴안동 86,풍남,부천시
41190|괴안동|87-14,경기도 부천시 괴안동 87-14,청송,부천시
41190|괴안동|88,경기도 부천시 괴안동 88,현대(88-0),부천시
41190|괴안동|89-4,경기도 부천시 괴안동 89-4,괴안동금광포란재,부천시
41190|괴안동|91-1,경기도 부천시 괴안동 91-1,청암(91-1)C동,부천시
41190|괴안동|91-10,경기도 부천시 괴안동 91-10,괴안동91-10공동주택프리메로,부천시
41190|괴안동|91-2,경기도 부천시 괴안동 91-2,청암(91-2),부천시
41190|괴안동|94-2,경기도 부천시 괴안동 94-2,클레버,부천시
41190|괴안동|97-21,경기도 부천시 괴안동 97-21,드림앤하우스,부천시
41190|괴안동|99,경기도 부천시 괴안동 99,아주,부천시
41190|괴안동|99-1,경기도 부천시 괴안동 99-1,신일해피트리,부천시
41190|괴안동|산14,경기도 부천시 괴안동 산14,덕림현대,부천시
41190|괴안동|산15,경기도 부천시 괴안동 산15,현대허니문,부천시
41190|괴안동|산16-7,경기도 부천시 괴안동 산16-7,복사골,부천시
41190|내동|22-4,경기도 부천시 내동 22-4,함태스위트빌,부천시
41190|내동|25-1,경기도 부천시 내동 25-1,하이트뷰아파트,부천시
41190|내동|292-5,경기도 부천시 내동 292-5,장원,부천시
41190|내동|292-7,경기도 부천시 내동 292-7,대성파크빌,부천시
41190|내동|330-2,경기도 부천시 내동 330-2,샤인파크빌,부천시
41190|내동|338-2,경기도 부천시 내동 338-2,이루미아파트,부천시
41190|내동|343,경기도 부천시 내동 343,드림채아파트,부천시
41190|내동|345,경기도 부천시 내동 345,이룸이루미,부천시
41190|내동|348,경기도 부천시 내동 348,신영,부천시
41190|내동|349,경기도 부천시 내동 349,서초,부천시
41190|내동|35,경기도 부천시 내동 35,한일코지세상B동,부천시
41190|내동|35-1,경기도 부천시 내동 35-1,한일코지세상A동,부천시
41190|내동|352,경기도 부천시 내동 352,계남랑데뷰,부천시
41190|내동|36,경기도 부천시 내동 36,삼성에코뷰,부천시
41190|내동|362,경기도 부천시 내동 362,트리니티더뷰,부천시
41190|내동|54-1,경기도 부천시 내동 54-1,대림프라우드101동,부천시
41190|내동|54-4,경기도 부천시 내동 54-4,서울,부천시
41190|내동|54-9,경기도 부천시 내동 54-9,대림프라우드102동,부천시
41190|도당동|105-3,경기도 부천시 도당동 105-3,푸른솔,부천시
41190|도당동|109,경기도 부천시 도당동 109,삼보,부천시
41190|도당동|118-16,경기도 부천시 도당동 118-16,라비앙아파트,부천시
41190|도당동|120,경기도 부천시 도당동 120,동아,부천시
41190|도당동|124,경기도 부천시 도당동 124,복사골1(C동),부천시
41190|도당동|125,경기도 부천시 도당동 125,복사골2차,부천시
41190|도당동|134-2,경기도 부천시 도당동 134-2,근화,부천시
41190|도당동|247-24,경기도 부천시 도당동 247-24,선결레미앙주상복합,부천시
41190|도당동|250-3,경기도 부천시 도당동 250-3,신한,부천시
41190|도당동|255-8,경기도 부천시 도당동 255-8,스타파크101,부천시
41190|도당동|255-9,경기도 부천시 도당동 255-9,스타파크힐스the숲,부천시
41190|도당동|258-3,경기도 부천시 도당동 258-3,경원아인스타워,부천시
41190|도당동|262-19,경기도 부천시 도당동 262-19,데오스힐,부천시
41190|도당동|266-3,경기도 부천시 도당동 266-3,동신,부천시
41190|도당동|266-4,경기도 부천시 도당동 266-4,성원,부천시
41190|도당동|287,경기도 부천시 도당동 287,삼익플라주,부천시
41190|도당동|29,경기도 부천시 도당동 29,계남랑데뷰,부천시
41190|도당동|43,경기도 부천시 도당동 43,중앙블리체,부천시
41190|도당동|43-4,경기도 부천시 도당동 43-4,제이그랑블아파트,부천시
41190|도당동|46-1,경기도 부천시 도당동 46-1,대화,부천시
41190|도당동|48,경기도 부천시 도당동 48,봉림,부천시
41190|도당동|50-4,경기도 부천시 도당동 50-4,대건,부천시
41190|도당동|51-1,경기도 부천시 도당동 51-1,예담팰리스,부천시
41190|도당동|51-10,경기도 부천시 도당동 51-10,중앙파크더숲,부천시
41190|도당동|51-3,경기도 부천시 도당동 51-3,베네스트로즈,부천시
41190|도당동|53-14,경기도 부천시 도당동 53-14,아리안,부천시
41190|도당동|53-7,경기도 부천시 도당동 53-7,로얄아파트,부천시
41190|도당동|57-1,경기도 부천시 도당동 57-1,우남APT,부천시
41190|도당동|62,경기도 부천시 도당동 62,미성하이츠(미성아파트),부천시
41190|도당동|63-2,경기도 부천시 도당동 63-2,띠아모아파트,부천시
41190|도당동|69,경기도 부천시 도당동 69,우남2차,부천시
41190|도당동|69-1,경기도 부천시 도당동 69-1,진성그린테라스,부천시
41190|도당동|71-3,경기도 부천시 도당동 71-3,명성로즈빌,부천시
41190|도당동|71-6,경기도 부천시 도당동 71-6,경동장미,부천시
41190|도당동|92,경기도 부천시 도당동 92,주영홈타운101동,부천시
41190|도당동|92-1,경기도 부천시 도당동 92-1,서초,부천시
41190|도당동|92-10,경기도 부천시 도당동 92-10,주영홈타운102동,부천시
41190|도당동|92-11,경기도 부천시 도당동 92-11,주영홈타운103동,부천시
41190|범박동|150-2,경기도 부천시 범박동 150-2,부천범박힐스테이트 6단지,부천시
41190|범박동|151-2,경기도 부천시 범박동 151-2,부천범박힐스테이트5단지,부천시
41190|범박동|152-2,경기도 부천시 범박동 152-2,부천범박힐스테이트4단지,부천시
41190|범박동|153-2,경기도 부천시 범박동 153-2,부천범박힐스테이트2단지,부천시
41190|범박동|154-2,경기도 부천시 범박동 154-2,부천범박힐스테이트1단지,부천시
41190|범박동|155-1,경기도 부천시 범박동 155-1,부천범박힐스테이트3단지,부천시
41190|범박동|158,경기도 부천시 범박동 158,다청림,부천시
41190|범박동|234-1,경기도 부천시 범박동 234-1,범박파밀리에포레스트,부천시
41190|범박동|327,경기도 부천시 범박동 327,일루미스테이트,부천시
41190|삼정동|275-13,경기도 부천시 삼정동 275-13,정현위브로APT,부천시
41190|삼정동|276,경기도 부천시 삼정동 276,e-좋은아침,부천시
41190|삼정동|276-6,경기도 부천시 삼정동 276-6,삼정뷰그리안,부천시
41190|삼정동|283-6,경기도 부천시 삼정동 283-6,남광센트럴뷰,부천시
41190|삼정동|285-36,경기도 부천시 삼정동 285-36,정석,부천시
41190|삼정동|298,경기도 부천시 삼정동 298,에스케이미래로,부천시
41190|삼정동|299,경기도 부천시 삼정동 299,블리체,부천시
41190|삼정동|299-3,경기도 부천시 삼정동 299-3,영동,부천시
41190|삼정동|308-2,경기도 부천시 삼정동 308-2,아테온,부천시
41190|삼정동|311-1,경기도 부천시 삼정동 311-1,신한일,부천시
41190|삼정동|318,경기도 부천시 삼정동 318,계남샤이니,부천시
41190|삼정동|318-12,경기도 부천시 삼정동 318-12,삼우,부천시
41190|삼정동|347-8,경기도 부천시 삼정동 347-8,청연,부천시
41190|상동|238-3,경기도 부천시 상동 238-3,우남,부천시
41190|상동|244-19,경기도 부천시 상동 244-19,베르우스,부천시
41190|상동|312-2,경기도 부천시 상동 312-2,더퍼스트,부천시
41190|상동|319-25,경기도 부천시 상동 319-25,성진아파트,부천시
41190|상동|392#41190-302,경기도 부천시 상동 392,한아름마을(라이프),부천시
41190|상동|392#41192-305,경기도 부천시 상동 392,"한아름마을(현대,라이프)",부천시
41190|상동|393#41190-299,경기도 부천시 상동 393,한아름마을(동성),부천시
41190|상동|393#41190-303,경기도 부천시 상동 393,한아름마을(삼환),부천시
41190|상동|393#41192-300,경기도 부천시 상동 393,"한아름마을(삼환,동아,동성)",부천시
41190|상동|394,경기도 부천시 상동 394,한아름마을(한국),부천시
41190|상동|394-1,경기도 부천시 상동 394-1,한아름마을(동원),부천시
41190|상동|395,경기도 부천시 상동 395,반달마을(삼익),부천시
41190|상동|397#41192-286,경기도 부천시 상동 397,반달마을(건영),부천시
41190|상동|397#41192-288,경기도 부천시 상동 397,반달마을(동아),부천시
41190|상동|397#41192-290,경기도 부천시 상동 397,반달마을(선경),부천시
41190|상동|399,경기도 부천시 상동 399,반달마을(극동신라),부천시
41190|상동|402-3,경기도 부천시 상동 402-3,윌타운,부천시
41190|상동|413,경기도 부천시 상동 413,상동스카이뷰자이,부천시
41190|상동|415#41190-293,경기도 부천시 상동 415,사랑마을(벽산),부천시
41190|상동|415#41190-294,경기도 부천시 상동 415,사랑마을(삼익),부천시
41190|상동|415#41192-295,경기도 부천시 상동 415,"사랑마을(벽산,선경,삼익)",부천시
41190|상동|417,경기도 부천시 상동 417,사랑마을(청구),부천시
41190|상동|445,경기도 부천시 상동 445,꿈동산(신안),부천시
41190|상동|500-1,경기도 부천시 상동 500-1,다정한마을 경남아너스빌,부천시
41190|상동|500-2,경기도 부천시 상동 500-2,다정한마을(금강),부천시
41190|상동|500-4,경기도 부천시 상동 500-4,다정한마을(삼성),부천시
41190|상동|500-5,경기도 부천시 상동 500-5,다정한마을(쌍용),부천시
41190|상동|525-1,경기도 부천시 상동 525-1,라일락마을(경남아너스빌),부천시
41190|상동|525-3,경기도 부천시 상동 525-3,라일락마을(신성미소지움),부천시
41190|상동|525-6,경기도 부천시 상동 525-6,라일락마을(동양),부천시
41190|상동|526-1,경기도 부천시 상동 526-1,진달래마을(대우),부천시
41190|상동|526-4,경기도 부천시 상동 526-4,진달래마을(대림),부천시
41190|상동|526-6,경기도 부천시 상동 526-6,진달래마을(신동아),부천시
41190|상동|527-1,경기도 부천시 상동 527-1,진달래마을(효성써미트빌),부천시
41190|상동|527-3,경기도 부천시 상동 527-3,진달래마을(효성),부천시
41190|상동|528-1,경기도 부천시 상동 528-1,라일락마을(대우유림),부천시
41190|상동|528-3,경기도 부천시 상동 528-3,라일락마을(서해),부천시
41190|상동|531-4,경기도 부천시 상동 531-4,스타팰리스2,부천시
41190|상동|531-7,경기도 부천시 상동 531-7,리파인빌,부천시
41190|상동|534-6,경기도 부천시 상동 534-6,비잔티움상동,부천시
41190|상동|538-6,경기도 부천시 상동 538-6,대신스카이빌,부천시
41190|상동|542-3,경기도 부천시 상동 542-3,동양파라곤,부천시
41190|상동|547-1,경기도 부천시 상동 547-1,코오롱이데아폴리스,부천시
41190|상동|548-7,경기도 부천시 상동 548-7,WITHUSVILL,부천시
41190|상동|550-1,경기도 부천시 상동 550-1,행복한마을(금호),부천시
41190|상동|550-3,경기도 부천시 상동 550-3,행복한마을(서해),부천시
41190|상동|550-7,경기도 부천시 상동 550-7,행복한마을(한양),부천시
41190|상동|551-1,경기도 부천시 상동 551-1,푸른마을(창보),부천시
41190|상동|551-2,경기도 부천시 상동 551-2,푸른마을(한라),부천시
41190|상동|570-1,경기도 부천시 상동 570-1,하얀마을아이파크,부천시
41190|상동|570-5,경기도 부천시 상동 570-5,하얀마을(경남),부천시
41190|상동|571-1,경기도 부천시 상동 571-1,백송마을(상록LG),부천시
41190|상동|571-3,경기도 부천시 상동 571-3,백송마을(엘지에스케이),부천시
41190|상동|571-4,경기도 부천시 상동 571-4,백송마을(동남디아망),부천시
41190|상동|571-6,경기도 부천시 상동 571-6,백송마을(풍림아이원),부천시
41190|소사동|16-19,경기도 부천시 소사동 16-19,금강,부천시
41190|소사동|17-15,경기도 부천시 소사동 17-15,뉴월드하이빌,부천시
41190|소사동|26-2,경기도 부천시 소사동 26-2,대화,부천시
41190|소사동|37-23,경기도 부천시 소사동 37-23,동부에이스,부천시
41190|소사동|39-4,경기도 부천시 소사동 39-4,IHO드림파크아파트,부천시
41190|소사동|42-6,경기도 부천시 소사동 42-6,스카이포인트아파트,부천시
41190|소사본동|112-5,경기도 부천시 소사본동 112-5,로얄캐슬A동,부천시
41190|소사본동|113-28,경기도 부천시 소사본동 113-28,더베네스트,부천시
41190|소사본동|133-12,경기도 부천시 소사본동 133-12,부천소사역푸르지오,부천시
41190|소사본동|135,경기도 부천시 소사본동 135,소사에스케이뷰,부천시
41190|소사본동|143-27,경기도 부천시 소사본동 143-27,베르우스,부천시
41190|소사본동|151,경기도 부천시 소사본동 151,더센트럴,부천시
41190|소사본동|151-17,경기도 부천시 소사본동 151-17,센트라움,부천시
41190|소사본동|153-15,경기도 부천시 소사본동 153-15,골든클래스,부천시
41190|소사본동|153-32,경기도 부천시 소사본동 153-32,소사s복합빌딩,부천시
41190|소사본동|164-24,경기도 부천시 소사본동 164-24,중앙하이츠,부천시
41190|소사본동|173,경기도 부천시 소사본동 173,프라우드아파트,부천시
41190|소사본동|176-11,경기도 부천시 소사본동 176-11,프라우드아파트102동,부천시
41190|소사본동|176-4,경기도 부천시 소사본동 176-4,프라우드아파트101동,부천시
41190|소사본동|178,경기도 부천시 소사본동 178,이끌림,부천시
41190|소사본동|178-37,경기도 부천시 소사본동 178-37,에스케이미래로,부천시
41190|소사본동|181-2,경기도 부천시 소사본동 181-2,골드캐슬,부천시
41190|소사본동|190-3,경기도 부천시 소사본동 190-3,소라아파트,부천시
41190|소사본동|191-3,경기도 부천시 소사본동 191-3,진양,부천시
41190|소사본동|195-21,경기도 부천시 소사본동 195-21,소사프라임,부천시
41190|소사본동|203-19,경기도 부천시 소사본동 203-19,로체스카이뷰아파트,부천시
41190|소사본동|203-21,경기도 부천시 소사본동 203-21,더로얄아파트,부천시
41190|소사본동|209-20,경기도 부천시 소사본동 209-20,벨라루체,부천시
41190|소사본동|210-16,경기도 부천시 소사본동 210-16,유진아파트,부천시
41190|소사본동|217-18,경기도 부천시 소사본동 217-18,메종드라피네,부천시
41190|소사본동|219,경기도 부천시 소사본동 219,JN팰리스,부천시
41190|소사본동|219-2,경기도 부천시 소사본동 219-2,프라우드아파트,부천시
41190|소사본동|230-10,경기도 부천시 소사본동 230-10,소새울역클래시안CITY,부천시
41190|소사본동|232-32,경기도 부천시 소사본동 232-32,리더스APT,부천시
41190|소사본동|236-10,경기도 부천시 소사본동 236-10,에스제이로얄팰리스아파트,부천시
41190|소사본동|236-31,경기도 부천시 소사본동 236-31,에스제이로얄팰리스아파트,부천시
41190|소사본동|277-12,경기도 부천시 소사본동 277-12,한신,부천시
41190|소사본동|278-5,경기도 부천시 소사본동 278-5,벨라루체Ⅱ,부천시
41190|소사본동|323,경기도 부천시 소사본동 323,양우파크타운(내안愛),부천시
41190|소사본동|400-7,경기도 부천시 소사본동 400-7,청구,부천시
41190|소사본동|400-8,경기도 부천시 소사본동 400-8,주공,부천시
41190|소사본동|401-7,경기도 부천시 소사본동 401-7,풍림,부천시
41190|소사본동|403#41194-11,경기도 부천시 소사본동 403,두산,부천시
41190|소사본동|403#41194-12,경기도 부천시 소사본동 403,삼성,부천시
41190|소사본동|407-1,경기도 부천시 소사본동 407-1,주공,부천시
41190|소사본동|411-1,경기도 부천시 소사본동 411-1,소새울역중흥에스클래스,부천시
41190|소사본동|424,경기도 부천시 소사본동 424,소새울KCC스위첸,부천시
41190|소사본동|427,경기도 부천시 소사본동 427,신일해피트리,부천시
41190|소사본동|428,경기도 부천시 소사본동 428,부천소사현진에버빌아파트,부천시
41190|소사본동|52-23,경기도 부천시 소사본동 52-23,화인씨티아파트,부천시
41190|소사본동|54-12,경기도 부천시 소사본동 54-12,원진,부천시
41190|소사본동|54-2,경기도 부천시 소사본동 54-2,디에이치웰카운티,부천시
41190|소사본동|54-4,경기도 부천시 소사본동 54-4,하림골든뷰,부천시
41190|소사본동|55,경기도 부천시 소사본동 55,한솔,부천시
41190|소사본동|55-2,경기도 부천시 소사본동 55-2,대은팰리스뷰,부천시
41190|소사본동|55-3,경기도 부천시 소사본동 55-3,대성,부천시
41190|소사본동|55-8,경기도 부천시 소사본동 55-8,삼신,부천시
41190|소사본동|56,경기도 부천시 소사본동 56,더봄힐아파트,부천시
41190|소사본동|56-2,경기도 부천시 소사본동 56-2,현대부러운,부천시
41190|소사본동|56-4,경기도 부천시 소사본동 56-4,삼신3동,부천시
41190|소사본동|56-7,경기도 부천시 소사본동 56-7,"삼신5동,6동",부천시
41190|소사본동|62-3,경기도 부천시 소사본동 62-3,더힐(THEHILL),부천시
41190|소사본동|63,경기도 부천시 소사본동 63,훼미리아파트,부천시
41190|소사본동|65-2,경기도 부천시 소사본동 65-2,힐스테이트소사역,부천시
41190|소사본동|68-23,경기도 부천시 소사본동 68-23,에코파인,부천시
41190|소사본동|68-41,경기도 부천시 소사본동 68-41,소사센트럴,부천시
41190|소사본동|70-12,경기도 부천시 소사본동 70-12,소사역한라비발디프레스티지,부천시
41190|소사본동|70-16,경기도 부천시 소사본동 70-16,부천한신더휴메트로,부천시
41190|소사본동|70-2,경기도 부천시 소사본동 70-2,소사새롬하이빌,부천시
41190|소사본동|70-3,경기도 부천시 소사본동 70-3,알베로하우스,부천시
41190|소사본동|70-6,경기도 부천시 소사본동 70-6,현대프라힐스소사역더프라임,부천시
41190|소사본동|75-13,경기도 부천시 소사본동 75-13,한울펠리스B,부천시
41190|소사본동|75-16,경기도 부천시 소사본동 75-16,한울펠리스,부천시
41190|소사본동|78,경기도 부천시 소사본동 78,세영타워메카,부천시
41190|소사본동|78-1,경기도 부천시 소사본동 78-1,중앙리치빌,부천시
41190|소사본동|81-12,경기도 부천시 소사본동 81-12,청아람아파트,부천시
41190|소사본동|91-68,경기도 부천시 소사본동 91-68,성지,부천시
41190|소사본동|91-79,경기도 부천시 소사본동 91-79,일안,부천시
41190|송내동|299-16,경기도 부천시 송내동 299-16,대양,부천시
41190|송내동|304-6,경기도 부천시 송내동 304-6,뜨란채주공,부천시
41190|송내동|315,경기도 부천시 송내동 315,송내역파인푸르지오1단지,부천시
41190|송내동|315-3,경기도 부천시 송내동 315-3,송내역파인푸르지오2단지,부천시
41190|송내동|316,경기도 부천시 송내동 316,욱일3,부천시
41190|송내동|317-1,경기도 부천시 송내동 317-1,서흥,부천시
41190|송내동|327-2,경기도 부천시 송내동 327-2,성호,부천시
41190|송내동|328-1,경기도 부천시 송내동 328-1,건우3차,부천시
41190|송내동|331-4,경기도 부천시 송내동 331-4,건우2,부천시
41190|송내동|331-6,경기도 부천시 송내동 331-6,동신(331-6),부천시
41190|송내동|335-13,경기도 부천시 송내동 335-13,진주,부천시
41190|송내동|336-3,경기도 부천시 송내동 336-3,삼보,부천시
41190|송내동|336-5,경기도 부천시 송내동 336-5,현대(336-5),부천시
41190|송내동|336-6,경기도 부천시 송내동 336-6,동신(336-6),부천시
41190|송내동|336-7,경기도 부천시 송내동 336-7,대보,부천시
41190|송내동|338,경기도 부천시 송내동 338,대진,부천시
41190|송내동|339,경기도 부천시 송내동 339,서능,부천시
41190|송내동|339-1,경기도 부천시 송내동 339-1,건우1,부천시
41190|송내동|339-2,경기도 부천시 송내동 339-2,욱일4,부천시
41190|송내동|340,경기도 부천시 송내동 340,우성,부천시
41190|송내동|365-1,경기도 부천시 송내동 365-1,성우,부천시
41190|송내동|366-4,경기도 부천시 송내동 366-4,진우,부천시
41190|송내동|367,경기도 부천시 송내동 367,욱일5,부천시
41190|송내동|368,경기도 부천시 송내동 368,뉴서울,부천시
41190|송내동|372,경기도 부천시 송내동 372,푸르지오,부천시
41190|송내동|377-7,경기도 부천시 송내동 377-7,중동역푸르지오2차,부천시
41190|송내동|380,경기도 부천시 송내동 380,청실,부천시
41190|송내동|387-2,경기도 부천시 송내동 387-2,SJ성진힐스,부천시
41190|송내동|389-8,경기도 부천시 송내동 389-8,로얄,부천시
41190|송내동|405,경기도 부천시 송내동 405,삼우,부천시
41190|송내동|409,경기도 부천시 송내동 409,송내자이,부천시
41190|송내동|441-8,경기도 부천시 송내동 441-8,동신,부천시
41190|송내동|450-1,경기도 부천시 송내동 450-1,현대,부천시
41190|송내동|452-3,경기도 부천시 송내동 452-3,메이채아파트,부천시
41190|송내동|456-5,경기도 부천시 송내동 456-5,부천송내동양N'PART,부천시
41190|송내동|457-1,경기도 부천시 송내동 457-1,송내대우,부천시
41190|송내동|463-106,경기도 부천시 송내동 463-106,송내e-편한세상,부천시
41190|송내동|463-60,경기도 부천시 송내동 463-60,대한,부천시
41190|송내동|557-6,경기도 부천시 송내동 557-6,시드니하우스,부천시
41190|송내동|559,경기도 부천시 송내동 559,푸른빌,부천시
41190|송내동|562-2,경기도 부천시 송내동 562-2,대원에코피노,부천시
41190|송내동|564-3,경기도 부천시 송내동 564-3,DH씨밀레,부천시
41190|송내동|565-1,경기도 부천시 송내동 565-1,해마루플러스,부천시
41190|송내동|566-1,경기도 부천시 송내동 566-1,지안더클래식,부천시
41190|송내동|568,경기도 부천시 송내동 568,지석RoseVille,부천시
41190|송내동|574-14,경기도 부천시 송내동 574-14,세일해피랜드,부천시
41190|송내동|574-3,경기도 부천시 송내동 574-3,JN팰리스,부천시
41190|송내동|576-3,경기도 부천시 송내동 576-3,THE네모,부천시
41190|송내동|577-1,경기도 부천시 송내동 577-1,BYC부천위더스빌,부천시
41190|송내동|578,경기도 부천시 송내동 578,아이홈,부천시
41190|송내동|578-3,경기도 부천시 송내동 578-3,두풍리치빌,부천시
41190|송내동|580,경기도 부천시 송내동 580,삼익1,부천시
41190|송내동|587,경기도 부천시 송내동 587,부천우방유쉘,부천시
41190|송내동|592-3,경기도 부천시 송내동 592-3,동아,부천시
41190|송내동|595,경기도 부천시 송내동 595,삼익3,부천시
41190|송내동|596-4,경기도 부천시 송내동 596-4,성라,부천시
41190|송내동|598-2,경기도 부천시 송내동 598-2,그랑팰리스,부천시
41190|송내동|598-3,경기도 부천시 송내동 598-3,송내승윤노블리안,부천시
41190|송내동|599#41194-472,경기도 부천시 송내동 599,신한양-1,부천시
41190|송내동|599#41194-9951,경기도 부천시 송내동 599,JN팰리스,부천시
41190|송내동|600-1,경기도 부천시 송내동 600-1,신한양,부천시
41190|송내동|603-5,경기도 부천시 송내동 603-5,메이채,부천시
41190|송내동|605-20,경기도 부천시 송내동 605-20,푸르미아,부천시
41190|송내동|606-2,경기도 부천시 송내동 606-2,라비앙힐스,부천시
41190|송내동|606-7,경기도 부천시 송내동 606-7,스타파크힐THE숲,부천시
41190|송내동|717,경기도 부천시 송내동 717,래미안어반비스타,부천시
41190|심곡동|100-2,경기도 부천시 심곡동 100-2,더브라운캐슬,부천시
41190|심곡동|107-5,경기도 부천시 심곡동 107-5,대림방배,부천시
41190|심곡동|110-2,경기도 부천시 심곡동 110-2,더로얄아파트,부천시
41190|심곡동|114-4,경기도 부천시 심곡동 114-4,썬라이즈시티,부천시
41190|심곡동|119-5,경기도 부천시 심곡동 119-5,ProudAPT,부천시
41190|심곡동|123,경기도 부천시 심곡동 123,수정홈타운,부천시
41190|심곡동|124-10,경기도 부천시 심곡동 124-10,태강2동,부천시
41190|심곡동|124-6,경기도 부천시 심곡동 124-6,다솔,부천시
41190|심곡동|124-9,경기도 부천시 심곡동 124-9,태강1동,부천시
41190|심곡동|127-1,경기도 부천시 심곡동 127-1,삼융아파트오피스텔,부천시
41190|심곡동|128-26,경기도 부천시 심곡동 128-26,남영라끄빌2차,부천시
41190|심곡동|128-8,경기도 부천시 심곡동 128-8,골든베이아파트,부천시
41190|심곡동|130-11,경기도 부천시 심곡동 130-11,예은트란체움,부천시
41190|심곡동|130-3,경기도 부천시 심곡동 130-3,동영피렌체,부천시
41190|심곡동|131-26,경기도 부천시 심곡동 131-26,JN팰리스,부천시
41190|심곡동|131-37,경기도 부천시 심곡동 131-37,영동홈타운,부천시
41190|심곡동|135-6,경기도 부천시 심곡동 135-6,쁘띠-오타운,부천시
41190|심곡동|140-1,경기도 부천시 심곡동 140-1,리브더웰,부천시
41190|심곡동|141-16,경기도 부천시 심곡동 141-16,미성로뎀빌,부천시
41190|심곡동|141-2,경기도 부천시 심곡동 141-2,삼융그린,부천시
41190|심곡동|141-5,경기도 부천시 심곡동 141-5,빌머스,부천시
41190|심곡동|142-10,경기도 부천시 심곡동 142-10,에코스마트3,부천시
41190|심곡동|142-14,경기도 부천시 심곡동 142-14,에코스마트1,부천시
41190|심곡동|145-6,경기도 부천시 심곡동 145-6,부천역푸르지오시티,부천시
41190|심곡동|146-3,경기도 부천시 심곡동 146-3,정다운가,부천시
41190|심곡동|146-5,경기도 부천시 심곡동 146-5,엠제이팰리스,부천시
41190|심곡동|156-10,경기도 부천시 심곡동 156-10,옥성,부천시
41190|심곡동|158-3,경기도 부천시 심곡동 158-3,마스터웍바이로뎀,부천시
41190|심곡동|161-5,경기도 부천시 심곡동 161-5,TK리즈빌,부천시
41190|심곡동|162-4,경기도 부천시 심곡동 162-4,은가람팰리스,부천시
41190|심곡동|164-7,경기도 부천시 심곡동 164-7,심곡베스트빌,부천시
41190|심곡동|169-4,경기도 부천시 심곡동 169-4,중앙위너스,부천시
41190|심곡동|179-3,경기도 부천시 심곡동 179-3,센텀시티,부천시
41190|심곡동|184-4,경기도 부천시 심곡동 184-4,일해늘푸른,부천시
41190|심곡동|298-30,경기도 부천시 심곡동 298-30,더파크힐2아파트,부천시
41190|심곡동|305-4,경기도 부천시 심곡동 305-4,라펠리스,부천시
41190|심곡동|314-23,경기도 부천시 심곡동 314-23,더파크힐,부천시
41190|심곡동|327-34,경기도 부천시 심곡동 327-34,루트하임,부천시
41190|심곡동|329,경기도 부천시 심곡동 329,퍼스트시티,부천시
41190|심곡동|339-18,경기도 부천시 심곡동 339-18,스카이포인트아파트,부천시
41190|심곡동|349-3,경기도 부천시 심곡동 349-3,노마즈하우스,부천시
41190|심곡동|353-3,경기도 부천시 심곡동 353-3,녹십초그린,부천시
41190|심곡동|354-1,경기도 부천시 심곡동 354-1,힐카운티,부천시
41190|심곡동|354-2,경기도 부천시 심곡동 354-2,퍼스트팰리스,부천시
41190|심곡동|354-3,경기도 부천시 심곡동 354-3,도원,부천시
41190|심곡동|354-5,경기도 부천시 심곡동 354-5,도양라비앙오피스텔,부천시
41190|심곡동|356-2,경기도 부천시 심곡동 356-2,기성뷰그리안,부천시
41190|심곡동|356-6,경기도 부천시 심곡동 356-6,정우펠리스2차,부천시
41190|심곡동|356-9,경기도 부천시 심곡동 356-9,제이비팰리스,부천시
41190|심곡동|36-1,경기도 부천시 심곡동 36-1,부천우림필유에듀파크,부천시
41190|심곡동|36-11,경기도 부천시 심곡동 36-11,KS건영아느칸빌,부천시
41190|심곡동|365-11,경기도 부천시 심곡동 365-11,JN팰리스A동,부천시
41190|심곡동|365-13,경기도 부천시 심곡동 365-13,JN팰리스B동,부천시
41190|심곡동|365-14,경기도 부천시 심곡동 365-14,JN펠리스C동,부천시
41190|심곡동|365-8,경기도 부천시 심곡동 365-8,남영라끄빌,부천시
41190|심곡동|368-9,경기도 부천시 심곡동 368-9,엘리하임,부천시
41190|심곡동|378-13,경기도 부천시 심곡동 378-13,이든에테르노아파트,부천시
41190|심곡동|379-3,경기도 부천시 심곡동 379-3,성진리치빌,부천시
41190|심곡동|380-11,경기도 부천시 심곡동 380-11,동보프리미아,부천시
41190|심곡동|382-6,경기도 부천시 심곡동 382-6,가온팰리스,부천시
41190|심곡동|386-7,경기도 부천시 심곡동 386-7,어반시티(UrbanCity),부천시
41190|심곡동|388-5,경기도 부천시 심곡동 388-5,글로리아,부천시
41190|심곡동|389-1,경기도 부천시 심곡동 389-1,삼융,부천시
41190|심곡동|391-21,경기도 부천시 심곡동 391-21,레미안블루,부천시
41190|심곡동|391-4,경기도 부천시 심곡동 391-4,대준블루온,부천시
41190|심곡동|391-5,경기도 부천시 심곡동 391-5,오성,부천시
41190|심곡동|391-6,경기도 부천시 심곡동 391-6,리치캐슬,부천시
41190|심곡동|456-11,경기도 부천시 심곡동 456-11,더로얄아파트,부천시
41190|심곡동|458-2,경기도 부천시 심곡동 458-2,다온하브,부천시
41190|심곡동|458-6,경기도 부천시 심곡동 458-6,하이팰리스,부천시
41190|심곡동|464-1,경기도 부천시 심곡동 464-1,현대비잔티움,부천시
41190|심곡동|464-6,경기도 부천시 심곡동 464-6,스카이파크,부천시
41190|심곡동|465-13,경기도 부천시 심곡동 465-13,테라스시티,부천시
41190|심곡동|465-5,경기도 부천시 심곡동 465-5,에코스마트2,부천시
41190|심곡동|799,경기도 부천시 심곡동 799,우민늘사랑APT,부천시
41190|심곡동|800,경기도 부천시 심곡동 800,하나리아벨주상복합,부천시
41190|심곡동|801,경기도 부천시 심곡동 801,태승훼미리,부천시
41190|심곡동|803,경기도 부천시 심곡동 803,중앙하이츠심곡102동,부천시
41190|심곡동|87-4,경기도 부천시 심곡동 87-4,퍼스트뷰,부천시
41190|심곡동|89-1,경기도 부천시 심곡동 89-1,아이원팰리스,부천시
41190|심곡동|89-11,경기도 부천시 심곡동 89-11,골드캐슬아파트,부천시
41190|심곡동|95-1,경기도 부천시 심곡동 95-1,"건부A,B동",부천시
41190|심곡본동|532-3,경기도 부천시 심곡본동 532-3,드림홈타운,부천시
41190|심곡본동|533-4,경기도 부천시 심곡본동 533-4,동도센트리움,부천시
41190|심곡본동|535-35,경기도 부천시 심곡본동 535-35,"LG비잔티움,SK비잔티움",부천시
41190|심곡본동|552-4,경기도 부천시 심곡본동 552-4,HB엘림캐슬,부천시
41190|심곡본동|554-12,경기도 부천시 심곡본동 554-12,웨스턴파크,부천시
41190|심곡본동|556,경기도 부천시 심곡본동 556,효성팰리스,부천시
41190|심곡본동|559-3,경기도 부천시 심곡본동 559-3,시몬APT,부천시
41190|심곡본동|559-6,경기도 부천시 심곡본동 559-6,더프라임,부천시
41190|심곡본동|560-9,경기도 부천시 심곡본동 560-9,부천심곡파라곤APT,부천시
41190|심곡본동|562-115,경기도 부천시 심곡본동 562-115,"태경삼익(에이동,비동)",부천시
41190|심곡본동|566-1,경기도 부천시 심곡본동 566-1,부천극동,부천시
41190|심곡본동|573-3,경기도 부천시 심곡본동 573-3,부천아름다운나날APT,부천시
41190|심곡본동|576-11,경기도 부천시 심곡본동 576-11,썬리치,부천시
41190|심곡본동|576-4,경기도 부천시 심곡본동 576-4,삼익플라주,부천시
41190|심곡본동|579-3,경기도 부천시 심곡본동 579-3,느보하임,부천시
41190|심곡본동|588,경기도 부천시 심곡본동 588,부천라비앙로제,부천시
41190|심곡본동|617-11,경기도 부천시 심곡본동 617-11,롯데,부천시
41190|심곡본동|617-127,경기도 부천시 심곡본동 617-127,경원,부천시
41190|심곡본동|617-140,경기도 부천시 심곡본동 617-140,광희,부천시
41190|심곡본동|620-4,경기도 부천시 심곡본동 620-4,금강(가~다동),부천시
41190|심곡본동|634,경기도 부천시 심곡본동 634,아남,부천시
41190|심곡본동|643-1,경기도 부천시 심곡본동 643-1,"성주(1,2동)",부천시
41190|심곡본동|659-2,경기도 부천시 심곡본동 659-2,삼성하이츠APT,부천시
41190|심곡본동|659-5,경기도 부천시 심곡본동 659-5,대창스페이스,부천시
41190|심곡본동|660-2,경기도 부천시 심곡본동 660-2,한울에이치밸리움디그니어스,부천시
41190|심곡본동|666-4,경기도 부천시 심곡본동 666-4,코모도타워,부천시
41190|심곡본동|666-5,경기도 부천시 심곡본동 666-5,알찬집,부천시
41190|심곡본동|735-8,경기도 부천시 심곡본동 735-8,신도벨리체,부천시
41190|심곡본동|747-1,경기도 부천시 심곡본동 747-1,센트럴시티뷰,부천시
41190|심곡본동|747-12,경기도 부천시 심곡본동 747-12,보강센트럴빌203동,부천시
41190|심곡본동|747-13,경기도 부천시 심곡본동 747-13,부성힐하우스,부천시
41190|심곡본동|747-18,경기도 부천시 심곡본동 747-18,갤러리아씨티,부천시
41190|심곡본동|747-33,경기도 부천시 심곡본동 747-33,보강센트럴빌201동,부천시
41190|심곡본동|747-34,경기도 부천시 심곡본동 747-34,보강센트럴빌202동,부천시
41190|심곡본동|776-2,경기도 부천시 심곡본동 776-2,월드메르디앙소사역,부천시
41190|심곡본동|783,경기도 부천시 심곡본동 783,보강센트럴빌(101동),부천시
41190|심곡본동|783-2,경기도 부천시 심곡본동 783-2,로얄,부천시
41190|심곡본동|784-7,경기도 부천시 심곡본동 784-7,다빈치,부천시
41190|심곡본동|788-3,경기도 부천시 심곡본동 788-3,더스테이,부천시
41190|심곡본동|801,경기도 부천시 심곡본동 801,심곡주공APT,부천시
41190|심곡본동|820-2,경기도 부천시 심곡본동 820-2,e편한세상부천심곡,부천시
41190|약대동|119,경기도 부천시 약대동 119,우남,부천시
41190|약대동|124-1,경기도 부천시 약대동 124-1,그랜드센트라움,부천시
41190|약대동|137-1,경기도 부천시 약대동 137-1,SJ성진힐스,부천시
41190|약대동|155-3,경기도 부천시 약대동 155-3,스타파크리움,부천시
41190|약대동|161-5,경기도 부천시 약대동 161-5,다청림,부천시
41190|약대동|169-38,경기도 부천시 약대동 169-38,흥립약대,부천시
41190|약대동|169-6,경기도 부천시 약대동 169-6,현대,부천시
41190|약대동|196,경기도 부천시 약대동 196,부천위브트레지움1단지,부천시
41190|약대동|204,경기도 부천시 약대동 204,부천위브트레지움3단지,부천시
41190|약대동|209,경기도 부천시 약대동 209,부천위브트레지움2단지,부천시
41190|약대동|216-1,경기도 부천시 약대동 216-1,부천아이파크,부천시
41190|약대동|218,경기도 부천시 약대동 218,부천3차아이파크,부천시
41190|약대동|69,경기도 부천시 약대동 69,팔레스,부천시
41190|여월동|1-1,경기도 부천시 여월동 1-1,영화참마음,부천시
41190|여월동|1-44,경기도 부천시 여월동 1-44,월산장미(1-44),부천시
41190|여월동|10-13,경기도 부천시 여월동 10-13,엘리하임,부천시
41190|여월동|10-18,경기도 부천시 여월동 10-18,여림채,부천시
41190|여월동|10-52,경기도 부천시 여월동 10-52,삼성다빈치,부천시
41190|여월동|2-15,경기도 부천시 여월동 2-15,영화,부천시
41190|여월동|2-16,경기도 부천시 여월동 2-16,월산장미(2-16),부천시
41190|여월동|2-4,경기도 부천시 여월동 2-4,테라탑팰리스Ⅲ,부천시
41190|여월동|3-3,경기도 부천시 여월동 3-3,아남,부천시
41190|여월동|313,경기도 부천시 여월동 313,여월휴먼시아(4단지),부천시
41190|여월동|316,경기도 부천시 여월동 316,여월휴먼시아(5단지),부천시
41190|여월동|340,경기도 부천시 여월동 340,여월휴먼시아3단지,부천시
41190|여월동|351,경기도 부천시 여월동 351,브라운스톤여월,부천시
41190|여월동|4-4,경기도 부천시 여월동 4-4,정팰리스,부천시
41190|여월동|5,경기도 부천시 여월동 5,대원스카이빌,부천시
41190|여월동|53-11,경기도 부천시 여월동 53-11,금보,부천시
41190|여월동|7-15,경기도 부천시 여월동 7-15,뜰아래,부천시
41190|여월동|8-2,경기도 부천시 여월동 8-2,건주솔베이,부천시
41190|여월동|8-4,경기도 부천시 여월동 8-4,계남샤이니,부천시
41190|여월동|8-5,경기도 부천시 여월동 8-5,리베르하임,부천시
41190|여월동|9-21,경기도 부천시 여월동 9-21,리젤펠리스,부천시
41190|여월동|9-23,경기도 부천시 여월동 9-23,창우노블리안,부천시
41190|여월동|9-27,경기도 부천시 여월동 9-27,여월라비앙힐스,부천시
41190|역곡동|100-6,경기도 부천시 역곡동 100-6,동보프리미아(100-6),부천시
41190|역곡동|100-7,경기도 부천시 역곡동 100-7,금림,부천시
41190|역곡동|104-6,경기도 부천시 역곡동 104-6,동화프리미아(104-6),부천시
41190|역곡동|111-1,경기도 부천시 역곡동 111-1,우남푸르미아,부천시
41190|역곡동|111-2,경기도 부천시 역곡동 111-2,청도포그니에,부천시
41190|역곡동|114,경기도 부천시 역곡동 114,세창짜임,부천시
41190|역곡동|114-3,경기도 부천시 역곡동 114-3,청암,부천시
41190|역곡동|115-11,경기도 부천시 역곡동 115-11,신도그랑피아,부천시
41190|역곡동|20-2,경기도 부천시 역곡동 20-2,현진리더빌,부천시
41190|역곡동|201-21,경기도 부천시 역곡동 201-21,삼성쉐르빌,부천시
41190|역곡동|202,경기도 부천시 역곡동 202,우림루미아트,부천시
41190|역곡동|202-1,경기도 부천시 역곡동 202-1,대림e-편한세상1차,부천시
41190|역곡동|204,경기도 부천시 역곡동 204,예원,부천시
41190|역곡동|21,경기도 부천시 역곡동 21,건우,부천시
41190|역곡동|21-2,경기도 부천시 역곡동 21-2,우석W,부천시
41190|역곡동|21-3,경기도 부천시 역곡동 21-3,"장미아파트가동,나동",부천시
41190|역곡동|212-2,경기도 부천시 역곡동 212-2,한국,부천시
41190|역곡동|213,경기도 부천시 역곡동 213,대림e-편한세상2차,부천시
41190|역곡동|213-25,경기도 부천시 역곡동 213-25,대림e-편한세상3차,부천시
41190|역곡동|213-7,경기도 부천시 역곡동 213-7,대주파크빌,부천시
41190|역곡동|214-14,경기도 부천시 역곡동 214-14,신동보,부천시
41190|역곡동|22-1,경기도 부천시 역곡동 22-1,대진2단지,부천시
41190|역곡동|225-4,경기도 부천시 역곡동 225-4,예성센트럴빌,부천시
41190|역곡동|225-5,경기도 부천시 역곡동 225-5,시온,부천시
41190|역곡동|23-1,경기도 부천시 역곡동 23-1,한도(1-6동),부천시
41190|역곡동|243-1,경기도 부천시 역곡동 243-1,선호아파트(243-1),부천시
41190|역곡동|243-35,경기도 부천시 역곡동 243-35,선호아파트(243-35),부천시
41190|역곡동|245-8,경기도 부천시 역곡동 245-8,대우,부천시
41190|역곡동|246-13,경기도 부천시 역곡동 246-13,신원프린스,부천시
41190|역곡동|246-15,경기도 부천시 역곡동 246-15,정담채아파트,부천시
41190|역곡동|247-2,경기도 부천시 역곡동 247-2,동성,부천시
41190|역곡동|25-32,경기도 부천시 역곡동 25-32,한도(7-8동),부천시
41190|역곡동|26-5,경기도 부천시 역곡동 26-5,보람,부천시
41190|역곡동|27,경기도 부천시 역곡동 27,진성그린(105동),부천시
41190|역곡동|27-1,경기도 부천시 역곡동 27-1,진성그린(103동),부천시
41190|역곡동|27-107,경기도 부천시 역곡동 27-107,진성그린(102동),부천시
41190|역곡동|27-2,경기도 부천시 역곡동 27-2,홈타미,부천시
41190|역곡동|27-29,경기도 부천시 역곡동 27-29,진성그린(101동),부천시
41190|역곡동|27-45,경기도 부천시 역곡동 27-45,진성그린(104동),부천시
41190|역곡동|32-1,경기도 부천시 역곡동 32-1,상진지오벨리,부천시
41190|역곡동|33,경기도 부천시 역곡동 33,역곡2차한양수자인,부천시
41190|역곡동|33-2,경기도 부천시 역곡동 33-2,역곡신세계드림A.P.T,부천시
41190|역곡동|34-17,경기도 부천시 역곡동 34-17,비앤유포레,부천시
41190|역곡동|406,경기도 부천시 역곡동 406,신일해피트리,부천시
41190|역곡동|407,경기도 부천시 역곡동 407,역곡4차e-편한세상,부천시
41190|역곡동|408,경기도 부천시 역곡동 408,역곡5차e-편한세상,부천시
41190|역곡동|409,경기도 부천시 역곡동 409,"부천동부센트레빌1,2단지",부천시
41190|역곡동|411,경기도 부천시 역곡동 411,동부센트레빌3단지,부천시
41190|역곡동|412,경기도 부천시 역곡동 412,역곡1차한양수자인101동,부천시
41190|역곡동|413,경기도 부천시 역곡동 413,역곡3차한양수자인(301동),부천시
41190|역곡동|414,경기도 부천시 역곡동 414,대명앙뜨레빌,부천시
41190|역곡동|416,경기도 부천시 역곡동 416,자연앤한양립스,부천시
41190|역곡동|46-1,경기도 부천시 역곡동 46-1,은성,부천시
41190|역곡동|49,경기도 부천시 역곡동 49,남영프라자,부천시
41190|역곡동|52-19,경기도 부천시 역곡동 52-19,조은센스빌(52-19),부천시
41190|역곡동|64-1,경기도 부천시 역곡동 64-1,디아이빌,부천시
41190|역곡동|66-10,경기도 부천시 역곡동 66-10,대영그린,부천시
41190|역곡동|66-6,경기도 부천시 역곡동 66-6,푸르뫼,부천시
41190|역곡동|71-6,경기도 부천시 역곡동 71-6,글래드빌아파트,부천시
41190|역곡동|72-2,경기도 부천시 역곡동 72-2,성도베스트홈,부천시
41190|역곡동|74-2,경기도 부천시 역곡동 74-2,역곡역이편한세상,부천시
41190|역곡동|75,경기도 부천시 역곡동 75,일두,부천시
41190|역곡동|77,경기도 부천시 역곡동 77,미라클타워,부천시
41190|역곡동|77-2,경기도 부천시 역곡동 77-2,휴캐슬,부천시
41190|역곡동|77-4,경기도 부천시 역곡동 77-4,이클래스,부천시
41190|역곡동|84-2,경기도 부천시 역곡동 84-2,덕현해밀,부천시
41190|역곡동|86-2,경기도 부천시 역곡동 86-2,보은포레스트아파트,부천시
41190|역곡동|97,경기도 부천시 역곡동 97,뉴월드,부천시
41190|역곡동|98-2,경기도 부천시 역곡동 98-2,현진,부천시
41190|역곡동|99,경기도 부천시 역곡동 99,영신,부천시
41190|역곡동|99-1#41192-11238,경기도 부천시 역곡동 99-1,플로렌스,부천시
41190|역곡동|99-1#41192-25,경기도 부천시 역곡동 99-1,성진,부천시
41190|역곡동|산51-18,경기도 부천시 역곡동 산51-18,역곡현대,부천시
41190|오정동|134-1,경기도 부천시 오정동 134-1,대흥상우,부천시
41190|오정동|140-17,경기도 부천시 오정동 140-17,서문,부천시
41190|오정동|140-5,경기도 부천시 오정동 140-5,부촌3,부천시
41190|오정동|140-6,경기도 부천시 오정동 140-6,부촌4,부천시
41190|오정동|177-1,경기도 부천시 오정동 177-1,세종,부천시
41190|오정동|179,경기도 부천시 오정동 179,세종2,부천시
41190|오정동|373,경기도 부천시 오정동 373,창보,부천시
41190|오정동|415-4,경기도 부천시 오정동 415-4,효행복마을,부천시
41190|오정동|547-4,경기도 부천시 오정동 547-4,삼두,부천시
41190|오정동|549,경기도 부천시 오정동 549,에리트,부천시
41190|오정동|553,경기도 부천시 오정동 553,부민,부천시
41190|오정동|553-5,경기도 부천시 오정동 553-5,샬렛,부천시
41190|오정동|558-4,경기도 부천시 오정동 558-4,삼두(558-4),부천시
41190|오정동|559-2,경기도 부천시 오정동 559-2,효마을,부천시
41190|오정동|565-2,경기도 부천시 오정동 565-2,운양,부천시
41190|오정동|566-1,경기도 부천시 오정동 566-1,보화,부천시
41190|오정동|566-2,경기도 부천시 오정동 566-2,청산그린,부천시
41190|오정동|566-4,경기도 부천시 오정동 566-4,신한카사피아,부천시
41190|오정동|581-1,경기도 부천시 오정동 581-1,한양,부천시
41190|오정동|590-2,경기도 부천시 오정동 590-2,누리안,부천시
41190|오정동|593-2,경기도 부천시 오정동 593-2,도담펠리체,부천시
41190|오정동|612-1,경기도 부천시 오정동 612-1,라이프동주1동2동,부천시
41190|오정동|613,경기도 부천시 오정동 613,라이프동주3동,부천시
41190|오정동|717,경기도 부천시 오정동 717,오정휴먼시아1단지,부천시
41190|오정동|726,경기도 부천시 오정동 726,오정휴먼시아2단지,부천시
41190|오정동|732,경기도 부천시 오정동 732,오정휴먼시아3단지,부천시
41190|옥길동|739-1,경기도 부천시 옥길동 739-1,제일풍경채제이드카운티2단지,부천시
41190|옥길동|742-1,경기도 부천시 옥길동 742-1,옥길한신더휴,부천시
41190|옥길동|747-1,경기도 부천시 옥길동 747-1,옥길데시앙,부천시
41190|옥길동|748-1,경기도 부천시 옥길동 748-1,엘에이치옥길센트럴힐,부천시
41190|옥길동|751-1,경기도 부천시 옥길동 751-1,옥길브리즈힐,부천시
41190|옥길동|771-1,경기도 부천시 옥길동 771-1,옥길센트리뷰,부천시
41190|옥길동|776-1,경기도 부천시 옥길동 776-1,부천옥길자이,부천시
41190|옥길동|780-1,경기도 부천시 옥길동 780-1,옥길호반베르디움,부천시
41190|원미동|101-1,경기도 부천시 원미동 101-1,한화미리움,부천시
41190|원미동|105-2,경기도 부천시 원미동 105-2,심환홈빌리지,부천시
41190|원미동|111-8,경기도 부천시 원미동 111-8,삼성한마음,부천시
41190|원미동|114-1,경기도 부천시 원미동 114-1,원미동풍림,부천시
41190|원미동|124-2,경기도 부천시 원미동 124-2,뷰스테이트,부천시
41190|원미동|124-6,경기도 부천시 원미동 124-6,뜨라내움,부천시
41190|원미동|127-1,경기도 부천시 원미동 127-1,한일코지세상,부천시
41190|원미동|144-25,경기도 부천시 원미동 144-25,해냄hill,부천시
41190|원미동|151-1,경기도 부천시 원미동 151-1,두산,부천시
41190|원미동|177-20,경기도 부천시 원미동 177-20,우진,부천시
41190|원미동|177-3,경기도 부천시 원미동 177-3,아르테2차,부천시
41190|원미동|178-1,경기도 부천시 원미동 178-1,포레스트,부천시
41190|원미동|179-18,경기도 부천시 원미동 179-18,스카이포인트,부천시
41190|원미동|197,경기도 부천시 원미동 197,메트로골드아파트,부천시
41190|원미동|197-2,경기도 부천시 원미동 197-2,해맑은,부천시
41190|원미동|2-3,경기도 부천시 원미동 2-3,메종드라르떼,부천시
41190|원미동|222,경기도 부천시 원미동 222,이안더부천,부천시
41190|원미동|224,경기도 부천시 원미동 224,부천원미동문디이스트,부천시
41190|원미동|51-6,경기도 부천시 원미동 51-6,프라임150,부천시
41190|원미동|55-7,경기도 부천시 원미동 55-7,청담센트럴,부천시
41190|원미동|56-2,경기도 부천시 원미동 56-2,SK더프라임,부천시
41190|원미동|58-1,경기도 부천시 원미동 58-1,대화,부천시
41190|원미동|58-3,경기도 부천시 원미동 58-3,두리하이츠,부천시
41190|원미동|62-4,경기도 부천시 원미동 62-4,선샤인힐스,부천시
41190|원미동|66-5,경기도 부천시 원미동 66-5,원미더팰리스,부천시
41190|원미동|72-3,경기도 부천시 원미동 72-3,원미에스포레,부천시
41190|원미동|84-3,경기도 부천시 원미동 84-3,더웰,부천시
41190|원미동|90-4,경기도 부천시 원미동 90-4,영진그랜드,부천시
41190|원종동|121,경기도 부천시 원종동 121,동문5차,부천시
41190|원종동|129-52,경기도 부천시 원종동 129-52,원종주공,부천시
41190|원종동|129-8,경기도 부천시 원종동 129-8,영화,부천시
41190|원종동|130-3,경기도 부천시 원종동 130-3,성도,부천시
41190|원종동|131,경기도 부천시 원종동 131,광성,부천시
41190|원종동|132-1,경기도 부천시 원종동 132-1,수정,부천시
41190|원종동|135-2,경기도 부천시 원종동 135-2,한아름,부천시
41190|원종동|138-1,경기도 부천시 원종동 138-1,효자,부천시
41190|원종동|138-12,경기도 부천시 원종동 138-12,유림,부천시
41190|원종동|138-30,경기도 부천시 원종동 138-30,주왕노빌리움,부천시
41190|원종동|139-1,경기도 부천시 원종동 139-1,유호나동,부천시
41190|원종동|139-2,경기도 부천시 원종동 139-2,은성2차,부천시
41190|원종동|140,경기도 부천시 원종동 140,유호가동,부천시
41190|원종동|150-18,경기도 부천시 원종동 150-18,용상102동,부천시
41190|원종동|150-3,경기도 부천시 원종동 150-3,용상101동,부천시
41190|원종동|152-6,경기도 부천시 원종동 152-6,부촌5차가동,부천시
41190|원종동|159-1,경기도 부천시 원종동 159-1,오건,부천시
41190|원종동|161-1,경기도 부천시 원종동 161-1,이스트힐,부천시
41190|원종동|171,경기도 부천시 원종동 171,해주2차,부천시
41190|원종동|180-3,경기도 부천시 원종동 180-3,동진1,부천시
41190|원종동|186-13,경기도 부천시 원종동 186-13,스타파크시티,부천시
41190|원종동|200,경기도 부천시 원종동 200,성옥,부천시
41190|원종동|200-1,경기도 부천시 원종동 200-1,오성파크빌,부천시
41190|원종동|200-2,경기도 부천시 원종동 200-2,성진리치빌,부천시
41190|원종동|200-3,경기도 부천시 원종동 200-3,은성,부천시
41190|원종동|201,경기도 부천시 원종동 201,협성,부천시
41190|원종동|206,경기도 부천시 원종동 206,성지,부천시
41190|원종동|207,경기도 부천시 원종동 207,삼신12,부천시
41190|원종동|211,경기도 부천시 원종동 211,문화목화,부천시
41190|원종동|211-1,경기도 부천시 원종동 211-1,현대(211-1),부천시
41190|원종동|211-3,경기도 부천시 원종동 211-3,현대(211-3),부천시
41190|원종동|212-4,경기도 부천시 원종동 212-4,기용,부천시
41190|원종동|213-2,경기도 부천시 원종동 213-2,대도,부천시
41190|원종동|214-7,경기도 부천시 원종동 214-7,문화1차,부천시
41190|원종동|218-6,경기도 부천시 원종동 218-6,중앙,부천시
41190|원종동|220-3,경기도 부천시 원종동 220-3,욱일7차,부천시
41190|원종동|221-8,경기도 부천시 원종동 221-8,욱일8차,부천시
41190|원종동|227-8,경기도 부천시 원종동 227-8,상우,부천시
41190|원종동|228,경기도 부천시 원종동 228,한울빌리지,부천시
41190|원종동|230-5,경기도 부천시 원종동 230-5,대창스페이스,부천시
41190|원종동|231-1,경기도 부천시 원종동 231-1,다온스카이뷰,부천시
41190|원종동|238-4,경기도 부천시 원종동 238-4,이스트힐탑,부천시
41190|원종동|238-6,경기도 부천시 원종동 238-6,채움,부천시
41190|원종동|253-3,경기도 부천시 원종동 253-3,이스트힐뷰,부천시
41190|원종동|254-4,경기도 부천시 원종동 254-4,하임하우즈,부천시
41190|원종동|262-3,경기도 부천시 원종동 262-3,해주,부천시
41190|원종동|269-1,경기도 부천시 원종동 269-1,동화,부천시
41190|원종동|269-2,경기도 부천시 원종동 269-2,태양,부천시
41190|원종동|270,경기도 부천시 원종동 270,동제이지안,부천시
41190|원종동|270-5,경기도 부천시 원종동 270-5,"서림(A,B동)",부천시
41190|원종동|271-4,경기도 부천시 원종동 271-4,해윰,부천시
41190|원종동|271-6,경기도 부천시 원종동 271-6,블리체,부천시
41190|원종동|272-10,경기도 부천시 원종동 272-10,한울,부천시
41190|원종동|273-1,경기도 부천시 원종동 273-1,영안(273-1),부천시
41190|원종동|273-6,경기도 부천시 원종동 273-6,대성,부천시
41190|원종동|275-11,경기도 부천시 원종동 275-11,스타르네상스,부천시
41190|원종동|275-15,경기도 부천시 원종동 275-15,르네상스1차,부천시
41190|원종동|275-2,경기도 부천시 원종동 275-2,한울팰리스,부천시
41190|원종동|275-20,경기도 부천시 원종동 275-20,프로방스타운,부천시
41190|원종동|275-23,경기도 부천시 원종동 275-23,보강쉐르빌,부천시
41190|원종동|275-28,경기도 부천시 원종동 275-28,보강쉐르빌(275-28),부천시
41190|원종동|275-7,경기도 부천시 원종동 275-7,써미트,부천시
41190|원종동|276-2,경기도 부천시 원종동 276-2,성락,부천시
41190|원종동|276-4,경기도 부천시 원종동 276-4,용주그린힐타운,부천시
41190|원종동|276-6,경기도 부천시 원종동 276-6,르네상스타워,부천시
41190|원종동|280-7,경기도 부천시 원종동 280-7,동호하이빌,부천시
41190|원종동|284-24,경기도 부천시 원종동 284-24,덕수훼미리타운,부천시
41190|원종동|284-3,경기도 부천시 원종동 284-3,길성그랑프리텔,부천시
41190|원종동|285-4,경기도 부천시 원종동 285-4,대성B,부천시
41190|원종동|285-7,경기도 부천시 원종동 285-7,대성A,부천시
41190|원종동|286-4,경기도 부천시 원종동 286-4,해강로디안아파트201동,부천시
41190|원종동|289-12,경기도 부천시 원종동 289-12,하림골든뷰,부천시
41190|원종동|290-7,경기도 부천시 원종동 290-7,JH라피네,부천시
41190|원종동|292,경기도 부천시 원종동 292,당진정우,부천시
41190|원종동|292-4,경기도 부천시 원종동 292-4,태진,부천시
41190|원종동|292-6,경기도 부천시 원종동 292-6,르네상스3차,부천시
41190|원종동|293-27,경기도 부천시 원종동 293-27,청담힐스,부천시
41190|원종동|295,경기도 부천시 원종동 295,동제이지안2차,부천시
41190|원종동|296-5,경기도 부천시 원종동 296-5,태영스카이,부천시
41190|원종동|300,경기도 부천시 원종동 300,한솔,부천시
41190|원종동|302-1,경기도 부천시 원종동 302-1,해오름,부천시
41190|원종동|302-2,경기도 부천시 원종동 302-2,풍성애뜨란,부천시
41190|원종동|303,경기도 부천시 원종동 303,원종센트레빌,부천시
41190|원종동|313-13,경기도 부천시 원종동 313-13,다우로얄팰리스,부천시
41190|원종동|313-4,경기도 부천시 원종동 313-4,아이원팰리스,부천시
41190|원종동|313-7,경기도 부천시 원종동 313-7,아이원팰리스2,부천시
41190|원종동|313-8,경기도 부천시 원종동 313-8,대창스페이스,부천시
41190|원종동|316,경기도 부천시 원종동 316,원종아이원시티,부천시
41190|원종동|317,경기도 부천시 원종동 317,공간블리체A동,부천시
41190|원종동|317-4,경기도 부천시 원종동 317-4,공간블리체B동,부천시
41190|원종동|319,경기도 부천시 원종동 319,계남랑데뷰,부천시
41190|원종동|332,경기도 부천시 원종동 332,엘리트,부천시
41190|원종동|334-1,경기도 부천시 원종동 334-1,동진2,부천시
41190|원종동|334-2,경기도 부천시 원종동 334-2,원종파르크,부천시
41190|원종동|336-1,경기도 부천시 원종동 336-1,해강타운1차,부천시
41190|원종동|336-2,경기도 부천시 원종동 336-2,삼덕,부천시
41190|원종동|337-8,경기도 부천시 원종동 337-8,이루미,부천시
41190|원종동|341-3,경기도 부천시 원종동 341-3,경인,부천시
41190|원종동|344-1,경기도 부천시 원종동 344-1,삼성다빈치,부천시
41190|원종동|344-23,경기도 부천시 원종동 344-23,한울(344-23),부천시
41190|원종동|344-30,경기도 부천시 원종동 344-30,해오름(344-30),부천시
41190|원종동|344-9,경기도 부천시 원종동 344-9,삼성캐슬,부천시
41190|원종동|346-7,경기도 부천시 원종동 346-7,엘리하임,부천시
41190|원종동|348,경기도 부천시 원종동 348,롯데,부천시
41190|원종동|352,경기도 부천시 원종동 352,미성,부천시
41190|원종동|360-8,경기도 부천시 원종동 360-8,형진,부천시
41190|원종동|361-2,경기도 부천시 원종동 361-2,건우,부천시
41190|원종동|361-6,경기도 부천시 원종동 361-6,삼신(361-6),부천시
41190|원종동|362-4,경기도 부천시 원종동 362-4,현대(362-4),부천시
41190|원종동|363-7,경기도 부천시 원종동 363-7,인수,부천시
41190|원종동|363-8,경기도 부천시 원종동 363-8,삼일,부천시
41190|원종동|365-11,경기도 부천시 원종동 365-11,대원블루힐,부천시
41190|원종동|365-13,경기도 부천시 원종동 365-13,정현위브로,부천시
41190|원종동|366-3,경기도 부천시 원종동 366-3,삼신(366-3),부천시
41190|원종동|369,경기도 부천시 원종동 369,장미,부천시
41190|원종동|373-12,경기도 부천시 원종동 373-12,제이디스카이빌,부천시
41190|원종동|378-1,경기도 부천시 원종동 378-1,동진,부천시
41190|원종동|378-2,경기도 부천시 원종동 378-2,JK리안,부천시
41190|원종동|383-7,경기도 부천시 원종동 383-7,방배(383-7),부천시
41190|원종동|384-3,경기도 부천시 원종동 384-3,무궁화,부천시
41190|원종동|384-4,경기도 부천시 원종동 384-4,방배,부천시
41190|원종동|385-3,경기도 부천시 원종동 385-3,온새미로,부천시
41190|원종동|387,경기도 부천시 원종동 387,명신,부천시
41190|원종동|468,경기도 부천시 원종동 468,세창짜임,부천시
41190|원종동|469,경기도 부천시 원종동 469,원종e편한세상,부천시
41190|원종동|470,경기도 부천시 원종동 470,원종동금호어울림,부천시
41190|원종동|474,경기도 부천시 원종동 474,원종승윤노블리안,부천시
41190|원종동|475,경기도 부천시 원종동 475,브라운스톤원종,부천시
41190|원종동|476,경기도 부천시 원종동 476,더원루미에르,부천시
41190|원종동|477,경기도 부천시 원종동 477,해강로디안,부천시
41190|원종동|478,경기도 부천시 원종동 478,삼화아르떼뷰,부천시
41190|원종동|67,경기도 부천시 원종동 67,동문2차,부천시
41190|원종동|67-5,경기도 부천시 원종동 67-5,대풍푸른들,부천시
41190|원종동|69-18,경기도 부천시 원종동 69-18,욱일6차,부천시
41190|원종동|70-1,경기도 부천시 원종동 70-1,동문1차,부천시
41190|원종동|산27-1,경기도 부천시 원종동 산27-1,문화2차,부천시
41190|작동|5,경기도 부천시 작동 5,로얄,부천시
41190|작동|5-1,경기도 부천시 작동 5-1,부천동도센트리움까치울숲,부천시
41190|작동|66-5,경기도 부천시 작동 66-5,스타리버파크,부천시
41190|작동|67-2,경기도 부천시 작동 67-2,세영프라임아파트,부천시
41190|작동|69-9,경기도 부천시 작동 69-9,해주3차,부천시
41190|작동|71,경기도 부천시 작동 71,헬리오시티,부천시
41190|작동|71-1,경기도 부천시 작동 71-1,대덕,부천시
41190|작동|71-2,경기도 부천시 작동 71-2,예창,부천시
41190|작동|74-3,경기도 부천시 작동 74-3,적성,부천시
41190|작동|75,경기도 부천시 작동 75,적성-1,부천시
41190|작동|75-2,경기도 부천시 작동 75-2,건우로얄,부천시
41190|중동|1027,경기도 부천시 중동 1027,한라마을(주공3),부천시
41190|중동|1028,경기도 부천시 중동 1028,한라마을(주공2),부천시
41190|중동|1029,경기도 부천시 중동 1029,금강마을(주공),부천시
41190|중동|1036#41192-244,경기도 부천시 중동 1036,은하마을(쌍용),부천시
41190|중동|1036#41192-246,경기도 부천시 중동 1036,은하마을(효성),부천시
41190|중동|1037#41192-242,경기도 부천시 중동 1037,은하마을(대우),부천시
41190|중동|1037#41192-243,경기도 부천시 중동 1037,은하마을(동부),부천시
41190|중동|1038,경기도 부천시 중동 1038,은하마을(주공2),부천시
41190|중동|1039,경기도 부천시 중동 1039,은하마을(주공1),부천시
41190|중동|1040,경기도 부천시 중동 1040,덕유마을(주공3),부천시
41190|중동|1041#41192-333,경기도 부천시 중동 1041,덕유마을(주공4),부천시
41190|중동|1041#41192-9619,경기도 부천시 중동 1041,덕유마을(주공2),부천시
41190|중동|1051,경기도 부천시 중동 1051,설악마을(주공),부천시
41190|중동|1052,경기도 부천시 중동 1052,중흥마을(주공),부천시
41190|중동|1054#41192-249,경기도 부천시 중동 1054,중흥마을(극동),부천시
41190|중동|1054#41192-250,경기도 부천시 중동 1054,중흥마을(두산),부천시
41190|중동|1055#41192-251,경기도 부천시 중동 1055,중흥마을(신동아),부천시
41190|중동|1055#41192-252,경기도 부천시 중동 1055,중흥마을(영남),부천시
41190|중동|1099-2,경기도 부천시 중동 1099-2,연화마을(건영),부천시
41190|중동|1100,경기도 부천시 중동 1100,연화마을(대원),부천시
41190|중동|1101,경기도 부천시 중동 1101,연화마을(쌍용),부천시
41190|중동|1102#41192-217,경기도 부천시 중동 1102,꿈마을(건영),부천시
41190|중동|1102#41192-220,경기도 부천시 중동 1102,꿈마을(서안),부천시
41190|중동|1103,경기도 부천시 중동 1103,꿈마을(동아),부천시
41190|중동|1104#41192-219,경기도 부천시 중동 1104,꿈마을(삼환),부천시
41190|중동|1104#41192-221,경기도 부천시 중동 1104,꿈마을(한진),부천시
41190|중동|1107,경기도 부천시 중동 1107,"위브더스테이트(201,202,203동)",부천시
41190|중동|1111,경기도 부천시 중동 1111,"위브더스테이트(601,602,603동)",부천시
41190|중동|1112,경기도 부천시 중동 1112,"위브더스테이트(801,802,803동)",부천시
41190|중동|1116,경기도 부천시 중동 1116,리첸시아중동,부천시
41190|중동|1118-1,경기도 부천시 중동 1118-1,부천중동스타팰리움,부천시
41190|중동|1152,경기도 부천시 중동 1152,상록센트럴타워,부천시
41190|중동|1161-2,경기도 부천시 중동 1161-2,프라움시티,부천시
41190|중동|1170#41192-255,경기도 부천시 중동 1170,포도마을(삼보),부천시
41190|중동|1170#41192-256,경기도 부천시 중동 1170,포도마을(영남),부천시
41190|중동|1171,경기도 부천시 중동 1171,포도마을(뉴서울),부천시
41190|중동|1172,경기도 부천시 중동 1172,보람마을(아주),부천시
41190|중동|1173-1,경기도 부천시 중동 1173-1,보람마을(동남),부천시
41190|중동|1175-2,경기도 부천시 중동 1175-2,무지개마을(LG),부천시
41190|중동|1176-2,경기도 부천시 중동 1176-2,무지개마을(동신),부천시
41190|중동|1178#41192-229,경기도 부천시 중동 1178,미리내마을(우성),부천시
41190|중동|1178#41192-336,경기도 부천시 중동 1178,미리내마을(삼성),부천시
41190|중동|1178#41192-337,경기도 부천시 중동 1178,미리내마을(롯데1),부천시
41190|중동|1179#41192-226,경기도 부천시 중동 1179,미리내마을(금호),부천시
41190|중동|1179#41192-230,경기도 부천시 중동 1179,미리내마을(한신),부천시
41190|중동|1179#41192-231,경기도 부천시 중동 1179,미리내마을(한양),부천시
41190|중동|1180-1,경기도 부천시 중동 1180-1,미리내마을(롯데2),부천시
41190|중동|1181,경기도 부천시 중동 1181,미리내마을(동성),부천시
41190|중동|1182#41192-212,경기도 부천시 중동 1182,그린타운(삼성),부천시
41190|중동|1182#41192-329,경기도 부천시 중동 1182,그린타운(우성1),부천시
41190|중동|1183,경기도 부천시 중동 1183,그린타운(한신),부천시
41190|중동|1184-6,경기도 부천시 중동 1184-6,그린타운(우성2),부천시
41190|중동|1185-2#41192-211,경기도 부천시 중동 1185-2,그린타운(금호),부천시
41190|중동|1185-2#41192-215,경기도 부천시 중동 1185-2,그린타운(한양),부천시
41190|중동|1186#41192-236,경기도 부천시 중동 1186,복사골(건영),부천시
41190|중동|1186#41192-237,경기도 부천시 중동 1186,복사골아파트,부천시
41190|중동|1288,경기도 부천시 중동 1288,팰리스카운티,부천시
41190|중동|1293-1,경기도 부천시 중동 1293-1,래미안부천중동,부천시
41190|중동|1298,경기도 부천시 중동 1298,부천중동해링턴플레이스,부천시
41190|중동|1300,경기도 부천시 중동 1300,센트럴파크푸르지오,부천시
41190|중동|1301,경기도 부천시 중동 1301,힐스테이트중동,부천시
41190|중동|3-207,경기도 부천시 중동 3-207,중동대림,부천시
41190|중동|3-34,경기도 부천시 중동 3-34,뉴월드하이빌,부천시
41190|중동|596,경기도 부천시 중동 596,풍남,부천시
41190|중동|680,경기도 부천시 중동 680,영안,부천시
41190|중동|715-2,경기도 부천시 중동 715-2,복사골,부천시
41190|중동|731-5,경기도 부천시 중동 731-5,월드S클래스,부천시
41190|중동|732-1,경기도 부천시 중동 732-1,형진,부천시
41190|중동|734-1,경기도 부천시 중동 734-1,태영올림포스,부천시
41190|중동|756-6,경기도 부천시 중동 756-6,범양,부천시
41190|중동|772-2,경기도 부천시 중동 772-2,현대(772-2),부천시
41190|중동|775-10,경기도 부천시 중동 775-10,라비앙힐스,부천시
41190|중동|775-12,경기도 부천시 중동 775-12,더스테이트,부천시
41190|중동|775-27,경기도 부천시 중동 775-27,월드에스클래스,부천시
41190|중동|775-3,경기도 부천시 중동 775-3,월드에스클래스,부천시
41190|중동|789-3,경기도 부천시 중동 789-3,신성베스티아,부천시
41190|중동|805-6,경기도 부천시 중동 805-6,동원(805-6),부천시
41190|중동|813,경기도 부천시 중동 813,현대(813-0),부천시
41190|중동|816,경기도 부천시 중동 816,동원(816-0),부천시
41190|중동|825,경기도 부천시 중동 825,동원(825-0),부천시
41190|중동|851-4,경기도 부천시 중동 851-4,노빌리움,부천시
41190|중동|852-2,경기도 부천시 중동 852-2,대신,부천시
41190|중동|863-1,경기도 부천시 중동 863-1,블루밍,부천시
41190|중동|872-5,경기도 부천시 중동 872-5,엘리하임,부천시
41190|중동|873,경기도 부천시 중동 873,엘리하임,부천시
41190|중동|896-3,경기도 부천시 중동 896-3,쏠레아파트,부천시
41190|중동|900,경기도 부천시 중동 900,청아람,부천시
41190|춘의동|127,경기도 부천시 춘의동 127,광성,부천시
41190|춘의동|141-2,경기도 부천시 춘의동 141-2,우남푸르미아,부천시
41190|춘의동|142-5,경기도 부천시 춘의동 142-5,하나리아벨,부천시
41190|춘의동|172-2,경기도 부천시 춘의동 172-2,우민늘사랑2차,부천시
41190|춘의동|173-6,경기도 부천시 춘의동 173-6,KD타워,부천시
41190|춘의동|184-2,경기도 부천시 춘의동 184-2,아태리치빌,부천시
41190|춘의동|491,경기도 부천시 춘의동 491,춘의동우민늘사랑,부천시
41190|춘의동|66-1,경기도 부천시 춘의동 66-1,중앙그린,부천시
41210|광명동|102-1,경기도 광명시 광명동 102-1,더프라임타워,광명시
41210|광명동|158-854,경기도 광명시 광명동 158-854,금반석시티1차(158-854),광명시
41210|광명동|18-1,경기도 광명시 광명동 18-1,트리우스광명(2단지),광명시
41210|광명동|200-6,경기도 광명시 광명동 200-6,광명한진타운,광명시
41210|광명동|290-24,경기도 광명시 광명동 290-24,성원아파트,광명시
41210|광명동|301-8,경기도 광명시 광명동 301-8,삼성(301-8),광명시
41210|광명동|304-20,경기도 광명시 광명동 304-20,아크포레자이위브(2단지),광명시
41210|광명동|306-8,경기도 광명시 광명동 306-8,광명현대,광명시
41210|광명동|308-2,경기도 광명시 광명동 308-2,광명(308-2),광명시
41210|광명동|309-1,경기도 광명시 광명동 309-1,광명신원,광명시
41210|광명동|337-40,경기도 광명시 광명동 337-40,팰리스필3차,광명시
41210|광명동|339-2,경기도 광명시 광명동 339-2,극동메모리스,광명시
41210|광명동|346-54,경기도 광명시 광명동 346-54,우림아파트,광명시
41210|광명동|346-55,경기도 광명시 광명동 346-55,우림아파트2차,광명시
41210|광명동|374-101,경기도 광명시 광명동 374-101,중앙하이츠3,광명시
41210|광명동|4-9,경기도 광명시 광명동 4-9,프리미어,광명시
41210|광명동|419-25,경기도 광명시 광명동 419-25,이성,광명시
41210|광명동|419-48,경기도 광명시 광명동 419-48,정다움,광명시
41210|광명동|713,경기도 광명시 광명동 713,중앙하이츠2,광명시
41210|광명동|717-3,경기도 광명시 광명동 717-3,상우1차,광명시
41210|광명동|732,경기도 광명시 광명동 732,중앙하이츠1,광명시
41210|광명동|733,경기도 광명시 광명동 733,영화,광명시
41210|광명동|734,경기도 광명시 광명동 734,상우2차,광명시
41210|광명동|739-8,경기도 광명시 광명동 739-8,유자인,광명시
41210|광명동|741,경기도 광명시 광명동 741,광명리버빌B동,광명시
41210|광명동|741-1,경기도 광명시 광명동 741-1,광명동리버빌A동,광명시
41210|광명동|757,경기도 광명시 광명동 757,상우3차,광명시
41210|광명동|777,경기도 광명시 광명동 777,팰리스필,광명시
41210|광명동|778,경기도 광명시 광명동 778,영화아이닉스,광명시
41210|광명동|779,경기도 광명시 광명동 779,현진에버빌,광명시
41210|광명동|781,경기도 광명시 광명동 781,월드메르디앙,광명시
41210|광명동|782,경기도 광명시 광명동 782,팰리스필2차(782),광명시
41210|광명동|783,경기도 광명시 광명동 783,광명휴먼림,광명시
41210|광명동|784,경기도 광명시 광명동 784,광명제일풍경채,광명시
41210|광명동|785,경기도 광명시 광명동 785,광명해모로이연,광명시
41210|광명동|787-4,경기도 광명시 광명동 787-4,광명아크포레자이위브,광명시
41210|광명동|788-1,경기도 광명시 광명동 788-1,광명푸르지오센트베르,광명시
41210|광명동|789-1,경기도 광명시 광명동 789-1,호반써밋그랜드에비뉴,광명시
41210|광명동|791-2,경기도 광명시 광명동 791-2,광명푸르지오포레나,광명시
41210|광명동|88-14,경기도 광명시 광명동 88-14,광명센트럴아이파크,광명시
41210|광명동|98-9,경기도 광명시 광명동 98-9,금반석시티2차,광명시
41210|소하동|1076-2,경기도 광명시 소하동 1076-2,윤정하이빌,광명시
41210|소하동|1238,경기도 광명시 소하동 1238,기아파크빌,광명시
41210|소하동|1240-4,경기도 광명시 소하동 1240-4,바움캐슬주상복합아파트,광명시
41210|소하동|1272,경기도 광명시 소하동 1272,우림필유,광명시
41210|소하동|1272-2,경기도 광명시 소하동 1272-2,오크팰리스,광명시
41210|소하동|1273,경기도 광명시 소하동 1273,금호어울림,광명시
41210|소하동|1284,경기도 광명시 소하동 1284,광명소하휴먼시아1단지,광명시
41210|소하동|1288,경기도 광명시 소하동 1288,광명소하휴먼시아2단지,광명시
41210|소하동|1289,경기도 광명시 소하동 1289,광명소하휴먼시아3단지,광명시
41210|소하동|1294,경기도 광명시 소하동 1294,광명소하휴먼시아5단지,광명시
41210|소하동|1348,경기도 광명시 소하동 1348,광명소하휴먼시아7단지,광명시
41210|소하동|1363,경기도 광명시 소하동 1363,광명신촌휴먼시아1단지,광명시
41210|소하동|1378,경기도 광명시 소하동 1378,광명역세권휴먼시아3단지,광명시
41210|소하동|1387,경기도 광명시 소하동 1387,광명역세권휴먼시아4단지,광명시
41210|소하동|1389,경기도 광명시 소하동 1389,광명역세권휴먼시아5단지,광명시
41210|소하동|36-52,경기도 광명시 소하동 36-52,비엔팰리스,광명시
41210|소하동|48-10,경기도 광명시 소하동 48-10,대길,광명시
41210|소하동|48-13,경기도 광명시 소하동 48-13,광명삼익,광명시
41210|소하동|48-55,경기도 광명시 소하동 48-55,동양메이저2차,광명시
41210|소하동|55,경기도 광명시 소하동 55,동양메이저1차,광명시
41210|소하동|883-18,경기도 광명시 소하동 883-18,안서,광명시
41210|소하동|889,경기도 광명시 소하동 889,미도1차,광명시
41210|소하동|889-1,경기도 광명시 소하동 889-1,개운고층,광명시
41210|소하동|889-2,경기도 광명시 소하동 889-2,개운저층,광명시
41210|소하동|896,경기도 광명시 소하동 896,현대1,광명시
41210|소하동|912-2,경기도 광명시 소하동 912-2,예건,광명시
41210|소하동|919,경기도 광명시 소하동 919,현대2,광명시
41210|소하동|930,경기도 광명시 소하동 930,제니스뷰,광명시
41210|소하동|933,경기도 광명시 소하동 933,미도아파트2차,광명시
41210|소하동|936,경기도 광명시 소하동 936,성원아파트,광명시
41210|소하동|940,경기도 광명시 소하동 940,미도3차,광명시
41210|소하동|943-7,경기도 광명시 소하동 943-7,오덕,광명시
41210|일직동|512,경기도 광명시 일직동 512,유-플래닛태영데시앙,광명시
41210|일직동|513,경기도 광명시 일직동 513,광명역써밋플레이스,광명시
41210|일직동|517,경기도 광명시 일직동 517,광명역센트럴자이,광명시
41210|일직동|518,경기도 광명시 일직동 518,광명역파크자이,광명시
41210|일직동|519,경기도 광명시 일직동 519,광명역푸르지오,광명시
41210|철산동|105#41210-55,경기도 광명시 철산동 105,저층주공10,광명시
41210|철산동|105#41210-56,경기도 광명시 철산동 105,저층주공11,광명시
41210|철산동|233,경기도 광명시 철산동 233,저층주공7,광명시
41210|철산동|235#41210-47,경기도 광명시 철산동 235,저층주공8,광명시
41210|철산동|235#41210-48,경기도 광명시 철산동 235,저층주공9,광명시
41210|철산동|241,경기도 광명시 철산동 241,주공13,광명시
41210|철산동|245,경기도 광명시 철산동 245,쌍마한신,광명시
41210|철산동|367,경기도 광명시 철산동 367,철산한신,광명시
41210|철산동|449,경기도 광명시 철산동 449,주공12,광명시
41210|철산동|452,경기도 광명시 철산동 452,저층주공4,광명시
41210|철산동|463-38,경기도 광명시 철산동 463-38,힐팰리스,광명시
41210|철산동|509-261,경기도 광명시 철산동 509-261,다나안,광명시
41210|철산동|55-1,경기도 광명시 철산동 55-1,광복현대,광명시
41210|철산동|58,경기도 광명시 철산동 58,우성,광명시
41210|철산동|625#41210-54,경기도 광명시 철산동 625,도덕파크타운1단지,광명시
41210|철산동|625#41210-64,경기도 광명시 철산동 625,도덕파크타운2단지,광명시
41210|철산동|626-1,경기도 광명시 철산동 626-1,철산리버빌주공,광명시
41210|철산동|627,경기도 광명시 철산동 627,롯데낙천대,광명시
41210|철산동|628,경기도 광명시 철산동 628,브라운스톤,광명시
41210|철산동|629,경기도 광명시 철산동 629,두산위브,광명시
41210|철산동|630,경기도 광명시 철산동 630,브라운스톤2차,광명시
41210|철산동|631,경기도 광명시 철산동 631,광명푸르지오,광명시
41210|철산동|634,경기도 광명시 철산동 634,철산래미안자이,광명시
41210|철산동|637,경기도 광명시 철산동 637,철산푸르지오하늘채,광명시
41210|철산동|638,경기도 광명시 철산동 638,철산센트럴푸르지오,광명시
41210|철산동|639-1,경기도 광명시 철산동 639-1,철산역롯데캐슬&SKVIEW클래스티지,광명시
41210|하안동|110,경기도 광명시 하안동 110,주공12,광명시
41210|하안동|13,경기도 광명시 하안동 13,주공9,광명시
41210|하안동|260#41210-23,경기도 광명시 하안동 260,주공8(고층),광명시
41210|하안동|260#41210-57,경기도 광명시 하안동 260,주공8(저층),광명시
41210|하안동|27,경기도 광명시 하안동 27,주공11,광명시
41210|하안동|295,경기도 광명시 하안동 295,주공7,광명시
41210|하안동|296,경기도 광명시 하안동 296,주공6,광명시
41210|하안동|30,경기도 광명시 하안동 30,주공10,광명시
41210|하안동|650,경기도 광명시 하안동 650,주공3,광명시
41210|하안동|651,경기도 광명시 하안동 651,주공4,광명시
41210|하안동|681,경기도 광명시 하안동 681,주공2,광명시
41210|하안동|682,경기도 광명시 하안동 682,주공1,광명시
41210|하안동|702,경기도 광명시 하안동 702,주공5,광명시
41210|하안동|707-7,경기도 광명시 하안동 707-7,광명현대아파트,광명시
41210|하안동|707-9,경기도 광명시 하안동 707-9,하안현대아파트,광명시
41210|하안동|863,경기도 광명시 하안동 863,광명 두산위브 트레지움,광명시
41210|하안동|864,경기도 광명시 하안동 864,이편한세상센트레빌,광명시
41220|가재동|639,경기도 평택시 가재동 639,우림필유,평택시
41220|가재동|가-,경기도 평택시 가재동 가-,지제역반도체밸리풍경채어바니티,평택시
41220|고덕동|1860-2,경기도 평택시 고덕동 1860-2,고덕자이센트로,평택시
41220|고덕동|1861-1,경기도 평택시 고덕동 1861-1,고덕국제신도시헤스티블,평택시
41220|고덕동|1895-2,경기도 평택시 고덕동 1895-2,고덕국제신도시르플로랑,평택시
41220|고덕동|1897-3,경기도 평택시 고덕동 1897-3,신안인스빌시그니처,평택시
41220|고덕동|1899-2,경기도 평택시 고덕동 1899-2,고덕국제신도시제일풍경채,평택시
41220|고덕동|1904-2,경기도 평택시 고덕동 1904-2,고덕국제신도시파라곤,평택시
41220|고덕동|1970-2,경기도 평택시 고덕동 1970-2,고덕국제신도시 포레스트자이,평택시
41220|고덕동|1971-2,경기도 평택시 고덕동 1971-2,평택고덕신동아파밀리에엔에이치에프7단지,평택시
41220|고덕동|2461-1,경기도 평택시 고덕동 2461-1,고덕국제신도시아너스,평택시
41220|고덕동|2489-1,경기도 평택시 고덕동 2489-1,고덕국제신도시파라곤에듀포레,평택시
41220|고덕동|2501-1,경기도 평택시 고덕동 2501-1,고덕국제신도시제일풍경채2차에듀,평택시
41220|고덕동|2518-1,경기도 평택시 고덕동 2518-1,고덕국제신도시제일풍경채3차센텀,평택시
41220|고덕동|2618-1,경기도 평택시 고덕동 2618-1,힐스테이트고덕스카이시티,평택시
41220|고덕동|2618-3,경기도 평택시 고덕동 2618-3,힐스테이트고덕센트럴,평택시
41220|고덕동|2619-1,경기도 평택시 고덕동 2619-1,호반써밋고덕신도시,평택시
41220|고덕동|2664-1,경기도 평택시 고덕동 2664-1,고덕국제신도시대광로제비앙THEART,평택시
41220|고덕동|2664-2,경기도 평택시 고덕동 2664-2,호반써밋고덕국제신도시에듀파크,평택시
41220|고덕동|2683-1,경기도 평택시 고덕동 2683-1,고덕국제신도시리슈빌레이크파크,평택시
41220|고덕동|2705-1,경기도 평택시 고덕동 2705-1,고덕국제신도시로제비앙&엘가에듀센트럴,평택시
41220|고덕동|2706-1,경기도 평택시 고덕동 2706-1,고덕국제신도시금호어울림,평택시
41220|고덕면 궁리|520,경기도 평택시 고덕면 궁리 520,평택영화블렌하임,평택시
41220|고덕면 궁리|523,경기도 평택시 고덕면 궁리 523,고덕하늘채시그니처,평택시
41220|고덕면 궁리|75,경기도 평택시 고덕면 궁리 75,태평,평택시
41220|군문동|360,경기도 평택시 군문동 360,군문주공2,평택시
41220|군문동|370,경기도 평택시 군문동 370,평택군문1단지주공,평택시
41220|독곡동|396-1,경기도 평택시 독곡동 396-1,대옥,평택시
41220|독곡동|464,경기도 평택시 독곡동 464,라이프,평택시
41220|독곡동|468,경기도 평택시 독곡동 468,삼익,평택시
41220|독곡동|473,경기도 평택시 독곡동 473,한일,평택시
41220|독곡동|474,경기도 평택시 독곡동 474,아주2,평택시
41220|독곡동|475,경기도 평택시 독곡동 475,동부,평택시
41220|독곡동|491,경기도 평택시 독곡동 491,대림,평택시
41220|동삭동|182-11,경기도 평택시 동삭동 182-11,지제역푸르지오엘리아츠,평택시
41220|동삭동|219-9,경기도 평택시 동삭동 219-9,더샵지제역센트럴파크1BL,평택시
41220|동삭동|340-6,경기도 평택시 동삭동 340-6,현대,평택시
41220|동삭동|343-2,경기도 평택시 동삭동 343-2,삼익사이버,평택시
41220|동삭동|388-13,경기도 평택시 동삭동 388-13,더샵지제역센트럴파크2BL,평택시
41220|동삭동|416,경기도 평택시 동삭동 416,e편한세상지제역,평택시
41220|동삭동|593-1,경기도 평택시 동삭동 593-1,힐스테이트지제역퍼스티움,평택시
41220|동삭동|650,경기도 평택시 동삭동 650,이안,평택시
41220|동삭동|715-1,경기도 평택시 동삭동 715-1,서재자이,평택시
41220|동삭동|835,경기도 평택시 동삭동 835,평택센트럴자이1단지,평택시
41220|동삭동|845,경기도 평택시 동삭동 845,평택센트럴자이2단지,평택시
41220|동삭동|852,경기도 평택시 동삭동 852,평택센트럴자이3단지,평택시
41220|동삭동|854,경기도 평택시 동삭동 854,평택센트럴자이 4단지,평택시
41220|동삭동|855,경기도 평택시 동삭동 855,평택센트럴자이 5단지,평택시
41220|동삭동|941,경기도 평택시 동삭동 941,더샵지제역센트럴파크3BL,평택시
41220|동삭동|가-#41220-3459,경기도 평택시 동삭동 가-,힐스테이트지제역,평택시
41220|동삭동|가-#41220-3777,경기도 평택시 동삭동 가-,평택지제역자이,평택시
41220|비전동|1011,경기도 평택시 비전동 1011,소사벌리더스하임,평택시
41220|비전동|1031,경기도 평택시 비전동 1031,우미린센트럴파크,평택시
41220|비전동|1089,경기도 평택시 비전동 1089,평택센트럴해링턴플레이스,평택시
41220|비전동|210-24,경기도 평택시 비전동 210-24,현대,평택시
41220|비전동|236-22,경기도 평택시 비전동 236-22,동아목련,평택시
41220|비전동|251-5,경기도 평택시 비전동 251-5,평택,평택시
41220|비전동|259,경기도 평택시 비전동 259,진성,평택시
41220|비전동|273-10,경기도 평택시 비전동 273-10,새한,평택시
41220|비전동|488-5,경기도 평택시 비전동 488-5,한강,평택시
41220|비전동|796,경기도 평택시 비전동 796,평택진우,평택시
41220|비전동|800,경기도 평택시 비전동 800,한성,평택시
41220|비전동|800-1,경기도 평택시 비전동 800-1,은행,평택시
41220|비전동|804,경기도 평택시 비전동 804,신세계타운,평택시
41220|비전동|810-1,경기도 평택시 비전동 810-1,덕동마을신일유토빌,평택시
41220|비전동|812,경기도 평택시 비전동 812,한미,평택시
41220|비전동|813,경기도 평택시 비전동 813,엘지덕동,평택시
41220|비전동|813-1,경기도 평택시 비전동 813-1,태산,평택시
41220|비전동|820,경기도 평택시 비전동 820,윤중수신제가,평택시
41220|비전동|827,경기도 평택시 비전동 827,명진비전파크,평택시
41220|비전동|828,경기도 평택시 비전동 828,동아동백,평택시
41220|비전동|828-1,경기도 평택시 비전동 828-1,태산신그린,평택시
41220|비전동|828-2,경기도 평택시 비전동 828-2,현대이화,평택시
41220|비전동|856,경기도 평택시 비전동 856,동성효성,평택시
41220|비전동|856-1,경기도 평택시 비전동 856-1,SK비전,평택시
41220|비전동|856-2,경기도 평택시 비전동 856-2,동아백합,평택시
41220|비전동|874,경기도 평택시 비전동 874,시대한우리,평택시
41220|비전동|876,경기도 평택시 비전동 876,한빛,평택시
41220|비전동|877,경기도 평택시 비전동 877,동성한아름,평택시
41220|비전동|878-5,경기도 평택시 비전동 878-5,동아모란,평택시
41220|비전동|879-4,경기도 평택시 비전동 879-4,시대코아,평택시
41220|비전동|879-5,경기도 평택시 비전동 879-5,비전현대,평택시
41220|비전동|881,경기도 평택시 비전동 881,신명나리,평택시
41220|비전동|887,경기도 평택시 비전동 887,문화,평택시
41220|비전동|889,경기도 평택시 비전동 889,벽산,평택시
41220|비전동|922,경기도 평택시 비전동 922,우림필유,평택시
41220|비전동|923,경기도 평택시 비전동 923,솔매마을한일유앤아이,평택시
41220|비전동|925,경기도 평택시 비전동 925,와이엠프라젠,평택시
41220|비전동|931,경기도 평택시 비전동 931,비전경남아너스빌,평택시
41220|비전동|946,경기도 평택시 비전동 946,비전롯데캐슬,평택시
41220|비전동|967,경기도 평택시 비전동 967,뜨레휴이곡마을7단지,평택시
41220|비전동|968,경기도 평택시 비전동 968,이곡마을6단지,평택시
41220|비전동|970,경기도 평택시 비전동 970,평택소사벌푸르지오,평택시
41220|비전동|산76-17,경기도 평택시 비전동 산76-17,외기노조,평택시
41220|서정동|1116,경기도 평택시 서정동 1116,평택the#,평택시
41220|서정동|1121,경기도 평택시 서정동 1121,평택서정동롯데캐슬,평택시
41220|서정동|1135,경기도 평택시 서정동 1135,힐스테이트평택더퍼스트,평택시
41220|서정동|263-1,경기도 평택시 서정동 263-1,휴먼파크리움,평택시
41220|서정동|303-6,경기도 평택시 서정동 303-6,서정역꿈의도시두드림주상복합,평택시
41220|서정동|304-1,경기도 평택시 서정동 304-1,서정트인자리애2차,평택시
41220|서정동|304-5,경기도 평택시 서정동 304-5,서정트인자리애1차,평택시
41220|서정동|307-8,경기도 평택시 서정동 307-8,데오스팰리스,평택시
41220|서정동|313-14,경기도 평택시 서정동 313-14,대양아리스타,평택시
41220|서정동|313-7,경기도 평택시 서정동 313-7,엠스퀘어,평택시
41220|서정동|319-3,경기도 평택시 서정동 319-3,신한헤센스마트서정아트타워,평택시
41220|서정동|433-23,경기도 평택시 서정동 433-23,서정스마트빌듀오3차,평택시
41220|서정동|433-26,경기도 평택시 서정동 433-26,서정메트로하임,평택시
41220|서정동|433-7,경기도 평택시 서정동 433-7,서정벨루스하임,평택시
41220|서정동|47-12,경기도 평택시 서정동 47-12,아라타워,평택시
41220|서정동|48,경기도 평택시 서정동 48,SkyView,평택시
41220|서정동|538-1,경기도 평택시 서정동 538-1,영광,평택시
41220|서정동|586-4,경기도 평택시 서정동 586-4,동양,평택시
41220|서정동|75-13,경기도 평택시 서정동 75-13,더프라임,평택시
41220|서정동|784,경기도 평택시 서정동 784,대옥7,평택시
41220|서정동|787-2,경기도 평택시 서정동 787-2,대옥3,평택시
41220|서정동|791-10,경기도 평택시 서정동 791-10,대옥5,평택시
41220|서정동|793#41220-124,경기도 평택시 서정동 793,동산2,평택시
41220|서정동|793#41220-61,경기도 평택시 서정동 793,동산1,평택시
41220|서정동|794#41220-123,경기도 평택시 서정동 794,세경2,평택시
41220|서정동|794#41220-63,경기도 평택시 서정동 794,세경1,평택시
41220|서정동|826-4,경기도 평택시 서정동 826-4,금호타운,평택시
41220|서정동|836-5,경기도 평택시 서정동 836-5,청천,평택시
41220|서정동|909-1,경기도 평택시 서정동 909-1,주공3,평택시
41220|세교동|181-8,경기도 평택시 세교동 181-8,세용,평택시
41220|세교동|435-172,경기도 평택시 세교동 435-172,매봉,평택시
41220|세교동|435-84,경기도 평택시 세교동 435-84,범양,평택시
41220|세교동|554,경기도 평택시 세교동 554,태영청솔,평택시
41220|세교동|555,경기도 평택시 세교동 555,부영1,평택시
41220|세교동|556-2,경기도 평택시 세교동 556-2,청실보성,평택시
41220|세교동|557,경기도 평택시 세교동 557,부영2,평택시
41220|세교동|558,경기도 평택시 세교동 558,우성꿈그린,평택시
41220|세교동|559,경기도 평택시 세교동 559,개나리,평택시
41220|세교동|560,경기도 평택시 세교동 560,현대향촌,평택시
41220|세교동|573,경기도 평택시 세교동 573,힐스테이트 평택 1차,평택시
41220|세교동|596,경기도 평택시 세교동 596,힐스테이트평택3차(3-1블록),평택시
41220|세교동|597,경기도 평택시 세교동 597,힐스테이트 평택2차,평택시
41220|소사동|524,경기도 평택시 소사동 524,평택소사에스케이뷰,평택시
41220|소사동|670,경기도 평택시 소사동 670,평택효성해링턴플레이스1단지,평택시
41220|소사동|697,경기도 평택시 소사동 697,평택효성해링턴플레이스2단지,평택시
41220|신장동|190-4,경기도 평택시 신장동 190-4,문영프라임,평택시
41220|신장동|208-21,경기도 평택시 신장동 208-21,미래타운,평택시
41220|신장동|227-14,경기도 평택시 신장동 227-14,SSG팰리스,평택시
41220|신장동|227-18,경기도 평택시 신장동 227-18,청솔아다모,평택시
41220|신장동|232-35,경기도 평택시 신장동 232-35,대양아리스타II,평택시
41220|신장동|234-7,경기도 평택시 신장동 234-7,더레이(TheRAY),평택시
41220|신장동|238-20,경기도 평택시 신장동 238-20,대준블루온3,평택시
41220|신장동|243-3,경기도 평택시 신장동 243-3,평택송탄역클래시아,평택시
41220|신장동|247-5,경기도 평택시 신장동 247-5,동영센트럴타워,평택시
41220|신장동|267-104,경기도 평택시 신장동 267-104,일신가든,평택시
41220|신장동|267-249,경기도 평택시 신장동 267-249,한도,평택시
41220|신장동|267-293,경기도 평택시 신장동 267-293,신미,평택시
41220|신장동|274-198,경기도 평택시 신장동 274-198,힐탑포레스트,평택시
41220|신장동|274-247,경기도 평택시 신장동 274-247,메디슨스퀘어,평택시
41220|신장동|306-35,경기도 평택시 신장동 306-35,로얄코리아,평택시
41220|신장동|309-4,경기도 평택시 신장동 309-4,메디슨스퀘어3차,평택시
41220|신장동|322-4,경기도 평택시 신장동 322-4,삼보데파트,평택시
41220|신장동|324-37,경기도 평택시 신장동 324-37,화신노블레스6차,평택시
41220|신장동|325-18,경기도 평택시 신장동 325-18,화신노블레스2,평택시
41220|신장동|325-2,경기도 평택시 신장동 325-2,MadisonSquare2,평택시
41220|신장동|363-8,경기도 평택시 신장동 363-8,미도,평택시
41220|신장동|694,경기도 평택시 신장동 694,송탄역서희스타힐스,평택시
41220|안중읍 금곡리|337-3,경기도 평택시 안중읍 금곡리 337-3,우림,평택시
41220|안중읍 송담리|170-3,경기도 평택시 안중읍 송담리 170-3,"신창(1동,2동,3동)",평택시
41220|안중읍 송담리|850,경기도 평택시 안중읍 송담리 850,송담지엔하임1차,평택시
41220|안중읍 송담리|851,경기도 평택시 안중읍 송담리 851,힐스테이트송담,평택시
41220|안중읍 송담리|852,경기도 평택시 안중읍 송담리 852,송담지엔하임2차,평택시
41220|안중읍 안중리|262-76,경기도 평택시 안중읍 안중리 262-76,해오름,평택시
41220|안중읍 안중리|292-30,경기도 평택시 안중읍 안중리 292-30,신세계고대광실,평택시
41220|안중읍 안중리|292-36,경기도 평택시 안중읍 안중리 292-36,신세계,평택시
41220|안중읍 안중리|305-56#41220-103,경기도 평택시 안중읍 안중리 305-56,신흥,평택시
41220|안중읍 안중리|305-56#41220-3422,경기도 평택시 안중읍 안중리 305-56,신흥,평택시
41220|안중읍 안중리|산8-13,경기도 평택시 안중읍 안중리 산8-13,명원,평택시
41220|안중읍 학현리|504-24,경기도 평택시 안중읍 학현리 504-24,광성,평택시
41220|안중읍 학현리|505-10,경기도 평택시 안중읍 학현리 505-10,다인,평택시
41220|안중읍 현화리|288-1,경기도 평택시 안중읍 현화리 288-1,한양빌리지,평택시
41220|안중읍 현화리|305-2,경기도 평택시 안중읍 현화리 305-2,동환,평택시
41220|안중읍 현화리|820-1,경기도 평택시 안중읍 현화리 820-1,건영캐스빌,평택시
41220|안중읍 현화리|820-2,경기도 평택시 안중읍 현화리 820-2,안중우림필유골드154,평택시
41220|안중읍 현화리|821-1,경기도 평택시 안중읍 현화리 821-1,현대(3차),평택시
41220|안중읍 현화리|822-1,경기도 평택시 안중읍 현화리 822-1,화현마을우림필유,평택시
41220|안중읍 현화리|824-1,경기도 평택시 안중읍 현화리 824-1,현대(824-5),평택시
41220|안중읍 현화리|824-5,경기도 평택시 안중읍 현화리 824-5,현대아파트(현대(824-5)),평택시
41220|안중읍 현화리|825-1,경기도 평택시 안중읍 현화리 825-1,성원,평택시
41220|안중읍 현화리|826-2,경기도 평택시 안중읍 현화리 826-2,동신행복마을,평택시
41220|안중읍 현화리|828-1,경기도 평택시 안중읍 현화리 828-1,늘푸른사랑마을,평택시
41220|안중읍 현화리|839-1,경기도 평택시 안중읍 현화리 839-1,동신아름마을,평택시
41220|안중읍 현화리|840-1,경기도 평택시 안중읍 현화리 840-1,동신사랑마을,평택시
41220|안중읍 현화리|841,경기도 평택시 안중읍 현화리 841,서광프리메라,평택시
41220|안중읍 현화리|918,경기도 평택시 안중읍 현화리 918,해동마을삼익참드림,평택시
41220|오성면 숙성리|977-1,경기도 평택시 오성면 숙성리 977-1,그린빌,평택시
41220|용이동|470-1,경기도 평택시 용이동 470-1,평택용이2차푸르지오,평택시
41220|용이동|471-1,경기도 평택시 용이동 471-1,푸르지오1차,평택시
41220|용이동|492-1,경기도 평택시 용이동 492-1,용이반도유보라,평택시
41220|용이동|580,경기도 평택시 용이동 580,e편한세상평택,평택시
41220|용이동|581,경기도 평택시 용이동 581,평택용이금호어울림1단지,평택시
41220|용이동|601,경기도 평택시 용이동 601,평택용이금호어울림2단지,평택시
41220|용이동|639,경기도 평택시 용이동 639,비전아이파크평택,평택시
41220|용이동|641,경기도 평택시 용이동 641,e편한세상비전센터포레,평택시
41220|용이동|642,경기도 평택시 용이동 642,평택비전레이크푸르지오,평택시
41220|용이동|644,경기도 평택시 용이동 644,신영평택비전지웰푸르지오,평택시
41220|용이동|648,경기도 평택시 용이동 648,평택비전푸르지오,평택시
41220|용이동|650,경기도 평택시 용이동 650,평택비전센트럴푸르지오,평택시
41220|용이동|652,경기도 평택시 용이동 652,평택비전에듀포레푸르지오,평택시
41220|용이동|737,경기도 평택시 용이동 737,e편한세상평택용이1단지,평택시
41220|용이동|738,경기도 평택시 용이동 738,e편한세상평택용이2단지,평택시
41220|운양동|1249-1,경기도 평택시 운양동 1249-1,풍경마을한강한라비발디,평택시
41220|이충동|381,경기도 평택시 이충동 381,현대(이충),평택시
41220|이충동|445-3,경기도 평택시 이충동 445-3,서정아트타워2차트인,평택시
41220|이충동|452-2,경기도 평택시 이충동 452-2,서정스마트빌듀오2차,평택시
41220|이충동|456-1,경기도 평택시 이충동 456-1,서정스마트빌듀오1차,평택시
41220|이충동|457-21,경기도 평택시 이충동 457-21,고덕시티,평택시
41220|이충동|460-2,경기도 평택시 이충동 460-2,고덕코아루더블루시티,평택시
41220|이충동|463,경기도 평택시 이충동 463,서정라페온빌3차,평택시
41220|이충동|463-25,경기도 평택시 이충동 463-25,스카이빌,평택시
41220|이충동|472-7,경기도 평택시 이충동 472-7,더퍼스트서정,평택시
41220|이충동|478,경기도 평택시 이충동 478,주공4,평택시
41220|이충동|589-3,경기도 평택시 이충동 589-3,대진,평택시
41220|이충동|589-5,경기도 평택시 이충동 589-5,이충동부영1단지,평택시
41220|이충동|591-2,경기도 평택시 이충동 591-2,LIG아파트,평택시
41220|이충동|592,경기도 평택시 이충동 592,미주3(이충),평택시
41220|이충동|593,경기도 평택시 이충동 593,이충동부영2단지,평택시
41220|이충동|594-2,경기도 평택시 이충동 594-2,이충동부영3단지,평택시
41220|이충동|607,경기도 평택시 이충동 607,우미이노스빌5차,평택시
41220|이충동|671,경기도 평택시 이충동 671,이충이-편한세상,평택시
41220|이충동|674,경기도 평택시 이충동 674,정암마을뜨란채,평택시
41220|이충동|693,경기도 평택시 이충동 693,휴먼시아추담마을,평택시
41220|장당동|473-1,경기도 평택시 장당동 473-1,효명,평택시
41220|장당동|475,경기도 평택시 장당동 475,한양,평택시
41220|장당동|628,경기도 평택시 장당동 628,우미이노스빌3차,평택시
41220|장당동|629,경기도 평택시 장당동 629,한국아델리움,평택시
41220|장당동|631,경기도 평택시 장당동 631,제일하이빌1차,평택시
41220|장당동|632,경기도 평택시 장당동 632,우미이노스빌2차,평택시
41220|장당동|633,경기도 평택시 장당동 633,우미이노스빌1차,평택시
41220|장당동|634,경기도 평택시 장당동 634,제일하이빌2차,평택시
41220|장당동|660,경기도 평택시 장당동 660,제일풍경채장당센트럴,평택시
41220|장당동|683,경기도 평택시 장당동 683,평택석정공원화성파크드림,평택시
41220|장안동|619,경기도 평택시 장안동 619,평택장안마을코오롱하늘채,평택시
41220|죽백동|720,경기도 평택시 죽백동 720,평택소사벌반도유보라아이비파크,평택시
41220|죽백동|721,경기도 평택시 죽백동 721,평택소사벌중흥에스-클래스에코시티,평택시
41220|죽백동|722,경기도 평택시 죽백동 722,평택소사벌반도유보라아이비파크1단지,평택시
41220|죽백동|737,경기도 평택시 죽백동 737,평택소사벌호반베르디움,평택시
41220|죽백동|816,경기도 평택시 죽백동 816,우미린레이크파크,평택시
41220|죽백동|817,경기도 평택시 죽백동 817,소사벌더샵마스터뷰,평택시
41220|지산동|1028,경기도 평택시 지산동 1028,제일,평택시
41220|지산동|1028-1,경기도 평택시 지산동 1028-1,장미,평택시
41220|지산동|1029,경기도 평택시 지산동 1029,삼익,평택시
41220|지산동|1089,경기도 평택시 지산동 1089,현대(지산),평택시
41220|지산동|1091,경기도 평택시 지산동 1091,미주(지산1091),평택시
41220|지산동|1093,경기도 평택시 지산동 1093,한양청솔,평택시
41220|지산동|1094,경기도 평택시 지산동 1094,건영(지산),평택시
41220|지산동|1095,경기도 평택시 지산동 1095,우성,평택시
41220|지산동|1134,경기도 평택시 지산동 1134,미주2(지산1134),평택시
41220|지산동|1135,경기도 평택시 지산동 1135,아주,평택시
41220|지산동|1217,경기도 평택시 지산동 1217,케이씨씨스위첸,평택시
41220|지산동|1250,경기도 평택시 지산동 1250,지산코아루,평택시
41220|지산동|750-1,경기도 평택시 지산동 750-1,THEH,평택시
41220|지산동|751-14,경기도 평택시 지산동 751-14,아이웰,평택시
41220|지산동|759-7,경기도 평택시 지산동 759-7,아침마을,평택시
41220|지산동|761-31,경기도 평택시 지산동 761-31,대준블루온,평택시
41220|지산동|781-9,경기도 평택시 지산동 781-9,이한렉스빌플러스,평택시
41220|지산동|799-7,경기도 평택시 지산동 799-7,오르빌,평택시
41220|지산동|809-31,경기도 평택시 지산동 809-31,대준블루온(809-31),평택시
41220|지산동|820-3,경기도 평택시 지산동 820-3,TheSKY(더스카이송탄),평택시
41220|지산동|823-1,경기도 평택시 지산동 823-1,대준블루인102동,평택시
41220|지산동|823-13,경기도 평택시 지산동 823-13,대준블루인101동,평택시
41220|지산동|830-17,경기도 평택시 지산동 830-17,에코빌,평택시
41220|지산동|830-58,경기도 평택시 지산동 830-58,미켈란빌,평택시
41220|지산동|835-6,경기도 평택시 지산동 835-6,진성포레스트힐,평택시
41220|지산동|850-60,경기도 평택시 지산동 850-60,THECLASS1,평택시
41220|지산동|850-63,경기도 평택시 지산동 850-63,THECLASS2,평택시
41220|지산동|851-10,경기도 평택시 지산동 851-10,이안힐시티타워2차아파트,평택시
41220|지산동|851-12,경기도 평택시 지산동 851-12,엘리시아,평택시
41220|지산동|859-10,경기도 평택시 지산동 859-10,어반스페이스,평택시
41220|지제동|가-,경기도 평택시 지제동 가-,지제역더샵센트럴시티,평택시
41220|진위면 가곡리|380,경기도 평택시 진위면 가곡리 380,화영그린,평택시
41220|진위면 가곡리|406-1,경기도 평택시 진위면 가곡리 406-1,서원양지마을,평택시
41220|진위면 갈곶리|239-2,경기도 평택시 진위면 갈곶리 239-2,한일,평택시
41220|진위면 견산리|27-15,경기도 평택시 진위면 견산리 27-15,한승아파트,평택시
41220|진위면 견산리|27-6,경기도 평택시 진위면 견산리 27-6,경원,평택시
41220|진위면 견산리|366-1,경기도 평택시 진위면 견산리 366-1,서원,평택시
41220|진위면 견산리|374,경기도 평택시 진위면 견산리 374,청도,평택시
41220|진위면 봉남리|236-1,경기도 평택시 진위면 봉남리 236-1,성우,평택시
41220|진위면 봉남리|318-2,경기도 평택시 진위면 봉남리 318-2,유명,평택시
41220|청북읍 옥길리|1071,경기도 평택시 청북읍 옥길리 1071,브라운스톤청북,평택시
41220|청북읍 옥길리|1091,경기도 평택시 청북읍 옥길리 1091,평택청북이안,평택시
41220|청북읍 옥길리|1094,경기도 평택시 청북읍 옥길리 1094,유승한내들,평택시
41220|청북읍 옥길리|1097,경기도 평택시 청북읍 옥길리 1097,사랑으로부영5차,평택시
41220|청북읍 옥길리|1102,경기도 평택시 청북읍 옥길리 1102,부영사랑으로(3차),평택시
41220|청북읍 옥길리|1104,경기도 평택시 청북읍 옥길리 1104,부영사랑으로2단지,평택시
41220|청북읍 옥길리|1110,경기도 평택시 청북읍 옥길리 1110,부영사랑으로1단지,평택시
41220|청북읍 옥길리|1137,경기도 평택시 청북읍 옥길리 1137,평택청북이지더원,평택시
41220|청북읍 옥길리|1144,경기도 평택시 청북읍 옥길리 1144,청북풍림아이원,평택시
41220|청북읍 옥길리|1150,경기도 평택시 청북읍 옥길리 1150,평택청북한양수자인,평택시
41220|청북읍 옥길리|1153,경기도 평택시 청북읍 옥길리 1153,유승한내들퍼스트뷰,평택시
41220|청북읍 옥길리|1158-7,경기도 평택시 청북읍 옥길리 1158-7,평택청북세종헤르메스,평택시
41220|칠괴동|601,경기도 평택시 칠괴동 601,우림필유,평택시
41220|칠원동|499,경기도 평택시 칠원동 499,동광,평택시
41220|칠원동|542,경기도 평택시 칠원동 542,평택지제역동문굿모닝힐맘시티1단지,평택시
41220|칠원동|559,경기도 평택시 칠원동 559,평택지제역동문굿모닝힐맘시티2단지,평택시
41220|칠원동|595,경기도 평택시 칠원동 595,평택지제역동문굿모닝힐맘시티4단지,평택시
41220|칠원동|613,경기도 평택시 칠원동 613,평택지제역동문굿모닝힐맘시티3단지,평택시
41220|칠원동|620,경기도 평택시 칠원동 620,평택지제역동문디이스트5단지,평택시
41220|통복동|153-2,경기도 평택시 통복동 153-2,기흥,평택시
41220|통복동|35-3,경기도 평택시 통복동 35-3,동아,평택시
41220|통복동|477,경기도 평택시 통복동 477,삼성,평택시
41220|통복동|539,경기도 평택시 통복동 539,신명보람,평택시
41220|통복동|539-2,경기도 평택시 통복동 539-2,동아2,평택시
41220|통복동|767,경기도 평택시 통복동 767,평택역경남아너스빌디아트,평택시
41220|통복동|88-2,경기도 평택시 통복동 88-2,꿈의도시두드림,평택시
41220|통복동|93-12,경기도 평택시 통복동 93-12,휴앤미,평택시
41220|통복동|94-6,경기도 평택시 통복동 94-6,부원편한세상,평택시
41220|팽성읍 객사리|187-20,경기도 평택시 팽성읍 객사리 187-20,향교,평택시
41220|팽성읍 객사리|63-4,경기도 평택시 팽성읍 객사리 63-4,중앙,평택시
41220|팽성읍 객사리|67-3,경기도 평택시 팽성읍 객사리 67-3,수청,평택시
41220|팽성읍 객사리|68-2,경기도 평택시 팽성읍 객사리 68-2,수청맨션,평택시
41220|팽성읍 송화리|24-5,경기도 평택시 팽성읍 송화리 24-5,영동,평택시
41220|팽성읍 송화리|65,경기도 평택시 팽성읍 송화리 65,서경,평택시
41220|팽성읍 송화리|785-1,경기도 평택시 팽성읍 송화리 785-1,현대홈타운,평택시
41220|팽성읍 송화리|788-1,경기도 평택시 팽성읍 송화리 788-1,송화지구우미이노스빌,평택시
41220|팽성읍 송화리|790-1,경기도 평택시 팽성읍 송화리 790-1,대원,평택시
41220|팽성읍 송화리|835,경기도 평택시 팽성읍 송화리 835,늘푸른오스카빌,평택시
41220|팽성읍 안정리|100-98,경기도 평택시 팽성읍 안정리 100-98,진광무지개,평택시
41220|팽성읍 안정리|136-3,경기도 평택시 팽성읍 안정리 136-3,맥심험프리스,평택시
41220|팽성읍 안정리|213,경기도 평택시 팽성읍 안정리 213,주공,평택시
41220|팽성읍 안정리|360,경기도 평택시 팽성읍 안정리 360,평택브라운스톤험프리스,평택시
41220|팽성읍 안정리|46-7,경기도 평택시 팽성읍 안정리 46-7,대옥,평택시
41220|팽성읍 평궁리|305-1,경기도 평택시 팽성읍 평궁리 305-1,성두,평택시
41220|평택동|121-11,경기도 평택시 평택동 121-11,성환,평택시
41220|평택동|185-44,경기도 평택시 평택동 185-44,어반스페이스(UrbanSpace),평택시
41220|평택동|202-30,경기도 평택시 평택동 202-30,세문,평택시
41220|평택동|287-43,경기도 평택시 평택동 287-43,새시장B,평택시
41220|평택동|288-18,경기도 평택시 평택동 288-18,새시장1,평택시
41220|평택동|293-4,경기도 평택시 평택동 293-4,라페온빌1차,평택시
41220|평택동|294-3,경기도 평택시 평택동 294-3,퍼스트시티,평택시
41220|평택동|294-6,경기도 평택시 평택동 294-6,베스트빌,평택시
41220|평택동|316,경기도 평택시 평택동 316,롯데인벤스스카이,평택시
41220|평택동|35-10,경기도 평택시 평택동 35-10,평택역코아루두드림,평택시
41220|평택동|35-28,경기도 평택시 평택동 35-28,동우자인채센트럴,평택시
41220|평택동|64-5,경기도 평택시 평택동 64-5,라페온빌II,평택시
41220|평택동|88-19,경기도 평택시 평택동 88-19,성신,평택시
41220|포승읍 내기리|697,경기도 평택시 포승읍 내기리 697,명지미래힐1단지,평택시
41220|포승읍 내기리|698,경기도 평택시 포승읍 내기리 698,명지미래힐2단지,평택시
41220|포승읍 도곡리|1109,경기도 평택시 포승읍 도곡리 1109,포승삼부르네상스2단지,평택시
41220|포승읍 도곡리|1113,경기도 평택시 포승읍 도곡리 1113,모아미래도1차,평택시
41220|포승읍 도곡리|1114,경기도 평택시 포승읍 도곡리 1114,포승삼부르네상스1단지,평택시
41220|포승읍 도곡리|1115,경기도 평택시 포승읍 도곡리 1115,모아미래도2차,평택시
41220|포승읍 도곡리|1117-10,경기도 평택시 포승읍 도곡리 1117-10,서평택삼익마에스트로,평택시
41220|포승읍 도곡리|1117-11,경기도 평택시 포승읍 도곡리 1117-11,평택스마트빌포레,평택시
41220|포승읍 도곡리|1118-4,경기도 평택시 포승읍 도곡리 1118-4,평택포승골든포트,평택시
41220|포승읍 도곡리|1118-7,경기도 평택시 포승읍 도곡리 1118-7,지예타워Ⅲ,평택시
41220|포승읍 도곡리|1120-5,경기도 평택시 포승읍 도곡리 1120-5,스마트빌듀오2차,평택시
41220|포승읍 도곡리|1121-1,경기도 평택시 포승읍 도곡리 1121-1,카임하우스,평택시
41220|포승읍 만호리|574-5,경기도 평택시 포승읍 만호리 574-5,스마트빌듀오1차,평택시
41220|포승읍 만호리|574-7,경기도 평택시 포승읍 만호리 574-7,더스위트하버,평택시
41220|포승읍 만호리|575-1,경기도 평택시 포승읍 만호리 575-1,스마트빌듀오3차,평택시
41220|포승읍 만호리|575-10,경기도 평택시 포승읍 만호리 575-10,평택메트로하임,평택시
41220|포승읍 만호리|646-1,경기도 평택시 포승읍 만호리 646-1,SR친오애,평택시
41220|포승읍 만호리|695-3,경기도 평택시 포승읍 만호리 695-3,비에니스타,평택시
41220|포승읍 방림리|715,경기도 평택시 포승읍 방림리 715,반도보라빌,평택시
41220|포승읍 석정리|278-3,경기도 평택시 포승읍 석정리 278-3,안중플러스빌(평생),평택시
41220|포승읍 석정리|306-5,경기도 평택시 포승읍 석정리 306-5,한라파인빌(구한라공조사원아파트),평택시
41220|합정동|373-3,경기도 평택시 합정동 373-3,평일,평택시
41220|합정동|428-1,경기도 평택시 합정동 428-1,대옥한미9,평택시
41220|합정동|429-1,경기도 평택시 합정동 429-1,대옥한미8,평택시
41220|합정동|736-28,경기도 평택시 합정동 736-28,리치아파트,평택시
41220|합정동|736-4,경기도 평택시 합정동 736-4,평택비티온유안앨리츠,평택시
41220|합정동|738-7,경기도 평택시 합정동 738-7,바우,평택시
41220|합정동|757-10,경기도 평택시 합정동 757-10,성동,평택시
41220|합정동|766,경기도 평택시 합정동 766,SKVIEW2단지,평택시
41220|합정동|766-2,경기도 평택시 합정동 766-2,SKVIEW1단지,평택시
41220|합정동|829,경기도 평택시 합정동 829,주공4,평택시
41220|합정동|835,경기도 평택시 합정동 835,주공,평택시
41220|합정동|870,경기도 평택시 합정동 870,참이슬,평택시
41220|합정동|880,경기도 평택시 합정동 880,SK합정,평택시
41220|합정동|901-7,경기도 평택시 합정동 901-7,송학,평택시
41220|합정동|934-2,경기도 평택시 합정동 934-2,목련,평택시
41220|합정동|964-17,경기도 평택시 합정동 964-17,프레이즈주상복합,평택시
41220|합정동|965-1,경기도 평택시 합정동 965-1,OrangeCounty,평택시
41220|합정동|965-11,경기도 평택시 합정동 965-11,엘라시티,평택시
41220|합정동|965-8,경기도 평택시 합정동 965-8,수아비스(965-8),평택시
41220|합정동|970-12,경기도 평택시 합정동 970-12,로얄시티아파트,평택시
41220|합정동|970-5,경기도 평택시 합정동 970-5,대원펠리스,평택시
41220|합정동|973-15,경기도 평택시 합정동 973-15,로얄해스티아,평택시
41220|합정동|975-10,경기도 평택시 합정동 975-10,영진엠플하우스,평택시
41220|합정동|975-11,경기도 평택시 합정동 975-11,로얄빌,평택시
41220|합정동|975-12,경기도 평택시 합정동 975-12,신평벨로체아파트,평택시
41220|합정동|975-2,경기도 평택시 합정동 975-2,(975-2),평택시
41220|합정동|가-,경기도 평택시 합정동 가-,평택뉴비전엘크루,평택시
41220|현덕면 권관리|576-1,경기도 평택시 현덕면 권관리 576-1,우경,평택시
41220|현덕면 권관리|688-3,경기도 평택시 현덕면 권관리 688-3,화성,평택시
41220|현덕면 인광리|406-13,경기도 평택시 현덕면 인광리 406-13,영흥(라),평택시
41220|현덕면 인광리|406-8,경기도 평택시 현덕면 인광리 406-8,"영흥(가,나,다)",평택시
41220|현덕면 인광리|413-2,경기도 평택시 현덕면 인광리 413-2,"한일(A,B)",평택시
41220|현덕면 인광리|573,경기도 평택시 현덕면 인광리 573,이안평택안중역,평택시
41220|현덕면 화양리|779,경기도 평택시 현덕면 화양리 779,한화포레나평택화양,평택시
41220|현덕면 화양리|가-#41220-5265,경기도 평택시 현덕면 화양리 가-,평택화양휴먼빌퍼스트시티아파트,평택시
41220|현덕면 화양리|가-#41220-5272,경기도 평택시 현덕면 화양리 가-,e편한세상평택하이센트,평택시
41220|현덕면 화양리|가-#41220-5282,경기도 평택시 현덕면 화양리 가-,e편한세상평택라씨엘로,평택시
41220|현덕면 화양리|가-#41220-5294,경기도 평택시 현덕면 화양리 가-,힐스테이트평택화양,평택시
41220|현덕면 화양리|가-#41220-5317,경기도 평택시 현덕면 화양리 가-,평택화양서희스타힐스센트럴파크아파트,평택시
41250|광암동|484-3,경기도 동두천시 광암동 484-3,한성,동두천시
41250|동두천동|109,경기도 동두천시 동두천동 109,리젠시빌하우스,동두천시
41250|동두천동|524,경기도 동두천시 동두천동 524,신창비바패밀리(1단지),동두천시
41250|동두천동|524-1,경기도 동두천시 동두천동 524-1,신창비바패밀리(2단지),동두천시
41250|동두천동|524-2,경기도 동두천시 동두천동 524-2,우방아이유쉘아파트,동두천시
41250|보산동|400-1,경기도 동두천시 보산동 400-1,보산주공아파트,동두천시
41250|보산동|404,경기도 동두천시 보산동 404,한전아파트(B동),동두천시
41250|보산동|404-77,경기도 동두천시 보산동 404-77,한전아파트(A동),동두천시
41250|상패동|2-53,경기도 동두천시 상패동 2-53,동남,동두천시
41250|상패동|53-13,경기도 동두천시 상패동 53-13,조흥(2동),동두천시
41250|상패동|53-3,경기도 동두천시 상패동 53-3,조흥(1동),동두천시
41250|상패동|61,경기도 동두천시 상패동 61,상패주공,동두천시
41250|상패동|65-6,경기도 동두천시 상패동 65-6,대광아파트,동두천시
41250|생연동|163,경기도 동두천시 생연동 163,생연주공아파트(1단지),동두천시
41250|생연동|231,경기도 동두천시 생연동 231,월드메르디앙,동두천시
41250|생연동|246-1,경기도 동두천시 생연동 246-1,한영아파트,동두천시
41250|생연동|251,경기도 동두천시 생연동 251,동양아파트,동두천시
41250|생연동|268-5,경기도 동두천시 생연동 268-5,조흥아파트,동두천시
41250|생연동|280,경기도 동두천시 생연동 280,태양아파트(2동),동두천시
41250|생연동|280-2,경기도 동두천시 생연동 280-2,태양아파트(1동),동두천시
41250|생연동|282,경기도 동두천시 생연동 282,대진아파트,동두천시
41250|생연동|284,경기도 동두천시 생연동 284,생연주공아파트(내행주공),동두천시
41250|생연동|296-1,경기도 동두천시 생연동 296-1,상우아파트,동두천시
41250|생연동|334-1,경기도 동두천시 생연동 334-1,에이스아파트(1차),동두천시
41250|생연동|335,경기도 동두천시 생연동 335,에이스아파트(2차),동두천시
41250|생연동|350,경기도 동두천시 생연동 350,에이스아파트(3차),동두천시
41250|생연동|352,경기도 동두천시 생연동 352,에이스아파트(4차),동두천시
41250|생연동|356,경기도 동두천시 생연동 356,에이스아파트(5차),동두천시
41250|생연동|360-2,경기도 동두천시 생연동 360-2,대방노블랜드1차,동두천시
41250|생연동|403-1,경기도 동두천시 생연동 403-1,근남아파트,동두천시
41250|생연동|442-1,경기도 동두천시 생연동 442-1,명품하우스,동두천시
41250|생연동|464-8,경기도 동두천시 생연동 464-8,동원아파트,동두천시
41250|생연동|464-9,경기도 동두천시 생연동 464-9,우성아파트,동두천시
41250|생연동|473-9,경기도 동두천시 생연동 473-9,화성아파트2차,동두천시
41250|생연동|497-1,경기도 동두천시 생연동 497-1,화성아파트1차,동두천시
41250|생연동|510-1,경기도 동두천시 생연동 510-1,칼리아,동두천시
41250|생연동|531-4,경기도 동두천시 생연동 531-4,화성아파트3차,동두천시
41250|생연동|531-6,경기도 동두천시 생연동 531-6,화성아파트6차,동두천시
41250|생연동|601-13,경기도 동두천시 생연동 601-13,SS타운하우스,동두천시
41250|생연동|631-53,경기도 동두천시 생연동 631-53,중앙역아파트제1동,동두천시
41250|생연동|643-2,경기도 동두천시 생연동 643-2,로뎀빌,동두천시
41250|생연동|664-20,경기도 동두천시 생연동 664-20,대림아파트,동두천시
41250|생연동|664-59,경기도 동두천시 생연동 664-59,파크타운아파트,동두천시
41250|생연동|714-2,경기도 동두천시 생연동 714-2,부영아파트(1단지),동두천시
41250|생연동|714-5,경기도 동두천시 생연동 714-5,대방노블랜드2차,동두천시
41250|생연동|715-1,경기도 동두천시 생연동 715-1,부영아파트(5단지),동두천시
41250|생연동|715-7,경기도 동두천시 생연동 715-7,부영아파트(6단지),동두천시
41250|생연동|787-2,경기도 동두천시 생연동 787-2,건영아파트,동두천시
41250|생연동|790-5,경기도 동두천시 생연동 790-5,화성아파트5차,동두천시
41250|생연동|791-10,경기도 동두천시 생연동 791-10,혜성1차(791-10),동두천시
41250|생연동|809,경기도 동두천시 생연동 809,세아프라자,동두천시
41250|생연동|832,경기도 동두천시 생연동 832,브라운스톤동두천,동두천시
41250|생연동|833,경기도 동두천시 생연동 833,동두천센트레빌,동두천시
41250|생연동|85,경기도 동두천시 생연동 85,기상,동두천시
41250|송내동|664-1,경기도 동두천시 송내동 664-1,LH지행역더퍼스트,동두천시
41250|송내동|664-4,경기도 동두천시 송내동 664-4,아이파크,동두천시
41250|송내동|665-3,경기도 동두천시 송내동 665-3,송내주공4단지,동두천시
41250|송내동|696-3,경기도 동두천시 송내동 696-3,송내주공5단지,동두천시
41250|지행동|172,경기도 동두천시 지행동 172,동양엔파트,동두천시
41250|지행동|196,경기도 동두천시 지행동 196,에코휴먼빌2차,동두천시
41250|지행동|270-3,경기도 동두천시 지행동 270-3,지행주공2단지,동두천시
41250|지행동|270-4,경기도 동두천시 지행동 270-4,지행주공1단지,동두천시
41250|지행동|282-3,경기도 동두천시 지행동 282-3,지행현대2차아파트,동두천시
41250|지행동|282-5,경기도 동두천시 지행동 282-5,지행현대1차아파트,동두천시
41250|지행동|292-10,경기도 동두천시 지행동 292-10,하이텍아파트,동두천시
41250|지행동|308,경기도 동두천시 지행동 308,휴먼빌아파트,동두천시
41250|지행동|339-1,경기도 동두천시 지행동 339-1,현성아파트,동두천시
41250|지행동|342-1,경기도 동두천시 지행동 342-1,현성하이츠,동두천시
41250|지행동|351-29,경기도 동두천시 지행동 351-29,씨티PARK,동두천시
41250|지행동|354,경기도 동두천시 지행동 354,동원베네스트,동두천시
41250|지행동|691,경기도 동두천시 지행동 691,부영아파트(3단지),동두천시
41250|지행동|691-2,경기도 동두천시 지행동 691-2,지행역센트레빌파크뷰,동두천시
41250|지행동|691-3,경기도 동두천시 지행동 691-3,현진에버빌,동두천시
41250|지행동|692-1,경기도 동두천시 지행동 692-1,대방노블랜드(7단지),동두천시
41250|지행동|692-3,경기도 동두천시 지행동 692-3,대방노블랜드(8단지),동두천시
41250|지행동|692-6,경기도 동두천시 지행동 692-6,부영아파트(9단지),동두천시
41250|지행동|717-2,경기도 동두천시 지행동 717-2,송내주공1단지,동두천시
41250|지행동|722-5,경기도 동두천시 지행동 722-5,송내주공2단지,동두천시
41271|건건동|536-40,경기도 안산시 상록구 건건동 536-40,신동아종건블루아,안산시 상록구
41271|건건동|625-7,경기도 안산시 상록구 건건동 625-7,원촌,안산시 상록구
41271|건건동|627-6,경기도 안산시 상록구 건건동 627-6,원촌아트빌,안산시 상록구
41271|건건동|633-3,경기도 안산시 상록구 건건동 633-3,현대화인빌,안산시 상록구
41271|건건동|644-7,경기도 안산시 상록구 건건동 644-7,마크리엘,안산시 상록구
41271|건건동|665,경기도 안산시 상록구 건건동 665,반월서해,안산시 상록구
41271|건건동|894-1,경기도 안산시 상록구 건건동 894-1,인정프린스,안산시 상록구
41271|건건동|894-10,경기도 안산시 상록구 건건동 894-10,반월역두산위브더센트럴,안산시 상록구
41271|건건동|987,경기도 안산시 상록구 건건동 987,건건e-편한세상,안산시 상록구
41271|건건동|994,경기도 안산시 상록구 건건동 994,건건동영무예다음,안산시 상록구
41271|건건동|995,경기도 안산시 상록구 건건동 995,반월역동문디이스트,안산시 상록구
41271|본오동|871,경기도 안산시 상록구 본오동 871,신안1,안산시 상록구
41271|본오동|872,경기도 안산시 상록구 본오동 872,월드,안산시 상록구
41271|본오동|872-20,경기도 안산시 상록구 본오동 872-20,우성,안산시 상록구
41271|본오동|879,경기도 안산시 상록구 본오동 879,본오주공,안산시 상록구
41271|본오동|879-15,경기도 안산시 상록구 본오동 879-15,태영,안산시 상록구
41271|본오동|879-16,경기도 안산시 상록구 본오동 879-16,신안2,안산시 상록구
41271|본오동|880,경기도 안산시 상록구 본오동 880,반월한양,안산시 상록구
41271|본오동|938-10,경기도 안산시 상록구 본오동 938-10,호원빌리지A동,안산시 상록구
41271|본오동|948,경기도 안산시 상록구 본오동 948,동산,안산시 상록구
41271|본오동|948-10,경기도 안산시 상록구 본오동 948-10,뉴그랑블,안산시 상록구
41271|본오동|948-14,경기도 안산시 상록구 본오동 948-14,보라팰리스(948-14),안산시 상록구
41271|본오동|948-18,경기도 안산시 상록구 본오동 948-18,홈네스트빌,안산시 상록구
41271|본오동|948-3,경기도 안산시 상록구 본오동 948-3,우광아파트,안산시 상록구
41271|본오동|948-4,경기도 안산시 상록구 본오동 948-4,동양렉슬,안산시 상록구
41271|본오동|948-7,경기도 안산시 상록구 본오동 948-7,그린시아,안산시 상록구
41271|본오동|948-9,경기도 안산시 상록구 본오동 948-9,비발디파크(948-9),안산시 상록구
41271|부곡동|539-4,경기도 안산시 상록구 부곡동 539-4,대원해피타워,안산시 상록구
41271|사동|1197,경기도 안산시 상록구 사동 1197,그린시아아파트101동,안산시 상록구
41271|사동|1197-10,경기도 안산시 상록구 사동 1197-10,그린시아아파트102동,안산시 상록구
41271|사동|1318-4,경기도 안산시 상록구 사동 1318-4,엘리지움,안산시 상록구
41271|사동|1318-6,경기도 안산시 상록구 사동 1318-6,한영엘리지움Ⅱ,안산시 상록구
41271|사동|1343,경기도 안산시 상록구 사동 1343,현대2,안산시 상록구
41271|사동|1344,경기도 안산시 상록구 사동 1344,예누림,안산시 상록구
41271|사동|1344-1,경기도 안산시 상록구 사동 1344-1,신우,안산시 상록구
41271|사동|1345,경기도 안산시 상록구 사동 1345,SK선경,안산시 상록구
41271|사동|1345-1,경기도 안산시 상록구 사동 1345-1,요진,안산시 상록구
41271|사동|1345-2,경기도 안산시 상록구 사동 1345-2,현대1,안산시 상록구
41271|사동|1346,경기도 안산시 상록구 사동 1346,월드메르디앙,안산시 상록구
41271|사동|1423,경기도 안산시 상록구 사동 1423,e편한세상상록,안산시 상록구
41271|사동|1505,경기도 안산시 상록구 사동 1505,본오2차,안산시 상록구
41271|사동|1506,경기도 안산시 상록구 사동 1506,본오,안산시 상록구
41271|사동|1510,경기도 안산시 상록구 사동 1510,안산고잔7차푸르지오,안산시 상록구
41271|사동|1511,경기도 안산시 상록구 사동 1511,안산고잔9차푸르지오,안산시 상록구
41271|사동|1512,경기도 안산시 상록구 사동 1512,안산고잔6차푸르지오,안산시 상록구
41271|사동|1514,경기도 안산시 상록구 사동 1514,상록마을,안산시 상록구
41271|사동|1532,경기도 안산시 상록구 사동 1532,푸른마을주공2,안산시 상록구
41271|사동|1533,경기도 안산시 상록구 사동 1533,늘푸른,안산시 상록구
41271|사동|1536,경기도 안산시 상록구 사동 1536,푸른마을주공5,안산시 상록구
41271|사동|1537,경기도 안산시 상록구 사동 1537,푸른마을주공4,안산시 상록구
41271|사동|1538-1,경기도 안산시 상록구 사동 1538-1,푸른마을주공3,안산시 상록구
41271|사동|1553,경기도 안산시 상록구 사동 1553,숲속마을,안산시 상록구
41271|사동|1639,경기도 안산시 상록구 사동 1639,그랑시티자이2차,안산시 상록구
41271|사동|1639-7,경기도 안산시 상록구 사동 1639-7,그랑시티자이,안산시 상록구
41271|사사동|239-1,경기도 안산시 상록구 사사동 239-1,황제,안산시 상록구
41271|사사동|413,경기도 안산시 상록구 사사동 413,현대,안산시 상록구
41271|성포동|583,경기도 안산시 상록구 성포동 583,예술인,안산시 상록구
41271|성포동|584,경기도 안산시 상록구 성포동 584,주공10,안산시 상록구
41271|성포동|587,경기도 안산시 상록구 성포동 587,주공3,안산시 상록구
41271|성포동|588,경기도 안산시 상록구 성포동 588,주공4,안산시 상록구
41271|성포동|591,경기도 안산시 상록구 성포동 591,주공11,안산시 상록구
41271|성포동|592,경기도 안산시 상록구 성포동 592,선경,안산시 상록구
41271|성포동|592-2,경기도 안산시 상록구 성포동 592-2,안산현대1,안산시 상록구
41271|성포동|747,경기도 안산시 상록구 성포동 747,파크푸르지오,안산시 상록구
41271|수암동|185-5,경기도 안산시 상록구 수암동 185-5,로얄아파트나동,안산시 상록구
41271|수암동|186-4,경기도 안산시 상록구 수암동 186-4,로얄아파트가동,안산시 상록구
41271|수암동|189,경기도 안산시 상록구 수암동 189,동신,안산시 상록구
41271|수암동|490,경기도 안산시 상록구 수암동 490,엘리지움,안산시 상록구
41271|수암동|493-3,경기도 안산시 상록구 수암동 493-3,대보나동,안산시 상록구
41271|수암동|499-7,경기도 안산시 상록구 수암동 499-7,대보가동,안산시 상록구
41271|수암동|500-1,경기도 안산시 상록구 수암동 500-1,수암동대현그랑시아,안산시 상록구
41271|수암동|500-2,경기도 안산시 상록구 수암동 500-2,펠리체,안산시 상록구
41271|수암동|501-1,경기도 안산시 상록구 수암동 501-1,수암베스트타워,안산시 상록구
41271|수암동|501-2,경기도 안산시 상록구 수암동 501-2,더블리스,안산시 상록구
41271|수암동|501-7,경기도 안산시 상록구 수암동 501-7,엘리지움,안산시 상록구
41271|수암동|502-3,경기도 안산시 상록구 수암동 502-3,이수빌,안산시 상록구
41271|수암동|502-5,경기도 안산시 상록구 수암동 502-5,동영센트럴타워,안산시 상록구
41271|수암동|503-1,경기도 안산시 상록구 수암동 503-1,이림지오팰리스,안산시 상록구
41271|수암동|506-7,경기도 안산시 상록구 수암동 506-7,성대,안산시 상록구
41271|월피동|444,경기도 안산시 상록구 월피동 444,주공1,안산시 상록구
41271|월피동|446#41271-34,경기도 안산시 상록구 월피동 446,주공2,안산시 상록구
41271|월피동|446#41271-35,경기도 안산시 상록구 월피동 446,주공3,안산시 상록구
41271|월피동|447,경기도 안산시 상록구 월피동 447,한양,안산시 상록구
41271|월피동|448,경기도 안산시 상록구 월피동 448,현대2차,안산시 상록구
41271|월피동|466-3,경기도 안산시 상록구 월피동 466-3,스타캐슬,안산시 상록구
41271|월피동|508-4,경기도 안산시 상록구 월피동 508-4,해오름,안산시 상록구
41271|이동|664,경기도 안산시 상록구 이동 664,주공그린빌10단지,안산시 상록구
41271|이동|664-1,경기도 안산시 상록구 이동 664-1,푸르지오2차,안산시 상록구
41271|장상동|18-5,경기도 안산시 상록구 장상동 18-5,건양타워,안산시 상록구
41271|장상동|534-1,경기도 안산시 상록구 장상동 534-1,프라임타운,안산시 상록구
41271|장상동|541-1,경기도 안산시 상록구 장상동 541-1,광덕,안산시 상록구
41273|고잔동|532,경기도 안산시 단원구 고잔동 532,주공1,안산시 단원구
41273|고잔동|538,경기도 안산시 단원구 고잔동 538,주공2,안산시 단원구
41273|고잔동|616,경기도 안산시 단원구 고잔동 616,오성푸르메APT101동,안산시 단원구
41273|고잔동|616-1,경기도 안산시 단원구 고잔동 616-1,오성푸르메APT102동,안산시 단원구
41273|고잔동|616-5,경기도 안산시 단원구 고잔동 616-5,동화펠리스,안산시 단원구
41273|고잔동|631,경기도 안산시 단원구 고잔동 631,포레나안산고잔,안산시 단원구
41273|고잔동|670,경기도 안산시 단원구 고잔동 670,주공7,안산시 단원구
41273|고잔동|671,경기도 안산시 단원구 고잔동 671,주공8,안산시 단원구
41273|고잔동|672,경기도 안산시 단원구 고잔동 672,주공(9단지),안산시 단원구
41273|고잔동|675,경기도 안산시 단원구 고잔동 675,주공5,안산시 단원구
41273|고잔동|676-2,경기도 안산시 단원구 고잔동 676-2,주공6,안산시 단원구
41273|고잔동|702,경기도 안산시 단원구 고잔동 702,푸르지오4차,안산시 단원구
41273|고잔동|712,경기도 안산시 단원구 고잔동 712,대우푸르지오5,안산시 단원구
41273|고잔동|714,경기도 안산시 단원구 고잔동 714,단원마을금강펜테리움,안산시 단원구
41273|고잔동|720#41273-37,경기도 안산시 단원구 고잔동 720,호수공원(대림1),안산시 단원구
41273|고잔동|720#41273-88,경기도 안산시 단원구 고잔동 720,호수공원(대림2A),안산시 단원구
41273|고잔동|720#41273-89,경기도 안산시 단원구 고잔동 720,호수공원(대림2B)134~139동,안산시 단원구
41273|고잔동|728,경기도 안산시 단원구 고잔동 728,푸르지오3차,안산시 단원구
41273|고잔동|765,경기도 안산시 단원구 고잔동 765,주공그린빌9,안산시 단원구
41273|고잔동|766,경기도 안산시 단원구 고잔동 766,주공그린빌8,안산시 단원구
41273|고잔동|767,경기도 안산시 단원구 고잔동 767,네오빌6단지,안산시 단원구
41273|고잔동|776,경기도 안산시 단원구 고잔동 776,주공그린빌7,안산시 단원구
41273|고잔동|778,경기도 안산시 단원구 고잔동 778,보네르빌리지,안산시 단원구
41273|고잔동|780,경기도 안산시 단원구 고잔동 780,양지마을,안산시 단원구
41273|고잔동|781,경기도 안산시 단원구 고잔동 781,푸르지오1차,안산시 단원구
41273|고잔동|782,경기도 안산시 단원구 고잔동 782,안산레이크타운푸르지오,안산시 단원구
41273|고잔동|851,경기도 안산시 단원구 고잔동 851,센트럴푸르지오,안산시 단원구
41273|고잔동|852,경기도 안산시 단원구 고잔동 852,고잔롯데캐슬골드파크,안산시 단원구
41273|고잔동|853,경기도 안산시 단원구 고잔동 853,힐스테이트중앙,안산시 단원구
41273|선부동|1003,경기도 안산시 단원구 선부동 1003,안산중흥S클래스더퍼스트,안산시 단원구
41273|선부동|1028-1,경기도 안산시 단원구 선부동 1028-1,일신건영휴먼빌,안산시 단원구
41273|선부동|1069,경기도 안산시 단원구 선부동 1069,군자주공10,안산시 단원구
41273|선부동|1078#41273-67,경기도 안산시 단원구 선부동 1078,군자주공11,안산시 단원구
41273|선부동|1078#41273-68,경기도 안산시 단원구 선부동 1078,군자주공12,안산시 단원구
41273|선부동|1079,경기도 안산시 단원구 선부동 1079,군자주공14,안산시 단원구
41273|선부동|1080#41273-70,경기도 안산시 단원구 선부동 1080,군자주공15(저층),안산시 단원구
41273|선부동|1080#41273-91,경기도 안산시 단원구 선부동 1080,군자주공15(고층),안산시 단원구
41273|선부동|1081,경기도 안산시 단원구 선부동 1081,산호한양,안산시 단원구
41273|선부동|1082,경기도 안산시 단원구 선부동 1082,동명벽산블루밍,안산시 단원구
41273|선부동|1085#41273-64,경기도 안산시 단원구 선부동 1085,공작한양(저층),안산시 단원구
41273|선부동|1085#41273-87,경기도 안산시 단원구 선부동 1085,공작한양(고층),안산시 단원구
41273|선부동|1086,경기도 안산시 단원구 선부동 1086,수정한양,안산시 단원구
41273|선부동|1087-16,경기도 안산시 단원구 선부동 1087-16,보광그랑베르,안산시 단원구
41273|선부동|1087-22,경기도 안산시 단원구 선부동 1087-22,라인캐슬,안산시 단원구
41273|선부동|1087-26,경기도 안산시 단원구 선부동 1087-26,선부더빌(SunbuTheVille),안산시 단원구
41273|선부동|1177,경기도 안산시 단원구 선부동 1177,안산메트로타운푸르지오힐스테이트,안산시 단원구
41273|선부동|1186#41273-2307,경기도 안산시 단원구 선부동 1186,e편한세상선부파크플레이스2차,안산시 단원구
41273|선부동|1186#41273-2308,경기도 안산시 단원구 선부동 1186,e편한세상선부파크플레이스1차,안산시 단원구
41273|선부동|1188,경기도 안산시 단원구 선부동 1188,안산라프리모,안산시 단원구
41273|선부동|1189,경기도 안산시 단원구 선부동 1189,이편한세상선부역어반스퀘어,안산시 단원구
41273|선부동|953,경기도 안산시 단원구 선부동 953,군자주공6,안산시 단원구
41273|선부동|959,경기도 안산시 단원구 선부동 959,군자주공8,안산시 단원구
41273|선부동|961,경기도 안산시 단원구 선부동 961,군자주공7,안산시 단원구
41273|선부동|967,경기도 안산시 단원구 선부동 967,군자주공9,안산시 단원구
41273|선부동|978-1,경기도 안산시 단원구 선부동 978-1,효성,안산시 단원구
41273|선부동|998,경기도 안산시 단원구 선부동 998,안산한신더휴,안산시 단원구
41273|신길동|1438,경기도 안산시 단원구 신길동 1438,삼익,안산시 단원구
41273|신길동|1445,경기도 안산시 단원구 신길동 1445,두산위브,안산시 단원구
41273|신길동|1446,경기도 안산시 단원구 신길동 1446,안산신길온천역휴먼빌,안산시 단원구
41273|신길동|1447,경기도 안산시 단원구 신길동 1447,휴먼빌2차,안산시 단원구
41273|신길동|1518,경기도 안산시 단원구 신길동 1518,휴먼시아3단지,안산시 단원구
41273|신길동|1537,경기도 안산시 단원구 신길동 1537,휴먼시아4단지,안산시 단원구
41273|신길동|1563,경기도 안산시 단원구 신길동 1563,휴먼시아6단지,안산시 단원구
41273|신길동|1679,경기도 안산시 단원구 신길동 1679,안산아이파크,안산시 단원구
41273|와동|780-4,경기도 안산시 단원구 와동 780-4,인썬캐슬,안산시 단원구
41273|와동|780-6,경기도 안산시 단원구 와동 780-6,뉴캐슬,안산시 단원구
41273|와동|885,경기도 안산시 단원구 와동 885,천년가리더스카이,안산시 단원구
41273|원곡동|1001#41273-2385,경기도 안산시 단원구 원곡동 1001,초지역메이저타운푸르지오에코단지,안산시 단원구
41273|원곡동|1001#41273-2660,경기도 안산시 단원구 원곡동 1001,초지역메이저타운푸르지오에코단지,안산시 단원구
41273|원곡동|1002,경기도 안산시 단원구 원곡동 1002,e편한세상초지역센트럴포레,안산시 단원구
41273|원곡동|1003,경기도 안산시 단원구 원곡동 1003,안산푸르지오브리파크,안산시 단원구
41273|원곡동|828-5,경기도 안산시 단원구 원곡동 828-5,벽산블루밍,안산시 단원구
41273|원곡동|847,경기도 안산시 단원구 원곡동 847,한화꿈에그린,안산시 단원구
41273|원곡동|937,경기도 안산시 단원구 원곡동 937,안산8차푸르지오,안산시 단원구
41273|원곡동|938,경기도 안산시 단원구 원곡동 938,경남아너스빌,안산시 단원구
41273|초지동|603-1,경기도 안산시 단원구 초지동 603-1,군자주공5,안산시 단원구
41273|초지동|604,경기도 안산시 단원구 초지동 604,군자주공4,안산시 단원구
41273|초지동|723,경기도 안산시 단원구 초지동 723,주공그린빌11,안산시 단원구
41273|초지동|724,경기도 안산시 단원구 초지동 724,주공그린빌13단지,안산시 단원구
41273|초지동|725,경기도 안산시 단원구 초지동 725,주공그린빌14단지,안산시 단원구
41273|초지동|730,경기도 안산시 단원구 초지동 730,주공그린빌12,안산시 단원구
41273|초지동|731,경기도 안산시 단원구 초지동 731,호수마을풍림,안산시 단원구
41273|초지동|736,경기도 안산시 단원구 초지동 736,그린빌15(해맑음마을),안산시 단원구
41273|초지동|738,경기도 안산시 단원구 초지동 738,그린빌18,안산시 단원구
41273|초지동|741,경기도 안산시 단원구 초지동 741,서해그랑블,안산시 단원구
41273|초지동|796,경기도 안산시 단원구 초지동 796,두산위브,안산시 단원구
41273|초지동|801,경기도 안산시 단원구 초지동 801,롯데캐슬더퍼스트,안산시 단원구
41273|초지동|802,경기도 안산시 단원구 초지동 802,초지역메이저타운푸르지오파크단지,안산시 단원구
41273|초지동|803,경기도 안산시 단원구 초지동 803,초지역메이저타운푸르지오메트로단지,안산시 단원구
41281|고양동|103,경기도 고양시 덕양구 고양동 103,화성그린빌,고양시 덕양구
41281|고양동|1121,경기도 고양시 덕양구 고양동 1121,푸른마을10단지,고양시 덕양구
41281|고양동|197,경기도 고양시 덕양구 고양동 197,삼성,고양시 덕양구
41281|고양동|240-6,경기도 고양시 덕양구 고양동 240-6,현대1,고양시 덕양구
41281|고양동|255,경기도 고양시 덕양구 고양동 255,현대2,고양시 덕양구
41281|고양동|399,경기도 고양시 덕양구 고양동 399,청구,고양시 덕양구
41281|고양동|414-1,경기도 고양시 덕양구 고양동 414-1,윤창APT,고양시 덕양구
41281|고양동|454,경기도 고양시 덕양구 고양동 454,고양동우방유쉘아파트,고양시 덕양구
41281|고양동|719,경기도 고양시 덕양구 고양동 719,푸른마을3단지,고양시 덕양구
41281|고양동|720,경기도 고양시 덕양구 고양동 720,푸른마을2단지,고양시 덕양구
41281|고양동|724,경기도 고양시 덕양구 고양동 724,푸른마을6단지,고양시 덕양구
41281|고양동|730,경기도 고양시 덕양구 고양동 730,푸른마을5단지,고양시 덕양구
41281|고양동|734,경기도 고양시 덕양구 고양동 734,푸른마을4단지,고양시 덕양구
41281|고양동|735,경기도 고양시 덕양구 고양동 735,푸른마을1단지,고양시 덕양구
41281|고양동|752,경기도 고양시 덕양구 고양동 752,푸른마을7단지,고양시 덕양구
41281|관산동|1015,경기도 고양시 덕양구 관산동 1015,더퍼스트프라임,고양시 덕양구
41281|관산동|126,경기도 고양시 덕양구 관산동 126,유승(126),고양시 덕양구
41281|관산동|134,경기도 고양시 덕양구 관산동 134,윤창,고양시 덕양구
41281|관산동|137-1,경기도 고양시 덕양구 관산동 137-1,유승(137-1),고양시 덕양구
41281|관산동|151,경기도 고양시 덕양구 관산동 151,허스(151),고양시 덕양구
41281|관산동|151-3,경기도 고양시 덕양구 관산동 151-3,허스(151-3),고양시 덕양구
41281|관산동|178-57,경기도 고양시 덕양구 관산동 178-57,새서울,고양시 덕양구
41281|관산동|180-7,경기도 고양시 덕양구 관산동 180-7,한승미메이드,고양시 덕양구
41281|관산동|246-3,경기도 고양시 덕양구 관산동 246-3,준성,고양시 덕양구
41281|관산동|338-4,경기도 고양시 덕양구 관산동 338-4,중앙,고양시 덕양구
41281|관산동|981,경기도 고양시 덕양구 관산동 981,신성,고양시 덕양구
41281|관산동|996,경기도 고양시 덕양구 관산동 996,주공그린빌,고양시 덕양구
41281|덕은동|258-1,경기도 고양시 덕양구 덕은동 258-1,윤창,고양시 덕양구
41281|덕은동|593,경기도 고양시 덕양구 덕은동 593,DMC자이더포레리버뷰,고양시 덕양구
41281|덕은동|596,경기도 고양시 덕양구 덕은동 596,DMC한강호반써밋,고양시 덕양구
41281|덕은동|658,경기도 고양시 덕양구 덕은동 658,DMC한강숲중흥S-CLASS,고양시 덕양구
41281|덕은동|679,경기도 고양시 덕양구 덕은동 679,DMC한강자이더헤리티지,고양시 덕양구
41281|덕은동|683,경기도 고양시 덕양구 덕은동 683,DMC디에트르한강,고양시 덕양구
41281|덕은동|686,경기도 고양시 덕양구 덕은동 686,DMC자이더리버,고양시 덕양구
41281|덕은동|698,경기도 고양시 덕양구 덕은동 698,DMC한강에일린의뜰,고양시 덕양구
41281|덕은동|710,경기도 고양시 덕양구 덕은동 710,DMC한강삼정그린코아더베스트,고양시 덕양구
41281|도내동|1006,경기도 고양시 덕양구 도내동 1006,원흥호반베르디움더퍼스트5단지,고양시 덕양구
41281|도내동|1010,경기도 고양시 덕양구 도내동 1010,도래울센트럴더힐,고양시 덕양구
41281|도내동|1011,경기도 고양시 덕양구 도내동 1011,도래울센트럴파크(CentralPark),고양시 덕양구
41281|도내동|1103,경기도 고양시 덕양구 도내동 1103,도래울파크뷰,고양시 덕양구
41281|도내동|1107,경기도 고양시 덕양구 도내동 1107,고양원흥동일스위트,고양시 덕양구
41281|도내동|983,경기도 고양시 덕양구 도내동 983,도래울센트럴더포레,고양시 덕양구
41281|동산동|344,경기도 고양시 덕양구 동산동 344,동산마을호반베르디움,고양시 덕양구
41281|동산동|365,경기도 고양시 덕양구 동산동 365,창릉호반써밋,고양시 덕양구
41281|삼송동|293,경기도 고양시 덕양구 삼송동 293,삼송역현대헤리엇,고양시 덕양구
41281|삼송동|306,경기도 고양시 덕양구 삼송동 306,고양삼송동원로얄듀크,고양시 덕양구
41281|삼송동|311,경기도 고양시 덕양구 삼송동 311,삼송2차아이파크,고양시 덕양구
41281|삼송동|331,경기도 고양시 덕양구 삼송동 331,삼송스타클래스,고양시 덕양구
41281|성사동|404-28,경기도 고양시 덕양구 성사동 404-28,"미미아파트(가,나,다동)",고양시 덕양구
41281|성사동|404-31,경기도 고양시 덕양구 성사동 404-31,미미아파트(라동),고양시 덕양구
41281|성사동|404-7,경기도 고양시 덕양구 성사동 404-7,"미도아파트5차(3동,5동)",고양시 덕양구
41281|성사동|404-8,경기도 고양시 덕양구 성사동 404-8,"미도아파트5차(1동,2동)",고양시 덕양구
41281|성사동|405-8,경기도 고양시 덕양구 성사동 405-8,수정(405-8),고양시 덕양구
41281|성사동|407-9,경기도 고양시 덕양구 성사동 407-9,동원(407-9),고양시 덕양구
41281|성사동|415,경기도 고양시 덕양구 성사동 415,개나리,고양시 덕양구
41281|성사동|422-2,경기도 고양시 덕양구 성사동 422-2,미도(422-2),고양시 덕양구
41281|성사동|422-3,경기도 고양시 덕양구 성사동 422-3,미도(422-3),고양시 덕양구
41281|성사동|488-56,경기도 고양시 덕양구 성사동 488-56,임창(488-56),고양시 덕양구
41281|성사동|488-81,경기도 고양시 덕양구 성사동 488-81,임창(488-81),고양시 덕양구
41281|성사동|493,경기도 고양시 덕양구 성사동 493,세현,고양시 덕양구
41281|성사동|494-29,경기도 고양시 덕양구 성사동 494-29,삼화그린아파트(A동),고양시 덕양구
41281|성사동|494-5,경기도 고양시 덕양구 성사동 494-5,삼화그린아파트(B동),고양시 덕양구
41281|성사동|496-5,경기도 고양시 덕양구 성사동 496-5,"장미아파트(가,나,다,라동)",고양시 덕양구
41281|성사동|501-2,경기도 고양시 덕양구 성사동 501-2,명지캐럿86,고양시 덕양구
41281|성사동|519-51,경기도 고양시 덕양구 성사동 519-51,장미아파트(바동),고양시 덕양구
41281|성사동|519-53,경기도 고양시 덕양구 성사동 519-53,장미아파트(마동),고양시 덕양구
41281|성사동|704-5,경기도 고양시 덕양구 성사동 704-5,성사루체하임,고양시 덕양구
41281|성사동|705-15,경기도 고양시 덕양구 성사동 705-15,서안,고양시 덕양구
41281|성사동|706-10,경기도 고양시 덕양구 성사동 706-10,상목,고양시 덕양구
41281|성사동|707-11,경기도 고양시 덕양구 성사동 707-11,하림이벨리지타운,고양시 덕양구
41281|성사동|707-9,경기도 고양시 덕양구 성사동 707-9,성사동세띠앙주상복합,고양시 덕양구
41281|성사동|719,경기도 고양시 덕양구 성사동 719,신원당(동문1),고양시 덕양구
41281|성사동|723,경기도 고양시 덕양구 성사동 723,신원당(태영2),고양시 덕양구
41281|성사동|724,경기도 고양시 덕양구 성사동 724,신원당(동신2),고양시 덕양구
41281|성사동|725,경기도 고양시 덕양구 성사동 725,신원당(태영9),고양시 덕양구
41281|성사동|726,경기도 고양시 덕양구 성사동 726,신원당(삼보8),고양시 덕양구
41281|성사동|727,경기도 고양시 덕양구 성사동 727,신원당(동신7),고양시 덕양구
41281|성사동|730,경기도 고양시 덕양구 성사동 730,신원당(대명5),고양시 덕양구
41281|성사동|731,경기도 고양시 덕양구 성사동 731,신원당(태영6),고양시 덕양구
41281|성사동|860,경기도 고양시 덕양구 성사동 860,삼성래미안,고양시 덕양구
41281|성사동|869,경기도 고양시 덕양구 성사동 869,원당대림e-편한세상,고양시 덕양구
41281|신원동|595,경기도 고양시 덕양구 신원동 595,고양삼송동일스위트파크뷰7(1차),고양시 덕양구
41281|신원동|600,경기도 고양시 덕양구 신원동 600,신원마을고양삼송아이파크,고양시 덕양구
41281|신원동|609,경기도 고양시 덕양구 신원동 609,신원마을1단지우남퍼스트빌,고양시 덕양구
41281|신원동|653,경기도 고양시 덕양구 신원동 653,삼송힐스테이트,고양시 덕양구
41281|신원동|654,경기도 고양시 덕양구 신원동 654,신원마을5단지우림필유아파트,고양시 덕양구
41281|신원동|658,경기도 고양시 덕양구 신원동 658,A9블럭신원마을호반베르디움,고양시 덕양구
41281|신원동|661,경기도 고양시 덕양구 신원동 661,삼송10단지동일스위트2차,고양시 덕양구
41281|원흥동|619,경기도 고양시 덕양구 원흥동 619,삼송3차아이파크,고양시 덕양구
41281|원흥동|630,경기도 고양시 덕양구 원흥동 630,삼송원흥역센트럴푸르지오,고양시 덕양구
41281|원흥동|635,경기도 고양시 덕양구 원흥동 635,삼송2차원흥역동원로얄듀크비스타,고양시 덕양구
41281|원흥동|670,경기도 고양시 덕양구 원흥동 670,삼송리슈빌센트럴파크,고양시 덕양구
41281|주교동|16-4,경기도 고양시 덕양구 주교동 16-4,산장,고양시 덕양구
41281|주교동|1633,경기도 고양시 덕양구 주교동 1633,우인아크리움빌,고양시 덕양구
41281|주교동|272-1,경기도 고양시 덕양구 주교동 272-1,윤창,고양시 덕양구
41281|주교동|273-1,경기도 고양시 덕양구 주교동 273-1,예중파크뷰,고양시 덕양구
41281|주교동|313-1,경기도 고양시 덕양구 주교동 313-1,서초,고양시 덕양구
41281|주교동|350-1,경기도 고양시 덕양구 주교동 350-1,벽산,고양시 덕양구
41281|주교동|552-1,경기도 고양시 덕양구 주교동 552-1,은하,고양시 덕양구
41281|주교동|554,경기도 고양시 덕양구 주교동 554,대기(554),고양시 덕양구
41281|주교동|554-1,경기도 고양시 덕양구 주교동 554-1,영흥,고양시 덕양구
41281|주교동|555,경기도 고양시 덕양구 주교동 555,루미아트,고양시 덕양구
41281|주교동|561-1,경기도 고양시 덕양구 주교동 561-1,삼림(561-1),고양시 덕양구
41281|주교동|563,경기도 고양시 덕양구 주교동 563,미도,고양시 덕양구
41281|주교동|563-4,경기도 고양시 덕양구 주교동 563-4,장미3,고양시 덕양구
41281|주교동|565,경기도 고양시 덕양구 주교동 565,평화,고양시 덕양구
41281|주교동|568-6,경기도 고양시 덕양구 주교동 568-6,미광,고양시 덕양구
41281|주교동|568-8,경기도 고양시 덕양구 주교동 568-8,BK팰리스아파트,고양시 덕양구
41281|주교동|569-10,경기도 고양시 덕양구 주교동 569-10,삼림(569-10),고양시 덕양구
41281|주교동|569-9,경기도 고양시 덕양구 주교동 569-9,우진(569-9),고양시 덕양구
41281|주교동|570,경기도 고양시 덕양구 주교동 570,임창(570),고양시 덕양구
41281|주교동|572,경기도 고양시 덕양구 주교동 572,신성(572),고양시 덕양구
41281|주교동|574-1,경기도 고양시 덕양구 주교동 574-1,대영,고양시 덕양구
41281|주교동|575-9,경기도 고양시 덕양구 주교동 575-9,영신(575-9),고양시 덕양구
41281|주교동|580-11,경기도 고양시 덕양구 주교동 580-11,동원(580-11),고양시 덕양구
41281|주교동|584-3,경기도 고양시 덕양구 주교동 584-3,경원아인스타워,고양시 덕양구
41281|주교동|585-18,경기도 고양시 덕양구 주교동 585-18,거보플러스-1,고양시 덕양구
41281|주교동|585-19,경기도 고양시 덕양구 주교동 585-19,거보플러스-2,고양시 덕양구
41281|주교동|585-20,경기도 고양시 덕양구 주교동 585-20,거보플러스-3,고양시 덕양구
41281|주교동|585-21,경기도 고양시 덕양구 주교동 585-21,거보플러스-4,고양시 덕양구
41281|주교동|585-22,경기도 고양시 덕양구 주교동 585-22,거보플러스(A),고양시 덕양구
41281|주교동|585-6,경기도 고양시 덕양구 주교동 585-6,거보플러스(585-6),고양시 덕양구
41281|주교동|587-3,경기도 고양시 덕양구 주교동 587-3,나라블루팰리스,고양시 덕양구
41281|주교동|596,경기도 고양시 덕양구 주교동 596,동원(596),고양시 덕양구
41281|주교동|602-15,경기도 고양시 덕양구 주교동 602-15,신정베스트빌,고양시 덕양구
41281|주교동|608-3,경기도 고양시 덕양구 주교동 608-3,(608-3),고양시 덕양구
41281|주교동|609-1,경기도 고양시 덕양구 주교동 609-1,삼혜그린뷰,고양시 덕양구
41281|주교동|609-2,경기도 고양시 덕양구 주교동 609-2,우분투포레스트,고양시 덕양구
41281|주교동|610-6,경기도 고양시 덕양구 주교동 610-6,스카이팰리스,고양시 덕양구
41281|주교동|611-1,경기도 고양시 덕양구 주교동 611-1,고양원당줌시티,고양시 덕양구
41281|주교동|615,경기도 고양시 덕양구 주교동 615,대동피렌체주상복합,고양시 덕양구
41281|주교동|616,경기도 고양시 덕양구 주교동 616,장미2,고양시 덕양구
41281|주교동|620-5,경기도 고양시 덕양구 주교동 620-5,세창짜임,고양시 덕양구
41281|지축동|1054,경기도 고양시 덕양구 지축동 1054,e편한세상지축센텀가든,고양시 덕양구
41281|지축동|848,경기도 고양시 덕양구 지축동 848,지축역한림풀에버,고양시 덕양구
41281|지축동|884,경기도 고양시 덕양구 지축동 884,지축역북한산유보라,고양시 덕양구
41281|지축동|904,경기도 고양시 덕양구 지축동 904,지축역센트럴푸르지오,고양시 덕양구
41281|지축동|915,경기도 고양시 덕양구 지축동 915,지축역중흥S-클래스북한산파크뷰,고양시 덕양구
41281|지축동|951,경기도 고양시 덕양구 지축동 951,지축나인포레,고양시 덕양구
41281|지축동|968,경기도 고양시 덕양구 지축동 968,지축역수피움,고양시 덕양구
41281|토당동|19,경기도 고양시 덕양구 토당동 19,별장,고양시 덕양구
41281|토당동|250,경기도 고양시 덕양구 토당동 250,내안애양우,고양시 덕양구
41281|토당동|251-12,경기도 고양시 덕양구 토당동 251-12,허스맨션,고양시 덕양구
41281|토당동|259,경기도 고양시 덕양구 토당동 259,대림2,고양시 덕양구
41281|토당동|282-2,경기도 고양시 덕양구 토당동 282-2,금호,고양시 덕양구
41281|토당동|292-11,경기도 고양시 덕양구 토당동 292-11,동심,고양시 덕양구
41281|토당동|292-37,경기도 고양시 덕양구 토당동 292-37,에이스빌,고양시 덕양구
41281|토당동|298,경기도 고양시 덕양구 토당동 298,한라비발디,고양시 덕양구
41281|토당동|342-7,경기도 고양시 덕양구 토당동 342-7,한강능곡역성원상떼빌1단지,고양시 덕양구
41281|토당동|347-7,경기도 고양시 덕양구 토당동 347-7,한강능곡역성원상떼빌2차,고양시 덕양구
41281|토당동|352,경기도 고양시 덕양구 토당동 352,능곡현대홈타운1,고양시 덕양구
41281|토당동|428-5,경기도 고양시 덕양구 토당동 428-5,백제1차APT,고양시 덕양구
41281|토당동|53-44,경기도 고양시 덕양구 토당동 53-44,능곡현대홈타운2,고양시 덕양구
41281|토당동|60,경기도 고양시 덕양구 토당동 60,능곡풍림아이원2단지,고양시 덕양구
41281|토당동|70,경기도 고양시 덕양구 토당동 70,능곡풍림아이원1단지,고양시 덕양구
41281|토당동|80,경기도 고양시 덕양구 토당동 80,토당동금강KCC,고양시 덕양구
41281|토당동|853,경기도 고양시 덕양구 토당동 853,태웅,고양시 덕양구
41281|토당동|860,경기도 고양시 덕양구 토당동 860,능곡대림,고양시 덕양구
41281|토당동|861,경기도 고양시 덕양구 토당동 861,그린빌,고양시 덕양구
41281|토당동|873,경기도 고양시 덕양구 토당동 873,장미8차,고양시 덕양구
41281|토당동|879,경기도 고양시 덕양구 토당동 879,삼윤,고양시 덕양구
41281|토당동|880-12,경기도 고양시 덕양구 토당동 880-12,청보APT,고양시 덕양구
41281|토당동|880-20,경기도 고양시 덕양구 토당동 880-20,윤창APT,고양시 덕양구
41281|토당동|881-3,경기도 고양시 덕양구 토당동 881-3,윤창주상주상복합,고양시 덕양구
41281|토당동|897-5,경기도 고양시 덕양구 토당동 897-5,로마그린,고양시 덕양구
41281|토당동|900-5,경기도 고양시 덕양구 토당동 900-5,유일,고양시 덕양구
41281|토당동|913,경기도 고양시 덕양구 토당동 913,대곡역두산위브1단지,고양시 덕양구
41281|토당동|914,경기도 고양시 덕양구 토당동 914,대곡역두산위브2단지,고양시 덕양구
41281|토당동|930,경기도 고양시 덕양구 토당동 930,대곡역롯데캐슬엘클라씨,고양시 덕양구
41281|토당동|99-2,경기도 고양시 덕양구 토당동 99-2,장미APT,고양시 덕양구
41281|행신동|1054,경기도 고양시 덕양구 행신동 1054,한가람,고양시 덕양구
41281|행신동|1068,경기도 고양시 덕양구 행신동 1068,서정센텀퍼스티지(서정마을4단지),고양시 덕양구
41281|행신동|1088,경기도 고양시 덕양구 행신동 1088,서정마을5단지,고양시 덕양구
41281|행신동|1090,경기도 고양시 덕양구 행신동 1090,서정마을7단지파크하임휴먼시아,고양시 덕양구
41281|행신동|1092,경기도 고양시 덕양구 행신동 1092,서정마을6단지,고양시 덕양구
41281|행신동|1131,경기도 고양시 덕양구 행신동 1131,행신파밀리에트라이하이,고양시 덕양구
41281|행신동|220,경기도 고양시 덕양구 행신동 220,행신동문,고양시 덕양구
41281|행신동|621,경기도 고양시 덕양구 행신동 621,SK뷰1차,고양시 덕양구
41281|행신동|630,경기도 고양시 덕양구 행신동 630,행신2차에스케이뷰,고양시 덕양구
41281|행신동|633-67,경기도 고양시 덕양구 행신동 633-67,윤창아파트1단지,고양시 덕양구
41281|행신동|634-45,경기도 고양시 덕양구 행신동 634-45,윤창주택(634-45),고양시 덕양구
41281|행신동|634-83,경기도 고양시 덕양구 행신동 634-83,무궁화,고양시 덕양구
41281|행신동|643-4,경기도 고양시 덕양구 행신동 643-4,동문,고양시 덕양구
41281|행신동|644-1,경기도 고양시 덕양구 행신동 644-1,장미아파트(나동),고양시 덕양구
41281|행신동|644-37,경기도 고양시 덕양구 행신동 644-37,건우,고양시 덕양구
41281|행신동|650,경기도 고양시 덕양구 행신동 650,행신3차SKVIEW,고양시 덕양구
41281|행신동|650-132,경기도 고양시 덕양구 행신동 650-132,청송,고양시 덕양구
41281|행신동|650-78,경기도 고양시 덕양구 행신동 650-78,윤창2,고양시 덕양구
41281|행신동|653-38,경기도 고양시 덕양구 행신동 653-38,행신벽산,고양시 덕양구
41281|행신동|692#41281-100,경기도 고양시 덕양구 행신동 692,무원마을(서광),고양시 덕양구
41281|행신동|692#41281-97,경기도 고양시 덕양구 행신동 692,무원마을(라이프),고양시 덕양구
41281|행신동|697,경기도 고양시 덕양구 행신동 697,무원마을(기산),고양시 덕양구
41281|행신동|699,경기도 고양시 덕양구 행신동 699,무원마을7단지,고양시 덕양구
41281|행신동|700,경기도 고양시 덕양구 행신동 700,무원마을(신안)8,고양시 덕양구
41281|행신동|702,경기도 고양시 덕양구 행신동 702,무원마을(두산),고양시 덕양구
41281|행신동|767#41281-103,경기도 고양시 덕양구 행신동 767,무원마을(쌍용)5,고양시 덕양구
41281|행신동|767#41281-104,경기도 고양시 덕양구 행신동 767,무원마을5단지,고양시 덕양구
41281|행신동|769,경기도 고양시 덕양구 행신동 769,무원마을(동신),고양시 덕양구
41281|행신동|771,경기도 고양시 덕양구 행신동 771,무원마을(삼보),고양시 덕양구
41281|행신동|773,경기도 고양시 덕양구 행신동 773,무원마을1단지,고양시 덕양구
41281|행신동|781,경기도 고양시 덕양구 행신동 781,소만마을(풍림),고양시 덕양구
41281|행신동|783,경기도 고양시 덕양구 행신동 783,소만마을(대명)7,고양시 덕양구
41281|행신동|785,경기도 고양시 덕양구 행신동 785,소만마을(성원)6,고양시 덕양구
41281|행신동|788,경기도 고양시 덕양구 행신동 788,소만마을(삼신),고양시 덕양구
41281|행신동|791,경기도 고양시 덕양구 행신동 791,소만마을(동성),고양시 덕양구
41281|행신동|793,경기도 고양시 덕양구 행신동 793,소만마을9단지,고양시 덕양구
41281|행신동|796,경기도 고양시 덕양구 행신동 796,소만마을1단지,고양시 덕양구
41281|행신동|798,경기도 고양시 덕양구 행신동 798,소만마을(신안)2,고양시 덕양구
41281|행신동|799,경기도 고양시 덕양구 행신동 799,소만마을3단지(늘푸른아파트),고양시 덕양구
41281|행신동|895,경기도 고양시 덕양구 행신동 895,햇빛주공(18-1),고양시 덕양구
41281|행신동|903,경기도 고양시 덕양구 행신동 903,햇빛마을19,고양시 덕양구
41281|행신동|905,경기도 고양시 덕양구 행신동 905,햇빛마을21단지,고양시 덕양구
41281|행신동|934,경기도 고양시 덕양구 행신동 934,햇빛마을주공20,고양시 덕양구
41281|행신동|938,경기도 고양시 덕양구 행신동 938,햇빛주공(18-2),고양시 덕양구
41281|행신동|946,경기도 고양시 덕양구 행신동 946,햇빛주공22,고양시 덕양구
41281|행신동|953,경기도 고양시 덕양구 행신동 953,햇빛주공23,고양시 덕양구
41281|행신동|958#41281-120,경기도 고양시 덕양구 행신동 958,햇빛마을,고양시 덕양구
41281|행신동|958#41281-124,경기도 고양시 덕양구 행신동 958,일신건영아파트(햇빛마을),고양시 덕양구
41281|행신동|973#41281-105,경기도 고양시 덕양구 행신동 973,샘터마을(동신),고양시 덕양구
41281|행신동|973#41281-106,경기도 고양시 덕양구 행신동 973,샘터마을(화성),고양시 덕양구
41281|행신동|973#41281-107,경기도 고양시 덕양구 행신동 973,샘터마을(효성),고양시 덕양구
41281|행신동|983,경기도 고양시 덕양구 행신동 983,샘터마을2,고양시 덕양구
41281|향동동|405,경기도 고양시 덕양구 향동동 405,DMC두산위브더퍼스트,고양시 덕양구
41281|향동동|421,경기도 고양시 덕양구 향동동 421,디엠씨해링턴플레이스엔에이치에프(임대),고양시 덕양구
41281|향동동|501,경기도 고양시 덕양구 향동동 501,DMC중흥S-클래스더센트럴,고양시 덕양구
41281|향동동|517,경기도 고양시 덕양구 향동동 517,디엠씨하우스디엔에이치에프(임대),고양시 덕양구
41281|향동동|552,경기도 고양시 덕양구 향동동 552,DMC호반베르디움더포레4단지,고양시 덕양구
41281|향동동|557,경기도 고양시 덕양구 향동동 557,DMC호반베르디움더포레3단지,고양시 덕양구
41281|향동동|570,경기도 고양시 덕양구 향동동 570,DMC리슈빌더포레스트,고양시 덕양구
41281|향동동|571,경기도 고양시 덕양구 향동동 571,DMC호반베르디움더포레2단지,고양시 덕양구
41281|화정동|1000-5,경기도 고양시 덕양구 화정동 1000-5,에덴다모은정주상복합,고양시 덕양구
41281|화정동|1004,경기도 고양시 덕양구 화정동 1004,옥빛마을14단지,고양시 덕양구
41281|화정동|1127,경기도 고양시 덕양구 화정동 1127,옥빛마을(주공)15,고양시 덕양구
41281|화정동|1135,경기도 고양시 덕양구 화정동 1135,옥빛마을(주공)17(에듀뷰),고양시 덕양구
41281|화정동|1141,경기도 고양시 덕양구 화정동 1141,옥빛마을(주공)16(그린나래),고양시 덕양구
41281|화정동|851#41281-62,경기도 고양시 덕양구 화정동 851,달빛(라이프)2,고양시 덕양구
41281|화정동|851#41281-66,경기도 고양시 덕양구 화정동 851,달빛마을(부영)2,고양시 덕양구
41281|화정동|858#41281-63,경기도 고양시 덕양구 화정동 858,달빛마을(경남),고양시 덕양구
41281|화정동|858#41281-64,경기도 고양시 덕양구 화정동 858,달빛마을(극동),고양시 덕양구
41281|화정동|858#41281-65,경기도 고양시 덕양구 화정동 858,달빛마을(동부),고양시 덕양구
41281|화정동|858#41281-68,경기도 고양시 덕양구 화정동 858,달빛마을(진덕),고양시 덕양구
41281|화정동|865,경기도 고양시 덕양구 화정동 865,달빛마을3단지,고양시 덕양구
41281|화정동|868,경기도 고양시 덕양구 화정동 868,달빛마을4단지,고양시 덕양구
41281|화정동|870#41281-148,경기도 고양시 덕양구 화정동 870,은빛삼익건설(5),고양시 덕양구
41281|화정동|870#41281-85,경기도 고양시 덕양구 화정동 870,은빛(미도파)5,고양시 덕양구
41281|화정동|870#41281-86,경기도 고양시 덕양구 화정동 870,은빛마을(LG)5,고양시 덕양구
41281|화정동|870#41281-89,경기도 고양시 덕양구 화정동 870,은빛마을(삼성)5,고양시 덕양구
41281|화정동|870#41281-90,경기도 고양시 덕양구 화정동 870,은빛삼익주택(5),고양시 덕양구
41281|화정동|870#41281-91,경기도 고양시 덕양구 화정동 870,은빛마을(신성)5,고양시 덕양구
41281|화정동|936,경기도 고양시 덕양구 화정동 936,은빛마을6단지,고양시 덕양구
41281|화정동|948#41281-72,경기도 고양시 덕양구 화정동 948,별빛마을9단지(기산),고양시 덕양구
41281|화정동|948#41281-73,경기도 고양시 덕양구 화정동 948,별빛마을9단지(901동에서906동),고양시 덕양구
41281|화정동|948#41281-76,경기도 고양시 덕양구 화정동 948,별빛마을9단지(907동에서912동),고양시 덕양구
41281|화정동|948#41281-77,경기도 고양시 덕양구 화정동 948,별빛마을9단지(913동에서918동),고양시 덕양구
41281|화정동|951,경기도 고양시 덕양구 화정동 951,별빛마을(건영)10,고양시 덕양구
41281|화정동|952,경기도 고양시 덕양구 화정동 952,별빛마을(부영)8(좋은집),고양시 덕양구
41281|화정동|953#41281-75,경기도 고양시 덕양구 화정동 953,별빛마을7단지,고양시 덕양구
41281|화정동|953#41281-78,경기도 고양시 덕양구 화정동 953,별빛마을7단지,고양시 덕양구
41281|화정동|961,경기도 고양시 덕양구 화정동 961,은빛마을11단지,고양시 덕양구
41281|화정동|965-1,경기도 고양시 덕양구 화정동 965-1,한화꿈에그린,고양시 덕양구
41281|화정동|969,경기도 고양시 덕양구 화정동 969,동원텔,고양시 덕양구
41281|화정동|977-1,경기도 고양시 덕양구 화정동 977-1,삼라마이다스빌,고양시 덕양구
41281|화정동|986-6,경기도 고양시 덕양구 화정동 986-6,동도센트리움,고양시 덕양구
41281|화정동|987,경기도 고양시 덕양구 화정동 987,옥빛마을(일신건영)13(휴먼빌),고양시 덕양구
41281|화정동|988,경기도 고양시 덕양구 화정동 988,옥빛마을12단지,고양시 덕양구
41281|화정동|998,경기도 고양시 덕양구 화정동 998,옥빛마을(풍산),고양시 덕양구
41285|덕이동|382-13,경기도 고양시 일산동구 덕이동 382-13,동양라파크,고양시 일산동구
41285|마두동|717#41285-71,경기도 고양시 일산동구 마두동 717,백마마을(쌍용),고양시 일산동구
41285|마두동|717#41285-73,경기도 고양시 일산동구 마두동 717,백마마을(한성),고양시 일산동구
41285|마두동|719,경기도 고양시 일산동구 마두동 719,백마마을(벽산),고양시 일산동구
41285|마두동|732#41285-67,경기도 고양시 일산동구 마두동 732,백마마을(금호),고양시 일산동구
41285|마두동|732#41285-74,경기도 고양시 일산동구 마두동 732,백마마을(한양),고양시 일산동구
41285|마두동|734#41285-214,경기도 고양시 일산동구 마두동 734,백마마을(한양4),고양시 일산동구
41285|마두동|734#41285-72,경기도 고양시 일산동구 마두동 734,백마마을(청구),고양시 일산동구
41285|마두동|739#41285-66,경기도 고양시 일산동구 마두동 739,백마마을(극동),고양시 일산동구
41285|마두동|739#41285-70,경기도 고양시 일산동구 마두동 739,백마마을(삼환),고양시 일산동구
41285|마두동|755,경기도 고양시 일산동구 마두동 755,백마마을(삼성),고양시 일산동구
41285|마두동|757,경기도 고양시 일산동구 마두동 757,강촌마을(동아),고양시 일산동구
41285|마두동|783,경기도 고양시 일산동구 마두동 783,강촌마을(한신),고양시 일산동구
41285|마두동|787#41285-58,경기도 고양시 일산동구 마두동 787,강촌마을(미도파),고양시 일산동구
41285|마두동|787#41285-60,경기도 고양시 일산동구 마두동 787,강촌마을(영남),고양시 일산동구
41285|마두동|787#41285-62,경기도 고양시 일산동구 마두동 787,강촌마을(진흥),고양시 일산동구
41285|마두동|789,경기도 고양시 일산동구 마두동 789,강촌마을(라이프),고양시 일산동구
41285|마두동|794,경기도 고양시 일산동구 마두동 794,강촌마을(우방),고양시 일산동구
41285|마두동|796#41285-59,경기도 고양시 일산동구 마두동 796,강촌마을(선경),고양시 일산동구
41285|마두동|796#41285-63,경기도 고양시 일산동구 마두동 796,강촌마을(코오롱),고양시 일산동구
41285|마두동|806,경기도 고양시 일산동구 마두동 806,강촌마을(한양6),고양시 일산동구
41285|백석동|1135#41285-38,경기도 고양시 일산동구 백석동 1135,백송마을(대우),고양시 일산동구
41285|백석동|1135#41285-40,경기도 고양시 일산동구 백석동 1135,백송마을(벽산),고양시 일산동구
41285|백석동|1136,경기도 고양시 일산동구 백석동 1136,백송마을(임광),고양시 일산동구
41285|백석동|1139#41285-43,경기도 고양시 일산동구 백석동 1139,백송마을(선경),고양시 일산동구
41285|백석동|1139#41285-46,경기도 고양시 일산동구 백석동 1139,백송마을(코오롱),고양시 일산동구
41285|백석동|1140,경기도 고양시 일산동구 백석동 1140,백송마을(두산),고양시 일산동구
41285|백석동|1183#41285-44,경기도 고양시 일산동구 백석동 1183,백송마을(우성),고양시 일산동구
41285|백석동|1183#41285-48,경기도 고양시 일산동구 백석동 1183,백송마을(한신),고양시 일산동구
41285|백석동|1186,경기도 고양시 일산동구 백석동 1186,백송마을(대림),고양시 일산동구
41285|백석동|1187,경기도 고양시 일산동구 백석동 1187,백송마을(삼부),고양시 일산동구
41285|백석동|1190#41285-42,경기도 고양시 일산동구 백석동 1190,백송마을(삼호),고양시 일산동구
41285|백석동|1190#41285-47,경기도 고양시 일산동구 백석동 1190,백송마을(풍림),고양시 일산동구
41285|백석동|1194,경기도 고양시 일산동구 백석동 1194,흰돌마을(금호),고양시 일산동구
41285|백석동|1237,경기도 고양시 일산동구 백석동 1237,일산요진와이시티,고양시 일산동구
41285|백석동|1344,경기도 고양시 일산동구 백석동 1344,흰돌마을(서안),고양시 일산동구
41285|백석동|1349#41285-50,경기도 고양시 일산동구 백석동 1349,흰돌마을(국제),고양시 일산동구
41285|백석동|1349#41285-55,경기도 고양시 일산동구 백석동 1349,흰돌마을(한진),고양시 일산동구
41285|백석동|1351,경기도 고양시 일산동구 백석동 1351,흰돌마을(청구),고양시 일산동구
41285|사리현동|186,경기도 고양시 일산동구 사리현동 186,사리현동문디이스트1단지,고양시 일산동구
41285|사리현동|187,경기도 고양시 일산동구 사리현동 187,사리현동문디이스트2단지,고양시 일산동구
41285|사리현동|189,경기도 고양시 일산동구 사리현동 189,동문3단지,고양시 일산동구
41285|사리현동|466-1,경기도 고양시 일산동구 사리현동 466-1,현대그린,고양시 일산동구
41285|성석동|1077,경기도 고양시 일산동구 성석동 1077,청원네이처빌,고양시 일산동구
41285|식사동|1474,경기도 고양시 일산동구 식사동 1474,SKVIEW,고양시 일산동구
41285|식사동|1487,경기도 고양시 일산동구 식사동 1487,위시티일산자이1단지,고양시 일산동구
41285|식사동|1498,경기도 고양시 일산동구 식사동 1498,위시티일산자이2단지,고양시 일산동구
41285|식사동|1504,경기도 고양시 일산동구 식사동 1504,위시티일산자이4단지,고양시 일산동구
41285|식사동|1510,경기도 고양시 일산동구 식사동 1510,위시티블루밍3단지,고양시 일산동구
41285|식사동|1529,경기도 고양시 일산동구 식사동 1529,위시티일산자이주상복합,고양시 일산동구
41285|식사동|1533,경기도 고양시 일산동구 식사동 1533,위시티휴먼빌,고양시 일산동구
41285|식사동|1565,경기도 고양시 일산동구 식사동 1565,위시티블루밍5단지,고양시 일산동구
41285|식사동|910,경기도 고양시 일산동구 식사동 910,은행마을2(동문),고양시 일산동구
41285|식사동|가-#41285-923,경기도 고양시 일산동구 식사동 가-,일산자이센트리지,고양시 일산동구
41285|식사동|가-#41285-960,경기도 고양시 일산동구 식사동 가-,일산자이더헤리티지,고양시 일산동구
41285|장항동|1753,경기도 고양시 일산동구 장항동 1753,킨텍스원시티1블럭,고양시 일산동구
41285|장항동|1761,경기도 고양시 일산동구 장항동 1761,킨텍스원시티2블럭,고양시 일산동구
41285|장항동|1762,경기도 고양시 일산동구 장항동 1762,킨텍스원시티3블럭,고양시 일산동구
41285|장항동|1784,경기도 고양시 일산동구 장항동 1784,힐스테이트킨텍스레이크뷰,고양시 일산동구
41285|장항동|875#41285-30,경기도 고양시 일산동구 장항동 875,호수마을(럭키),고양시 일산동구
41285|장항동|875#41285-31,경기도 고양시 일산동구 장항동 875,호수마을(롯데),고양시 일산동구
41285|장항동|877#41285-32,경기도 고양시 일산동구 장항동 877,호수마을(삼환),고양시 일산동구
41285|장항동|877#41285-33,경기도 고양시 일산동구 장항동 877,호수마을(유원),고양시 일산동구
41285|장항동|881,경기도 고양시 일산동구 장항동 881,호수마을(현대),고양시 일산동구
41285|장항동|883,경기도 고양시 일산동구 장항동 883,호수마을(청구),고양시 일산동구
41285|장항동|902,경기도 고양시 일산동구 장항동 902,호수마을(대우),고양시 일산동구
41285|장항동|가-5,경기도 고양시 일산동구 장항동 가-5,일산라이브더센텀,고양시 일산동구
41285|중산동|1554-2,경기도 고양시 일산동구 중산동 1554-2,중산마을3단지(일신),고양시 일산동구
41285|중산동|1555,경기도 고양시 일산동구 중산동 1555,중산마을1단지(두산),고양시 일산동구
41285|중산동|1556,경기도 고양시 일산동구 중산동 1556,중산마을2(코오롱),고양시 일산동구
41285|중산동|1566#41285-12,경기도 고양시 일산동구 중산동 1566,중산마을10(경남),고양시 일산동구
41285|중산동|1566#41285-15,경기도 고양시 일산동구 중산동 1566,중산마을10(동신),고양시 일산동구
41285|중산동|1566-2,경기도 고양시 일산동구 중산동 1566-2,중산마을9단지두산한성,고양시 일산동구
41285|중산동|1573,경기도 고양시 일산동구 중산동 1573,중산마을6(태영),고양시 일산동구
41285|중산동|1573-7,경기도 고양시 일산동구 중산동 1573-7,중산마을7(코오롱),고양시 일산동구
41285|중산동|1574#41285-13,경기도 고양시 일산동구 중산동 1574,중산마을8(대우),고양시 일산동구
41285|중산동|1574#41285-17,경기도 고양시 일산동구 중산동 1574,중산마을8(삼성),고양시 일산동구
41285|중산동|1575#41285-11,경기도 고양시 일산동구 중산동 1575,중산마을5(건영),고양시 일산동구
41285|중산동|1575#41285-14,경기도 고양시 일산동구 중산동 1575,중산마을5(동부),고양시 일산동구
41285|중산동|1575-4,경기도 고양시 일산동구 중산동 1575-4,중산마을11(현대),고양시 일산동구
41285|중산동|1576,경기도 고양시 일산동구 중산동 1576,중산마을12(현대),고양시 일산동구
41285|중산동|1651,경기도 고양시 일산동구 중산동 1651,산들마을2(대림),고양시 일산동구
41285|중산동|1656,경기도 고양시 일산동구 중산동 1656,산들마을1(대림),고양시 일산동구
41285|중산동|1700,경기도 고양시 일산동구 중산동 1700,하늘마을2단지,고양시 일산동구
41285|중산동|1717,경기도 고양시 일산동구 중산동 1717,센트럴더포레(하늘마을6단지휴먼시아),고양시 일산동구
41285|중산동|1800,경기도 고양시 일산동구 중산동 1800,하늘마을 5단지,고양시 일산동구
41285|중산동|1841,경기도 고양시 일산동구 중산동 1841,일산센트럴아이파크,고양시 일산동구
41285|풍동|1127-1,경기도 고양시 일산동구 풍동 1127-1,쌍용,고양시 일산동구
41285|풍동|1222,경기도 고양시 일산동구 풍동 1222,일산풍동5차성원상떼빌,고양시 일산동구
41285|풍동|1252,경기도 고양시 일산동구 풍동 1252,숲속마을9단지(성원),고양시 일산동구
41285|풍동|1258,경기도 고양시 일산동구 풍동 1258,숲속마을8단지,고양시 일산동구
41285|풍동|1261,경기도 고양시 일산동구 풍동 1261,숲속마을(7단지),고양시 일산동구
41285|풍동|1267,경기도 고양시 일산동구 풍동 1267,숲속마을5단지(I-PARK),고양시 일산동구
41285|풍동|1268,경기도 고양시 일산동구 풍동 1268,숲속마을(6단지두산위브),고양시 일산동구
41285|풍동|1283,경기도 고양시 일산동구 풍동 1283,숲속마을3단지(요진더포레스트),고양시 일산동구
41285|풍동|1286,경기도 고양시 일산동구 풍동 1286,숲속마을2단지,고양시 일산동구
41285|풍동|174,경기도 고양시 일산동구 풍동 174,은행마을1(동문),고양시 일산동구
41285|풍동|385-1,경기도 고양시 일산동구 풍동 385-1,일산풍동에이스,고양시 일산동구
41285|풍동|417-2,경기도 고양시 일산동구 풍동 417-2,백마역중앙하이츠빌,고양시 일산동구
41285|풍동|532-35,경기도 고양시 일산동구 풍동 532-35,성원1차,고양시 일산동구
41285|풍동|551-1,경기도 고양시 일산동구 풍동 551-1,성원3차,고양시 일산동구
41285|풍동|551-34,경기도 고양시 일산동구 풍동 551-34,성원2차,고양시 일산동구
41285|풍동|가-#41285-1353,경기도 고양시 일산동구 풍동 가-,더샵일산퍼스트월드3단지,고양시 일산동구
41285|풍동|가-#41285-1355,경기도 고양시 일산동구 풍동 가-,더샵일산퍼스트월드1단지,고양시 일산동구
41285|풍동|가-#41285-1356,경기도 고양시 일산동구 풍동 가-,더샵일산퍼스트월드2단지,고양시 일산동구
41287|가좌동|1086,경기도 고양시 일산서구 가좌동 1086,가좌마을6단지벽산,고양시 일산서구
41287|가좌동|1087,경기도 고양시 일산서구 가좌동 1087,가좌마을5단지벽산,고양시 일산서구
41287|가좌동|1088,경기도 고양시 일산서구 가좌동 1088,가좌마을3단지청원벽산블루밍,고양시 일산서구
41287|가좌동|1089,경기도 고양시 일산서구 가좌동 1089,가좌마을2단지대우,고양시 일산서구
41287|가좌동|1090,경기도 고양시 일산서구 가좌동 1090,가좌마을1단지양우,고양시 일산서구
41287|가좌동|1105,경기도 고양시 일산서구 가좌동 1105,가좌마을7단지꿈에그린,고양시 일산서구
41287|대화동|1499,경기도 고양시 일산서구 대화동 1499,킨텍스자이(1단지),고양시 일산서구
41287|대화동|1580,경기도 고양시 일산서구 대화동 1580,대화마을한라(2단지),고양시 일산서구
41287|대화동|2209,경기도 고양시 일산서구 대화동 2209,세경,고양시 일산서구
41287|대화동|2212,경기도 고양시 일산서구 대화동 2212,성저마을(동익1단지),고양시 일산서구
41287|대화동|2213,경기도 고양시 일산서구 대화동 2213,성저마을(삼익),고양시 일산서구
41287|대화동|2215,경기도 고양시 일산서구 대화동 2215,성저마을(풍림),고양시 일산서구
41287|대화동|2228,경기도 고양시 일산서구 대화동 2228,장성마을(동부),고양시 일산서구
41287|대화동|2232,경기도 고양시 일산서구 대화동 2232,장성마을(대명4),고양시 일산서구
41287|대화동|2234,경기도 고양시 일산서구 대화동 2234,장성마을(건영3),고양시 일산서구
41287|대화동|2236,경기도 고양시 일산서구 대화동 2236,장성마을(대명2),고양시 일산서구
41287|대화동|2570#41287-132,경기도 고양시 일산서구 대화동 2570,킨텍스휴먼빌(6단지),고양시 일산서구
41287|대화동|2570#41287-133,경기도 고양시 일산서구 대화동 2570,킨텍스휴먼빌(5단지),고양시 일산서구
41287|대화동|2573,경기도 고양시 일산서구 대화동 2573,대화마을동문(3단지),고양시 일산서구
41287|대화동|2579,경기도 고양시 일산서구 대화동 2579,킨텍스양우파크타운,고양시 일산서구
41287|대화동|2580,경기도 고양시 일산서구 대화동 2580,킨텍스아이파크,고양시 일산서구
41287|대화동|2582,경기도 고양시 일산서구 대화동 2582,킨텍스아이파크,고양시 일산서구
41287|대화동|2583,경기도 고양시 일산서구 대화동 2583,킨텍스아이파크,고양시 일산서구
41287|대화동|2603,경기도 고양시 일산서구 대화동 2603,한화 포레나 킨텍스,고양시 일산서구
41287|덕이동|1037,경기도 고양시 일산서구 덕이동 1037,동문2,고양시 일산서구
41287|덕이동|1076,경기도 고양시 일산서구 덕이동 1076,중앙하이츠빌,고양시 일산서구
41287|덕이동|1106,경기도 고양시 일산서구 덕이동 1106,덕이1동문,고양시 일산서구
41287|덕이동|1521,경기도 고양시 일산서구 덕이동 1521,태영,고양시 일산서구
41287|덕이동|1524,경기도 고양시 일산서구 덕이동 1524,하이파크시티일산아이파크1단지,고양시 일산서구
41287|덕이동|1529,경기도 고양시 일산서구 덕이동 1529,하이파크시티일산파밀리에2단지,고양시 일산서구
41287|덕이동|1534,경기도 고양시 일산서구 덕이동 1534,하이파크시티일산파밀리에3단지,고양시 일산서구
41287|덕이동|1535,경기도 고양시 일산서구 덕이동 1535,하이파크시티일산파밀리에4단지,고양시 일산서구
41287|덕이동|1540,경기도 고양시 일산서구 덕이동 1540,하이파크시티일산아이파크5단지,고양시 일산서구
41287|덕이동|1672,경기도 고양시 일산서구 덕이동 1672,일산푸르지오더센트럴,고양시 일산서구
41287|덕이동|277-10,경기도 고양시 일산서구 덕이동 277-10,철산,고양시 일산서구
41287|덕이동|382-13,경기도 고양시 일산서구 덕이동 382-13,동양라파크,고양시 일산서구
41287|덕이동|676-1,경기도 고양시 일산서구 덕이동 676-1,동문굿모닝힐3,고양시 일산서구
41287|일산동|1040#41287-13,경기도 고양시 일산서구 일산동 1040,후곡마을(대우),고양시 일산서구
41287|일산동|1040#41287-22,경기도 고양시 일산서구 일산동 1040,후곡마을(벽산),고양시 일산서구
41287|일산동|1046#41287-14,경기도 고양시 일산서구 일산동 1046,후곡마을(대창),고양시 일산서구
41287|일산동|1046#41287-19,경기도 고양시 일산서구 일산동 1046,후곡마을(동양),고양시 일산서구
41287|일산동|1048#41287-24,경기도 고양시 일산서구 일산동 1048,후곡마을(영풍),고양시 일산서구
41287|일산동|1048#41287-31,경기도 고양시 일산서구 일산동 1048,후곡마을(한진),고양시 일산서구
41287|일산동|1050#41287-11,경기도 고양시 일산서구 일산동 1050,후곡마을(건영6),고양시 일산서구
41287|일산동|1050#41287-15,경기도 고양시 일산서구 일산동 1050,후곡마을(동부),고양시 일산서구
41287|일산동|1055,경기도 고양시 일산서구 일산동 1055,후곡마을(동성),고양시 일산서구
41287|일산동|1057,경기도 고양시 일산서구 일산동 1057,후곡마을(동신),고양시 일산서구
41287|일산동|1058#41287-20,경기도 고양시 일산서구 일산동 1058,후곡마을(럭키),고양시 일산서구
41287|일산동|1058#41287-21,경기도 고양시 일산서구 일산동 1058,후곡마을(롯데),고양시 일산서구
41287|일산동|1066#41287-12,경기도 고양시 일산서구 일산동 1066,후곡마을(금호),고양시 일산서구
41287|일산동|1066#41287-30,경기도 고양시 일산서구 일산동 1066,후곡마을(한양),고양시 일산서구
41287|일산동|1069,경기도 고양시 일산서구 일산동 1069,후곡마을(현대3),고양시 일산서구
41287|일산동|1074#41287-18,경기도 고양시 일산서구 일산동 1074,후곡마을(동아10),고양시 일산서구
41287|일산동|1074#41287-23,경기도 고양시 일산서구 일산동 1074,후곡마을(서안),고양시 일산서구
41287|일산동|1074#41287-25,경기도 고양시 일산서구 일산동 1074,후곡마을(임광),고양시 일산서구
41287|일산동|1077,경기도 고양시 일산서구 일산동 1077,후곡마을(건영15),고양시 일산서구
41287|일산동|1086#41287-127,경기도 고양시 일산서구 일산동 1086,후곡마을(동아16),고양시 일산서구
41287|일산동|1086#41287-28,경기도 고양시 일산서구 일산동 1086,후곡마을(코오롱),고양시 일산서구
41287|일산동|1087,경기도 고양시 일산서구 일산동 1087,후곡마을(태영17),고양시 일산서구
41287|일산동|1090,경기도 고양시 일산서구 일산동 1090,후곡마을(현대18),고양시 일산서구
41287|일산동|1093,경기도 고양시 일산서구 일산동 1093,후곡마을(태영13),고양시 일산서구
41287|일산동|1101,경기도 고양시 일산서구 일산동 1101,후곡마을(청구),고양시 일산서구
41287|일산동|1103,경기도 고양시 일산서구 일산동 1103,후곡마을(주공),고양시 일산서구
41287|일산동|1654,경기도 고양시 일산서구 일산동 1654,산들마을3단지,고양시 일산서구
41287|일산동|1655,경기도 고양시 일산서구 일산동 1655,일신휴먼빌(1655),고양시 일산서구
41287|일산동|1670,경기도 고양시 일산서구 일산동 1670,산들마을5단지,고양시 일산서구
41287|일산동|1686,경기도 고양시 일산서구 일산동 1686,산들마을,고양시 일산서구
41287|일산동|1687,경기도 고양시 일산서구 일산동 1687,일신건영2차,고양시 일산서구
41287|일산동|1694,경기도 고양시 일산서구 일산동 1694,동문,고양시 일산서구
41287|일산동|1735,경기도 고양시 일산서구 일산동 1735,미주(19-8),고양시 일산서구
41287|일산동|1818,경기도 고양시 일산서구 일산동 1818,신영,고양시 일산서구
41287|일산동|1833,경기도 고양시 일산서구 일산동 1833,일산동원(23-55),고양시 일산서구
41287|일산동|1858,경기도 고양시 일산서구 일산동 1858,일산동원(23-91),고양시 일산서구
41287|일산동|1876,경기도 고양시 일산서구 일산동 1876,일산삼성,고양시 일산서구
41287|일산동|1945,경기도 고양시 일산서구 일산동 1945,탄현주공,고양시 일산서구
41287|일산동|1945-1,경기도 고양시 일산서구 일산동 1945-1,푸르지오,고양시 일산서구
41287|일산동|1978,경기도 고양시 일산서구 일산동 1978,미주7,고양시 일산서구
41287|일산동|1979,경기도 고양시 일산서구 일산동 1979,미주8(저층),고양시 일산서구
41287|일산동|1997,경기도 고양시 일산서구 일산동 1997,주은1,고양시 일산서구
41287|일산동|1998,경기도 고양시 일산서구 일산동 1998,미주8,고양시 일산서구
41287|일산동|2019,경기도 고양시 일산서구 일산동 2019,에이스11차,고양시 일산서구
41287|일산동|2041,경기도 고양시 일산서구 일산동 2041,에이스10차,고양시 일산서구
41287|일산동|2084,경기도 고양시 일산서구 일산동 2084,풍원,고양시 일산서구
41287|일산동|2120,경기도 고양시 일산서구 일산동 2120,일신.삼익아파트,고양시 일산서구
41287|일산동|2121,경기도 고양시 일산서구 일산동 2121,신원2,고양시 일산서구
41287|일산동|2125,경기도 고양시 일산서구 일산동 2125,신원1,고양시 일산서구
41287|일산동|2140,경기도 고양시 일산서구 일산동 2140,유진스웰,고양시 일산서구
41287|일산동|2147,경기도 고양시 일산서구 일산동 2147,유진스웰2단지,고양시 일산서구
41287|일산동|2148,경기도 고양시 일산서구 일산동 2148,e편한세상일산어반스카이,고양시 일산서구
41287|일산동|576-20,경기도 고양시 일산서구 일산동 576-20,일산메가씨티,고양시 일산서구
41287|일산동|576-4,경기도 고양시 일산서구 일산동 576-4,일산쌍용,고양시 일산서구
41287|일산동|583-66,경기도 고양시 일산서구 일산동 583-66,일산에이스(9차),고양시 일산서구
41287|일산동|587-1,경기도 고양시 일산서구 일산동 587-1,삼남,고양시 일산서구
41287|일산동|587-2,경기도 고양시 일산서구 일산동 587-2,일산중앙가든,고양시 일산서구
41287|일산동|587-5,경기도 고양시 일산서구 일산동 587-5,세인,고양시 일산서구
41287|일산동|587-7,경기도 고양시 일산서구 일산동 587-7,미주6차,고양시 일산서구
41287|일산동|600,경기도 고양시 일산서구 일산동 600,일산3차현대홈타운,고양시 일산서구
41287|일산동|600-32,경기도 고양시 일산서구 일산동 600-32,일산동문(600-32),고양시 일산서구
41287|일산동|645,경기도 고양시 일산서구 일산동 645,일산1차현대홈타운,고양시 일산서구
41287|일산동|651-1,경기도 고양시 일산서구 일산동 651-1,일산2차현대홈타운,고양시 일산서구
41287|일산동|655-15,경기도 고양시 일산서구 일산동 655-15,대우이안(655-15),고양시 일산서구
41287|일산동|954,경기도 고양시 일산서구 일산동 954,태영(954),고양시 일산서구
41287|일산동|955-10,경기도 고양시 일산서구 일산동 955-10,월드메르디앙일산주상복합,고양시 일산서구
41287|일산동|955-2,경기도 고양시 일산서구 일산동 955-2,일산동양(955-2),고양시 일산서구
41287|일산동|957-3,경기도 고양시 일산서구 일산동 957-3,풍원리빙프라자,고양시 일산서구
41287|일산동|960-6,경기도 고양시 일산서구 일산동 960-6,일산동문(2),고양시 일산서구
41287|일산동|973-31,경기도 고양시 일산서구 일산동 973-31,일산동문(3),고양시 일산서구
41287|주엽동|1,경기도 고양시 일산서구 주엽동 1,문촌마을1단지우성,고양시 일산서구
41287|주엽동|101,경기도 고양시 일산서구 주엽동 101,강선마을14단지두산,고양시 일산서구
41287|주엽동|117,경기도 고양시 일산서구 주엽동 117,문촌마을16단지뉴삼익,고양시 일산서구
41287|주엽동|12,경기도 고양시 일산서구 주엽동 12,문촌마을(동아)8단지,고양시 일산서구
41287|주엽동|120,경기도 고양시 일산서구 주엽동 120,문촌마을17단지신안,고양시 일산서구
41287|주엽동|126,경기도 고양시 일산서구 주엽동 126,문촌마을19단지신우,고양시 일산서구
41287|주엽동|128,경기도 고양시 일산서구 주엽동 128,문촌마을18단지대원,고양시 일산서구
41287|주엽동|133,경기도 고양시 일산서구 주엽동 133,문촌마을14단지세경,고양시 일산서구
41287|주엽동|135,경기도 고양시 일산서구 주엽동 135,문촌마을15단지부영,고양시 일산서구
41287|주엽동|136,경기도 고양시 일산서구 주엽동 136,문촌마을13단지대우,고양시 일산서구
41287|주엽동|138,경기도 고양시 일산서구 주엽동 138,문촌마을12단지유승,고양시 일산서구
41287|주엽동|14,경기도 고양시 일산서구 주엽동 14,문촌마을7단지주공,고양시 일산서구
41287|주엽동|15,경기도 고양시 일산서구 주엽동 15,문촌마을11단지건영,고양시 일산서구
41287|주엽동|17,경기도 고양시 일산서구 주엽동 17,문촌마을10단지동부,고양시 일산서구
41287|주엽동|23,경기도 고양시 일산서구 주엽동 23,문촌마을9단지주공,고양시 일산서구
41287|주엽동|29,경기도 고양시 일산서구 주엽동 29,문촌마을4단지삼익,고양시 일산서구
41287|주엽동|32,경기도 고양시 일산서구 주엽동 32,문촌마을3단지우성,고양시 일산서구
41287|주엽동|36#41287-40,경기도 고양시 일산서구 주엽동 36,강선마을1단지대우,고양시 일산서구
41287|주엽동|36#41287-48,경기도 고양시 일산서구 주엽동 36,"강선마을1단지(벽산,대우)",고양시 일산서구
41287|주엽동|38,경기도 고양시 일산서구 주엽동 38,강선마을2단지경남,고양시 일산서구
41287|주엽동|43,경기도 고양시 일산서구 주엽동 43,강선마을3단지한신,고양시 일산서구
41287|주엽동|46,경기도 고양시 일산서구 주엽동 46,강선마을4단지동신,고양시 일산서구
41287|주엽동|49#41287-37,경기도 고양시 일산서구 주엽동 49,"강선마을5단지(동부,건영)",고양시 일산서구
41287|주엽동|49#41287-42,경기도 고양시 일산서구 주엽동 49,강선마을5단지동부,고양시 일산서구
41287|주엽동|5,경기도 고양시 일산서구 주엽동 5,문촌마을2단지라이프,고양시 일산서구
41287|주엽동|50#41287-39,경기도 고양시 일산서구 주엽동 50,강선마을6단지금호,고양시 일산서구
41287|주엽동|50#41287-54,경기도 고양시 일산서구 주엽동 50,"강선마을6단지(금호,한양)",고양시 일산서구
41287|주엽동|6#41287-71,경기도 고양시 일산서구 주엽동 6,"문촌마을5단지(한일,쌍용)",고양시 일산서구
41287|주엽동|6#41287-77,경기도 고양시 일산서구 주엽동 6,문촌마을5단지한일,고양시 일산서구
41287|주엽동|60,경기도 고양시 일산서구 주엽동 60,강선마을9단지화성,고양시 일산서구
41287|주엽동|63#41287-46,경기도 고양시 일산서구 주엽동 63,강선마을8단지럭키,고양시 일산서구
41287|주엽동|63#41287-47,경기도 고양시 일산서구 주엽동 63,"강선마을8단지(롯데,럭키)",고양시 일산서구
41287|주엽동|65#41287-50,경기도 고양시 일산서구 주엽동 65,강선마을7단지삼환,고양시 일산서구
41287|주엽동|65#41287-52,경기도 고양시 일산서구 주엽동 65,"강선마을7단지(삼환,유원)",고양시 일산서구
41287|주엽동|73,경기도 고양시 일산서구 주엽동 73,강선마을11단지태영,고양시 일산서구
41287|주엽동|75,경기도 고양시 일산서구 주엽동 75,강선마을10단지한양,고양시 일산서구
41287|주엽동|8,경기도 고양시 일산서구 주엽동 8,문촌마을6단지기산쌍용,고양시 일산서구
41287|주엽동|81,경기도 고양시 일산서구 주엽동 81,강선마을13단지뉴서울,고양시 일산서구
41287|주엽동|83,경기도 고양시 일산서구 주엽동 83,강선마을12단지두진,고양시 일산서구
41287|주엽동|84,경기도 고양시 일산서구 주엽동 84,강선마을15단지보성,고양시 일산서구
41287|주엽동|86,경기도 고양시 일산서구 주엽동 86,강선마을16단지동문,고양시 일산서구
41287|주엽동|90,경기도 고양시 일산서구 주엽동 90,강선마을17단지동성,고양시 일산서구
41287|주엽동|98,경기도 고양시 일산서구 주엽동 98,강선마을19단지우성,고양시 일산서구
41287|탄현동|121,경기도 고양시 일산서구 탄현동 121,"큰마을대림,현대아파트",고양시 일산서구
41287|탄현동|130,경기도 고양시 일산서구 탄현동 130,쌍용스윗닷홈,고양시 일산서구
41287|탄현동|1470,경기도 고양시 일산서구 탄현동 1470,탄현마을(동문),고양시 일산서구
41287|탄현동|1473,경기도 고양시 일산서구 탄현동 1473,탄현마을(일신),고양시 일산서구
41287|탄현동|1476,경기도 고양시 일산서구 탄현동 1476,탄현마을(동성),고양시 일산서구
41287|탄현동|1477,경기도 고양시 일산서구 탄현동 1477,탄현마을(건영5),고양시 일산서구
41287|탄현동|1479#41287-97,경기도 고양시 일산서구 탄현동 1479,탄현마을(한신),고양시 일산서구
41287|탄현동|1479#41287-98,경기도 고양시 일산서구 탄현동 1479,탄현마을(현대),고양시 일산서구
41287|탄현동|1480,경기도 고양시 일산서구 탄현동 1480,탄현마을(부영7),고양시 일산서구
41287|탄현동|1481,경기도 고양시 일산서구 탄현동 1481,탄현마을(건영4),고양시 일산서구
41287|탄현동|1484,경기도 고양시 일산서구 탄현동 1484,탄현마을(부영3),고양시 일산서구
41287|탄현동|1485#41287-91,경기도 고양시 일산서구 탄현동 1485,탄현마을(경남),고양시 일산서구
41287|탄현동|1485#41287-96,경기도 고양시 일산서구 탄현동 1485,탄현마을(진로),고양시 일산서구
41287|탄현동|1487,경기도 고양시 일산서구 탄현동 1487,탄현마을(삼익),고양시 일산서구
41287|탄현동|1578,경기도 고양시 일산서구 탄현동 1578,탄현마을동신,고양시 일산서구
41287|탄현동|1579,경기도 고양시 일산서구 탄현동 1579,탄현마을서광,고양시 일산서구
41287|탄현동|1582,경기도 고양시 일산서구 탄현동 1582,탄현마을주은,고양시 일산서구
41287|탄현동|1583,경기도 고양시 일산서구 탄현동 1583,탄현마을효성,고양시 일산서구
41287|탄현동|1584,경기도 고양시 일산서구 탄현동 1584,탄현마을삼환,고양시 일산서구
41287|탄현동|1585,경기도 고양시 일산서구 탄현동 1585,탄현마을풍림,고양시 일산서구
41287|탄현동|1634,경기도 고양시 일산서구 탄현동 1634,일산임광진흥아파트,고양시 일산서구
41287|탄현동|1640,경기도 고양시 일산서구 탄현동 1640,일산두산위브더제니스,고양시 일산서구
41287|탄현동|1650,경기도 고양시 일산서구 탄현동 1650,일산에듀포레푸르지오,고양시 일산서구
41287|탄현동|170-2,경기도 고양시 일산서구 탄현동 170-2,까뮤이스테이트,고양시 일산서구
41290|갈현동|641,경기도 과천시 갈현동 641,과천수자인아파트(13단지),과천시
41290|갈현동|692,경기도 과천시 갈현동 692,과천센트레빌아스테리움,과천시
41290|갈현동|815,경기도 과천시 갈현동 815,과천푸르지오오르투스,과천시
41290|갈현동|824,경기도 과천시 갈현동 824,과천푸르지오벨라르테,과천시
41290|갈현동|826,경기도 과천시 갈현동 826,과천르센토데시앙,과천시
41290|갈현동|827,경기도 과천시 갈현동 827,과천푸르지오라비엔오,과천시
41290|갈현동|856,경기도 과천시 갈현동 856,과천린파밀리에,과천시
41290|갈현동|859,경기도 과천시 갈현동 859,과천제이드자이,과천시
41290|별양동|1-17,경기도 과천시 별양동 1-17,과천타워,과천시
41290|별양동|17,경기도 과천시 별양동 17,래미안슈르,과천시
41290|별양동|3#41290-15,경기도 과천시 별양동 3,주공7,과천시
41290|별양동|3#41290-364,경기도 과천시 별양동 3,래미안센트럴스위트,과천시
41290|별양동|52,경기도 과천시 별양동 52,주공6,과천시
41290|별양동|6,경기도 과천시 별양동 6,주공5,과천시
41290|별양동|7,경기도 과천시 별양동 7,주공4,과천시
41290|별양동|8,경기도 과천시 별양동 8,주공2,과천시
41290|별양동|93,경기도 과천시 별양동 93,과천자이,과천시
41290|부림동|41#41290-19,경기도 과천시 부림동 41,주공8,과천시
41290|부림동|41#41290-20,경기도 과천시 부림동 41,주공9,과천시
41290|부림동|49,경기도 과천시 부림동 49,주공7,과천시
41290|부림동|96,경기도 과천시 부림동 96,센트럴파크푸르지오써밋,과천시
41290|원문동|10,경기도 과천시 원문동 10,과천위버필드,과천시
41290|원문동|2,경기도 과천시 원문동 2,주공2,과천시
41290|원문동|4,경기도 과천시 원문동 4,래미안슈르,과천시
41290|중앙동|101,경기도 과천시 중앙동 101,과천푸르지오써밋,과천시
41290|중앙동|37,경기도 과천시 중앙동 37,주공1,과천시
41290|중앙동|65,경기도 과천시 중앙동 65,주공10,과천시
41290|중앙동|71,경기도 과천시 중앙동 71,래미안에코팰리스,과천시
41310|갈매동|569,경기도 구리시 갈매동 569,엘에이치이스트힐,구리시
41310|갈매동|590,경기도 구리시 갈매동 590,한라비발디,구리시
41310|갈매동|596,경기도 구리시 갈매동 596,갈매역아이파크,구리시
41310|갈매동|626,경기도 구리시 갈매동 626,갈매와이시티,구리시
41310|갈매동|631,경기도 구리시 갈매동 631,갈매6단지,구리시
41310|갈매동|640,경기도 구리시 갈매동 640,구리갈매푸르지오,구리시
41310|갈매동|646,경기도 구리시 갈매동 646,이룸넘버원리치안,구리시
41310|갈매동|651,경기도 구리시 갈매동 651,구리갈매스타힐스,구리시
41310|갈매동|665,경기도 구리시 갈매동 665,갈매더샵나인힐스,구리시
41310|교문동|1-8,경기도 구리시 교문동 1-8,동방,구리시
41310|교문동|197-16,경기도 구리시 교문동 197-16,한인,구리시
41310|교문동|219-29,경기도 구리시 교문동 219-29,신원,구리시
41310|교문동|220-1,경기도 구리시 교문동 220-1,B.J빌(103동),구리시
41310|교문동|220-14,경기도 구리시 교문동 220-14,B.J빌(104동),구리시
41310|교문동|220-15,경기도 구리시 교문동 220-15,B.J빌(102동),구리시
41310|교문동|220-16,경기도 구리시 교문동 220-16,B.J빌(101동),구리시
41310|교문동|220-2,경기도 구리시 교문동 220-2,B.J빌(105동),구리시
41310|교문동|233-35,경기도 구리시 교문동 233-35,삼산,구리시
41310|교문동|766,경기도 구리시 교문동 766,구리두산,구리시
41310|교문동|766-1,경기도 구리시 교문동 766-1,한성,구리시
41310|교문동|767,경기도 구리시 교문동 767,일성,구리시
41310|교문동|808,경기도 구리시 교문동 808,덕현,구리시
41310|교문동|809,경기도 구리시 교문동 809,한가람아파트,구리시
41310|교문동|809-1#41310-35,경기도 구리시 교문동 809-1,하나(유원)아파트,구리시
41310|교문동|809-1#41310-36,경기도 구리시 교문동 809-1,하나(한성)아파트,구리시
41310|교문동|809-2#41310-25,경기도 구리시 교문동 809-2,구리(우성),구리시
41310|교문동|809-2#41310-26,경기도 구리시 교문동 809-2,구리(한양),구리시
41310|교문동|809-3#41310-23,경기도 구리시 교문동 809-3,교문(대우),구리시
41310|교문동|809-3#41310-24,경기도 구리시 교문동 809-3,교문(동양고속),구리시
41310|교문동|820#41310-32,경기도 구리시 교문동 820,장자마을금호1-2,구리시
41310|교문동|820#41310-86,경기도 구리시 교문동 820,장자마을금호1-1,구리시
41310|교문동|825,경기도 구리시 교문동 825,장자마을동양,구리시
41310|교문동|826,경기도 구리시 교문동 826,토평신명,구리시
41310|교문동|828,경기도 구리시 교문동 828,교문동금호어울림,구리시
41310|교문동|829,경기도 구리시 교문동 829,아차산어울림아파트,구리시
41310|수택동|271-1,경기도 구리시 수택동 271-1,보림,구리시
41310|수택동|345,경기도 구리시 수택동 345,평화노블레스,구리시
41310|수택동|345-3,경기도 구리시 수택동 345-3,동원,구리시
41310|수택동|345-8,경기도 구리시 수택동 345-8,동원(345-8),구리시
41310|수택동|379-24,경기도 구리시 수택동 379-24,(379-24),구리시
41310|수택동|379-6,경기도 구리시 수택동 379-6,SK시티하우스,구리시
41310|수택동|417-15,경기도 구리시 수택동 417-15,다우빌,구리시
41310|수택동|430-2,경기도 구리시 수택동 430-2,대성,구리시
41310|수택동|437,경기도 구리시 수택동 437,e편한세상수택센트럴파크,구리시
41310|수택동|440,경기도 구리시 수택동 440,쌍용,구리시
41310|수택동|441-12,경기도 구리시 수택동 441-12,신래(441-12),구리시
41310|수택동|445-13,경기도 구리시 수택동 445-13,현암(445-13),구리시
41310|수택동|445-20,경기도 구리시 수택동 445-20,현암(445-20),구리시
41310|수택동|448-6,경기도 구리시 수택동 448-6,신성미소지움,구리시
41310|수택동|449-1,경기도 구리시 수택동 449-1,무학수누피마을,구리시
41310|수택동|454-44,경기도 구리시 수택동 454-44,유창,구리시
41310|수택동|454-8,경기도 구리시 수택동 454-8,대우454-8,구리시
41310|수택동|469-1,경기도 구리시 수택동 469-1,무학율촌마을,구리시
41310|수택동|471,경기도 구리시 수택동 471,반석블레스,구리시
41310|수택동|471-1,경기도 구리시 수택동 471-1,범우,구리시
41310|수택동|472-1,경기도 구리시 수택동 472-1,트레져,구리시
41310|수택동|481,경기도 구리시 수택동 481,유탑트윈팰리스,구리시
41310|수택동|482-2,경기도 구리시 수택동 482-2,성원상떼빌,구리시
41310|수택동|487-4,경기도 구리시 수택동 487-4,그린하우스,구리시
41310|수택동|489-11,경기도 구리시 수택동 489-11,더바임,구리시
41310|수택동|498-10,경기도 구리시 수택동 498-10,화창,구리시
41310|수택동|502-1,경기도 구리시 수택동 502-1,유현아파트1동,구리시
41310|수택동|506-9,경기도 구리시 수택동 506-9,하이스트빌,구리시
41310|수택동|512-13,경기도 구리시 수택동 512-13,대우A,구리시
41310|수택동|516-13,경기도 구리시 수택동 516-13,동진타운빌,구리시
41310|수택동|517-1,경기도 구리시 수택동 517-1,한인(라동),구리시
41310|수택동|517-18,경기도 구리시 수택동 517-18,한인(다동),구리시
41310|수택동|517-3,경기도 구리시 수택동 517-3,"한인(가,나동)",구리시
41310|수택동|518-14,경기도 구리시 수택동 518-14,동명A,구리시
41310|수택동|518-15,경기도 구리시 수택동 518-15,동명B,구리시
41310|수택동|532-13,경기도 구리시 수택동 532-13,대우APT,구리시
41310|수택동|542,경기도 구리시 수택동 542,수택동금호어울림,구리시
41310|수택동|546,경기도 구리시 수택동 546,광명,구리시
41310|수택동|549-6,경기도 구리시 수택동 549-6,수택주공,구리시
41310|수택동|550,경기도 구리시 수택동 550,남양아이좋은집,구리시
41310|수택동|552,경기도 구리시 수택동 552,원일(552),구리시
41310|수택동|555,경기도 구리시 수택동 555,원일(555),구리시
41310|수택동|561-7,경기도 구리시 수택동 561-7,현암,구리시
41310|수택동|610-1,경기도 구리시 수택동 610-1,나래,구리시
41310|수택동|611-1,경기도 구리시 수택동 611-1,개나리,구리시
41310|수택동|611-2,경기도 구리시 수택동 611-2,일우,구리시
41310|수택동|611-3,경기도 구리시 수택동 611-3,다성2차,구리시
41310|수택동|611-5,경기도 구리시 수택동 611-5,대원,구리시
41310|수택동|618,경기도 구리시 수택동 618,뉴벽산,구리시
41310|수택동|621,경기도 구리시 수택동 621,신원그린,구리시
41310|수택동|621-4,경기도 구리시 수택동 621-4,무지개,구리시
41310|수택동|622,경기도 구리시 수택동 622,두원세라믹,구리시
41310|수택동|623,경기도 구리시 수택동 623,쌍용(623),구리시
41310|수택동|624,경기도 구리시 수택동 624,성경훼밀리,구리시
41310|수택동|625,경기도 구리시 수택동 625,(625-0),구리시
41310|수택동|626-1,경기도 구리시 수택동 626-1,바우하우스,구리시
41310|수택동|626-11,경기도 구리시 수택동 626-11,일우(다동),구리시
41310|수택동|626-18,경기도 구리시 수택동 626-18,성경(626-18),구리시
41310|수택동|626-19,경기도 구리시 수택동 626-19,갑우,구리시
41310|수택동|626-2,경기도 구리시 수택동 626-2,"일우(가,나동)",구리시
41310|수택동|626-20,경기도 구리시 수택동 626-20,수택원룸,구리시
41310|수택동|626-24,경기도 구리시 수택동 626-24,대동(언덕위에하,구리시
41310|수택동|626-25,경기도 구리시 수택동 626-25,진양(626-25),구리시
41310|수택동|626-26,경기도 구리시 수택동 626-26,유창1동,구리시
41310|수택동|626-29,경기도 구리시 수택동 626-29,한솔푸른,구리시
41310|수택동|626-30,경기도 구리시 수택동 626-30,다성,구리시
41310|수택동|626-33,경기도 구리시 수택동 626-33,성화,구리시
41310|수택동|626-35,경기도 구리시 수택동 626-35,한솔A,구리시
41310|수택동|626-36,경기도 구리시 수택동 626-36,칼라하우스,구리시
41310|수택동|626-40,경기도 구리시 수택동 626-40,동문,구리시
41310|수택동|626-43,경기도 구리시 수택동 626-43,대동,구리시
41310|수택동|626-48,경기도 구리시 수택동 626-48,칼라하우스A,구리시
41310|수택동|626-49,경기도 구리시 수택동 626-49,광덕102동,구리시
41310|수택동|626-50,경기도 구리시 수택동 626-50,광덕,구리시
41310|수택동|626-6,경기도 구리시 수택동 626-6,광덕(626-6),구리시
41310|수택동|627,경기도 구리시 수택동 627,하이빌,구리시
41310|수택동|627-1,경기도 구리시 수택동 627-1,한솔빌라트,구리시
41310|수택동|628-2,경기도 구리시 수택동 628-2,진양,구리시
41310|수택동|628-25,경기도 구리시 수택동 628-25,미주,구리시
41310|수택동|628-3,경기도 구리시 수택동 628-3,비동미주,구리시
41310|수택동|629-2,경기도 구리시 수택동 629-2,리라,구리시
41310|수택동|629-5,경기도 구리시 수택동 629-5,리라하이텔,구리시
41310|수택동|630,경기도 구리시 수택동 630,명가,구리시
41310|수택동|633-12,경기도 구리시 수택동 633-12,보성,구리시
41310|수택동|646-5,경기도 구리시 수택동 646-5,골든빌리지,구리시
41310|수택동|647,경기도 구리시 수택동 647,영진,구리시
41310|수택동|684-6,경기도 구리시 수택동 684-6,우림,구리시
41310|수택동|847-1,경기도 구리시 수택동 847-1,동진뱅크빌,구리시
41310|수택동|853,경기도 구리시 수택동 853,럭키,구리시
41310|수택동|854,경기도 구리시 수택동 854,대림한숲,구리시
41310|수택동|854-2,경기도 구리시 수택동 854-2,엘지원앙,구리시
41310|수택동|854-3,경기도 구리시 수택동 854-3,한성3,구리시
41310|수택동|877,경기도 구리시 수택동 877,금호베스트빌,구리시
41310|수택동|879,경기도 구리시 수택동 879,토평주공,구리시
41310|수택동|885,경기도 구리시 수택동 885,영풍마드레빌1차,구리시
41310|수택동|888,경기도 구리시 수택동 888,구리태영데시앙,구리시
41310|수택동|889,경기도 구리시 수택동 889,구리역한양수자인리버시티,구리시
41310|수택동|890,경기도 구리시 수택동 890,힐스테이트구리역,구리시
41310|인창동|289-29,경기도 구리시 인창동 289-29,구리역롯데캐슬시그니처(C1),구리시
41310|인창동|29,경기도 구리시 인창동 29,한진,구리시
41310|인창동|290-3,경기도 구리시 인창동 290-3,구리역롯데캐슬시그니처(C2),구리시
41310|인창동|297-2,경기도 구리시 인창동 297-2,충효,구리시
41310|인창동|302-3,경기도 구리시 인창동 302-3,성림,구리시
41310|인창동|309-6,경기도 구리시 인창동 309-6,인창이편한세상,구리시
41310|인창동|383-36,경기도 구리시 인창동 383-36,비둘기,구리시
41310|인창동|453,경기도 구리시 인창동 453,성원,구리시
41310|인창동|474,경기도 구리시 인창동 474,건영,구리시
41310|인창동|480,경기도 구리시 인창동 480,우방아이유쉘,구리시
41310|인창동|487,경기도 구리시 인창동 487,동양주택조합,구리시
41310|인창동|487-1,경기도 구리시 인창동 487-1,아름마을삼성,구리시
41310|인창동|487-32,경기도 구리시 인창동 487-32,아름마을일신,구리시
41310|인창동|487-51,경기도 구리시 인창동 487-51,아름마을일신건영,구리시
41310|인창동|508,경기도 구리시 인창동 508,현대홈타운,구리시
41310|인창동|528-1,경기도 구리시 인창동 528-1,아름마을성원,구리시
41310|인창동|557-2,경기도 구리시 인창동 557-2,동산,구리시
41310|인창동|576-1,경기도 구리시 인창동 576-1,신동흥105동,구리시
41310|인창동|576-38,경기도 구리시 인창동 576-38,신동흥103동,구리시
41310|인창동|576-40,경기도 구리시 인창동 576-40,신동흥101동,구리시
41310|인창동|580-14,경기도 구리시 인창동 580-14,동흥,구리시
41310|인창동|590,경기도 구리시 인창동 590,삼호,구리시
41310|인창동|605-30,경기도 구리시 인창동 605-30,포스필아파트(102동),구리시
41310|인창동|605-36,경기도 구리시 인창동 605-36,포스필아파트(101동),구리시
41310|인창동|610-20,경기도 구리시 인창동 610-20,대명(610-20),구리시
41310|인창동|610-44,경기도 구리시 인창동 610-44,대명(610-44),구리시
41310|인창동|632-1,경기도 구리시 인창동 632-1,한창그린(102동),구리시
41310|인창동|632-12,경기도 구리시 인창동 632-12,우림,구리시
41310|인창동|632-2,경기도 구리시 인창동 632-2,우림3동,구리시
41310|인창동|632-3,경기도 구리시 인창동 632-3,한창그린(101동),구리시
41310|인창동|633-1,경기도 구리시 인창동 633-1,이건필그린(633-1),구리시
41310|인창동|633-2,경기도 구리시 인창동 633-2,이건필그린(633-2),구리시
41310|인창동|636,경기도 구리시 인창동 636,인창칸타빌더헤리티지,구리시
41310|인창동|640-1,경기도 구리시 인창동 640-1,아름마을엘지,구리시
41310|인창동|640-10,경기도 구리시 인창동 640-10,필그린,구리시
41310|인창동|640-12,경기도 구리시 인창동 640-12,이건필그린아파트101,구리시
41310|인창동|640-19,경기도 구리시 인창동 640-19,이건그린,구리시
41310|인창동|640-20,경기도 구리시 인창동 640-20,이건필그린,구리시
41310|인창동|640-25,경기도 구리시 인창동 640-25,(640-25),구리시
41310|인창동|640-43,경기도 구리시 인창동 640-43,부영(640-43),구리시
41310|인창동|640-44,경기도 구리시 인창동 640-44,부영A,구리시
41310|인창동|640-45,경기도 구리시 인창동 640-45,부영apt,구리시
41310|인창동|640-49,경기도 구리시 인창동 640-49,부영바동,구리시
41310|인창동|640-72,경기도 구리시 인창동 640-72,이건필그린102,구리시
41310|인창동|641-12,경기도 구리시 인창동 641-12,부영105동,구리시
41310|인창동|641-13,경기도 구리시 인창동 641-13,부영103동,구리시
41310|인창동|641-23,경기도 구리시 인창동 641-23,대양,구리시
41310|인창동|641-5,경기도 구리시 인창동 641-5,부영102,구리시
41310|인창동|641-7,경기도 구리시 인창동 641-7,부영101동,구리시
41310|인창동|648-101,경기도 구리시 인창동 648-101,노엘하이빌101동,구리시
41310|인창동|648-103,경기도 구리시 인창동 648-103,노엘103동,구리시
41310|인창동|648-105,경기도 구리시 인창동 648-105,이건필103동,구리시
41310|인창동|651-27,경기도 구리시 인창동 651-27,원일아름,구리시
41310|인창동|663-1,경기도 구리시 인창동 663-1,주공1,구리시
41310|인창동|664-1,경기도 구리시 인창동 664-1,주공2,구리시
41310|인창동|665-1,경기도 구리시 인창동 665-1,삼보,구리시
41310|인창동|666-1#41310-17,경기도 구리시 인창동 666-1,주공4-1,구리시
41310|인창동|666-1#41310-92,경기도 구리시 인창동 666-1,주공4-2,구리시
41310|인창동|667-1#41310-6,경기도 구리시 인창동 667-1,삼환,구리시
41310|인창동|667-1#41310-8,경기도 구리시 인창동 667-1,신일,구리시
41310|인창동|668-1,경기도 구리시 인창동 668-1,주공6,구리시
41310|인창동|691,경기도 구리시 인창동 691,원일가대라곡,구리시
41310|인창동|703,경기도 구리시 인창동 703,동원베네스트,구리시
41310|인창동|704,경기도 구리시 인창동 704,다우림,구리시
41310|인창동|705,경기도 구리시 인창동 705,인창2차e-편한세상,구리시
41310|인창동|706,경기도 구리시 인창동 706,구리인창2차동문굿모닝힐,구리시
41310|인창동|707,경기도 구리시 인창동 707,동문굿모닝힐,구리시
41310|인창동|709,경기도 구리시 인창동 709,구리인창금호어울림,구리시
41310|인창동|710,경기도 구리시 인창동 710,정은스카이빌,구리시
41310|인창동|711,경기도 구리시 인창동 711,구리인창공원우림필유,구리시
41310|인창동|712,경기도 구리시 인창동 712,인창풍림아이원,구리시
41310|인창동|713,경기도 구리시 인창동 713,더샵그린포레1단지,구리시
41310|인창동|714,경기도 구리시 인창동 714,더샵그린포레2단지,구리시
41310|인창동|716,경기도 구리시 인창동 716,e편한세상인창어반포레,구리시
41310|토평동|1008,경기도 구리시 토평동 1008,에스케이신일,구리시
41310|토평동|1009,경기도 구리시 토평동 1009,우남,구리시
41310|토평동|1011,경기도 구리시 토평동 1011,영풍마드레빌2차,구리시
41310|토평동|262-1,경기도 구리시 토평동 262-1,신명스카이뷰,구리시
41310|토평동|269-1,경기도 구리시 토평동 269-1,유진스웰,구리시
41310|토평동|955,경기도 구리시 토평동 955,토평마을 e편한세상,구리시
41310|토평동|959,경기도 구리시 토평동 959,상록,구리시
41310|토평동|960,경기도 구리시 토평동 960,삼성,구리시
41310|토평동|961,경기도 구리시 토평동 961,한일,구리시
41360|금곡동|159-59,경기도 남양주시 금곡동 159-59,서울,남양주시
41360|금곡동|159-67,경기도 남양주시 금곡동 159-67,한양,남양주시
41360|금곡동|162-64,경기도 남양주시 금곡동 162-64,화창,남양주시
41360|금곡동|162-69,경기도 남양주시 금곡동 162-69,금성하이빌,남양주시
41360|금곡동|164-15,경기도 남양주시 금곡동 164-15,광일,남양주시
41360|금곡동|164-31,경기도 남양주시 금곡동 164-31,예농-1,남양주시
41360|금곡동|164-7,경기도 남양주시 금곡동 164-7,예농,남양주시
41360|금곡동|167-22,경기도 남양주시 금곡동 167-22,신대림(1동),남양주시
41360|금곡동|167-4,경기도 남양주시 금곡동 167-4,신대림,남양주시
41360|금곡동|168-1,경기도 남양주시 금곡동 168-1,금성훼밀리,남양주시
41360|금곡동|402-1,경기도 남양주시 금곡동 402-1,미라보,남양주시
41360|금곡동|402-6,경기도 남양주시 금곡동 402-6,효창,남양주시
41360|금곡동|404-20,경기도 남양주시 금곡동 404-20,금성,남양주시
41360|금곡동|414-20,경기도 남양주시 금곡동 414-20,실로암,남양주시
41360|금곡동|419-1,경기도 남양주시 금곡동 419-1,성환,남양주시
41360|금곡동|603,경기도 남양주시 금곡동 603,금곡GS,남양주시
41360|금곡동|612,경기도 남양주시 금곡동 612,명지해드는터,남양주시
41360|금곡동|628,경기도 남양주시 금곡동 628,신성푸른솔,남양주시
41360|금곡동|654,경기도 남양주시 금곡동 654,금강아파트,남양주시
41360|금곡동|676-10,경기도 남양주시 금곡동 676-10,거환,남양주시
41360|금곡동|694-22,경기도 남양주시 금곡동 694-22,신우,남양주시
41360|금곡동|702,경기도 남양주시 금곡동 702,광아,남양주시
41360|금곡동|751-1,경기도 남양주시 금곡동 751-1,진덕,남양주시
41360|금곡동|776,경기도 남양주시 금곡동 776,신도브래뉴,남양주시
41360|금곡동|777,경기도 남양주시 금곡동 777,금곡역디에브스,남양주시
41360|금곡동|779,경기도 남양주시 금곡동 779,금곡역한신더휴,남양주시
41360|금곡동|산108-1,경기도 남양주시 금곡동 산108-1,인정프린스,남양주시
41360|다산동|3135-3,경기도 남양주시 다산동 3135-3,충일,남양주시
41360|다산동|3395,경기도 남양주시 다산동 3395,동원베네스트,남양주시
41360|다산동|3717,경기도 남양주시 다산동 3717,부영사랑으로,남양주시
41360|다산동|3718,경기도 남양주시 다산동 3718,한화꿈에그린,남양주시
41360|다산동|3720,경기도 남양주시 다산동 3720,힐스테이트 황금산,남양주시
41360|다산동|4001-29,경기도 남양주시 다산동 4001-29,부영애시앙,남양주시
41360|다산동|4002-1#41360-163,경기도 남양주시 다산동 4002-1,플루리움3단지,남양주시
41360|다산동|4002-1#41360-18,경기도 남양주시 다산동 4002-1,"플루리움4,5단지",남양주시
41360|다산동|4002-1#41360-19,경기도 남양주시 다산동 4002-1,플루리움1단지,남양주시
41360|다산동|4002-1#41360-20,경기도 남양주시 다산동 4002-1,플루리움2단지,남양주시
41360|다산동|4025-32,경기도 남양주시 다산동 4025-32,동화,남양주시
41360|다산동|4026-16,경기도 남양주시 다산동 4026-16,신우가든,남양주시
41360|다산동|4026-6,경기도 남양주시 다산동 4026-6,다산한신휴플러스,남양주시
41360|다산동|4027-5,경기도 남양주시 다산동 4027-5,제일,남양주시
41360|다산동|4047-10,경기도 남양주시 다산동 4047-10,아림,남양주시
41360|다산동|4047-18,경기도 남양주시 다산동 4047-18,건영,남양주시
41360|다산동|4047-4,경기도 남양주시 다산동 4047-4,양지A동,남양주시
41360|다산동|4047-5,경기도 남양주시 다산동 4047-5,양지B동,남양주시
41360|다산동|4050-1,경기도 남양주시 다산동 4050-1,동양,남양주시
41360|다산동|4068-1,경기도 남양주시 다산동 4068-1,성창빌라트,남양주시
41360|다산동|4296-15,경기도 남양주시 다산동 4296-15,창조,남양주시
41360|다산동|4432,경기도 남양주시 다산동 4432,다산리버펠리체1단지,남양주시
41360|다산동|4432-2,경기도 남양주시 다산동 4432-2,다산리버펠리체2단지,남양주시
41360|다산동|4432-4,경기도 남양주시 다산동 4432-4,다산리버펠리체3단지,남양주시
41360|다산동|4433,경기도 남양주시 다산동 4433,롯데낙천대,남양주시
41360|다산동|4434,경기도 남양주시 다산동 4434,다산효성해링턴타워,남양주시
41360|다산동|4435,경기도 남양주시 다산동 4435,부영사랑으로7단지,남양주시
41360|다산동|4436,경기도 남양주시 다산동 4436,다산센트레빌,남양주시
41360|다산동|4438,경기도 남양주시 다산동 4438,다산유보라마크뷰,남양주시
41360|다산동|6014,경기도 남양주시 다산동 6014,다산반도유보라메이플타운,남양주시
41360|다산동|6015,경기도 남양주시 다산동 6015,다산자이폴라리스,남양주시
41360|다산동|6024,경기도 남양주시 다산동 6024,다산한양수자인리버팰리스,남양주시
41360|다산동|6025,경기도 남양주시 다산동 6025,다산유승한내들골든뷰,남양주시
41360|다산동|6028,경기도 남양주시 다산동 6028,다산자이아이비플레이스,남양주시
41360|다산동|6029,경기도 남양주시 다산동 6029,다산롯데캐슬,남양주시
41360|다산동|6031,경기도 남양주시 다산동 6031,다산아이파크,남양주시
41360|다산동|6075,경기도 남양주시 다산동 6075,다산한양수자인리버파크,남양주시
41360|다산동|6090,경기도 남양주시 다산동 6090,다산유승한내들센트럴,남양주시
41360|다산동|6091,경기도 남양주시 다산동 6091,e편한세상 다산,남양주시
41360|다산동|6092,경기도 남양주시 다산동 6092,힐스테이트다산,남양주시
41360|다산동|6132,경기도 남양주시 다산동 6132,다산자연앤e편한세상3차,남양주시
41360|다산동|6133,경기도 남양주시 다산동 6133,다산 이편한세상자이,남양주시
41360|다산동|6151,경기도 남양주시 다산동 6151,다산e편한세상더퍼스트,남양주시
41360|다산동|6163,경기도 남양주시 다산동 6163,다산푸르지오,남양주시
41360|다산동|6208,경기도 남양주시 다산동 6208,다산지금센트럴에일린의뜰,남양주시
41360|다산동|6213,경기도 남양주시 다산동 6213,다산신안인스빌퍼스트포레,남양주시
41360|다산동|6215,경기도 남양주시 다산동 6215,다산 펜테리움 리버테라스 Ⅰ,남양주시
41360|다산동|6234,경기도 남양주시 다산동 6234,다산한강반도유보라,남양주시
41360|다산동|6235,경기도 남양주시 다산동 6235,다산펜테리움리버테라스Ⅱ,남양주시
41360|다산동|6251,경기도 남양주시 다산동 6251,다산신안인스빌퍼스트리버,남양주시
41360|다산동|6297,경기도 남양주시 다산동 6297,다산해모로,남양주시
41360|다산동|6302,경기도 남양주시 다산동 6302,해링턴플레이스다산파크,남양주시
41360|다산동|673,경기도 남양주시 다산동 673,더힐포레4단지,남양주시
41360|다산동|674,경기도 남양주시 다산동 674,더힐포레3단지,남양주시
41360|다산동|681,경기도 남양주시 다산동 681,다산 한신 더휴 7단지,남양주시
41360|다산동|682,경기도 남양주시 다산동 682,다산 한신 더휴 6단지,남양주시
41360|다산동|683,경기도 남양주시 다산동 683,경남아너스빌,남양주시
41360|다산동|690,경기도 남양주시 다산동 690,다산 한신 더휴 8단지,남양주시
41360|별내동|1035,경기도 남양주시 별내동 1035,별내역우미린더퍼스트,남양주시
41360|별내동|1041,경기도 남양주시 별내동 1041,포레나별내,남양주시
41360|별내동|1047,경기도 남양주시 별내동 1047,신안인스빌,남양주시
41360|별내동|1050,경기도 남양주시 별내동 1050,신일유토빌,남양주시
41360|별내동|1056,경기도 남양주시 별내동 1056,쌍용예가,남양주시
41360|별내동|1058,경기도 남양주시 별내동 1058,동익미라벨(1058),남양주시
41360|별내동|1060,경기도 남양주시 별내동 1060,동익미라벨(1060),남양주시
41360|별내동|1072,경기도 남양주시 별내동 1072,KCC스위첸,남양주시
41360|별내동|808,경기도 남양주시 별내동 808,별내별가람역 한라비발디,남양주시
41360|별내동|822-1,경기도 남양주시 별내동 822-1,별내퍼스트포레,남양주시
41360|별내동|852,경기도 남양주시 별내동 852,별내아이파크2차,남양주시
41360|별내동|854,경기도 남양주시 별내동 854,현대아이파크,남양주시
41360|별내동|869,경기도 남양주시 별내동 869,유승한내들,남양주시
41360|별내동|871,경기도 남양주시 별내동 871,별내푸르지오,남양주시
41360|별내동|872,경기도 남양주시 별내동 872,남광하우스토리,남양주시
41360|별내동|893,경기도 남양주시 별내동 893,별내유승한내들이노스타,남양주시
41360|별내동|895,경기도 남양주시 별내동 895,별내우미린스타포레,남양주시
41360|별내동|899,경기도 남양주시 별내동 899,모아미래도아파트,남양주시
41360|별내동|900,경기도 남양주시 별내동 900,대원칸타빌,남양주시
41360|별내동|914,경기도 남양주시 별내동 914,남양주별내리슈빌,남양주시
41360|별내동|922,경기도 남양주시 별내동 922,포스코더샵,남양주시
41360|별내동|999,경기도 남양주시 별내동 999,별내자이더스타,남양주시
41360|별내면 청학리|350-1,경기도 남양주시 별내면 청학리 350-1,청학주공(6단지),남양주시
41360|별내면 청학리|353-1,경기도 남양주시 별내면 청학리 353-1,청학주공(7단지),남양주시
41360|별내면 청학리|409,경기도 남양주시 별내면 청학리 409,청학주공(3단지),남양주시
41360|별내면 청학리|411,경기도 남양주시 별내면 청학리 411,청학주공(4단지),남양주시
41360|별내면 청학리|412,경기도 남양주시 별내면 청학리 412,청학주공(5단지),남양주시
41360|별내면 청학리|419,경기도 남양주시 별내면 청학리 419,청학주공(2단지),남양주시
41360|별내면 청학리|420,경기도 남양주시 별내면 청학리 420,청학주공(1단지),남양주시
41360|별내면 청학리|472,경기도 남양주시 별내면 청학리 472,극동마이다스빌,남양주시
41360|별내면 청학리|476,경기도 남양주시 별내면 청학리 476,동부일신,남양주시
41360|별내면 청학리|488,경기도 남양주시 별내면 청학리 488,거성수락산,남양주시
41360|별내면 청학리|580,경기도 남양주시 별내면 청학리 580,별내반도유보라,남양주시
41360|오남읍 양지리|105,경기도 남양주시 오남읍 양지리 105,삼신,남양주시
41360|오남읍 양지리|109,경기도 남양주시 오남읍 양지리 109,양지현대,남양주시
41360|오남읍 양지리|111-2,경기도 남양주시 오남읍 양지리 111-2,오남1청구,남양주시
41360|오남읍 양지리|193-1,경기도 남양주시 오남읍 양지리 193-1,극동,남양주시
41360|오남읍 양지리|193-4,경기도 남양주시 오남읍 양지리 193-4,성호,남양주시
41360|오남읍 양지리|234,경기도 남양주시 오남읍 양지리 234,양지,남양주시
41360|오남읍 양지리|620,경기도 남양주시 오남읍 양지리 620,오남쌍용스윗닷홈지티1단지,남양주시
41360|오남읍 양지리|623,경기도 남양주시 오남읍 양지리 623,오남쌍용스윗닷홈지티(2단지),남양주시
41360|오남읍 양지리|807,경기도 남양주시 오남읍 양지리 807,대림e편한세상1단지,남양주시
41360|오남읍 양지리|807-2,경기도 남양주시 오남읍 양지리 807-2,대림e편한세상2단지,남양주시
41360|오남읍 오남리|166,경기도 남양주시 오남읍 오남리 166,성도,남양주시
41360|오남읍 오남리|222,경기도 남양주시 오남읍 오남리 222,동부,남양주시
41360|오남읍 오남리|250,경기도 남양주시 오남읍 오남리 250,파라다이스빌,남양주시
41360|오남읍 오남리|267-3,경기도 남양주시 오남읍 오남리 267-3,남양주대한,남양주시
41360|오남읍 오남리|315-1,경기도 남양주시 오남읍 오남리 315-1,유호,남양주시
41360|오남읍 오남리|362,경기도 남양주시 오남읍 오남리 362,한신1,남양주시
41360|오남읍 오남리|425,경기도 남양주시 오남읍 오남리 425,신일해피트리(1차),남양주시
41360|오남읍 오남리|426,경기도 남양주시 오남읍 오남리 426,신일해피트리(2차),남양주시
41360|오남읍 오남리|429,경기도 남양주시 오남읍 오남리 429,신우아이딜(1차),남양주시
41360|오남읍 오남리|439,경기도 남양주시 오남읍 오남리 439,신우아이딜2차,남양주시
41360|오남읍 오남리|464,경기도 남양주시 오남읍 오남리 464,금호어울림,남양주시
41360|오남읍 오남리|519,경기도 남양주시 오남읍 오남리 519,한신(2차),남양주시
41360|오남읍 오남리|605,경기도 남양주시 오남읍 오남리 605,휴먼빌,남양주시
41360|오남읍 오남리|632,경기도 남양주시 오남읍 오남리 632,진주(6차),남양주시
41360|오남읍 오남리|632-1,경기도 남양주시 오남읍 오남리 632-1,진주(5차),남양주시
41360|오남읍 오남리|683-11,경기도 남양주시 오남읍 오남리 683-11,진주(4차),남양주시
41360|오남읍 오남리|683-12,경기도 남양주시 오남읍 오남리 683-12,진주(3차),남양주시
41360|오남읍 오남리|683-25,경기도 남양주시 오남읍 오남리 683-25,진주(2차),남양주시
41360|오남읍 오남리|683-30,경기도 남양주시 오남읍 오남리 683-30,진주(8차),남양주시
41360|오남읍 오남리|683-36,경기도 남양주시 오남읍 오남리 683-36,진주(10차),남양주시
41360|오남읍 오남리|683-37,경기도 남양주시 오남읍 오남리 683-37,진주(9차),남양주시
41360|오남읍 오남리|683-40,경기도 남양주시 오남읍 오남리 683-40,진주(7차),남양주시
41360|오남읍 오남리|683-5,경기도 남양주시 오남읍 오남리 683-5,진주(1차),남양주시
41360|오남읍 오남리|721,경기도 남양주시 오남읍 오남리 721,롯데,남양주시
41360|오남읍 오남리|744,경기도 남양주시 오남읍 오남리 744,한국1,남양주시
41360|오남읍 오남리|749-1,경기도 남양주시 오남읍 오남리 749-1,보영,남양주시
41360|오남읍 오남리|765-3,경기도 남양주시 오남읍 오남리 765-3,두산2,남양주시
41360|오남읍 오남리|785,경기도 남양주시 오남읍 오남리 785,두산1,남양주시
41360|오남읍 오남리|887,경기도 남양주시 오남읍 오남리 887,신동아파밀리에,남양주시
41360|오남읍 오남리|888,경기도 남양주시 오남읍 오남리 888,두산위브,남양주시
41360|오남읍 오남리|889,경기도 남양주시 오남읍 오남리 889,남양주오남푸르지오,남양주시
41360|오남읍 오남리|891,경기도 남양주시 오남읍 오남리 891,오남아이파크,남양주시
41360|와부읍 덕소리|110-1,경기도 남양주시 와부읍 덕소리 110-1,주공1,남양주시
41360|와부읍 덕소리|111-1,경기도 남양주시 와부읍 덕소리 111-1,주공2,남양주시
41360|와부읍 덕소리|145-4#41360-101,경기도 남양주시 와부읍 덕소리 145-4,강산마을코오롱대성,남양주시
41360|와부읍 덕소리|145-4#41360-112,경기도 남양주시 와부읍 덕소리 145-4,강산마을코오롱대성107동,남양주시
41360|와부읍 덕소리|191-1,경기도 남양주시 와부읍 덕소리 191-1,일성맨션,남양주시
41360|와부읍 덕소리|219-5,경기도 남양주시 와부읍 덕소리 219-5,금정,남양주시
41360|와부읍 덕소리|453-41,경기도 남양주시 와부읍 덕소리 453-41,명사마을,남양주시
41360|와부읍 덕소리|454-5,경기도 남양주시 와부읍 덕소리 454-5,영광,남양주시
41360|와부읍 덕소리|458-12,경기도 남양주시 와부읍 덕소리 458-12,인정하이츠2,남양주시
41360|와부읍 덕소리|458-15,경기도 남양주시 와부읍 덕소리 458-15,인정하이츠1,남양주시
41360|와부읍 덕소리|462-50,경기도 남양주시 와부읍 덕소리 462-50,세양아르비채리버,남양주시
41360|와부읍 덕소리|462-9,경기도 남양주시 와부읍 덕소리 462-9,벽산메가트리움,남양주시
41360|와부읍 덕소리|520,경기도 남양주시 와부읍 덕소리 520,우림루미아트,남양주시
41360|와부읍 덕소리|528-14,경기도 남양주시 와부읍 덕소리 528-14,한솔,남양주시
41360|와부읍 덕소리|528-9,경기도 남양주시 와부읍 덕소리 528-9,신한,남양주시
41360|와부읍 덕소리|537,경기도 남양주시 와부읍 덕소리 537,진도,남양주시
41360|와부읍 덕소리|554-1,경기도 남양주시 와부읍 덕소리 554-1,현대,남양주시
41360|와부읍 덕소리|600-14,경기도 남양주시 와부읍 덕소리 600-14,세양청마루,남양주시
41360|와부읍 덕소리|600-15,경기도 남양주시 와부읍 덕소리 600-15,덕소강변현대,남양주시
41360|와부읍 덕소리|600-3,경기도 남양주시 와부읍 덕소리 600-3,강변삼익,남양주시
41360|와부읍 덕소리|604-3,경기도 남양주시 와부읍 덕소리 604-3,우송2,남양주시
41360|와부읍 덕소리|606-1,경기도 남양주시 와부읍 덕소리 606-1,덕소주공3,남양주시
41360|와부읍 덕소리|611,경기도 남양주시 와부읍 덕소리 611,신암,남양주시
41360|와부읍 덕소리|612,경기도 남양주시 와부읍 덕소리 612,덕소아이파크,남양주시
41360|와부읍 덕소리|613,경기도 남양주시 와부읍 덕소리 613,동부센트레빌,남양주시
41360|와부읍 덕소리|614,경기도 남양주시 와부읍 덕소리 614,경남아너스빌,남양주시
41360|와부읍 덕소리|615,경기도 남양주시 와부읍 덕소리 615,성일우리미,남양주시
41360|와부읍 덕소리|616,경기도 남양주시 와부읍 덕소리 616,덕소강변라온프라이빗,남양주시
41360|와부읍 도곡리|1010-1,경기도 남양주시 와부읍 도곡리 1010-1,강변해태,남양주시
41360|와부읍 도곡리|1012,경기도 남양주시 와부읍 도곡리 1012,한강우성,남양주시
41360|와부읍 도곡리|1044,경기도 남양주시 와부읍 도곡리 1044,나비하우스,남양주시
41360|와부읍 도곡리|1093,경기도 남양주시 와부읍 도곡리 1093,쌍용스윗닷홈리버,남양주시
41360|와부읍 도곡리|1117,경기도 남양주시 와부읍 도곡리 1117,건영덕소리버파크,남양주시
41360|와부읍 도곡리|1125,경기도 남양주시 와부읍 도곡리 1125,덕소강변서희스타힐스,남양주시
41360|와부읍 도곡리|931-5,경기도 남양주시 와부읍 도곡리 931-5,우송,남양주시
41360|와부읍 도곡리|976-1,경기도 남양주시 와부읍 도곡리 976-1,벽산,남양주시
41360|와부읍 도곡리|977,경기도 남양주시 와부읍 도곡리 977,리버맨션,남양주시
41360|와부읍 도곡리|986-1,경기도 남양주시 와부읍 도곡리 986-1,덕소두산위브,남양주시
41360|와부읍 도곡리|991-21,경기도 남양주시 와부읍 도곡리 991-21,우창리버빌(101),남양주시
41360|와부읍 도곡리|991-6,경기도 남양주시 와부읍 도곡리 991-6,우창리버빌,남양주시
41360|와부읍 도곡리|991-8,경기도 남양주시 와부읍 도곡리 991-8,아리스빌,남양주시
41360|와부읍 도곡리|993,경기도 남양주시 와부읍 도곡리 993,덕소쌍용,남양주시
41360|진건읍 사능리|350,경기도 남양주시 진건읍 사능리 350,동명다동,남양주시
41360|진건읍 사능리|350-1,경기도 남양주시 진건읍 사능리 350-1,동명나동,남양주시
41360|진건읍 사능리|623-4,경기도 남양주시 진건읍 사능리 623-4,미창,남양주시
41360|진건읍 사능리|653-29,경기도 남양주시 진건읍 사능리 653-29,경남,남양주시
41360|진건읍 신월리|99-1,경기도 남양주시 진건읍 신월리 99-1,동성,남양주시
41360|진건읍 용정리|369-1,경기도 남양주시 진건읍 용정리 369-1,금강,남양주시
41360|진건읍 용정리|750-1,경기도 남양주시 진건읍 용정리 750-1,한신그린1차,남양주시
41360|진건읍 용정리|750-5,경기도 남양주시 진건읍 용정리 750-5,한신그린2차,남양주시
41360|진건읍 용정리|751-2,경기도 남양주시 진건읍 용정리 751-2,한신조합,남양주시
41360|진건읍 용정리|751-5,경기도 남양주시 진건읍 용정리 751-5,한신그린3차,남양주시
41360|진건읍 용정리|757-1,경기도 남양주시 진건읍 용정리 757-1,세아,남양주시
41360|진건읍 용정리|780-4,경기도 남양주시 진건읍 용정리 780-4,심미에셈빌,남양주시
41360|진건읍 용정리|790,경기도 남양주시 진건읍 용정리 790,한신그린4차,남양주시
41360|진건읍 용정리|790-1,경기도 남양주시 진건읍 용정리 790-1,현대A,남양주시
41360|진건읍 용정리|790-11,경기도 남양주시 진건읍 용정리 790-11,현대C,남양주시
41360|진건읍 용정리|790-12,경기도 남양주시 진건읍 용정리 790-12,현대D,남양주시
41360|진건읍 용정리|790-3,경기도 남양주시 진건읍 용정리 790-3,현대B,남양주시
41360|진건읍 용정리|794-1,경기도 남양주시 진건읍 용정리 794-1,남양주진건주공,남양주시
41360|진건읍 용정리|816-5,경기도 남양주시 진건읍 용정리 816-5,현대,남양주시
41360|진건읍 용정리|855,경기도 남양주시 진건읍 용정리 855,남양주진건주공2단지,남양주시
41360|진건읍 진관리|130-2,경기도 남양주시 진건읍 진관리 130-2,화성타운,남양주시
41360|진접읍 금곡리|1075,경기도 남양주시 진접읍 금곡리 1075,신영지웰,남양주시
41360|진접읍 금곡리|1080,경기도 남양주시 진접읍 금곡리 1080,해밀마을신안인스빌,남양주시
41360|진접읍 금곡리|1107,경기도 남양주시 진접읍 금곡리 1107,부영사랑으로,남양주시
41360|진접읍 금곡리|1108,경기도 남양주시 진접읍 금곡리 1108,금강펜테리움,남양주시
41360|진접읍 금곡리|1115,경기도 남양주시 진접읍 금곡리 1115,신도브래뉴,남양주시
41360|진접읍 금곡리|1117,경기도 남양주시 진접읍 금곡리 1117,예당마을신안인스빌,남양주시
41360|진접읍 금곡리|3352,경기도 남양주시 진접읍 금곡리 3352,진접삼부르네상스더퍼스트,남양주시
41360|진접읍 금곡리|878-1,경기도 남양주시 진접읍 금곡리 878-1,삼금,남양주시
41360|진접읍 금곡리|961,경기도 남양주시 진접읍 금곡리 961,남양휴튼,남양주시
41360|진접읍 금곡리|965,경기도 남양주시 진접읍 금곡리 965,자연&어울림,남양주시
41360|진접읍 금곡리|971,경기도 남양주시 진접읍 금곡리 971,해밀마을5단지 반도유보라 메이플타운,남양주시
41360|진접읍 금곡리|984,경기도 남양주시 진접읍 금곡리 984,원일플로라,남양주시
41360|진접읍 내각리|192,경기도 남양주시 진접읍 내각리 192,원일대궐터,남양주시
41360|진접읍 내각리|226,경기도 남양주시 진접읍 내각리 226,한신,남양주시
41360|진접읍 내각리|736-1,경기도 남양주시 진접읍 내각리 736-1,우남,남양주시
41360|진접읍 내각리|765-10,경기도 남양주시 진접읍 내각리 765-10,창조,남양주시
41360|진접읍 부평리|613-4,경기도 남양주시 진접읍 부평리 613-4,신한미,남양주시
41360|진접읍 부평리|636,경기도 남양주시 진접읍 부평리 636,대림강변,남양주시
41360|진접읍 부평리|735-3,경기도 남양주시 진접읍 부평리 735-3,진접한일,남양주시
41360|진접읍 부평리|756,경기도 남양주시 진접읍 부평리 756,진접센트레빌시티2단지,남양주시
41360|진접읍 부평리|758,경기도 남양주시 진접읍 부평리 758,진접센트레빌시티3단지,남양주시
41360|진접읍 부평리|764,경기도 남양주시 진접읍 부평리 764,진접센트레빌시티1단지,남양주시
41360|진접읍 부평리|771,경기도 남양주시 진접읍 부평리 771,더샵남양주퍼스트시티,남양주시
41360|진접읍 부평리|772,경기도 남양주시 진접읍 부평리 772,진접스타힐스,남양주시
41360|진접읍 연평리|846,경기도 남양주시 진접읍 연평리 846,원일궁의문,남양주시
41360|진접읍 장현리|203-2,경기도 남양주시 진접읍 장현리 203-2,장미,남양주시
41360|진접읍 장현리|225-6,경기도 남양주시 진접읍 장현리 225-6,신동아,남양주시
41360|진접읍 장현리|347-25,경기도 남양주시 진접읍 장현리 347-25,신진,남양주시
41360|진접읍 장현리|347-26,경기도 남양주시 진접읍 장현리 347-26,진양,남양주시
41360|진접읍 장현리|51-1,경기도 남양주시 진접읍 장현리 51-1,정광산호,남양주시
41360|진접읍 장현리|621,경기도 남양주시 진접읍 장현리 621,길훈,남양주시
41360|진접읍 장현리|633-1,경기도 남양주시 진접읍 장현리 633-1,삼신,남양주시
41360|진접읍 장현리|637,경기도 남양주시 진접읍 장현리 637,대명,남양주시
41360|진접읍 장현리|677-1,경기도 남양주시 진접읍 장현리 677-1,장현주공,남양주시
41360|진접읍 장현리|678-1,경기도 남양주시 진접읍 장현리 678-1,장현주공,남양주시
41360|진접읍 장현리|701,경기도 남양주시 진접읍 장현리 701,금강펜터리움,남양주시
41360|진접읍 장현리|702,경기도 남양주시 진접읍 장현리 702,남양주진접롯데캐슬,남양주시
41360|진접읍 장현리|71-1,경기도 남양주시 진접읍 장현리 71-1,원일에이플러스,남양주시
41360|진접읍 장현리|710,경기도 남양주시 진접읍 장현리 710,진접하우스토리,남양주시
41360|진접읍 장현리|79-1,경기도 남양주시 진접읍 장현리 79-1,신우,남양주시
41360|진접읍 장현리|산8-1,경기도 남양주시 진접읍 장현리 산8-1,현대,남양주시
41360|진접읍 진벌리|657,경기도 남양주시 진접읍 진벌리 657,신창비바패밀리,남양주시
41360|진접읍 팔야리|731-1,경기도 남양주시 진접읍 팔야리 731-1,광릉,남양주시
41360|진접읍 팔야리|780-23,경기도 남양주시 진접읍 팔야리 780-23,진양,남양주시
41360|퇴계원읍 퇴계원리|111-10,경기도 남양주시 퇴계원읍 퇴계원리 111-10,쌍용,남양주시
41360|퇴계원읍 퇴계원리|177-2,경기도 남양주시 퇴계원읍 퇴계원리 177-2,신현대(177-2),남양주시
41360|퇴계원읍 퇴계원리|178,경기도 남양주시 퇴계원읍 퇴계원리 178,엘리시아,남양주시
41360|퇴계원읍 퇴계원리|221,경기도 남양주시 퇴계원읍 퇴계원리 221,강남아파트,남양주시
41360|퇴계원읍 퇴계원리|232,경기도 남양주시 퇴계원읍 퇴계원리 232,성원,남양주시
41360|퇴계원읍 퇴계원리|250-3,경기도 남양주시 퇴계원읍 퇴계원리 250-3,강남건영2,남양주시
41360|퇴계원읍 퇴계원리|288,경기도 남양주시 퇴계원읍 퇴계원리 288,벽산타워빌,남양주시
41360|퇴계원읍 퇴계원리|288-11,경기도 남양주시 퇴계원읍 퇴계원리 288-11,신우가든,남양주시
41360|퇴계원읍 퇴계원리|303,경기도 남양주시 퇴계원읍 퇴계원리 303,극동,남양주시
41360|퇴계원읍 퇴계원리|365,경기도 남양주시 퇴계원읍 퇴계원리 365,퇴계원쌍용예가,남양주시
41360|퇴계원읍 퇴계원리|369,경기도 남양주시 퇴계원읍 퇴계원리 369,신별내퇴계원어울림,남양주시
41360|퇴계원읍 퇴계원리|370,경기도 남양주시 퇴계원읍 퇴계원리 370,퇴계원힐스테이트,남양주시
41360|퇴계원읍 퇴계원리|56,경기도 남양주시 퇴계원읍 퇴계원리 56,월드,남양주시
41360|퇴계원읍 퇴계원리|64,경기도 남양주시 퇴계원읍 퇴계원리 64,일신건영,남양주시
41360|퇴계원읍 퇴계원리|70-3,경기도 남양주시 퇴계원읍 퇴계원리 70-3,신도,남양주시
41360|평내동|103-2,경기도 남양주시 평내동 103-2,삼창,남양주시
41360|평내동|105,경기도 남양주시 평내동 105,양지,남양주시
41360|평내동|107-1,경기도 남양주시 평내동 107-1,대명,남양주시
41360|평내동|230-3,경기도 남양주시 평내동 230-3,희망,남양주시
41360|평내동|550,경기도 남양주시 평내동 550,평내마을금호어울림,남양주시
41360|평내동|551,경기도 남양주시 평내동 551,평내마젤란21,남양주시
41360|평내동|561,경기도 남양주시 평내동 561,우남퍼스트빌,남양주시
41360|평내동|562,경기도 남양주시 평내동 562,평내마을주공,남양주시
41360|평내동|564,경기도 남양주시 평내동 564,평내화성파크힐즈,남양주시
41360|평내동|581,경기도 남양주시 평내동 581,평내마을평내1차대주파크빌,남양주시
41360|평내동|59,경기도 남양주시 평내동 59,세종리젠시빌,남양주시
41360|평내동|592,경기도 남양주시 평내동 592,평내마을상록데시앙,남양주시
41360|평내동|599,경기도 남양주시 평내동 599,평내마을중흥에스-클래스(1단지),남양주시
41360|평내동|601,경기도 남양주시 평내동 601,평내마을신명스카이뷰,남양주시
41360|평내동|602,경기도 남양주시 평내동 602,평내마을평내2차대주파크빌,남양주시
41360|평내동|606,경기도 남양주시 평내동 606,평내마을중흥에스-클래스(2단지),남양주시
41360|평내동|608,경기도 남양주시 평내동 608,평내마을중흥에스-클래스(3단지),남양주시
41360|평내동|661,경기도 남양주시 평내동 661,평내호평역대명루첸포레스티움,남양주시
41360|평내동|667,경기도 남양주시 평내동 667,e편한세상평내메트로원,남양주시
41360|평내동|87,경기도 남양주시 평내동 87,효성타운,남양주시
41360|평내동|산87-1,경기도 남양주시 평내동 산87-1,진주(2단지),남양주시
41360|평내동|산87-11,경기도 남양주시 평내동 산87-11,진주(1단지),남양주시
41360|평내동|산87-3,경기도 남양주시 평내동 산87-3,진주(3단지),남양주시
41360|호평동|196-1,경기도 남양주시 호평동 196-1,남양,남양주시
41360|호평동|215-1,경기도 남양주시 호평동 215-1,호평마을쌍용스윗닷홈,남양주시
41360|호평동|371,경기도 남양주시 호평동 371,라인그린,남양주시
41360|호평동|612,경기도 남양주시 호평동 612,호평현대아이파크아파트,남양주시
41360|호평동|613,경기도 남양주시 호평동 613,호평마을대주파크빌,남양주시
41360|호평동|615,경기도 남양주시 호평동 615,호평마을신명스카이뷰하트,남양주시
41360|호평동|616,경기도 남양주시 호평동 616,호평마을중흥에스-클래스,남양주시
41360|호평동|617-2,경기도 남양주시 호평동 617-2,메이플카운티,남양주시
41360|호평동|617-4,경기도 남양주시 호평동 617-4,로제카운티,남양주시
41360|호평동|618,경기도 남양주시 호평동 618,호평마을한화꿈에그린,남양주시
41360|호평동|619,경기도 남양주시 호평동 619,호평마을우미이노스빌,남양주시
41360|호평동|622,경기도 남양주시 호평동 622,호평두산위브파크,남양주시
41360|호평동|668,경기도 남양주시 호평동 668,호평마을금강,남양주시
41360|호평동|671,경기도 남양주시 호평동 671,호평마을효성백년가약,남양주시
41360|호평동|676,경기도 남양주시 호평동 676,호평마을동원로얄듀크,남양주시
41360|호평동|678,경기도 남양주시 호평동 678,호평마을한라비발디,남양주시
41360|호평동|680,경기도 남양주시 호평동 680,호평마을중흥에스-클래스로하스,남양주시
41360|호평동|711,경기도 남양주시 호평동 711,호평마을우림필유,남양주시
41360|호평동|723,경기도 남양주시 호평동 723,호평임광그대가,남양주시
41360|호평동|724,경기도 남양주시 호평동 724,호평파라곤,남양주시
41360|호평동|728,경기도 남양주시 호평동 728,평내호평역KCC스위첸,남양주시
41360|호평동|729,경기도 남양주시 호평동 729,호평오네뜨센트럴,남양주시
41360|호평동|730,경기도 남양주시 호평동 730,두산알프하임,남양주시
41360|화도읍 가곡리|598,경기도 남양주시 화도읍 가곡리 598,신마석신도브래뉴,남양주시
41360|화도읍 녹촌리|235-2,경기도 남양주시 화도읍 녹촌리 235-2,삼신,남양주시
41360|화도읍 녹촌리|554,경기도 남양주시 화도읍 녹촌리 554,남양주녹촌두산위브,남양주시
41360|화도읍 녹촌리|555,경기도 남양주시 화도읍 녹촌리 555,신창현두산위브,남양주시
41360|화도읍 녹촌리|556,경기도 남양주시 화도읍 녹촌리 556,화도센트럴우방아이유쉘,남양주시
41360|화도읍 녹촌리|563,경기도 남양주시 화도읍 녹촌리 563,남양주라온프라이빗1단지,남양주시
41360|화도읍 녹촌리|564,경기도 남양주시 화도읍 녹촌리 564,남양주라온프라이빗2단지,남양주시
41360|화도읍 녹촌리|565,경기도 남양주시 화도읍 녹촌리 565,남양주라온프라이빗3단지,남양주시
41360|화도읍 녹촌리|566,경기도 남양주시 화도읍 녹촌리 566,남양주라온프라이빗4단지,남양주시
41360|화도읍 녹촌리|567,경기도 남양주시 화도읍 녹촌리 567,남양주라온프라이빗5단지,남양주시
41360|화도읍 답내리|1074,경기도 남양주시 화도읍 답내리 1074,남양주월산사랑으로부영2단지,남양주시
41360|화도읍 마석우리|349,경기도 남양주시 화도읍 마석우리 349,중흥S클래스,남양주시
41360|화도읍 마석우리|396,경기도 남양주시 화도읍 마석우리 396,신명스카이뷰그린,남양주시
41360|화도읍 마석우리|448-1,경기도 남양주시 화도읍 마석우리 448-1,대림,남양주시
41360|화도읍 마석우리|552,경기도 남양주시 화도읍 마석우리 552,보미청광플러스원,남양주시
41360|화도읍 마석우리|598,경기도 남양주시 화도읍 마석우리 598,마석역신도브래뉴,남양주시
41360|화도읍 마석우리|599,경기도 남양주시 화도읍 마석우리 599,신마석서희스타힐스,남양주시
41360|화도읍 마석우리|600,경기도 남양주시 화도읍 마석우리 600,마석힐즈파크푸르지오,남양주시
41360|화도읍 마석우리|71,경기도 남양주시 화도읍 마석우리 71,마석그랜드힐,남양주시
41360|화도읍 마석우리|71-4,경기도 남양주시 화도읍 마석우리 71-4,그랜드힐(2차),남양주시
41360|화도읍 묵현리|147-3,경기도 남양주시 화도읍 묵현리 147-3,삼신푸른솔,남양주시
41360|화도읍 묵현리|24-11,경기도 남양주시 화도읍 묵현리 24-11,장미,남양주시
41360|화도읍 묵현리|240-2,경기도 남양주시 화도읍 묵현리 240-2,스카이타워,남양주시
41360|화도읍 묵현리|286-3,경기도 남양주시 화도읍 묵현리 286-3,영진그린필,남양주시
41360|화도읍 묵현리|42-1,경기도 남양주시 화도읍 묵현리 42-1,마석건영,남양주시
41360|화도읍 묵현리|456-1,경기도 남양주시 화도읍 묵현리 456-1,천마(456-1),남양주시
41360|화도읍 묵현리|47-3,경기도 남양주시 화도읍 묵현리 47-3,마석LIG아파트,남양주시
41360|화도읍 묵현리|478-5,경기도 남양주시 화도읍 묵현리 478-5,도시그린(가동),남양주시
41360|화도읍 묵현리|478-7,경기도 남양주시 화도읍 묵현리 478-7,도시그린(나동),남양주시
41360|화도읍 묵현리|48,경기도 남양주시 화도읍 묵현리 48,삼익,남양주시
41360|화도읍 묵현리|591-1,경기도 남양주시 화도읍 묵현리 591-1,귀뚜라미,남양주시
41360|화도읍 묵현리|592-29,경기도 남양주시 화도읍 묵현리 592-29,동호,남양주시
41360|화도읍 묵현리|596,경기도 남양주시 화도읍 묵현리 596,경성큰마을(1단지),남양주시
41360|화도읍 묵현리|604-4,경기도 남양주시 화도읍 묵현리 604-4,경성큰마을(2단지),남양주시
41360|화도읍 묵현리|625,경기도 남양주시 화도읍 묵현리 625,마석역신도브래뉴2차,남양주시
41360|화도읍 묵현리|626,경기도 남양주시 화도읍 묵현리 626,마석역신도브래뉴3차,남양주시
41360|화도읍 묵현리|628,경기도 남양주시 화도읍 묵현리 628,남양주두산위브트레지움,남양주시
41360|화도읍 월산리|1527,경기도 남양주시 화도읍 월산리 1527,화도효성해링턴플레이스,남양주시
41360|화도읍 월산리|1528,경기도 남양주시 화도읍 월산리 1528,남양주월산사랑으로부영1단지,남양주시
41360|화도읍 차산리|874,경기도 남양주시 화도읍 차산리 874,신창현풍림아이원2차,남양주시
41360|화도읍 차산리|875,경기도 남양주시 화도읍 차산리 875,신창현풍림아이원1차,남양주시
41360|화도읍 창현리|329-1,경기도 남양주시 화도읍 창현리 329-1,영남탑스빌,남양주시
41360|화도읍 창현리|462,경기도 남양주시 화도읍 창현리 462,보람,남양주시
41360|화도읍 창현리|498-4,경기도 남양주시 화도읍 창현리 498-4,대광,남양주시
41360|화도읍 창현리|501,경기도 남양주시 화도읍 창현리 501,광원(A동),남양주시
41360|화도읍 창현리|501-7,경기도 남양주시 화도읍 창현리 501-7,광원(B동),남양주시
41360|화도읍 창현리|683,경기도 남양주시 화도읍 창현리 683,청구,남양주시
41360|화도읍 창현리|745,경기도 남양주시 화도읍 창현리 745,창현두산2단지아파트,남양주시
41360|화도읍 창현리|749,경기도 남양주시 화도읍 창현리 749,신명,남양주시
41360|화도읍 창현리|757,경기도 남양주시 화도읍 창현리 757,창현두산1단지아파트,남양주시
41360|화도읍 창현리|764,경기도 남양주시 화도읍 창현리 764,신한토탈,남양주시
41360|화도읍 창현리|765,경기도 남양주시 화도읍 창현리 765,경향,남양주시
41360|화도읍 창현리|769,경기도 남양주시 화도읍 창현리 769,창현주공,남양주시
41360|화도읍 창현리|774,경기도 남양주시 화도읍 창현리 774,창현대주피오레,남양주시
41360|화도읍 창현리|777,경기도 남양주시 화도읍 창현리 777,이안남양주,남양주시
41360|화도읍 창현리|778,경기도 남양주시 화도읍 창현리 778,남양주창현도뮤토,남양주시
41360|화도읍 창현리|산46,경기도 남양주시 화도읍 창현리 산46,현대1,남양주시
41360|화도읍 창현리|산47-4,경기도 남양주시 화도읍 창현리 산47-4,현대2,남양주시
41370|가수동|106-1,경기도 오산시 가수동 106-1,가수주공,오산시
41370|가수동|398,경기도 오산시 가수동 398,가수동늘푸른오스카빌,오산시
41370|가수동|437,경기도 오산시 가수동 437,오산SKVIEW1차,오산시
41370|가수동|442,경기도 오산시 가수동 442,오산SKVIEW2차,오산시
41370|갈곶동|110-5,경기도 오산시 갈곶동 110-5,우방,오산시
41370|갈곶동|175,경기도 오산시 갈곶동 175,화남,오산시
41370|갈곶동|211,경기도 오산시 갈곶동 211,원영,오산시
41370|갈곶동|218,경기도 오산시 갈곶동 218,태양,오산시
41370|갈곶동|220,경기도 오산시 갈곶동 220,동부,오산시
41370|갈곶동|235-3,경기도 오산시 갈곶동 235-3,힐스테이트오산더퍼스트,오산시
41370|갈곶동|251,경기도 오산시 갈곶동 251,우림,오산시
41370|갈곶동|704,경기도 오산시 갈곶동 704,한솔솔파크,오산시
41370|갈곶동|713,경기도 오산시 갈곶동 713,오산KCC스위첸,오산시
41370|갈곶동|715,경기도 오산시 갈곶동 715,대주피오레,오산시
41370|고현동|270,경기도 오산시 고현동 270,고현아이파크,오산시
41370|고현동|276,경기도 오산시 고현동 276,오산라온프라이빗스위트,오산시
41370|궐동|28-3,경기도 오산시 궐동 28-3,대우3,오산시
41370|궐동|609-2,경기도 오산시 궐동 609-2,랜드마크1,오산시
41370|궐동|614-6,경기도 오산시 궐동 614-6,태양,오산시
41370|궐동|616-1,경기도 오산시 궐동 616-1,세교우남퍼스트빌,오산시
41370|궐동|616-2,경기도 오산시 궐동 616-2,제일하이빌,오산시
41370|궐동|67-4,경기도 오산시 궐동 67-4,안국,오산시
41370|궐동|681-1,경기도 오산시 궐동 681-1,센트하임,오산시
41370|궐동|684-2,경기도 오산시 궐동 684-2,오산세교하우스토리더센트럴,오산시
41370|궐동|687-10,경기도 오산시 궐동 687-10,민트,오산시
41370|궐동|687-9,경기도 오산시 궐동 687-9,골드클래스,오산시
41370|궐동|69-3,경기도 오산시 궐동 69-3,무궁화,오산시
41370|궐동|767,경기도 오산시 궐동 767,호반써밋라센트,오산시
41370|궐동|776,경기도 오산시 궐동 776,호반써밋라포레,오산시
41370|궐동|824,경기도 오산시 궐동 824,중흥S-클래스에듀파크,오산시
41370|궐동|826,경기도 오산시 궐동 826,세교파라곤,오산시
41370|금암동|496,경기도 오산시 금암동 496,죽미마을휴튼9단지,오산시
41370|금암동|498,경기도 오산시 금암동 498,꿈에그린 더 센트럴,오산시
41370|금암동|499,경기도 오산시 금암동 499,세교 서희스타힐스,오산시
41370|금암동|515,경기도 오산시 금암동 515,세교데시앙포레,오산시
41370|금암동|517,경기도 오산시 금암동 517,세교 센트럴파크,오산시
41370|내삼미동|895,경기도 오산시 내삼미동 895,오산대역세교자이,오산시
41370|내삼미동|898,경기도 오산시 내삼미동 898,세교쌍용예가엔에이치에프,오산시
41370|내삼미동|899,경기도 오산시 내삼미동 899,오산대역호반써밋,오산시
41370|누읍동|438,경기도 오산시 누읍동 438,한라그린타운,오산시
41370|누읍동|561-1,경기도 오산시 누읍동 561-1,이림,오산시
41370|누읍동|659,경기도 오산시 누읍동 659,중흥S-클래스에듀하이,오산시
41370|벌음동|397,경기도 오산시 벌음동 397,호반써밋라프리미어,오산시
41370|부산동|778-1,경기도 오산시 부산동 778-1,주공1,오산시
41370|부산동|779-1,경기도 오산시 부산동 779-1,주공3,오산시
41370|부산동|800,경기도 오산시 부산동 800,오산시티자이1차1단지,오산시
41370|부산동|801,경기도 오산시 부산동 801,오산시티자이1차2단지,오산시
41370|부산동|815,경기도 오산시 부산동 815,오산시티자이2차,오산시
41370|부산동|830,경기도 오산시 부산동 830,오산센트럴푸르지오,오산시
41370|서동|125-2,경기도 오산시 서동 125-2,신동아(파밀리에),오산시
41370|서동|125-8,경기도 오산시 서동 125-8,신동아(파밀리에)2,오산시
41370|서동|129-6,경기도 오산시 서동 129-6,동주트리안,오산시
41370|서동|641,경기도 오산시 서동 641,더샵오산엘리포레,오산시
41370|서동|643,경기도 오산시 서동 643,오산세교한양수자인,오산시
41370|세교동|622,경기도 오산시 세교동 622,세마역 트루엘 더퍼스트,오산시
41370|세교동|624,경기도 오산시 세교동 624,세마역에듀파크,오산시
41370|수청동|11,경기도 오산시 수청동 11,수청주공,오산시
41370|수청동|15-1,경기도 오산시 수청동 15-1,삼익수청,오산시
41370|수청동|514,경기도 오산시 수청동 514,대우,오산시
41370|수청동|569,경기도 오산시 수청동 569,오산대역 우미린,오산시
41370|수청동|581,경기도 오산시 수청동 581,오산대역꿈에그린,오산시
41370|수청동|622,경기도 오산시 수청동 622,더샵오산센트럴,오산시
41370|수청동|625,경기도 오산시 수청동 625,오산대역 엘크루,오산시
41370|양산동|666,경기도 오산시 양산동 666,늘푸른오스카빌,오산시
41370|양산동|667-1,경기도 오산시 양산동 667-1,오산세마효성백년가약,오산시
41370|양산동|668-1,경기도 오산시 양산동 668-1,오산세마e편한세상,오산시
41370|오산동|313-3,경기도 오산시 오산동 313-3,대신,오산시
41370|오산동|313-6,경기도 오산시 오산동 313-6,에코빌,오산시
41370|오산동|367,경기도 오산시 오산동 367,휴-스토리,오산시
41370|오산동|388-5,경기도 오산시 오산동 388-5,에이스페리체주상복합,오산시
41370|오산동|415-1,경기도 오산시 오산동 415-1,엘리시아,오산시
41370|오산동|447-6,경기도 오산시 오산동 447-6,금성A,오산시
41370|오산동|450-4,경기도 오산시 오산동 450-4,청담하우스,오산시
41370|오산동|64-4,경기도 오산시 오산동 64-4,그린빌,오산시
41370|오산동|80-1,경기도 오산시 오산동 80-1,이화B,오산시
41370|오산동|80-4,경기도 오산시 오산동 80-4,이화A,오산시
41370|오산동|838-1,경기도 오산시 오산동 838-1,씨앤엠파크,오산시
41370|오산동|861-4,경기도 오산시 오산동 861-4,헬리오스빌,오산시
41370|오산동|865-1,경기도 오산시 오산동 865-1,대동다숲,오산시
41370|오산동|881-8,경기도 오산시 오산동 881-8,오산렉스빌,오산시
41370|오산동|920-2,경기도 오산시 오산동 920-2,주공2단지,오산시
41370|오산동|922-2,경기도 오산시 오산동 922-2,현대,오산시
41370|오산동|922-4,경기도 오산시 오산동 922-4,주공4,오산시
41370|오산동|923-2,경기도 오산시 오산동 923-2,대동,오산시
41370|외삼미동|650,경기도 오산시 외삼미동 650,서동탄역더샵파크시티,오산시
41370|원동|214-3,경기도 오산시 원동 214-3,신양,오산시
41370|원동|299-8,경기도 오산시 원동 299-8,원동주공,오산시
41370|원동|30,경기도 오산시 원동 30,대원레스피아,오산시
41370|원동|377-18,경기도 오산시 원동 377-18,가림,오산시
41370|원동|378-2,경기도 오산시 원동 378-2,대남,오산시
41370|원동|379-1,경기도 오산시 원동 379-1,어반휴플러스,오산시
41370|원동|379-10,경기도 오산시 원동 379-10,우주마루103동,오산시
41370|원동|379-11,경기도 오산시 원동 379-11,우주마루102동,오산시
41370|원동|379-12,경기도 오산시 원동 379-12,우주마루101동,오산시
41370|원동|551,경기도 오산시 원동 551,태영,오산시
41370|원동|552-4,경기도 오산시 원동 552-4,한주,오산시
41370|원동|573-9,경기도 오산시 원동 573-9,월드타워팰리스5차,오산시
41370|원동|752-2,경기도 오산시 원동 752-2,케렌시아,오산시
41370|원동|768-1,경기도 오산시 원동 768-1,우경싸이트빌,오산시
41370|원동|771-1,경기도 오산시 원동 771-1,오산역영무파라드,오산시
41370|원동|772-13,경기도 오산시 원동 772-13,리치빌,오산시
41370|원동|774-29,경기도 오산시 원동 774-29,에버하우스,오산시
41370|원동|783-3,경기도 오산시 원동 783-3,오산센트럴타워,오산시
41370|원동|786-20,경기도 오산시 원동 786-20,아리수타워,오산시
41370|원동|805-1,경기도 오산시 원동 805-1,청구,오산시
41370|원동|805-2#41370-15,경기도 오산시 원동 805-2,원동동아,오산시
41370|원동|805-2#41370-35,경기도 오산시 원동 805-2,원동두산,오산시
41370|원동|807#41370-14,경기도 오산시 원동 807,동부,오산시
41370|원동|807#41370-16,경기도 오산시 원동 807,삼환,오산시
41370|원동|814-2,경기도 오산시 원동 814-2,운암청구(814-2),오산시
41370|원동|815-1,경기도 오산시 원동 815-1,운암주공5단지,오산시
41370|원동|825,경기도 오산시 원동 825,KS건영아느칸빌,오산시
41370|원동|826-1,경기도 오산시 원동 826-1,대우푸르지오,오산시
41370|원동|888,경기도 오산시 원동 888,오산역e-편한세상1단지,오산시
41370|원동|900,경기도 오산시 원동 900,오산역e-편한세상2단지,오산시
41370|원동|901,경기도 오산시 원동 901,오산원동힐스테이트,오산시
41370|원동|906,경기도 오산시 원동 906,미소지움아파트,오산시
41370|원동|907,경기도 오산시 원동 907,오산원동한양수자인아파트,오산시
41370|원동|921,경기도 오산시 원동 921,오산롯데캐슬스카이파크,오산시
41370|은계동|117,경기도 오산시 은계동 117,리버빌,오산시
41370|은계동|29,경기도 오산시 은계동 29,현대복지,오산시
41370|은계동|64-1,경기도 오산시 은계동 64-1,"영산그린맨션(가,나,다,라)",오산시
41370|은계동|70,경기도 오산시 은계동 70,은계주공,오산시
41370|은계동|91-1,경기도 오산시 은계동 91-1,현대,오산시
41370|지곶동|577,경기도 오산시 지곶동 577,e편한세상오산세교,오산시
41370|청호동|321,경기도 오산시 청호동 321,오산자이,오산시
41370|청호동|333,경기도 오산시 청호동 333,오산청호엘리시아,오산시
41370|청호동|37-3,경기도 오산시 청호동 37-3,LG아파트,오산시
41370|탑동|284,경기도 오산시 탑동 284,오산세교우미린센트럴시티,오산시
41370|탑동|320,경기도 오산시 탑동 320,오산세교한신더휴,오산시
41390|거모동|1470-1,경기도 시흥시 거모동 1470-1,아주1,시흥시
41390|거모동|1474-1,경기도 시흥시 거모동 1474-1,일우,시흥시
41390|거모동|1656-5,경기도 시흥시 거모동 1656-5,동하시티주상복합,시흥시
41390|거모동|1715-2,경기도 시흥시 거모동 1715-2,유호,시흥시
41390|거모동|1731-1,경기도 시흥시 거모동 1731-1,아주2,시흥시
41390|거모동|1734-2,경기도 시흥시 거모동 1734-2,아주3,시흥시
41390|거모동|1735-2,경기도 시흥시 거모동 1735-2,아주4차아파트,시흥시
41390|거모동|1740-1,경기도 시흥시 거모동 1740-1,아주5,시흥시
41390|거모동|1741-1,경기도 시흥시 거모동 1741-1,보우,시흥시
41390|거모동|1756-1,경기도 시흥시 거모동 1756-1,동운디오빌,시흥시
41390|거모동|1761-16,경기도 시흥시 거모동 1761-16,해오름아파트102동,시흥시
41390|거모동|1761-2,경기도 시흥시 거모동 1761-2,해오름아파트101동,시흥시
41390|거모동|1765-5,경기도 시흥시 거모동 1765-5,녹원,시흥시
41390|거모동|1769-1,경기도 시흥시 거모동 1769-1,동원,시흥시
41390|거모동|1772-15,경기도 시흥시 거모동 1772-15,하이얀(1772-15),시흥시
41390|거모동|1772-4,경기도 시흥시 거모동 1772-4,하이얀(1772-4),시흥시
41390|거모동|1772-5,경기도 시흥시 거모동 1772-5,하이얀(1772-5),시흥시
41390|거모동|1859,경기도 시흥시 거모동 1859,군자서희스타힐스,시흥시
41390|거모동|612-1,경기도 시흥시 거모동 612-1,동보,시흥시
41390|광석동|542,경기도 시흥시 광석동 542,시흥시청역동원로얄듀크,시흥시
41390|군자동|819,경기도 시흥시 군자동 819,시흥장현금강펜테리움센트럴파크,시흥시
41390|군자동|827,경기도 시흥시 군자동 827,장현동원로얄듀크메트로포레,시흥시
41390|논곡동|160-29,경기도 시흥시 논곡동 160-29,황제,시흥시
41390|논곡동|160-59,경기도 시흥시 논곡동 160-59,목감한양수자인아파트,시흥시
41390|논곡동|160-7,경기도 시흥시 논곡동 160-7,산호,시흥시
41390|논곡동|280,경기도 시흥시 논곡동 280,산호2,시흥시
41390|능곡동|493,경기도 시흥시 능곡동 493,우남퍼스트빌,시흥시
41390|능곡동|548,경기도 시흥시 능곡동 548,현진에버빌,시흥시
41390|능곡동|554,경기도 시흥시 능곡동 554,시흥능곡자연앤(4단지),시흥시
41390|능곡동|712,경기도 시흥시 능곡동 712,신일해피트리,시흥시
41390|능곡동|775,경기도 시흥시 능곡동 775,상록힐스테이트,시흥시
41390|능곡동|782,경기도 시흥시 능곡동 782,시흥능곡신안인스빌,시흥시
41390|능곡동|789,경기도 시흥시 능곡동 789,시흥능곡엘드수목토,시흥시
41390|능곡동|802,경기도 시흥시 능곡동 802,우남퍼스트빌,시흥시
41390|능곡동|864,경기도 시흥시 능곡동 864,시흥시청역트리플포레,시흥시
41390|능곡동|894,경기도 시흥시 능곡동 894,제일풍경채센텀,시흥시
41390|대야동|274-24,경기도 시흥시 대야동 274-24,영남2,시흥시
41390|대야동|274-3,경기도 시흥시 대야동 274-3,영남1,시흥시
41390|대야동|275,경기도 시흥시 대야동 275,삼보,시흥시
41390|대야동|275-22,경기도 시흥시 대야동 275-22,삼보(7동),시흥시
41390|대야동|278,경기도 시흥시 대야동 278,벽산,시흥시
41390|대야동|288,경기도 시흥시 대야동 288,우남한신,시흥시
41390|대야동|303-3,경기도 시흥시 대야동 303-3,진양3차,시흥시
41390|대야동|306-11,경기도 시흥시 대야동 306-11,소래산,시흥시
41390|대야동|307-3,경기도 시흥시 대야동 307-3,연진,시흥시
41390|대야동|332-13,경기도 시흥시 대야동 332-13,극동,시흥시
41390|대야동|344,경기도 시흥시 대야동 344,현대,시흥시
41390|대야동|479,경기도 시흥시 대야동 479,삼호,시흥시
41390|대야동|547,경기도 시흥시 대야동 547,청구2,시흥시
41390|대야동|563,경기도 시흥시 대야동 563,서해,시흥시
41390|대야동|564,경기도 시흥시 대야동 564,서강2,시흥시
41390|대야동|567-2,경기도 시흥시 대야동 567-2,우성1,시흥시
41390|대야동|568-4,경기도 시흥시 대야동 568-4,서강1,시흥시
41390|대야동|569-1,경기도 시흥시 대야동 569-1,우성2,시흥시
41390|대야동|570-1,경기도 시흥시 대야동 570-1,청구1,시흥시
41390|대야동|570-2,경기도 시흥시 대야동 570-2,늘푸른벽산,시흥시
41390|대야동|639,경기도 시흥시 대야동 639,동신,시흥시
41390|대야동|659,경기도 시흥시 대야동 659,은계어반리더스,시흥시
41390|대야동|679,경기도 시흥시 대야동 679,시흥은계우미린레이크,시흥시
41390|대야동|692,경기도 시흥시 대야동 692,이편한세상시흥센텀하임,시흥시
41390|대야동|693,경기도 시흥시 대야동 693,시흥센트럴푸르지오,시흥시
41390|대야동|694,경기도 시흥시 대야동 694,대야역두산위브더파크,시흥시
41390|도창동|65,경기도 시흥시 도창동 65,에이스,시흥시
41390|매화동|194-1,경기도 시흥시 매화동 194-1,동진,시흥시
41390|매화동|200-1,경기도 시흥시 매화동 200-1,제성,시흥시
41390|매화동|207,경기도 시흥시 매화동 207,서능1차(101~103동),시흥시
41390|매화동|220-1,경기도 시흥시 매화동 220-1,서능아파트(201동202동203동),시흥시
41390|매화동|241-8,경기도 시흥시 매화동 241-8,대원,시흥시
41390|매화동|260-1,경기도 시흥시 매화동 260-1,삼화그린,시흥시
41390|매화동|262-1,경기도 시흥시 매화동 262-1,"진양101,102동",시흥시
41390|매화동|265-1,경기도 시흥시 매화동 265-1,대성101동,시흥시
41390|매화동|265-17,경기도 시흥시 매화동 265-17,영동,시흥시
41390|매화동|265-6,경기도 시흥시 매화동 265-6,대성102동,시흥시
41390|매화동|289-1,경기도 시흥시 매화동 289-1,금강2차,시흥시
41390|매화동|361,경기도 시흥시 매화동 361,금강1차102동,시흥시
41390|매화동|361-6,경기도 시흥시 매화동 361-6,금강1차101동,시흥시
41390|매화동|367,경기도 시흥시 매화동 367,매화마을홍익,시흥시
41390|목감동|202-14,경기도 시흥시 목감동 202-14,청도,시흥시
41390|목감동|239-15,경기도 시흥시 목감동 239-15,동우,시흥시
41390|목감동|239-3,경기도 시흥시 목감동 239-3,명신,시흥시
41390|목감동|242-9,경기도 시흥시 목감동 242-9,대명,시흥시
41390|목감동|397,경기도 시흥시 목감동 397,목감지음재파크뷰,시흥시
41390|목감동|406,경기도 시흥시 목감동 406,호반베르디움더프라임(1차),시흥시
41390|미산동|350-15,경기도 시흥시 미산동 350-15,해가든더클래식,시흥시
41390|미산동|64,경기도 시흥시 미산동 64,경신,시흥시
41390|미산동|82-14,경기도 시흥시 미산동 82-14,상아그린,시흥시
41390|미산동|산15-1,경기도 시흥시 미산동 산15-1,부국미산아파트(1동2동3동),시흥시
41390|배곧동|135,경기도 시흥시 배곧동 135,시흥배곧SK뷰,시흥시
41390|배곧동|139,경기도 시흥시 배곧동 139,시흥배곧신도시호반베르디움센트럴파크,시흥시
41390|배곧동|14,경기도 시흥시 배곧동 14,시흥배곧신도시이지더원1차더퍼스트,시흥시
41390|배곧동|150,경기도 시흥시 배곧동 150,호반베르디움더프라임,시흥시
41390|배곧동|155,경기도 시흥시 배곧동 155,시흥배곧한신더휴,시흥시
41390|배곧동|174,경기도 시흥시 배곧동 174,호반베르디움센트로하임,시흥시
41390|배곧동|191,경기도 시흥시 배곧동 191,시흥배곧C1호반써밋플레이스,시흥시
41390|배곧동|221,경기도 시흥시 배곧동 221,시흥배곧C2호반써밋플레이스,시흥시
41390|배곧동|243,경기도 시흥시 배곧동 243,한라비발디캠퍼스,시흥시
41390|배곧동|245,경기도 시흥시 배곧동 245,한라비발디캠퍼스2차,시흥시
41390|배곧동|262,경기도 시흥시 배곧동 262,한라비발디캠퍼스3차,시흥시
41390|배곧동|279,경기도 시흥시 배곧동 279,시흥배곧신도시 이지더원2차 에듀그린,시흥시
41390|배곧동|5,경기도 시흥시 배곧동 5,시흥배곧중흥에스-클래스,시흥시
41390|배곧동|55,경기도 시흥시 배곧동 55,시흥배곧신도시대방노블랜드엘리트시티,시흥시
41390|배곧동|57,경기도 시흥시 배곧동 57,센텀베이2차,시흥시
41390|배곧동|58,경기도 시흥시 배곧동 58,시흥배곧신도시골드클래스,시흥시
41390|배곧동|7,경기도 시흥시 배곧동 7,센텀베이1차,시흥시
41390|산현동|496,경기도 시흥시 산현동 496,목감중흥에스-클래스레이크힐스,시흥시
41390|산현동|502,경기도 시흥시 산현동 502,목감레이크푸르지오,시흥시
41390|산현동|520,경기도 시흥시 산현동 520,호반베르디움더숲,시흥시
41390|신천동|264-2,경기도 시흥시 신천동 264-2,동경3,시흥시
41390|신천동|27-2,경기도 시흥시 신천동 27-2,부강,시흥시
41390|신천동|275,경기도 시흥시 신천동 275,연희아파트,시흥시
41390|신천동|37-3,경기도 시흥시 신천동 37-3,"동경1,2",시흥시
41390|신천동|375-3,경기도 시흥시 신천동 375-3,장미,시흥시
41390|신천동|384-2,경기도 시흥시 신천동 384-2,동경4,시흥시
41390|신천동|387,경기도 시흥시 신천동 387,태광,시흥시
41390|신천동|452-1,경기도 시흥시 신천동 452-1,현대,시흥시
41390|신천동|69-2,경기도 시흥시 신천동 69-2,명성1,시흥시
41390|신천동|705-1,경기도 시흥시 신천동 705-1,신천팰리스,시흥시
41390|신천동|705-2,경기도 시흥시 신천동 705-2,그랜드102동,시흥시
41390|신천동|705-3,경기도 시흥시 신천동 705-3,그랜드103동,시흥시
41390|신천동|705-46,경기도 시흥시 신천동 705-46,그랜드,시흥시
41390|신천동|705-7,경기도 시흥시 신천동 705-7,일신,시흥시
41390|신천동|706,경기도 시흥시 신천동 706,청담아이리스,시흥시
41390|신천동|706-1,경기도 시흥시 신천동 706-1,신천센트럴,시흥시
41390|신천동|708-7,경기도 시흥시 신천동 708-7,청담예가,시흥시
41390|신천동|709-32,경기도 시흥시 신천동 709-32,시흥5차푸르지오,시흥시
41390|신천동|713-3,경기도 시흥시 신천동 713-3,성지타워1차,시흥시
41390|신천동|749,경기도 시흥시 신천동 749,제성,시흥시
41390|신천동|765,경기도 시흥시 신천동 765,조양휴캐슬,시흥시
41390|신천동|780,경기도 시흥시 신천동 780,현진1,시흥시
41390|신천동|782,경기도 시흥시 신천동 782,수정,시흥시
41390|신천동|782-1,경기도 시흥시 신천동 782-1,현진2차,시흥시
41390|신천동|827-1,경기도 시흥시 신천동 827-1,상아,시흥시
41390|신천동|828-4,경기도 시흥시 신천동 828-4,금보,시흥시
41390|신천동|829,경기도 시흥시 신천동 829,동진2,시흥시
41390|신천동|832-2,경기도 시흥시 신천동 832-2,동진1,시흥시
41390|신천동|833-9,경기도 시흥시 신천동 833-9,은하수드림힐,시흥시
41390|신천동|844-10,경기도 시흥시 신천동 844-10,한미금강,시흥시
41390|신천동|848-5,경기도 시흥시 신천동 848-5,대보,시흥시
41390|신천동|852-16,경기도 시흥시 신천동 852-16,경신둥지,시흥시
41390|신천동|857-2,경기도 시흥시 신천동 857-2,한영둥지,시흥시
41390|신천동|858,경기도 시흥시 신천동 858,동진,시흥시
41390|신천동|860-1,경기도 시흥시 신천동 860-1,우진둥지,시흥시
41390|신천동|869-1,경기도 시흥시 신천동 869-1,뉴월드,시흥시
41390|신천동|870-2,경기도 시흥시 신천동 870-2,산호3차,시흥시
41390|신천동|871-1,경기도 시흥시 신천동 871-1,우남한신휴플러스,시흥시
41390|신천동|882-5,경기도 시흥시 신천동 882-5,명성,시흥시
41390|신천동|892-1,경기도 시흥시 신천동 892-1,무지개,시흥시
41390|신천동|943-1,경기도 시흥시 신천동 943-1,경남아너스빌아파트,시흥시
41390|신천동|946,경기도 시흥시 신천동 946,시흥신천휴먼시아,시흥시
41390|신천동|949,경기도 시흥시 신천동 949,시흥신천삼환나우빌,시흥시
41390|신천동|953,경기도 시흥시 신천동 953,신천코아루웰라움,시흥시
41390|신천동|954,경기도 시흥시 신천동 954,MS스타리움아파트1단지,시흥시
41390|월곶동|1006-3,경기도 시흥시 월곶동 1006-3,월곶동유호NPLUSVILLE,시흥시
41390|월곶동|1008,경기도 시흥시 월곶동 1008,시흥월곶역블루밍더마크,시흥시
41390|월곶동|1008-2,경기도 시흥시 월곶동 1008-2,부성파인하버뷰,시흥시
41390|월곶동|1010-1,경기도 시흥시 월곶동 1010-1,풍림아이원2차,시흥시
41390|월곶동|1010-4,경기도 시흥시 월곶동 1010-4,풍림아이원1차,시흥시
41390|월곶동|1012-1,경기도 시흥시 월곶동 1012-1,월곶Ⅱ유호N플러스빌,시흥시
41390|월곶동|1016,경기도 시흥시 월곶동 1016,풍림아이원3차,시흥시
41390|월곶동|1064-1,경기도 시흥시 월곶동 1064-1,시흥센트럴헤센,시흥시
41390|월곶동|991-28,경기도 시흥시 월곶동 991-28,나보나시티,시흥시
41390|월곶동|992-5,경기도 시흥시 월곶동 992-5,알파시티,시흥시
41390|월곶동|994,경기도 시흥시 월곶동 994,월곶4차풍림아이원,시흥시
41390|월곶동|999-2,경기도 시흥시 월곶동 999-2,승윤노블리안시티,시흥시
41390|은행동|105-13,경기도 시흥시 은행동 105-13,예스라이프,시흥시
41390|은행동|109-105,경기도 시흥시 은행동 109-105,진양,시흥시
41390|은행동|241,경기도 시흥시 은행동 241,동경5차,시흥시
41390|은행동|241-1,경기도 시흥시 은행동 241-1,산호아파트,시흥시
41390|은행동|244-2,경기도 시흥시 은행동 244-2,철산,시흥시
41390|은행동|250-5,경기도 시흥시 은행동 250-5,풍림아이원,시흥시
41390|은행동|272-1,경기도 시흥시 은행동 272-1,동경6차,시흥시
41390|은행동|276-13,경기도 시흥시 은행동 276-13,광덕,시흥시
41390|은행동|276-2,경기도 시흥시 은행동 276-2,한영,시흥시
41390|은행동|289-11,경기도 시흥시 은행동 289-11,삼성홈타운,시흥시
41390|은행동|289-31,경기도 시흥시 은행동 289-31,신성,시흥시
41390|은행동|289-33,경기도 시흥시 은행동 289-33,은행마을녹원,시흥시
41390|은행동|289-37,경기도 시흥시 은행동 289-37,극동,시흥시
41390|은행동|293-1,경기도 시흥시 은행동 293-1,연희,시흥시
41390|은행동|293-2,경기도 시흥시 은행동 293-2,진주,시흥시
41390|은행동|297,경기도 시흥시 은행동 297,은행대우,시흥시
41390|은행동|528-1,경기도 시흥시 은행동 528-1,삼은넥스타운,시흥시
41390|은행동|538-1,경기도 시흥시 은행동 538-1,신명,시흥시
41390|은행동|538-2,경기도 시흥시 은행동 538-2,시흥성원샹떼빌,시흥시
41390|은행동|542,경기도 시흥시 은행동 542,두산,시흥시
41390|은행동|543-1,경기도 시흥시 은행동 543-1,대우2차,시흥시
41390|은행동|546,경기도 시흥시 은행동 546,대우푸르지오1차,시흥시
41390|은행동|547-1,경기도 시흥시 은행동 547-1,벽산3차,시흥시
41390|은행동|549-1,경기도 시흥시 은행동 549-1,대우푸르지오3차,시흥시
41390|은행동|599,경기도 시흥시 은행동 599,우남,시흥시
41390|은행동|599-1,경기도 시흥시 은행동 599-1,대우푸르지오4차,시흥시
41390|은행동|619,경기도 시흥시 은행동 619,은계센트럴타운,시흥시
41390|은행동|620,경기도 시흥시 은행동 620,은계브리즈힐,시흥시
41390|은행동|621,경기도 시흥시 은행동 621,시흥은계우미린더퍼스트,시흥시
41390|은행동|625,경기도 시흥시 은행동 625,제일풍경채더숲,시흥시
41390|은행동|632,경기도 시흥시 은행동 632,네이처포레,시흥시
41390|은행동|644,경기도 시흥시 은행동 644,시흥은계호반써밋플레이스,시흥시
41390|은행동|647,경기도 시흥시 은행동 647,은계파크자이,시흥시
41390|은행동|661,경기도 시흥시 은행동 661,시흥은계한양수자인더클래스,시흥시
41390|은행동|694,경기도 시흥시 은행동 694,신천역에피트아파트,시흥시
41390|은행동|99-16,경기도 시흥시 은행동 99-16,광덕2,시흥시
41390|장곡동|804,경기도 시흥시 장곡동 804,동양덱스빌,시흥시
41390|장곡동|805,경기도 시흥시 장곡동 805,삼성래미안,시흥시
41390|장곡동|806,경기도 시흥시 장곡동 806,숲속마을,시흥시
41390|장곡동|807,경기도 시흥시 장곡동 807,숲속마을,시흥시
41390|장곡동|811-3,경기도 시흥시 장곡동 811-3,연성쉐르빌,시흥시
41390|장곡동|817-5,경기도 시흥시 장곡동 817-5,블리스,시흥시
41390|장곡동|824,경기도 시흥시 장곡동 824,연성대우3,시흥시
41390|장곡동|828#41390-122,경기도 시흥시 장곡동 828,진말대우아파트,시흥시
41390|장곡동|828#41390-124,경기도 시흥시 장곡동 828,진말우성아파트,시흥시
41390|장곡동|829,경기도 시흥시 장곡동 829,진말삼환한진아파트,시흥시
41390|장곡동|913,경기도 시흥시 장곡동 913,장현더포레마제,시흥시
41390|장곡동|924,경기도 시흥시 장곡동 924,시흥장현예다음아르테,시흥시
41390|장곡동|936,경기도 시흥시 장곡동 936,유승한내들퍼스트파크,시흥시
41390|장곡동|942,경기도 시흥시 장곡동 942,시흥장현데시앙,시흥시
41390|장현동|540#41390-116,경기도 시흥시 장현동 540,새재마을대동,시흥시
41390|장현동|540#41390-117,경기도 시흥시 장현동 540,새재마을청구,시흥시
41390|장현동|541-4,경기도 시흥시 장현동 541-4,장현I엔플러스빌,시흥시
41390|장현동|542,경기도 시흥시 장현동 542,장현II엔플러스빌,시흥시
41390|장현동|543-4,경기도 시흥시 장현동 543-4,J-PARK,시흥시
41390|장현동|546-1,경기도 시흥시 장현동 546-1,드림펠리스,시흥시
41390|장현동|547-1,경기도 시흥시 장현동 547-1,시흥웅진스위트홈,시흥시
41390|장현동|548-3,경기도 시흥시 장현동 548-3,이즈라이프,시흥시
41390|장현동|580,경기도 시흥시 장현동 580,엘에이치트리플센텀,시흥시
41390|장현동|588,경기도 시흥시 장현동 588,포레미엘더파크,시흥시
41390|장현동|591,경기도 시흥시 장현동 591,장현호반써밋,시흥시
41390|장현동|608,경기도 시흥시 장현동 608,시흥능곡역모아미래도에듀포레,시흥시
41390|장현동|632,경기도 시흥시 장현동 632,제일풍경채에듀,시흥시
41390|장현동|636,경기도 시흥시 장현동 636,시흥능곡역장현리슈빌퍼스트클래스,시흥시
41390|장현동|656,경기도 시흥시 장현동 656,네이처뷰,시흥시
41390|정왕동|1394,경기도 시흥시 정왕동 1394,아주,시흥시
41390|정왕동|1394-2,경기도 시흥시 정왕동 1394-2,영남4,시흥시
41390|정왕동|1628,경기도 시흥시 정왕동 1628,유천,시흥시
41390|정왕동|1629,경기도 시흥시 정왕동 1629,무진,시흥시
41390|정왕동|1785-1,경기도 시흥시 정왕동 1785-1,건영1,시흥시
41390|정왕동|1786,경기도 시흥시 정왕동 1786,시화두산,시흥시
41390|정왕동|1787-1,경기도 시흥시 정왕동 1787-1,주공6,시흥시
41390|정왕동|1788-1,경기도 시흥시 정왕동 1788-1,건영5,시흥시
41390|정왕동|1788-3,경기도 시흥시 정왕동 1788-3,대우,시흥시
41390|정왕동|1789,경기도 시흥시 정왕동 1789,금강,시흥시
41390|정왕동|1790,경기도 시흥시 정왕동 1790,영남6,시흥시
41390|정왕동|1843,경기도 시흥시 정왕동 1843,주공4,시흥시
41390|정왕동|1844,경기도 시흥시 정왕동 1844,주공5,시흥시
41390|정왕동|1846,경기도 시흥시 정왕동 1846,계룡리슈빌,시흥시
41390|정왕동|1847,경기도 시흥시 정왕동 1847,청솔아파트,시흥시
41390|정왕동|1848-4,경기도 시흥시 정왕동 1848-4,진로,시흥시
41390|정왕동|1849-6,경기도 시흥시 정왕동 1849-6,세종3,시흥시
41390|정왕동|1850,경기도 시흥시 정왕동 1850,요진,시흥시
41390|정왕동|1851,경기도 시흥시 정왕동 1851,대림2,시흥시
41390|정왕동|1862,경기도 시흥시 정왕동 1862,동남,시흥시
41390|정왕동|1863,경기도 시흥시 정왕동 1863,대림1,시흥시
41390|정왕동|1864,경기도 시흥시 정왕동 1864,주공1,시흥시
41390|정왕동|1865,경기도 시흥시 정왕동 1865,한일,시흥시
41390|정왕동|1866-6,경기도 시흥시 정왕동 1866-6,영남5,시흥시
41390|정왕동|1867-1,경기도 시흥시 정왕동 1867-1,건영7,시흥시
41390|정왕동|1867-3,경기도 시흥시 정왕동 1867-3,신호새피앙,시흥시
41390|정왕동|1868,경기도 시흥시 정왕동 1868,주공2,시흥시
41390|정왕동|1869,경기도 시흥시 정왕동 1869,주공3,시흥시
41390|정왕동|1870-1,경기도 시흥시 정왕동 1870-1,신우,시흥시
41390|정왕동|1870-3,경기도 시흥시 정왕동 1870-3,영화하이닉스,시흥시
41390|정왕동|1871-1,경기도 시흥시 정왕동 1871-1,건영3,시흥시
41390|정왕동|1871-5,경기도 시흥시 정왕동 1871-5,건영4,시흥시
41390|정왕동|1872-4,경기도 시흥시 정왕동 1872-4,영남3,시흥시
41390|정왕동|1872-5,경기도 시흥시 정왕동 1872-5,삼성,시흥시
41390|정왕동|1872-6,경기도 시흥시 정왕동 1872-6,한신공영,시흥시
41390|정왕동|1873-2,경기도 시흥시 정왕동 1873-2,영남2,시흥시
41390|정왕동|1873-3,경기도 시흥시 정왕동 1873-3,월드,시흥시
41390|정왕동|1874-1,경기도 시흥시 정왕동 1874-1,신한미지엔,시흥시
41390|정왕동|1874-2,경기도 시흥시 정왕동 1874-2,화성,시흥시
41390|정왕동|1875-1,경기도 시흥시 정왕동 1875-1,영남1,시흥시
41390|정왕동|1875-2,경기도 시흥시 정왕동 1875-2,미주,시흥시
41390|정왕동|1875-5,경기도 시흥시 정왕동 1875-5,건영2,시흥시
41390|정왕동|1876-1,경기도 시흥시 정왕동 1876-1,삼환,시흥시
41390|정왕동|1876-2,경기도 시흥시 정왕동 1876-2,모아,시흥시
41390|정왕동|1876-3,경기도 시흥시 정왕동 1876-3,부성파스텔,시흥시
41390|정왕동|1877-1,경기도 시흥시 정왕동 1877-1,문영센스빌,시흥시
41390|정왕동|1877-2,경기도 시흥시 정왕동 1877-2,세종2,시흥시
41390|정왕동|1877-3,경기도 시흥시 정왕동 1877-3,세종1,시흥시
41390|정왕동|1877-5,경기도 시흥시 정왕동 1877-5,보성,시흥시
41390|정왕동|1878-4,경기도 시흥시 정왕동 1878-4,대림3,시흥시
41390|정왕동|1878-5,경기도 시흥시 정왕동 1878-5,동원,시흥시
41390|정왕동|1878-8,경기도 시흥시 정왕동 1878-8,대림4,시흥시
41390|정왕동|1886-3,경기도 시흥시 정왕동 1886-3,서해1,시흥시
41390|정왕동|1886-4,경기도 시흥시 정왕동 1886-4,서해2,시흥시
41390|정왕동|1886-5,경기도 시흥시 정왕동 1886-5,고합,시흥시
41390|정왕동|1940-1,경기도 시흥시 정왕동 1940-1,신동아,시흥시
41390|정왕동|1942-1,경기도 시흥시 정왕동 1942-1,계룡2,시흥시
41390|정왕동|1942-2,경기도 시흥시 정왕동 1942-2,동보,시흥시
41390|정왕동|2711,경기도 시흥시 정왕동 2711,파라곤센트럴오션시티,시흥시
41390|정왕동|2712,경기도 시흥시 정왕동 2712,시화MTV호반써밋더퍼스트오션,시흥시
41390|정왕동|2715,경기도 시흥시 정왕동 2715,시화MTV푸르지오디오션,시흥시
41390|정왕동|2732,경기도 시흥시 정왕동 2732,호반써밋더프라임,시흥시
41390|정왕동|2737,경기도 시흥시 정왕동 2737,시흥금강펜테리움오션베이,시흥시
41390|조남동|169,경기도 시흥시 조남동 169,삼호가든아파트,시흥시
41390|조남동|169-12,경기도 시흥시 조남동 169-12,세원,시흥시
41390|조남동|171,경기도 시흥시 조남동 171,세우,시흥시
41390|조남동|171-2,경기도 시흥시 조남동 171-2,가야,시흥시
41390|조남동|171-20,경기도 시흥시 조남동 171-20,수정,시흥시
41390|조남동|171-5,경기도 시흥시 조남동 171-5,장미,시흥시
41390|조남동|660,경기도 시흥시 조남동 660,목감호반써밋더레이크,시흥시
41390|조남동|663,경기도 시흥시 조남동 663,가온수플,시흥시
41390|조남동|669,경기도 시흥시 조남동 669,목감한신더휴센트럴파크,시흥시
41390|조남동|676,경기도 시흥시 조남동 676,신안인스빌,시흥시
41390|조남동|678,경기도 시흥시 조남동 678,리벤티움,시흥시
41390|조남동|680,경기도 시흥시 조남동 680,포레하임,시흥시
41390|조남동|682,경기도 시흥시 조남동 682,그레미움,시흥시
41390|조남동|706,경기도 시흥시 조남동 706,목감퍼스트리움,시흥시
41390|조남동|720,경기도 시흥시 조남동 720,네이처하임,시흥시
41390|조남동|721,경기도 시흥시 조남동 721,목감역호반써밋,시흥시
41390|죽율동|752,경기도 시흥시 죽율동 752,시흥6차푸르지오2단지,시흥시
41390|죽율동|759,경기도 시흥시 죽율동 759,시흥6차푸르지오1단지,시흥시
41390|포동|1-36,경기도 시흥시 포동 1-36,신관1차아파트,시흥시
41390|포동|1-63,경기도 시흥시 포동 1-63,서강,시흥시
41390|포동|1-71,경기도 시흥시 포동 1-71,태헌3차아파트,시흥시
41390|포동|1-76,경기도 시흥시 포동 1-76,무궁화,시흥시
41390|포동|13-2,경기도 시흥시 포동 13-2,동진,시흥시
41390|포동|13-3,경기도 시흥시 포동 13-3,태산아파트,시흥시
41390|포동|2,경기도 시흥시 포동 2,태헌신관2차아파트,시흥시
41390|하상동|368,경기도 시흥시 하상동 368,연꽃마을대우삼호아파트,시흥시
41390|하상동|369,경기도 시흥시 하상동 369,연꽃마을금호,시흥시
41390|하상동|377-4,경기도 시흥시 하상동 377-4,써미트빌,시흥시
41390|하상동|382,경기도 시흥시 하상동 382,연꽃마을태평2,시흥시
41390|하상동|383,경기도 시흥시 하상동 383,연꽃마을태평1,시흥시
41390|하중동|826-1,경기도 시흥시 하중동 826-1,관곡마을동아,시흥시
41390|하중동|827,경기도 시흥시 하중동 827,관곡마을성원,시흥시
41390|하중동|855,경기도 시흥시 하중동 855,참이슬마을,시흥시
41390|하중동|858,경기도 시흥시 하중동 858,대우4,시흥시
41390|하중동|877-3,경기도 시흥시 하중동 877-3,제나하임아파트,시흥시
41390|하중동|878-1,경기도 시흥시 하중동 878-1,유호NPLUSVILLE,시흥시
41390|하중동|878-4,경기도 시흥시 하중동 878-4,데코빌,시흥시
41410|금정동|42-4,경기도 군포시 금정동 42-4,이룸아파트,군포시
41410|금정동|43-12,경기도 군포시 금정동 43-12,행복아파트,군포시
41410|금정동|697-6,경기도 군포시 금정동 697-6,금오,군포시
41410|금정동|701-4,경기도 군포시 금정동 701-4,우양파크,군포시
41410|금정동|704,경기도 군포시 금정동 704,금정동쌍용,군포시
41410|금정동|706-19,경기도 군포시 금정동 706-19,장미,군포시
41410|금정동|710,경기도 군포시 금정동 710,상안,군포시
41410|금정동|710-2,경기도 군포시 금정동 710-2,대흥5,군포시
41410|금정동|710-8,경기도 군포시 금정동 710-8,(710-8),군포시
41410|금정동|711,경기도 군포시 금정동 711,신안A동,군포시
41410|금정동|713,경기도 군포시 금정동 713,한양,군포시
41410|금정동|716,경기도 군포시 금정동 716,대흥,군포시
41410|금정동|719-6,경기도 군포시 금정동 719-6,성진히나스,군포시
41410|금정동|720-3,경기도 군포시 금정동 720-3,태광처음빛,군포시
41410|금정동|720-5,경기도 군포시 금정동 720-5,무지개트윈스(101동),군포시
41410|금정동|720-6,경기도 군포시 금정동 720-6,무지개트윈스(102동),군포시
41410|금정동|722-7,경기도 군포시 금정동 722-7,아산나부빌,군포시
41410|금정동|723,경기도 군포시 금정동 723,태광퍼스트힐,군포시
41410|금정동|723-16,경기도 군포시 금정동 723-16,무지개트윈스,군포시
41410|금정동|723-3,경기도 군포시 금정동 723-3,태원쉐르빌,군포시
41410|금정동|723-8,경기도 군포시 금정동 723-8,그린트루빌,군포시
41410|금정동|729-19,경기도 군포시 금정동 729-19,삼화(102동),군포시
41410|금정동|729-21,경기도 군포시 금정동 729-21,삼화(101동),군포시
41410|금정동|734,경기도 군포시 금정동 734,기오6,군포시
41410|금정동|735,경기도 군포시 금정동 735,더트렌디,군포시
41410|금정동|737-4,경기도 군포시 금정동 737-4,롯데,군포시
41410|금정동|738-2,경기도 군포시 금정동 738-2,주영리치빌,군포시
41410|금정동|738-6,경기도 군포시 금정동 738-6,오성푸르메,군포시
41410|금정동|742-9,경기도 군포시 금정동 742-9,광문,군포시
41410|금정동|743,경기도 군포시 금정동 743,대경아파트,군포시
41410|금정동|744,경기도 군포시 금정동 744,적성,군포시
41410|금정동|744-1,경기도 군포시 금정동 744-1,신환,군포시
41410|금정동|745-5,경기도 군포시 금정동 745-5,우주,군포시
41410|금정동|746-8,경기도 군포시 금정동 746-8,임선,군포시
41410|금정동|748-12,경기도 군포시 금정동 748-12,유성,군포시
41410|금정동|752,경기도 군포시 금정동 752,한솔,군포시
41410|금정동|752-16,경기도 군포시 금정동 752-16,주영리치빌(101동),군포시
41410|금정동|752-6,경기도 군포시 금정동 752-6,주영리치빌102,군포시
41410|금정동|754,경기도 군포시 금정동 754,영화5차,군포시
41410|금정동|756-21,경기도 군포시 금정동 756-21,금호(102동),군포시
41410|금정동|756-6,경기도 군포시 금정동 756-6,금호(101동),군포시
41410|금정동|757-5,경기도 군포시 금정동 757-5,화남(6차),군포시
41410|금정동|758,경기도 군포시 금정동 758,성균,군포시
41410|금정동|762-5,경기도 군포시 금정동 762-5,경아,군포시
41410|금정동|769-1,경기도 군포시 금정동 769-1,영화(6차),군포시
41410|금정동|770-4,경기도 군포시 금정동 770-4,기오7,군포시
41410|금정동|772-15,경기도 군포시 금정동 772-15,은성,군포시
41410|금정동|773,경기도 군포시 금정동 773,상훈(773-0),군포시
41410|금정동|849,경기도 군포시 금정동 849,주공(1단지),군포시
41410|금정동|849-1,경기도 군포시 금정동 849-1,무궁화(화성),군포시
41410|금정동|850,경기도 군포시 금정동 850,목화,군포시
41410|금정동|871-11,경기도 군포시 금정동 871-11,다산주공(3단지),군포시
41410|금정동|871-7,경기도 군포시 금정동 871-7,삼익소월,군포시
41410|금정동|872,경기도 군포시 금정동 872,충무주공(872),군포시
41410|금정동|873-2,경기도 군포시 금정동 873-2,충무주공2단지2차(873-2),군포시
41410|금정동|875#41410-90,경기도 군포시 금정동 875,퇴계주공(360~368동),군포시
41410|금정동|875#41410-91,경기도 군포시 금정동 875,퇴계주공(351~359동),군포시
41410|금정동|876,경기도 군포시 금정동 876,율곡,군포시
41410|금정동|916,경기도 군포시 금정동 916,힐스테이트금정역,군포시
41410|당동|1020,경기도 군포시 당동 1020,삼성마을시티프라디움(3단지),군포시
41410|당동|54-4,경기도 군포시 당동 54-4,블루오션,군포시
41410|당동|731-1,경기도 군포시 당동 731-1,영광,군포시
41410|당동|732-3,경기도 군포시 당동 732-3,럭키베스티빌,군포시
41410|당동|733-1,경기도 군포시 당동 733-1,장미,군포시
41410|당동|734,경기도 군포시 당동 734,동막마을군포제일,군포시
41410|당동|736-1,경기도 군포시 당동 736-1,정진,군포시
41410|당동|737-7,경기도 군포시 당동 737-7,삼성미도2,군포시
41410|당동|740-1,경기도 군포시 당동 740-1,풍성1,군포시
41410|당동|746-13,경기도 군포시 당동 746-13,우진아트리움,군포시
41410|당동|746-22,경기도 군포시 당동 746-22,은성(746-22),군포시
41410|당동|746-4,경기도 군포시 당동 746-4,동서노블레스,군포시
41410|당동|747-22,경기도 군포시 당동 747-22,상훈휴팰리스,군포시
41410|당동|747-4,경기도 군포시 당동 747-4,씨티프라임,군포시
41410|당동|747-5,경기도 군포시 당동 747-5,디에스더웰가,군포시
41410|당동|748-25,경기도 군포시 당동 748-25,씨티캐슬,군포시
41410|당동|749-1,경기도 군포시 당동 749-1,그랑시티Ⅱ,군포시
41410|당동|749-8,경기도 군포시 당동 749-8,럭키베스트빌2차(749-8),군포시
41410|당동|755-1,경기도 군포시 당동 755-1,풍성2,군포시
41410|당동|759-15,경기도 군포시 당동 759-15,진우,군포시
41410|당동|759-9,경기도 군포시 당동 759-9,영실,군포시
41410|당동|760,경기도 군포시 당동 760,정일,군포시
41410|당동|761-11,경기도 군포시 당동 761-11,삼성그린,군포시
41410|당동|766-17,경기도 군포시 당동 766-17,우양(766-17),군포시
41410|당동|766-28,경기도 군포시 당동 766-28,금광럭키,군포시
41410|당동|772-2,경기도 군포시 당동 772-2,한신시티빌,군포시
41410|당동|775-28,경기도 군포시 당동 775-28,동우넥스프리빌,군포시
41410|당동|776-11,경기도 군포시 당동 776-11,스위스,군포시
41410|당동|780-2,경기도 군포시 당동 780-2,당동누리에뜰해밀,군포시
41410|당동|783-17,경기도 군포시 당동 783-17,가인명가,군포시
41410|당동|786-12,경기도 군포시 당동 786-12,영진(786-12),군포시
41410|당동|787-1,경기도 군포시 당동 787-1,무궁화,군포시
41410|당동|789-2,경기도 군포시 당동 789-2,한마음,군포시
41410|당동|790,경기도 군포시 당동 790,건국,군포시
41410|당동|791-1,경기도 군포시 당동 791-1,무지개마을2차케이씨씨,군포시
41410|당동|795,경기도 군포시 당동 795,무지개마을마빌르,군포시
41410|당동|796,경기도 군포시 당동 796,무지개마을케이씨씨,군포시
41410|당동|836-9,경기도 군포시 당동 836-9,신원(836-9),군포시
41410|당동|873,경기도 군포시 당동 873,쌍용(873),군포시
41410|당동|874,경기도 군포시 당동 874,주공2단지(874),군포시
41410|당동|885,경기도 군포시 당동 885,주공4(885),군포시
41410|당동|886,경기도 군포시 당동 886,주공3(886),군포시
41410|당동|900,경기도 군포시 당동 900,동아(900),군포시
41410|당동|901-1,경기도 군포시 당동 901-1,덕산101동(901-1),군포시
41410|당동|901-2,경기도 군포시 당동 901-2,덕산102동(901-2),군포시
41410|당동|902,경기도 군포시 당동 902,덕산103동(902),군포시
41410|당동|903-8,경기도 군포시 당동 903-8,덕산106동(903-8),군포시
41410|당동|906,경기도 군포시 당동 906,덕산105동(906),군포시
41410|당동|907,경기도 군포시 당동 907,두산,군포시
41410|당동|909-3,경기도 군포시 당동 909-3,오성101동(909-3),군포시
41410|당동|911,경기도 군포시 당동 911,오성102동(911),군포시
41410|당동|911-6,경기도 군포시 당동 911-6,한세(911-6),군포시
41410|당동|911-8,경기도 군포시 당동 911-8,오성103동(911-8),군포시
41410|당동|922-14,경기도 군포시 당동 922-14,효성102동(922-14),군포시
41410|당동|922-18,경기도 군포시 당동 922-18,효성101동(922-18),군포시
41410|당동|922-22,경기도 군포시 당동 922-22,거성에이플(922-22),군포시
41410|당동|923,경기도 군포시 당동 923,대흥(923),군포시
41410|당동|946-1,경기도 군포시 당동 946-1,베이104동,군포시
41410|당동|946-3,경기도 군포시 당동 946-3,베이103동,군포시
41410|당동|946-4,경기도 군포시 당동 946-4,베이102동,군포시
41410|당동|946-5,경기도 군포시 당동 946-5,베이101동,군포시
41410|당동|949-1,경기도 군포시 당동 949-1,무지개마을마젤리안,군포시
41410|당동|950-1,경기도 군포시 당동 950-1,자유로운삶,군포시
41410|당동|951-6,경기도 군포시 당동 951-6,남광팰리스(9B-5L),군포시
41410|당동|954,경기도 군포시 당동 954,무지개마을대림,군포시
41410|당동|957-1,경기도 군포시 당동 957-1,용호마을쌍용,군포시
41410|당동|957-2,경기도 군포시 당동 957-2,용호마을엘지,군포시
41410|당동|960-4,경기도 군포시 당동 960-4,용호마을동문301동,군포시
41410|당동|961-4,경기도 군포시 당동 961-4,홍솔주상복합,군포시
41410|당동|963,경기도 군포시 당동 963,군포당동동도센트리움,군포시
41410|당동|966-1,경기도 군포시 당동 966-1,덕산큐브,군포시
41410|당동|966-3,경기도 군포시 당동 966-3,New-삼성,군포시
41410|당동|979-1,경기도 군포시 당동 979-1,용호마을e-편한세상,군포시
41410|당정동|1000-1,경기도 군포시 당정동 1000-1,"한솔솔파크(201,202동)",군포시
41410|당정동|1001-1,경기도 군포시 당정동 1001-1,"한솔솔파크(101,102동)",군포시
41410|당정동|1002-10,경기도 군포시 당정동 1002-10,"한솔솔파크(601,602동)",군포시
41410|당정동|1003-1,경기도 군포시 당정동 1003-1,"한솔솔파크(401,402동)",군포시
41410|당정동|1005-1,경기도 군포시 당정동 1005-1,"한솔솔파크(501,502동)",군포시
41410|당정동|1006-1,경기도 군포시 당정동 1006-1,한솔솔파크(701동),군포시
41410|당정동|1007-2,경기도 군포시 당정동 1007-2,오성푸르메(1007-2),군포시
41410|당정동|1007-3,경기도 군포시 당정동 1007-3,오성푸르메(1007-3),군포시
41410|당정동|1007-4,경기도 군포시 당정동 1007-4,오성푸르메(1007-4),군포시
41410|당정동|1007-5,경기도 군포시 당정동 1007-5,상훈(B동),군포시
41410|당정동|1007-6,경기도 군포시 당정동 1007-6,상훈(A동)(1007-6),군포시
41410|당정동|1012-3,경기도 군포시 당정동 1012-3,대원칸타빌(101동),군포시
41410|당정동|1019-1,경기도 군포시 당정동 1019-1,대원칸타빌(107동),군포시
41410|당정동|1021-1,경기도 군포시 당정동 1021-1,대원칸타빌(106동),군포시
41410|당정동|1022-1,경기도 군포시 당정동 1022-1,"대원칸타빌(104동,105동)",군포시
41410|당정동|1023-1,경기도 군포시 당정동 1023-1,대원칸타빌(103동),군포시
41410|당정동|1024-1,경기도 군포시 당정동 1024-1,대원칸타빌(102동),군포시
41410|당정동|1025-1,경기도 군포시 당정동 1025-1,대우푸르지오,군포시
41410|당정동|966-6,경기도 군포시 당정동 966-6,뷰티C동,군포시
41410|당정동|967-1,경기도 군포시 당정동 967-1,뷰티A동,군포시
41410|당정동|967-5,경기도 군포시 당정동 967-5,뷰티B동,군포시
41410|당정동|973-1,경기도 군포시 당정동 973-1,당정마을엘지,군포시
41410|당정동|974-6,경기도 군포시 당정동 974-6,당정마을누리에뜰(101동),군포시
41410|당정동|976-2,경기도 군포시 당정동 976-2,상훈(A동)(976-2),군포시
41410|당정동|976-5,경기도 군포시 당정동 976-5,상훈비동,군포시
41410|당정동|976-6,경기도 군포시 당정동 976-6,당정마을누리에뜰(107동),군포시
41410|당정동|978-1,경기도 군포시 당정동 978-1,"당정마을누리에뜰(105,106동)",군포시
41410|당정동|979-1,경기도 군포시 당정동 979-1,"당정마을누리에뜰(103,104동)",군포시
41410|당정동|981-1,경기도 군포시 당정동 981-1,당정마을누리에뜰(102동),군포시
41410|당정동|984-1,경기도 군포시 당정동 984-1,거성에이플104동,군포시
41410|당정동|985-1,경기도 군포시 당정동 985-1,거성에이플101동,군포시
41410|당정동|985-2,경기도 군포시 당정동 985-2,거성에이플102동,군포시
41410|당정동|985-3,경기도 군포시 당정동 985-3,거성에이플103동,군포시
41410|당정동|986-5,경기도 군포시 당정동 986-5,오르난자연애,군포시
41410|당정동|987-1,경기도 군포시 당정동 987-1,"덕산(101동)(1,2호)",군포시
41410|당정동|987-2,경기도 군포시 당정동 987-2,"덕산(101동)(3,5호)",군포시
41410|당정동|987-3,경기도 군포시 당정동 987-3,"덕산(101동)(6,7호)",군포시
41410|당정동|988-6,경기도 군포시 당정동 988-6,호영,군포시
41410|당정동|990-5,경기도 군포시 당정동 990-5,거성,군포시
41410|당정동|997-1,경기도 군포시 당정동 997-1,청천마을성원,군포시
41410|당정동|998-1,경기도 군포시 당정동 998-1,Park30,군포시
41410|당정동|998-2,경기도 군포시 당정동 998-2,당정동동도센트리움,군포시
41410|당정동|999-1,경기도 군포시 당정동 999-1,"한솔솔파크(301,302동)",군포시
41410|대야미동|636-3,경기도 군포시 대야미동 636-3,현대아이파크,군포시
41410|대야미동|642-7,경기도 군포시 대야미동 642-7,천봉프라자,군포시
41410|대야미동|642-8,경기도 군포시 대야미동 642-8,남경(16-2),군포시
41410|대야미동|643-7,경기도 군포시 대야미동 643-7,스타파크,군포시
41410|대야미동|652-7,경기도 군포시 대야미동 652-7,신안실크밸리(28-7),군포시
41410|대야미동|652-8,경기도 군포시 대야미동 652-8,미영팰리스,군포시
41410|대야미동|654-14,경기도 군포시 대야미동 654-14,건양1차,군포시
41410|대야미동|656-2,경기도 군포시 대야미동 656-2,장안정다운,군포시
41410|대야미동|659-1,경기도 군포시 대야미동 659-1,건양2,군포시
41410|대야미동|666-1,경기도 군포시 대야미동 666-1,신안,군포시
41410|대야미동|667-3,경기도 군포시 대야미동 667-3,대림e-편한세상,군포시
41410|대야미동|701,경기도 군포시 대야미동 701,서해그랑블,군포시
41410|도마교동|456,경기도 군포시 도마교동 456,금강펜테리움센트럴파크1차,군포시
41410|도마교동|458,경기도 군포시 도마교동 458,금강펜테리움센트럴파크2차,군포시
41410|도마교동|471,경기도 군포시 도마교동 471,금강펜테리움센트럴파크3차,군포시
41410|도마교동|471-1,경기도 군포시 도마교동 471-1,엘에이치송정마을,군포시
41410|도마교동|479,경기도 군포시 도마교동 479,숲속반디채,군포시
41410|부곡동|1080,경기도 군포시 부곡동 1080,송부센트럴시티,군포시
41410|부곡동|1086,경기도 군포시 부곡동 1086,의왕역센트럴파크,군포시
41410|부곡동|1098,경기도 군포시 부곡동 1098,의왕역센트럴시티(휴먼시아3단지),군포시
41410|부곡동|1181,경기도 군포시 부곡동 1181,삼성마을5단지,군포시
41410|부곡동|1199,경기도 군포시 부곡동 1199,삼성마을2단지,군포시
41410|부곡동|1201,경기도 군포시 부곡동 1201,삼성마을센트럴파크,군포시
41410|부곡동|1204,경기도 군포시 부곡동 1204,삼성마을6단지,군포시
41410|산본동|1028,경기도 군포시 산본동 1028,삼성,군포시
41410|산본동|1030,경기도 군포시 산본동 1030,세경싸이버빌(101),군포시
41410|산본동|1030-1,경기도 군포시 산본동 1030-1,세경싸이버빌(102),군포시
41410|산본동|1030-2,경기도 군포시 산본동 1030-2,세경싸이버빌(103),군포시
41410|산본동|1035,경기도 군포시 산본동 1035,개성하이뷰(101동),군포시
41410|산본동|1035-14,경기도 군포시 산본동 1035-14,개성하이뷰(103동),군포시
41410|산본동|1035-15,경기도 군포시 산본동 1035-15,개성하이뷰(104동),군포시
41410|산본동|1035-16,경기도 군포시 산본동 1035-16,개성하이뷰(102동),군포시
41410|산본동|1036-1,경기도 군포시 산본동 1036-1,화남7,군포시
41410|산본동|1052,경기도 군포시 산본동 1052,주공11,군포시
41410|산본동|1055,경기도 군포시 산본동 1055,매화,군포시
41410|산본동|1059,경기도 군포시 산본동 1059,동백(우성),군포시
41410|산본동|106-4,경기도 군포시 산본동 106-4,임광그대가,군포시
41410|산본동|1063,경기도 군포시 산본동 1063,백합,군포시
41410|산본동|1065-4,경기도 군포시 산본동 1065-4,신안모란,군포시
41410|산본동|1066,경기도 군포시 산본동 1066,개나리주공13,군포시
41410|산본동|1088,경기도 군포시 산본동 1088,한양목련,군포시
41410|산본동|1091-1,경기도 군포시 산본동 1091-1,"우방,한국공영목련",군포시
41410|산본동|1092,경기도 군포시 산본동 1092,삼성장미,군포시
41410|산본동|1119,경기도 군포시 산본동 1119,한양백두,군포시
41410|산본동|1119-3,경기도 군포시 산본동 1119-3,백두(극동),군포시
41410|산본동|1119-4,경기도 군포시 산본동 1119-4,백두(동성),군포시
41410|산본동|1120,경기도 군포시 산본동 1120,주몽2-10,군포시
41410|산본동|1121,경기도 군포시 산본동 1121,산본이편한세상센트럴파크,군포시
41410|산본동|1145,경기도 군포시 산본동 1145,세종,군포시
41410|산본동|1145-14#41410-47,경기도 군포시 산본동 1145-14,삼익가든을지,군포시
41410|산본동|1145-14#41410-64,경기도 군포시 산본동 1145-14,한일을지,군포시
41410|산본동|1146,경기도 군포시 산본동 1146,솔거대림,군포시
41410|산본동|1146-11,경기도 군포시 산본동 1146-11,우륵,군포시
41410|산본동|1147,경기도 군포시 산본동 1147,금강2단지주상복합,군포시
41410|산본동|1148,경기도 군포시 산본동 1148,묘향(롯데),군포시
41410|산본동|1148-4,경기도 군포시 산본동 1148-4,주공9단지금강,군포시
41410|산본동|1151-5,경기도 군포시 산본동 1151-5,한양수리,군포시
41410|산본동|1151-9#41410-49,경기도 군포시 산본동 1151-9,설악,군포시
41410|산본동|1151-9#41410-50,경기도 군포시 산본동 1151-9,설악2,군포시
41410|산본동|1152-2,경기도 군포시 산본동 1152-2,덕유,군포시
41410|산본동|1152-7,경기도 군포시 산본동 1152-7,계룡,군포시
41410|산본동|1155,경기도 군포시 산본동 1155,가야주공,군포시
41410|산본동|1155-7,경기도 군포시 산본동 1155-7,가야3주공,군포시
41410|산본동|1156-1,경기도 군포시 산본동 1156-1,한라주공4,군포시
41410|산본동|1156-15,경기도 군포시 산본동 1156-15,한라주공4-2,군포시
41410|산본동|1240,경기도 군포시 산본동 1240,래미안하이어스,군포시
41410|산본동|310-2,경기도 군포시 산본동 310-2,e편한세상 금정역 에코센트럴 아파트,군포시
41410|산본동|45-1,경기도 군포시 산본동 45-1,삼성미도,군포시
41410|산본동|48,경기도 군포시 산본동 48,에덴다모은정,군포시
41410|산본동|48-2,경기도 군포시 산본동 48-2,우양파크빌,군포시
41410|산본동|71-8,경기도 군포시 산본동 71-8,상남아파트,군포시
41410|산본동|82,경기도 군포시 산본동 82,산본동개성하이뷰,군포시
41410|산본동|83-28,경기도 군포시 산본동 83-28,금환,군포시
41430|고천동|503-1,경기도 의왕시 고천동 503-1,영광(101동),의왕시
41430|고천동|516,경기도 의왕시 고천동 516,신양빌리지(A동),의왕시
41430|고천동|517,경기도 의왕시 고천동 517,영광,의왕시
41430|고천동|522,경기도 의왕시 고천동 522,e편한세상고천파크루체,의왕시
41430|고천동|550,경기도 의왕시 고천동 550,의왕시청역풍경채어바니티,의왕시
41430|고천동|553,경기도 의왕시 고천동 553,대방디에트르센트럴,의왕시
41430|내손동|401-1,경기도 의왕시 내손동 401-1,세양청마루,의왕시
41430|내손동|414,경기도 의왕시 내손동 414,삼성래미안,의왕시
41430|내손동|643,경기도 의왕시 내손동 643,테라팰리스인덕원1차,의왕시
41430|내손동|771,경기도 의왕시 내손동 771,반도보라빌리지1,의왕시
41430|내손동|774,경기도 의왕시 내손동 774,반도보라빌리지2,의왕시
41430|내손동|790,경기도 의왕시 내손동 790,의왕상록,의왕시
41430|내손동|795,경기도 의왕시 내손동 795,대원칸타빌1,의왕시
41430|내손동|799,경기도 의왕시 내손동 799,대원칸타빌2,의왕시
41430|내손동|842,경기도 의왕시 내손동 842,래미안에버하임,의왕시
41430|내손동|843,경기도 의왕시 내손동 843,우미린,의왕시
41430|내손동|844#41430-817,경기도 의왕시 내손동 844,인덕원 센트럴 자이 1단지,의왕시
41430|내손동|844#41430-818,경기도 의왕시 내손동 844,인덕원 센트럴 자이 2단지,의왕시
41430|내손동|846,경기도 의왕시 내손동 846,의왕내손e편한세상,의왕시
41430|삼동|115-1,경기도 의왕시 삼동 115-1,삼호한아름1차(101동),의왕시
41430|삼동|121-6,경기도 의왕시 삼동 121-6,운양까치,의왕시
41430|삼동|121-8,경기도 의왕시 삼동 121-8,삼풍빌라트,의왕시
41430|삼동|125,경기도 의왕시 삼동 125,삼호한아름2차(201동),의왕시
41430|삼동|130-1,경기도 의왕시 삼동 130-1,효성청솔,의왕시
41430|삼동|130-11,경기도 의왕시 삼동 130-11,삼신8차,의왕시
41430|삼동|146,경기도 의왕시 삼동 146,우성5차,의왕시
41430|삼동|146-71,경기도 의왕시 삼동 146-71,우성6차,의왕시
41430|삼동|160-1,경기도 의왕시 삼동 160-1,백두킹스빌,의왕시
41430|삼동|160-23,경기도 의왕시 삼동 160-23,의왕대현그랑시아,의왕시
41430|삼동|160-29,경기도 의왕시 삼동 160-29,부곡꿈마을,의왕시
41430|삼동|160-49,경기도 의왕시 삼동 160-49,캐슬IN정원,의왕시
41430|삼동|160-7,경기도 의왕시 삼동 160-7,벨라루체,의왕시
41430|삼동|165-4,경기도 의왕시 삼동 165-4,개성하이뷰아파트,의왕시
41430|삼동|166-22,경기도 의왕시 삼동 166-22,신우(A),의왕시
41430|삼동|168-7,경기도 의왕시 삼동 168-7,신우(B),의왕시
41430|삼동|170-8,경기도 의왕시 삼동 170-8,백운,의왕시
41430|삼동|178,경기도 의왕시 삼동 178,우성2차,의왕시
41430|삼동|192-149,경기도 의왕시 삼동 192-149,보령,의왕시
41430|삼동|192-216,경기도 의왕시 삼동 192-216,신광월드3차,의왕시
41430|삼동|192-244,경기도 의왕시 삼동 192-244,영동,의왕시
41430|삼동|192-342,경기도 의왕시 삼동 192-342,개성하이뷰,의왕시
41430|삼동|192-40,경기도 의왕시 삼동 192-40,더스카이,의왕시
41430|삼동|192-50,경기도 의왕시 삼동 192-50,신광월드4차,의왕시
41430|삼동|192-54,경기도 의왕시 삼동 192-54,하이캐슬,의왕시
41430|삼동|244-1,경기도 의왕시 삼동 244-1,우성4차,의왕시
41430|삼동|277-1,경기도 의왕시 삼동 277-1,연화(A동),의왕시
41430|삼동|277-3,경기도 의왕시 삼동 277-3,연화(B동),의왕시
41430|삼동|282-2,경기도 의왕시 삼동 282-2,새천년미주,의왕시
41430|삼동|460-109,경기도 의왕시 삼동 460-109,제나하임,의왕시
41430|삼동|462-20,경기도 의왕시 삼동 462-20,부곡대우이안,의왕시
41430|삼동|462-32,경기도 의왕시 삼동 462-32,대우장미,의왕시
41430|삼동|462-45,경기도 의왕시 삼동 462-45,월드,의왕시
41430|삼동|471-12,경기도 의왕시 삼동 471-12,우진아트빌,의왕시
41430|삼동|594,경기도 의왕시 삼동 594,의왕푸르지오포레움1블럭,의왕시
41430|삼동|607,경기도 의왕시 삼동 607,의왕푸르지오포레움2블럭,의왕시
41430|삼동|616,경기도 의왕시 삼동 616,의왕역푸르지오라포레,의왕시
41430|오전동|100,경기도 의왕시 오전동 100,모락산현대,의왕시
41430|오전동|104,경기도 의왕시 오전동 104,매화,의왕시
41430|오전동|104-20,경기도 의왕시 오전동 104-20,성원2차이화,의왕시
41430|오전동|21,경기도 의왕시 오전동 21,진달래(LG),의왕시
41430|오전동|216-1,경기도 의왕시 오전동 216-1,신안1단지(1동2동),의왕시
41430|오전동|217-2,경기도 의왕시 오전동 217-2,신안(3동),의왕시
41430|오전동|230,경기도 의왕시 오전동 230,성원1차이화,의왕시
41430|오전동|233,경기도 의왕시 오전동 233,신미주해당화,의왕시
41430|오전동|24,경기도 의왕시 오전동 24,신원수선화,의왕시
41430|오전동|27-1,경기도 의왕시 오전동 27-1,한진해모로,의왕시
41430|오전동|28,경기도 의왕시 오전동 28,대명구름채,의왕시
41430|오전동|283-12,경기도 의왕시 오전동 283-12,삼성미도(봉선화),의왕시
41430|오전동|32-83,경기도 의왕시 오전동 32-83,동남(라동),의왕시
41430|오전동|333,경기도 의왕시 오전동 333,목화케이티이자리에,의왕시
41430|오전동|339-1,경기도 의왕시 오전동 339-1,금호장미,의왕시
41430|오전동|34,경기도 의왕시 오전동 34,삼신7차,의왕시
41430|오전동|349-2,경기도 의왕시 오전동 349-2,현지,의왕시
41430|오전동|358-1,경기도 의왕시 오전동 358-1,삼호백조,의왕시
41430|오전동|358-16,경기도 의왕시 오전동 358-16,우림프라자,의왕시
41430|오전동|358-19,경기도 의왕시 오전동 358-19,남양모란,의왕시
41430|오전동|377,경기도 의왕시 오전동 377,디에이루미체,의왕시
41430|오전동|380-11,경기도 의왕시 오전동 380-11,신양,의왕시
41430|오전동|388-1,경기도 의왕시 오전동 388-1,민들레베스파트,의왕시
41430|오전동|838-3,경기도 의왕시 오전동 838-3,국화뉴서울,의왕시
41430|오전동|841,경기도 의왕시 오전동 841,백합벽산,의왕시
41430|오전동|842,경기도 의왕시 오전동 842,목련풍림,의왕시
41430|오전동|849,경기도 의왕시 오전동 849,동백,의왕시
41430|오전동|854,경기도 의왕시 오전동 854,무궁화선경,의왕시
41430|오전동|856,경기도 의왕시 오전동 856,개나리쌍용,의왕시
41430|오전동|886,경기도 의왕시 오전동 886,의왕모락산동문굿모닝힐,의왕시
41430|오전동|887,경기도 의왕시 오전동 887,대명솔채,의왕시
41430|오전동|892,경기도 의왕시 오전동 892,의왕서해그랑블(블루스퀘어),의왕시
41430|오전동|898,경기도 의왕시 오전동 898,의왕더샵캐슬,의왕시
41430|오전동|산148-1,경기도 의왕시 오전동 산148-1,청호,의왕시
41430|오전동|산149-3,경기도 의왕시 오전동 산149-3,삼신9차,의왕시
41430|왕곡동|592,경기도 의왕시 왕곡동 592,인스빌1단지,의왕시
41430|왕곡동|593,경기도 의왕시 왕곡동 593,인스빌2단지,의왕시
41430|왕곡동|599,경기도 의왕시 왕곡동 599,원효,의왕시
41430|왕곡동|600,경기도 의왕시 왕곡동 600,솔거,의왕시
41430|왕곡동|602,경기도 의왕시 왕곡동 602,포은,의왕시
41430|왕곡동|603,경기도 의왕시 왕곡동 603,충무,의왕시
41430|청계동|966,경기도 의왕시 청계동 966,청계포레스트,의왕시
41430|청계동|976,경기도 의왕시 청계동 976,휴먼시아청계마을(2단지),의왕시
41430|청계동|982,경기도 의왕시 청계동 982,휴먼시아청계마을(1단지),의왕시
41430|초평동|636,경기도 의왕시 초평동 636,엘리프의왕역,의왕시
41430|포일동|441-2,경기도 의왕시 포일동 441-2,인덕원삼호,의왕시
41430|포일동|518,경기도 의왕시 포일동 518,인덕원동아에코빌,의왕시
41430|포일동|523,경기도 의왕시 포일동 523,인덕원센트럴푸르지오,의왕시
41430|포일동|533-1,경기도 의왕시 포일동 533-1,한일나래,의왕시
41430|포일동|533-5,경기도 의왕시 포일동 533-5,동부새롬,의왕시
41430|포일동|537-15,경기도 의왕시 포일동 537-15,래미안인덕원더포인트,의왕시
41430|포일동|638,경기도 의왕시 포일동 638,위브호수마을1단지,의왕시
41430|포일동|643,경기도 의왕시 포일동 643,두산위브인덕원센트럴2단지,의왕시
41430|포일동|645,경기도 의왕시 포일동 645,인덕원숲속마을3단지,의왕시
41430|포일동|646,경기도 의왕시 포일동 646,인덕원숲속마을4단지,의왕시
41430|포일동|649,경기도 의왕시 포일동 649,인덕원숲속마을5단지,의왕시
41430|포일동|685,경기도 의왕시 포일동 685,인덕원푸르지오엘센트로,의왕시
41430|학의동|1078,경기도 의왕시 학의동 1078,백운밸리레이크포레2단지,의왕시
41430|학의동|1099,경기도 의왕시 학의동 1099,의왕백운 해링턴 플레이스 3단지,의왕시
41430|학의동|1107,경기도 의왕시 학의동 1107,의왕백운 해링턴 플레이스 2단지,의왕시
41430|학의동|1122,경기도 의왕시 학의동 1122,의왕백운 해링턴 플레이스 5단지,의왕시
41430|학의동|1126,경기도 의왕시 학의동 1126,의왕백운 해링턴 플레이스 4단지,의왕시
41430|학의동|1150,경기도 의왕시 학의동 1150,의왕백운 해링턴 플레이스 1단지,의왕시
41430|학의동|1152,경기도 의왕시 학의동 1152,백운밸리레이크포레4단지,의왕시
41450|감이동|438,경기도 하남시 감이동 438,감일푸르지오마크베르,하남시
41450|감이동|445,경기도 하남시 감이동 445,감일수자인,하남시
41450|감이동|446,경기도 하남시 감이동 446,감일스타힐스,하남시
41450|감이동|448,경기도 하남시 감이동 448,감일파크센트레빌,하남시
41450|감이동|457,경기도 하남시 감이동 457,감일스윗시티10단지,하남시
41450|감이동|458,경기도 하남시 감이동 458,힐스테이트포웰시티,하남시
41450|감이동|491,경기도 하남시 감이동 491,더샵포웰시티,하남시
41450|감이동|500,경기도 하남시 감이동 500,포웰시티푸르지오라포레,하남시
41450|감이동|501,경기도 하남시 감이동 501,e편한세상감일,하남시
41450|감이동|514-3,경기도 하남시 감이동 514-3,감일역트루엘,하남시
41450|감이동|530,경기도 하남시 감이동 530,감일한라비발디,하남시
41450|감이동|535,경기도 하남시 감이동 535,감일센트레빌,하남시
41450|감일동|481,경기도 하남시 감일동 481,감일스윗시티1단지,하남시
41450|감일동|519,경기도 하남시 감일동 519,감일금강펜테리움센트럴파크,하남시
41450|덕풍동|336-40,경기도 하남시 덕풍동 336-40,라인,하남시
41450|덕풍동|346,경기도 하남시 덕풍동 346,서해,하남시
41450|덕풍동|352-1,경기도 하남시 덕풍동 352-1,효천수리골마을,하남시
41450|덕풍동|369-2,경기도 하남시 덕풍동 369-2,프라임,하남시
41450|덕풍동|369-4,경기도 하남시 덕풍동 369-4,한솔파로스(101동),하남시
41450|덕풍동|372-2,경기도 하남시 덕풍동 372-2,대동피렌체,하남시
41450|덕풍동|404-1,경기도 하남시 덕풍동 404-1,진모루마을현대,하남시
41450|덕풍동|413-7,경기도 하남시 덕풍동 413-7,이룸스위트,하남시
41450|덕풍동|416-7,경기도 하남시 덕풍동 416-7,정목e-미지,하남시
41450|덕풍동|420-15,경기도 하남시 덕풍동 420-15,다일네오빌,하남시
41450|덕풍동|420-26,경기도 하남시 덕풍동 420-26,산호하이츠빌라,하남시
41450|덕풍동|426-26,경기도 하남시 덕풍동 426-26,하우스원,하남시
41450|덕풍동|519-4,경기도 하남시 덕풍동 519-4,가화만사성,하남시
41450|덕풍동|524,경기도 하남시 덕풍동 524,덕풍현대,하남시
41450|덕풍동|537-1,경기도 하남시 덕풍동 537-1,덕풍쌍용,하남시
41450|덕풍동|537-4,경기도 하남시 덕풍동 537-4,그린나래,하남시
41450|덕풍동|681,경기도 하남시 덕풍동 681,한솔리치빌(1단지),하남시
41450|덕풍동|684,경기도 하남시 덕풍동 684,한솔리치빌(2단지),하남시
41450|덕풍동|687,경기도 하남시 덕풍동 687,한승미메이드,하남시
41450|덕풍동|688,경기도 하남시 덕풍동 688,한솔리치빌(3단지),하남시
41450|덕풍동|689,경기도 하남시 덕풍동 689,한솔리치빌(5단지),하남시
41450|덕풍동|690,경기도 하남시 덕풍동 690,금강KCC,하남시
41450|덕풍동|691,경기도 하남시 덕풍동 691,하남자이,하남시
41450|덕풍동|692,경기도 하남시 덕풍동 692,하남한솔솔파크,하남시
41450|덕풍동|695,경기도 하남시 덕풍동 695,벽산블루밍,하남시
41450|덕풍동|729,경기도 하남시 덕풍동 729,풍산삼부르네상스,하남시
41450|덕풍동|731,경기도 하남시 덕풍동 731,하남풍산아이파크(5단지),하남시
41450|덕풍동|747,경기도 하남시 덕풍동 747,하남풍산센트레빌,하남시
41450|덕풍동|748,경기도 하남시 덕풍동 748,동원베네스트,하남시
41450|덕풍동|823,경기도 하남시 덕풍동 823,하남풍산아이파크(1단지),하남시
41450|덕풍동|946,경기도 하남시 덕풍동 946,하남더샵센트럴뷰,하남시
41450|덕풍동|947,경기도 하남시 덕풍동 947,하남덕풍역파크어울림,하남시
41450|덕풍동|948,경기도 하남시 덕풍동 948,더샵하남에디피스,하남시
41450|망월동|1034,경기도 하남시 망월동 1034,미사강변루나리움,하남시
41450|망월동|1050,경기도 하남시 망월동 1050,미사강변 센텀팰리스,하남시
41450|망월동|1060,경기도 하남시 망월동 1060,미사강변푸르지오,하남시
41450|망월동|1062,경기도 하남시 망월동 1062,미사강변 하우스디 더 레이크,하남시
41450|망월동|1125,경기도 하남시 망월동 1125,미사역파라곤,하남시
41450|망월동|1127,경기도 하남시 망월동 1127,미사역호반써밋,하남시
41450|망월동|1162,경기도 하남시 망월동 1162,미사강변 골든 센트로,하남시
41450|망월동|1170,경기도 하남시 망월동 1170,미사강변효성해링턴플레이스엔에이치에프,하남시
41450|망월동|1177,경기도 하남시 망월동 1177,미사레스티아,하남시
41450|망월동|904,경기도 하남시 망월동 904,미사강변한신휴플러스,하남시
41450|망월동|910,경기도 하남시 망월동 910,미사강변파밀리에,하남시
41450|망월동|938,경기도 하남시 망월동 938,미사강변트래지안,하남시
41450|망월동|946,경기도 하남시 망월동 946,미사강변 파크뷰,하남시
41450|망월동|956,경기도 하남시 망월동 956,미사강변스타힐스아파트,하남시
41450|산본동|1146,경기도 하남시 산본동 1146,솔거대림,하남시
41450|선동|423,경기도 하남시 선동 423,리버나인RIVERNINE,하남시
41450|선동|427,경기도 하남시 선동 427,미사강변더샵리버포레,하남시
41450|선동|433,경기도 하남시 선동 433,미사강변2차푸르지오,하남시
41450|선동|436,경기도 하남시 선동 436,미사강변 센트리버,하남시
41450|선동|441,경기도 하남시 선동 441,리버스위트칸타빌,하남시
41450|선동|445,경기도 하남시 선동 445,미사강변리슈빌엔에이치에프,하남시
41450|선동|453,경기도 하남시 선동 453,미사강변도시 베라체,하남시
41450|선동|455,경기도 하남시 선동 455,미사강변리버뷰자이,하남시
41450|신장동|100,경기도 하남시 신장동 100,동일하이빌,하남시
41450|신장동|381-8,경기도 하남시 신장동 381-8,동아,하남시
41450|신장동|415-10,경기도 하남시 신장동 415-10,명지캐럿(108동),하남시
41450|신장동|427-206,경기도 하남시 신장동 427-206,그린나래(427-206),하남시
41450|신장동|427-25,경기도 하남시 신장동 427-25,하남,하남시
41450|신장동|427-66,경기도 하남시 신장동 427-66,진도로르빌,하남시
41450|신장동|427-93,경기도 하남시 신장동 427-93,하남베라시떼,하남시
41450|신장동|430-35,경기도 하남시 신장동 430-35,그린나래(430-35),하남시
41450|신장동|430-7,경기도 하남시 신장동 430-7,성원상떼빌,하남시
41450|신장동|452-1,경기도 하남시 신장동 452-1,하남석바대마을동신,하남시
41450|신장동|527,경기도 하남시 신장동 527,해오름한국,하남시
41450|신장동|528,경기도 하남시 신장동 528,백조현대,하남시
41450|신장동|528-5,경기도 하남시 신장동 528-5,백송한신,하남시
41450|신장동|560,경기도 하남시 신장동 560,에코타운(C블럭),하남시
41450|신장동|561,경기도 하남시 신장동 561,에코타운(B블럭),하남시
41450|신장동|562,경기도 하남시 신장동 562,에코타운(A블럭),하남시
41450|신장동|568,경기도 하남시 신장동 568,현대홈타운,하남시
41450|신장동|569,경기도 하남시 신장동 569,대명강변타운,하남시
41450|신장동|570,경기도 하남시 신장동 570,하남두산위브파크,하남시
41450|신장동|577,경기도 하남시 신장동 577,하남호반써밋에듀파크,하남시
41450|신장동|593,경기도 하남시 신장동 593,하남유시티대명루첸리버파크,하남시
41450|신장동|602,경기도 하남시 신장동 602,하남유니온시티에일린의뜰,하남시
41450|창우동|518,경기도 하남시 창우동 518,부영,하남시
41450|창우동|520,경기도 하남시 창우동 520,은행한신,하남시
41450|창우동|521,경기도 하남시 창우동 521,꿈동산신안,하남시
41450|창우동|537,경기도 하남시 창우동 537,창우마을,하남시
41450|풍산동|470,경기도 하남시 풍산동 470,미사강변동일하이빌,하남시
41450|풍산동|471,경기도 하남시 풍산동 471,미사강변센트럴풍경채,하남시
41450|풍산동|477,경기도 하남시 풍산동 477,미사강변동원로얄듀크,하남시
41450|풍산동|480,경기도 하남시 풍산동 480,미사강변센트럴자이,하남시
41450|풍산동|486,경기도 하남시 풍산동 486,미사강변더샵센트럴포레,하남시
41450|풍산동|559,경기도 하남시 풍산동 559,미사강변브라운스톤엔에이치에프,하남시
41450|풍산동|565,경기도 하남시 풍산동 565,미사강변아란티움,하남시
41450|풍산동|568,경기도 하남시 풍산동 568,이편한세상미사,하남시
41450|풍산동|573,경기도 하남시 풍산동 573,신안인스빌,하남시
41450|풍산동|626,경기도 하남시 풍산동 626,하남힐즈파크푸르지오2단지,하남시
41450|풍산동|627,경기도 하남시 풍산동 627,하남힐즈파크푸르지오3단지,하남시
41450|풍산동|630,경기도 하남시 풍산동 630,하남힐즈파크푸르지오1단지,하남시
41450|학암동|635,경기도 하남시 학암동 635,위례포레자이,하남시
41450|학암동|639,경기도 하남시 학암동 639,위례우미린,하남시
41450|학암동|641,경기도 하남시 학암동 641,위례중흥에스-클래스,하남시
41450|학암동|646,경기도 하남시 학암동 646,위례숲우미린,하남시
41450|학암동|651,경기도 하남시 학암동 651,힐스테이트센트럴위례,하남시
41450|학암동|652,경기도 하남시 학암동 652,위례호반써밋,하남시
41450|학암동|662,경기도 하남시 학암동 662,위례 센트로엘,하남시
41450|학암동|663,경기도 하남시 학암동 663,위례신도시신안인스빌아스트로,하남시
41450|학암동|671,경기도 하남시 학암동 671,플로리체위례,하남시
41450|학암동|672,경기도 하남시 학암동 672,위례롯데캐슬,하남시
41450|학암동|673,경기도 하남시 학암동 673,위례그린파크푸르지오,하남시
41461|고림동|1000,경기도 용인시 처인구 고림동 1000,금평마을영화,용인시 처인구
41461|고림동|1001,경기도 용인시 처인구 고림동 1001,보평마을삼정그린뷰,용인시 처인구
41461|고림동|1002,경기도 용인시 처인구 고림동 1002,예원마을코아루,용인시 처인구
41461|고림동|1005,경기도 용인시 처인구 고림동 1005,양우내안애에듀파크,용인시 처인구
41461|고림동|1014,경기도 용인시 처인구 고림동 1014,양우내안애에듀퍼스트,용인시 처인구
41461|고림동|1021,경기도 용인시 처인구 고림동 1021,힐스테이트용인둔전역,용인시 처인구
41461|고림동|1026,경기도 용인시 처인구 고림동 1026,힐스테이트용인고진역1단지,용인시 처인구
41461|고림동|1028,경기도 용인시 처인구 고림동 1028,힐스테이트용인고진역2단지,용인시 처인구
41461|고림동|1033,경기도 용인시 처인구 고림동 1033,용인고림양우내안愛더센트럴,용인시 처인구
41461|고림동|264-8,경기도 용인시 처인구 고림동 264-8,인정빌리지1,용인시 처인구
41461|고림동|411-1,경기도 용인시 처인구 고림동 411-1,이삭,용인시 처인구
41461|고림동|488-10,경기도 용인시 처인구 고림동 488-10,삼호아파트,용인시 처인구
41461|고림동|748-11,경기도 용인시 처인구 고림동 748-11,성림아파트-1,용인시 처인구
41461|고림동|748-6,경기도 용인시 처인구 고림동 748-6,성림아파트,용인시 처인구
41461|고림동|794-15,경기도 용인시 처인구 고림동 794-15,진흥아파트,용인시 처인구
41461|고림동|796-2,경기도 용인시 처인구 고림동 796-2,진흥,용인시 처인구
41461|고림동|820-141,경기도 용인시 처인구 고림동 820-141,그랜드맨션(2동),용인시 처인구
41461|고림동|995,경기도 용인시 처인구 고림동 995,예진마을인정피렌체,용인시 처인구
41461|고림동|996,경기도 용인시 처인구 고림동 996,임원마을영화아이닉스,용인시 처인구
41461|고림동|997,경기도 용인시 처인구 고림동 997,예진마을,용인시 처인구
41461|김량장동|193,경기도 용인시 처인구 김량장동 193,라이프미성,용인시 처인구
41461|김량장동|199-1,경기도 용인시 처인구 김량장동 199-1,수정빌라,용인시 처인구
41461|김량장동|254-158,경기도 용인시 처인구 김량장동 254-158,용인유메이드,용인시 처인구
41461|김량장동|254-51,경기도 용인시 처인구 김량장동 254-51,골드빌,용인시 처인구
41461|김량장동|290,경기도 용인시 처인구 김량장동 290,유장파크맨션,용인시 처인구
41461|김량장동|290-11,경기도 용인시 처인구 김량장동 290-11,유장파크맨션2동,용인시 처인구
41461|김량장동|291,경기도 용인시 처인구 김량장동 291,대연,용인시 처인구
41461|김량장동|293-6,경기도 용인시 처인구 김량장동 293-6,동산5차,용인시 처인구
41461|김량장동|296-35,경기도 용인시 처인구 김량장동 296-35,창성빌리지,용인시 처인구
41461|김량장동|314-4,경기도 용인시 처인구 김량장동 314-4,갤럭시뷰,용인시 처인구
41461|김량장동|321,경기도 용인시 처인구 김량장동 321,삼보라이프상가,용인시 처인구
41461|김량장동|321-1,경기도 용인시 처인구 김량장동 321-1,타임빌2차,용인시 처인구
41461|김량장동|324-1,경기도 용인시 처인구 김량장동 324-1,휴먼빌리지,용인시 처인구
41461|김량장동|328-5,경기도 용인시 처인구 김량장동 328-5,진흥5차,용인시 처인구
41461|김량장동|329-2,경기도 용인시 처인구 김량장동 329-2,스위트홈아파트,용인시 처인구
41461|김량장동|330-9,경기도 용인시 처인구 김량장동 330-9,다온빌(330-9),용인시 처인구
41461|김량장동|334-1,경기도 용인시 처인구 김량장동 334-1,트윈타워,용인시 처인구
41461|김량장동|334-24,경기도 용인시 처인구 김량장동 334-24,다온빌,용인시 처인구
41461|김량장동|335-10,경기도 용인시 처인구 김량장동 335-10,유장,용인시 처인구
41461|김량장동|335-2,경기도 용인시 처인구 김량장동 335-2,유장(335-2),용인시 처인구
41461|김량장동|338,경기도 용인시 처인구 김량장동 338,조양(338-0),용인시 처인구
41461|김량장동|338-6,경기도 용인시 처인구 김량장동 338-6,태성,용인시 처인구
41461|김량장동|340-2,경기도 용인시 처인구 김량장동 340-2,글로하임(A동),용인시 처인구
41461|김량장동|342-4,경기도 용인시 처인구 김량장동 342-4,신광,용인시 처인구
41461|김량장동|342-5,경기도 용인시 처인구 김량장동 342-5,용인,용인시 처인구
41461|김량장동|344-9,경기도 용인시 처인구 김량장동 344-9,유장(344-9),용인시 처인구
41461|김량장동|350-15,경기도 용인시 처인구 김량장동 350-15,진흥,용인시 처인구
41461|김량장동|350-7,경기도 용인시 처인구 김량장동 350-7,조양,용인시 처인구
41461|김량장동|352-19,경기도 용인시 처인구 김량장동 352-19,우원,용인시 처인구
41461|김량장동|353-5,경기도 용인시 처인구 김량장동 353-5,신양,용인시 처인구
41461|김량장동|39-2,경기도 용인시 처인구 김량장동 39-2,그린,용인시 처인구
41461|김량장동|4-2,경기도 용인시 처인구 김량장동 4-2,현대아파트,용인시 처인구
41461|김량장동|502-2,경기도 용인시 처인구 김량장동 502-2,삼환,용인시 처인구
41461|김량장동|503-3,경기도 용인시 처인구 김량장동 503-3,신우,용인시 처인구
41461|김량장동|513,경기도 용인시 처인구 김량장동 513,그린힐,용인시 처인구
41461|김량장동|516,경기도 용인시 처인구 김량장동 516,삼환나우빌,용인시 처인구
41461|김량장동|526,경기도 용인시 처인구 김량장동 526,김량장동어울림,용인시 처인구
41461|김량장동|530,경기도 용인시 처인구 김량장동 530,용인드마크데시앙,용인시 처인구
41461|김량장동|63-9,경기도 용인시 처인구 김량장동 63-9,에스원스마트빌,용인시 처인구
41461|김량장동|84-3,경기도 용인시 처인구 김량장동 84-3,용인웰메이드시티,용인시 처인구
41461|남동|684,경기도 용인시 처인구 남동 684,삼라마이다스빌,용인시 처인구
41461|남사읍 아곡리|681,경기도 용인시 처인구 남사읍 아곡리 681,e편한세상용인한숲시티5단지,용인시 처인구
41461|남사읍 완장리|945,경기도 용인시 처인구 남사읍 완장리 945,e편한세상용인한숲시티2단지,용인시 처인구
41461|남사읍 완장리|949,경기도 용인시 처인구 남사읍 완장리 949,e편한세상용인한숲시티3단지,용인시 처인구
41461|남사읍 완장리|952,경기도 용인시 처인구 남사읍 완장리 952,e편한세상용인한숲시티4단지,용인시 처인구
41461|남사읍 완장리|954,경기도 용인시 처인구 남사읍 완장리 954,e편한세상용인한숲시티6단지,용인시 처인구
41461|마평동|597-1,경기도 용인시 처인구 마평동 597-1,목련,용인시 처인구
41461|마평동|605-1,경기도 용인시 처인구 마평동 605-1,라이프,용인시 처인구
41461|마평동|650-1,경기도 용인시 처인구 마평동 650-1,우성,용인시 처인구
41461|마평동|730,경기도 용인시 처인구 마평동 730,동남(C동),용인시 처인구
41461|마평동|730-8,경기도 용인시 처인구 마평동 730-8,"동남(A,B동)",용인시 처인구
41461|마평동|923,경기도 용인시 처인구 마평동 923,용인두보,용인시 처인구
41461|마평동|957,경기도 용인시 처인구 마평동 957,푸른마을용인자이,용인시 처인구
41461|모현읍 왕산리|464-2,경기도 용인시 처인구 모현읍 왕산리 464-2,풍산마을햇빛,용인시 처인구
41461|모현읍 왕산리|948,경기도 용인시 처인구 모현읍 왕산리 948,용인모현스위첸,용인시 처인구
41461|모현읍 왕산리|953,경기도 용인시 처인구 모현읍 왕산리 953,힐스테이트몬테로이1단지,용인시 처인구
41461|모현읍 왕산리|954,경기도 용인시 처인구 모현읍 왕산리 954,힐스테이트몬테로이2단지,용인시 처인구
41461|모현읍 왕산리|955,경기도 용인시 처인구 모현읍 왕산리 955,힐스테이트몬테로이3단지,용인시 처인구
41461|모현읍 일산리|669,경기도 용인시 처인구 모현읍 일산리 669,신안인스빌1단지,용인시 처인구
41461|모현읍 일산리|671,경기도 용인시 처인구 모현읍 일산리 671,신안인스빌2단지,용인시 처인구
41461|모현읍 초부리|808-2,경기도 용인시 처인구 모현읍 초부리 808-2,태영(A동),용인시 처인구
41461|모현읍 초부리|808-30,경기도 용인시 처인구 모현읍 초부리 808-30,태영파크아파트(101동),용인시 처인구
41461|모현읍 초부리|808-8,경기도 용인시 처인구 모현읍 초부리 808-8,태영(B동),용인시 처인구
41461|백암면 근창리|1083,경기도 용인시 처인구 백암면 근창리 1083,청와,용인시 처인구
41461|백암면 근창리|11-4,경기도 용인시 처인구 백암면 근창리 11-4,강림,용인시 처인구
41461|백암면 근창리|28-1,경기도 용인시 처인구 백암면 근창리 28-1,동은,용인시 처인구
41461|백암면 근창리|89-8,경기도 용인시 처인구 백암면 근창리 89-8,성산그린,용인시 처인구
41461|삼가동|117,경기도 용인시 처인구 삼가동 117,풍림,용인시 처인구
41461|삼가동|265,경기도 용인시 처인구 삼가동 265,진우,용인시 처인구
41461|삼가동|537,경기도 용인시 처인구 삼가동 537,우남퍼스트빌,용인시 처인구
41461|삼가동|550,경기도 용인시 처인구 삼가동 550,늘푸른오스카빌3단지,용인시 처인구
41461|삼가동|551,경기도 용인시 처인구 삼가동 551,늘푸른오스카빌2단지,용인시 처인구
41461|삼가동|552,경기도 용인시 처인구 삼가동 552,늘푸른오스카빌1단지,용인시 처인구
41461|삼가동|562,경기도 용인시 처인구 삼가동 562,용인행정타운두산위브1단지,용인시 처인구
41461|삼가동|563,경기도 용인시 처인구 삼가동 563,용인행정타운두산위브2단지,용인시 처인구
41461|삼가동|564,경기도 용인시 처인구 삼가동 564,용인행정타운두산위브3단지,용인시 처인구
41461|양지읍 남곡리|76-26,경기도 용인시 처인구 양지읍 남곡리 76-26,양지꼬따쥬(B동),용인시 처인구
41461|양지읍 남곡리|76-3,경기도 용인시 처인구 양지읍 남곡리 76-3,양지꼬따쥬(A동),용인시 처인구
41461|양지읍 남곡리|901,경기도 용인시 처인구 양지읍 남곡리 901,용인경남아너스빌디센트1단지,용인시 처인구
41461|양지읍 남곡리|902,경기도 용인시 처인구 양지읍 남곡리 902,용인경남아너스빌디센트2단지,용인시 처인구
41461|양지읍 남곡리|903,경기도 용인시 처인구 양지읍 남곡리 903,용인경남아너스빌디센트3단지,용인시 처인구
41461|양지읍 양지리|462-2,경기도 용인시 처인구 양지읍 양지리 462-2,대성2차,용인시 처인구
41461|양지읍 양지리|465-1,경기도 용인시 처인구 양지읍 양지리 465-1,대성1차,용인시 처인구
41461|양지읍 양지리|474-3,경기도 용인시 처인구 양지읍 양지리 474-3,용인양지동문디이스트,용인시 처인구
41461|양지읍 양지리|594-3,경기도 용인시 처인구 양지읍 양지리 594-3,양지,용인시 처인구
41461|양지읍 양지리|747-8,경기도 용인시 처인구 양지읍 양지리 747-8,그린빌리지,용인시 처인구
41461|양지읍 양지리|907,경기도 용인시 처인구 양지읍 양지리 907,양지마을신원아침도시,용인시 처인구
41461|양지읍 양지리|925,경기도 용인시 처인구 양지읍 양지리 925,용인양지세영리첼아파트,용인시 처인구
41461|역북동|271-1,경기도 용인시 처인구 역북동 271-1,청광,용인시 처인구
41461|역북동|280-3,경기도 용인시 처인구 역북동 280-3,한우리2차,용인시 처인구
41461|역북동|380,경기도 용인시 처인구 역북동 380,일진그린맨션,용인시 처인구
41461|역북동|381,경기도 용인시 처인구 역북동 381,삼성,용인시 처인구
41461|역북동|385-11,경기도 용인시 처인구 역북동 385-11,영동2차아파트,용인시 처인구
41461|역북동|386-7,경기도 용인시 처인구 역북동 386-7,동원프라자,용인시 처인구
41461|역북동|412-2,경기도 용인시 처인구 역북동 412-2,"조양맨션(2,3동)",용인시 처인구
41461|역북동|412-9,경기도 용인시 처인구 역북동 412-9,조양맨션(1동),용인시 처인구
41461|역북동|417-13,경기도 용인시 처인구 역북동 417-13,유장아트맨션(3동),용인시 처인구
41461|역북동|417-14,경기도 용인시 처인구 역북동 417-14,유장아트맨션(5동),용인시 처인구
41461|역북동|418,경기도 용인시 처인구 역북동 418,유장아트맨션(1동),용인시 처인구
41461|역북동|418-1,경기도 용인시 처인구 역북동 418-1,유장아트맨션(2동),용인시 처인구
41461|역북동|418-3,경기도 용인시 처인구 역북동 418-3,청수라이프,용인시 처인구
41461|역북동|423-4,경기도 용인시 처인구 역북동 423-4,도시공간,용인시 처인구
41461|역북동|426,경기도 용인시 처인구 역북동 426,에버랜드,용인시 처인구
41461|역북동|427-10,경기도 용인시 처인구 역북동 427-10,유장아름맨션,용인시 처인구
41461|역북동|434-42,경기도 용인시 처인구 역북동 434-42,유장(434-42),용인시 처인구
41461|역북동|438-1,경기도 용인시 처인구 역북동 438-1,삼아,용인시 처인구
41461|역북동|439-3,경기도 용인시 처인구 역북동 439-3,동산,용인시 처인구
41461|역북동|454-8,경기도 용인시 처인구 역북동 454-8,영동,용인시 처인구
41461|역북동|467-25,경기도 용인시 처인구 역북동 467-25,동산7차,용인시 처인구
41461|역북동|467-4,경기도 용인시 처인구 역북동 467-4,동산6차,용인시 처인구
41461|역북동|470-7,경기도 용인시 처인구 역북동 470-7,한우리1차,용인시 처인구
41461|역북동|472,경기도 용인시 처인구 역북동 472,주공(472-0),용인시 처인구
41461|역북동|721-1,경기도 용인시 처인구 역북동 721-1,신성,용인시 처인구
41461|역북동|721-2,경기도 용인시 처인구 역북동 721-2,금강,용인시 처인구
41461|역북동|721-3,경기도 용인시 처인구 역북동 721-3,보성,용인시 처인구
41461|역북동|734,경기도 용인시 처인구 역북동 734,용인명지대역동원로얄듀크,용인시 처인구
41461|역북동|736,경기도 용인시 처인구 역북동 736,우미린센트럴파크,용인시 처인구
41461|역북동|781,경기도 용인시 처인구 역북동 781,역북1단지우남퍼스트빌,용인시 처인구
41461|역북동|787,경기도 용인시 처인구 역북동 787,역북2단지우남퍼스트빌,용인시 처인구
41461|역북동|795,경기도 용인시 처인구 역북동 795,역북신원아침도시,용인시 처인구
41461|역북동|808,경기도 용인시 처인구 역북동 808,골드클래스,용인시 처인구
41461|역북동|809,경기도 용인시 처인구 역북동 809,역북지웰푸르지오,용인시 처인구
41461|역북동|826,경기도 용인시 처인구 역북동 826,서희스타힐스포레스트,용인시 처인구
41461|운학동|428-3,경기도 용인시 처인구 운학동 428-3,운학,용인시 처인구
41461|원삼면 좌항리|106-42,경기도 용인시 처인구 원삼면 좌항리 106-42,영구(101동),용인시 처인구
41461|원삼면 좌항리|121-2,경기도 용인시 처인구 원삼면 좌항리 121-2,씨씨(102동),용인시 처인구
41461|유방동|1007-1,경기도 용인시 처인구 유방동 1007-1,인정프린스1,용인시 처인구
41461|유방동|1007-50,경기도 용인시 처인구 유방동 1007-50,인정프린스2,용인시 처인구
41461|유방동|1007-51,경기도 용인시 처인구 유방동 1007-51,인정프린스3,용인시 처인구
41461|유방동|181,경기도 용인시 처인구 유방동 181,성웅,용인시 처인구
41461|유방동|286-5,경기도 용인시 처인구 유방동 286-5,관우,용인시 처인구
41461|유방동|289-4,경기도 용인시 처인구 유방동 289-4,우림,용인시 처인구
41461|유방동|330-1,경기도 용인시 처인구 유방동 330-1,용인보평역서희스타힐스리버파크,용인시 처인구
41461|이동읍 송전리|1227,경기도 용인시 처인구 이동읍 송전리 1227,송전마을세광엔리치타워,용인시 처인구
41461|이동읍 송전리|241-14,경기도 용인시 처인구 이동읍 송전리 241-14,성지아파트(A동),용인시 처인구
41461|이동읍 천리|1119,경기도 용인시 처인구 이동읍 천리 1119,샘골마을풍성신미주1단지,용인시 처인구
41461|이동읍 천리|1124,경기도 용인시 처인구 이동읍 천리 1124,샘골마을풍성신미주2단지,용인시 처인구
41461|이동읍 천리|1134,경기도 용인시 처인구 이동읍 천리 1134,한천마을금광베네스타,용인시 처인구
41461|이동읍 천리|1142,경기도 용인시 처인구 이동읍 천리 1142,에이스카운티아파트,용인시 처인구
41461|이동읍 천리|118-1,경기도 용인시 처인구 이동읍 천리 118-1,동아,용인시 처인구
41461|이동읍 천리|279,경기도 용인시 처인구 이동읍 천리 279,스페이스타운,용인시 처인구
41461|이동읍 천리|56-4,경기도 용인시 처인구 이동읍 천리 56-4,라이프타워,용인시 처인구
41461|이동읍 천리|584-52,경기도 용인시 처인구 이동읍 천리 584-52,장미맨션,용인시 처인구
41461|이동읍 천리|92-5,경기도 용인시 처인구 이동읍 천리 92-5,이화,용인시 처인구
41461|포곡읍 둔전리|116-7,경기도 용인시 처인구 포곡읍 둔전리 116-7,한라빌라(104동),용인시 처인구
41461|포곡읍 둔전리|121-2,경기도 용인시 처인구 포곡읍 둔전리 121-2,상부목련아파트(2동),용인시 처인구
41461|포곡읍 둔전리|121-4,경기도 용인시 처인구 포곡읍 둔전리 121-4,상부목련아파트(3동),용인시 처인구
41461|포곡읍 둔전리|122-11,경기도 용인시 처인구 포곡읍 둔전리 122-11,상부목련아파트(8동),용인시 처인구
41461|포곡읍 둔전리|122-3,경기도 용인시 처인구 포곡읍 둔전리 122-3,상부목련아파트(7동),용인시 처인구
41461|포곡읍 둔전리|122-5,경기도 용인시 처인구 포곡읍 둔전리 122-5,상부목련아파트(5동),용인시 처인구
41461|포곡읍 둔전리|122-7,경기도 용인시 처인구 포곡읍 둔전리 122-7,상부목련아파트(6동),용인시 처인구
41461|포곡읍 둔전리|131-2,경기도 용인시 처인구 포곡읍 둔전리 131-2,유로빌리지(101동),용인시 처인구
41461|포곡읍 둔전리|147,경기도 용인시 처인구 포곡읍 둔전리 147,신원2차,용인시 처인구
41461|포곡읍 둔전리|152-15,경기도 용인시 처인구 포곡읍 둔전리 152-15,서광맨션,용인시 처인구
41461|포곡읍 둔전리|166-2,경기도 용인시 처인구 포곡읍 둔전리 166-2,일봉아파트,용인시 처인구
41461|포곡읍 둔전리|171-7,경기도 용인시 처인구 포곡읍 둔전리 171-7,광휘주택(가동),용인시 처인구
41461|포곡읍 둔전리|175,경기도 용인시 처인구 포곡읍 둔전리 175,태영,용인시 처인구
41461|포곡읍 둔전리|319,경기도 용인시 처인구 포곡읍 둔전리 319,인정멜로디,용인시 처인구
41461|포곡읍 둔전리|362-2,경기도 용인시 처인구 포곡읍 둔전리 362-2,목화,용인시 처인구
41461|포곡읍 둔전리|385,경기도 용인시 처인구 포곡읍 둔전리 385,신원1차,용인시 처인구
41461|포곡읍 둔전리|447,경기도 용인시 처인구 포곡읍 둔전리 447,금전마을계룡리슈빌,용인시 처인구
41461|포곡읍 둔전리|449,경기도 용인시 처인구 포곡읍 둔전리 449,용인포곡삼성쉐르빌,용인시 처인구
41461|포곡읍 삼계리|115-2,경기도 용인시 처인구 포곡읍 삼계리 115-2,그랜드아파트,용인시 처인구
41461|포곡읍 삼계리|115-3,경기도 용인시 처인구 포곡읍 삼계리 115-3,현대그린(101동),용인시 처인구
41461|포곡읍 삼계리|115-4,경기도 용인시 처인구 포곡읍 삼계리 115-4,현대그린(102동),용인시 처인구
41461|포곡읍 삼계리|116,경기도 용인시 처인구 포곡읍 삼계리 116,현대그린(105동),용인시 처인구
41461|포곡읍 삼계리|116-3,경기도 용인시 처인구 포곡읍 삼계리 116-3,현대그린(103동),용인시 처인구
41461|포곡읍 삼계리|118,경기도 용인시 처인구 포곡읍 삼계리 118,현대그린(106동),용인시 처인구
41461|포곡읍 삼계리|275-12,경기도 용인시 처인구 포곡읍 삼계리 275-12,재원(107동),용인시 처인구
41461|포곡읍 삼계리|275-14,경기도 용인시 처인구 포곡읍 삼계리 275-14,재원(106동),용인시 처인구
41461|포곡읍 삼계리|275-21,경기도 용인시 처인구 포곡읍 삼계리 275-21,재원(105동),용인시 처인구
41461|포곡읍 삼계리|368,경기도 용인시 처인구 포곡읍 삼계리 368,대명(11동),용인시 처인구
41461|포곡읍 삼계리|368-1,경기도 용인시 처인구 포곡읍 삼계리 368-1,대명(5동),용인시 처인구
41461|포곡읍 삼계리|368-2,경기도 용인시 처인구 포곡읍 삼계리 368-2,대명(4동),용인시 처인구
41461|포곡읍 삼계리|369-12,경기도 용인시 처인구 포곡읍 삼계리 369-12,대명(3동),용인시 처인구
41461|포곡읍 삼계리|369-5,경기도 용인시 처인구 포곡읍 삼계리 369-5,대명(2동),용인시 처인구
41461|포곡읍 삼계리|369-7,경기도 용인시 처인구 포곡읍 삼계리 369-7,대명(1동),용인시 처인구
41461|포곡읍 삼계리|489,경기도 용인시 처인구 포곡읍 삼계리 489,레이크빌,용인시 처인구
41461|포곡읍 삼계리|491-1,경기도 용인시 처인구 포곡읍 삼계리 491-1,진형월드,용인시 처인구
41461|포곡읍 삼계리|672,경기도 용인시 처인구 포곡읍 삼계리 672,계수마을수목원우림필유,용인시 처인구
41461|포곡읍 영문리|555,경기도 용인시 처인구 포곡읍 영문리 555,베네치아빌리지,용인시 처인구
41461|포곡읍 전대리|150-2,경기도 용인시 처인구 포곡읍 전대리 150-2,이화,용인시 처인구
41461|포곡읍 전대리|150-21,경기도 용인시 처인구 포곡읍 전대리 150-21,수성,용인시 처인구
41461|포곡읍 전대리|150-28,경기도 용인시 처인구 포곡읍 전대리 150-28,태양,용인시 처인구
41461|포곡읍 전대리|150-3,경기도 용인시 처인구 포곡읍 전대리 150-3,동화,용인시 처인구
41461|포곡읍 전대리|151-2,경기도 용인시 처인구 포곡읍 전대리 151-2,롯데,용인시 처인구
41461|포곡읍 전대리|152-5,경기도 용인시 처인구 포곡읍 전대리 152-5,원일,용인시 처인구
41461|포곡읍 전대리|191-5,경기도 용인시 처인구 포곡읍 전대리 191-5,장미,용인시 처인구
41461|포곡읍 전대리|368,경기도 용인시 처인구 포곡읍 전대리 368,조양아파트(6차),용인시 처인구
41463|고매동|359,경기도 용인시 기흥구 고매동 359,동성,용인시 기흥구
41463|고매동|377-13,경기도 용인시 기흥구 고매동 377-13,두진노블하우스,용인시 기흥구
41463|고매동|377-53,경기도 용인시 기흥구 고매동 377-53,기흥하일랜드,용인시 기흥구
41463|고매동|385-1,경기도 용인시 기흥구 고매동 385-1,세원,용인시 기흥구
41463|고매동|409-31,경기도 용인시 기흥구 고매동 409-31,에이스리오빌리지,용인시 기흥구
41463|고매동|409-37,경기도 용인시 기흥구 고매동 409-37,시뉴어하우스,용인시 기흥구
41463|고매동|409-50,경기도 용인시 기흥구 고매동 409-50,신구그린,용인시 기흥구
41463|고매동|409-70,경기도 용인시 기흥구 고매동 409-70,기흥동아,용인시 기흥구
41463|고매동|674-2,경기도 용인시 기흥구 고매동 674-2,메종블루아(101동),용인시 기흥구
41463|고매동|674-3,경기도 용인시 기흥구 고매동 674-3,메종블루아(102동),용인시 기흥구
41463|고매동|674-7,경기도 용인시 기흥구 고매동 674-7,메종블루아(104동),용인시 기흥구
41463|고매동|674-8,경기도 용인시 기흥구 고매동 674-8,메종블루아(103동),용인시 기흥구
41463|고매동|674-9,경기도 용인시 기흥구 고매동 674-9,메종블루아(105동),용인시 기흥구
41463|고매동|877,경기도 용인시 기흥구 고매동 877,매화마을우남퍼스트빌,용인시 기흥구
41463|고매동|880,경기도 용인시 기흥구 고매동 880,우림홀인원,용인시 기흥구
41463|고매동|883,경기도 용인시 기흥구 고매동 883,기흥써니밸리,용인시 기흥구
41463|공세동|356-2,경기도 용인시 기흥구 공세동 356-2,우남퍼스트빌리젠트,용인시 기흥구
41463|공세동|382-1,경기도 용인시 기흥구 공세동 382-1,호수청구,용인시 기흥구
41463|공세동|663,경기도 용인시 기흥구 공세동 663,불곡마을(벽산블루밍),용인시 기흥구
41463|공세동|679,경기도 용인시 기흥구 공세동 679,한보라마을9단지경남아너스빌,용인시 기흥구
41463|공세동|692,경기도 용인시 기흥구 공세동 692,공세호수마을공세성원상떼레이크뷰,용인시 기흥구
41463|공세동|694,경기도 용인시 기흥구 공세동 694,대주피오레1단지,용인시 기흥구
41463|공세동|714,경기도 용인시 기흥구 공세동 714,대주피오레2단지,용인시 기흥구
41463|구갈동|344,경기도 용인시 기흥구 구갈동 344,가현마을신안,용인시 기흥구
41463|구갈동|380,경기도 용인시 기흥구 구갈동 380,한성1,용인시 기흥구
41463|구갈동|384-1,경기도 용인시 기흥구 구갈동 384-1,동부,용인시 기흥구
41463|구갈동|384-2,경기도 용인시 기흥구 구갈동 384-2,신명,용인시 기흥구
41463|구갈동|385,경기도 용인시 기흥구 구갈동 385,풍림(저층),용인시 기흥구
41463|구갈동|385-1,경기도 용인시 기흥구 구갈동 385-1,한성2,용인시 기흥구
41463|구갈동|393,경기도 용인시 기흥구 구갈동 393,신성아파트,용인시 기흥구
41463|구갈동|396,경기도 용인시 기흥구 구갈동 396,한양수자인,용인시 기흥구
41463|구갈동|397-1,경기도 용인시 기흥구 구갈동 397-1,두원1,용인시 기흥구
41463|구갈동|397-2,경기도 용인시 기흥구 구갈동 397-2,두원2,용인시 기흥구
41463|구갈동|404-2,경기도 용인시 기흥구 구갈동 404-2,우림,용인시 기흥구
41463|구갈동|405-1,경기도 용인시 기흥구 구갈동 405-1,풍림고층,용인시 기흥구
41463|구갈동|409,경기도 용인시 기흥구 구갈동 409,영광아파트,용인시 기흥구
41463|구갈동|543,경기도 용인시 기흥구 구갈동 543,강남마을코오롱하늘채수,용인시 기흥구
41463|구갈동|544,경기도 용인시 기흥구 구갈동 544,강남마을한라비발디아델70,용인시 기흥구
41463|구갈동|574,경기도 용인시 기흥구 구갈동 574,강남마을주공,용인시 기흥구
41463|구갈동|597,경기도 용인시 기흥구 구갈동 597,코오롱하늘채(5단지),용인시 기흥구
41463|구갈동|600,경기도 용인시 기흥구 구갈동 600,강남마을자연앤(4단지),용인시 기흥구
41463|구갈동|603,경기도 용인시 기흥구 구갈동 603,강남마을자연앤(6단지),용인시 기흥구
41463|구갈동|604,경기도 용인시 기흥구 구갈동 604,강남마을계룡리슈빌(7단지),용인시 기흥구
41463|구갈동|657,경기도 용인시 기흥구 구갈동 657,기흥역 롯데캐슬 레이시티,용인시 기흥구
41463|구갈동|658,경기도 용인시 기흥구 구갈동 658,기흥역더퍼스트푸르지오,용인시 기흥구
41463|구갈동|660,경기도 용인시 기흥구 구갈동 660,힐스테이트기흥,용인시 기흥구
41463|구갈동|661,경기도 용인시 기흥구 구갈동 661,기흥역더샵,용인시 기흥구
41463|구갈동|662,경기도 용인시 기흥구 구갈동 662,기흥역센트럴푸르지오,용인시 기흥구
41463|구갈동|663,경기도 용인시 기흥구 구갈동 663,기흥역파크푸르지오,용인시 기흥구
41463|동백동|478-10,경기도 용인시 기흥구 동백동 478-10,동백호수공원두산위브더제니스,용인시 기흥구
41463|동백동|572,경기도 용인시 기흥구 동백동 572,호수마을자연앤데시앙,용인시 기흥구
41463|동백동|574,경기도 용인시 기흥구 동백동 574,호수마을월드메르디앙,용인시 기흥구
41463|동백동|575,경기도 용인시 기흥구 동백동 575,호수마을어울림,용인시 기흥구
41463|동백동|579,경기도 용인시 기흥구 동백동 579,백현마을서해그랑블,용인시 기흥구
41463|동백동|583,경기도 용인시 기흥구 동백동 583,백현마을경남아너스빌,용인시 기흥구
41463|동백동|593,경기도 용인시 기흥구 동백동 593,모아미래도2단지아파트,용인시 기흥구
41463|동백동|596,경기도 용인시 기흥구 동백동 596,백현마을한라비발디(1차),용인시 기흥구
41463|동백동|599,경기도 용인시 기흥구 동백동 599,모아미래도1단지아파트,용인시 기흥구
41463|동백동|604,경기도 용인시 기흥구 동백동 604,호수마을계룡리슈빌,용인시 기흥구
41463|동백동|653,경기도 용인시 기흥구 동백동 653,호수마을상록롯데캐슬,용인시 기흥구
41463|동백동|654,경기도 용인시 기흥구 동백동 654,호수마을동보노빌리티,용인시 기흥구
41463|동백동|656,경기도 용인시 기흥구 동백동 656,호수마을서해그랑블,용인시 기흥구
41463|동백동|661,경기도 용인시 기흥구 동백동 661,백현마을코아루,용인시 기흥구
41463|동백동|662,경기도 용인시 기흥구 동백동 662,백현마을한라비발디(2차),용인시 기흥구
41463|동백동|683,경기도 용인시 기흥구 동백동 683,동원마을동원로얄듀크,용인시 기흥구
41463|동백동|689,경기도 용인시 기흥구 동백동 689,동문굿모닝힐,용인시 기흥구
41463|동백동|694,경기도 용인시 기흥구 동백동 694,용인동백두산위브더제니스,용인시 기흥구
41463|마북동|143,경기도 용인시 기흥구 마북동 143,교동마을신창무궁화타운,용인시 기흥구
41463|마북동|204-5,경기도 용인시 기흥구 마북동 204-5,교동마을정광아파트,용인시 기흥구
41463|마북동|352,경기도 용인시 기흥구 마북동 352,구성우림필유,용인시 기흥구
41463|마북동|524-8,경기도 용인시 기흥구 마북동 524-8,블루밍구성더센트럴,용인시 기흥구
41463|마북동|526-3,경기도 용인시 기흥구 마북동 526-3,연원마을엘지,용인시 기흥구
41463|마북동|550-4,경기도 용인시 기흥구 마북동 550-4,연원마을현대아이파크,용인시 기흥구
41463|마북동|617,경기도 용인시 기흥구 마북동 617,교동마을엘지,용인시 기흥구
41463|마북동|619,경기도 용인시 기흥구 마북동 619,용화마을태영데시앙1,용인시 기흥구
41463|마북동|620,경기도 용인시 기흥구 마북동 620,용화마을태영데시앙2,용인시 기흥구
41463|마북동|621,경기도 용인시 기흥구 마북동 621,교동마을쌍용,용인시 기흥구
41463|마북동|624,경기도 용인시 기흥구 마북동 624,연원마을삼성쉐르빌,용인시 기흥구
41463|마북동|625,경기도 용인시 기흥구 마북동 625,교동마을현대필그린,용인시 기흥구
41463|마북동|629,경기도 용인시 기흥구 마북동 629,삼거마을삼성래미안1,용인시 기흥구
41463|마북동|630,경기도 용인시 기흥구 마북동 630,교동마을현대홈타운,용인시 기흥구
41463|마북동|636,경기도 용인시 기흥구 마북동 636,교동마을마북이편한세상,용인시 기흥구
41463|마북동|638,경기도 용인시 기흥구 마북동 638,교동마을구성자이3차,용인시 기흥구
41463|마북동|641,경기도 용인시 기흥구 마북동 641,교동마을동양파라곤,용인시 기흥구
41463|마북동|649,경기도 용인시 기흥구 마북동 649,교동마을마북2차이편한세상,용인시 기흥구
41463|마북동|651,경기도 용인시 기흥구 마북동 651,구성역효성해링턴플레이스,용인시 기흥구
41463|마북동|653,경기도 용인시 기흥구 마북동 653,용인구성지음재,용인시 기흥구
41463|마북동|654,경기도 용인시 기흥구 마북동 654,용인마북신원아침도시,용인시 기흥구
41463|마북동|657,경기도 용인시 기흥구 마북동 657,용인센트레빌그리니에,용인시 기흥구
41463|마북동|659,경기도 용인시 기흥구 마북동 659,e편한세상구성역플랫폼시티,용인시 기흥구
41463|보라동|289-12,경기도 용인시 기흥구 보라동 289-12,기흥삼정선비마을,용인시 기흥구
41463|보라동|450,경기도 용인시 기흥구 보라동 450,삼성래미안,용인시 기흥구
41463|보라동|553,경기도 용인시 기흥구 보라동 553,쌍용스윗닷홈1,용인시 기흥구
41463|보라동|558,경기도 용인시 기흥구 보라동 558,신창미션힐,용인시 기흥구
41463|보라동|564,경기도 용인시 기흥구 보라동 564,보라마을현대모닝사이드,용인시 기흥구
41463|보라동|570,경기도 용인시 기흥구 보라동 570,현대모닝사이드,용인시 기흥구
41463|보라동|617,경기도 용인시 기흥구 보라동 617,한보라에듀포레,용인시 기흥구
41463|보라동|620,경기도 용인시 기흥구 보라동 620,한보라더힐,용인시 기흥구
41463|보라동|633,경기도 용인시 기흥구 보라동 633,한보라마을화성파크,용인시 기흥구
41463|보라동|660,경기도 용인시 기흥구 보라동 660,용인보라효성해링턴플레이스,용인시 기흥구
41463|보정동|1162,경기도 용인시 기흥구 보정동 1162,행원마을동아솔레시티,용인시 기흥구
41463|보정동|1169,경기도 용인시 기흥구 보정동 1169,솔뫼마을현대홈타운,용인시 기흥구
41463|보정동|1172,경기도 용인시 기흥구 보정동 1172,연원마을금호베스트빌,용인시 기흥구
41463|보정동|1177,경기도 용인시 기흥구 보정동 1177,연원마을삼성명가타운,용인시 기흥구
41463|보정동|1197-3,경기도 용인시 기흥구 보정동 1197-3,죽전엘림프라자2,용인시 기흥구
41463|보정동|1207-3,경기도 용인시 기흥구 보정동 1207-3,에스제이타워,용인시 기흥구
41463|보정동|1258,경기도 용인시 기흥구 보정동 1258,죽현마을엘지자이,용인시 기흥구
41463|보정동|1263,경기도 용인시 기흥구 보정동 1263,죽전누리에뜰,용인시 기흥구
41463|보정동|1267,경기도 용인시 기흥구 보정동 1267,죽현마을아이파크,용인시 기흥구
41463|보정동|1271,경기도 용인시 기흥구 보정동 1271,죽현마을동원로얄듀크,용인시 기흥구
41463|보정동|1282,경기도 용인시 기흥구 보정동 1282,더샵보정애비뉴1단지,용인시 기흥구
41463|보정동|1283,경기도 용인시 기흥구 보정동 1283,신촌마을상록데시앙,용인시 기흥구
41463|보정동|1291,경기도 용인시 기흥구 보정동 1291,죽전자이2차,용인시 기흥구
41463|보정동|1293,경기도 용인시 기흥구 보정동 1293,죽전일성트루엘,용인시 기흥구
41463|보정동|1298,경기도 용인시 기흥구 보정동 1298,더샵보정애비뉴2단지,용인시 기흥구
41463|보정동|1393,경기도 용인시 기흥구 보정동 1393,용인보정꿈에그린,용인시 기흥구
41463|보정동|1401,경기도 용인시 기흥구 보정동 1401,보정동샬레파인비스타,용인시 기흥구
41463|보정동|388,경기도 용인시 기흥구 보정동 388,경성아트빌,용인시 기흥구
41463|보정동|416-1,경기도 용인시 기흥구 보정동 416-1,명훈빌라트,용인시 기흥구
41463|보정동|694,경기도 용인시 기흥구 보정동 694,상떼빌구성역플랫폼시티,용인시 기흥구
41463|보정동|871,경기도 용인시 기흥구 보정동 871,대동트윈빌,용인시 기흥구
41463|보정동|878-18,경기도 용인시 기흥구 보정동 878-18,성호샤인힐즈아파트,용인시 기흥구
41463|보정동|909,경기도 용인시 기흥구 보정동 909,용인보정대림(2차),용인시 기흥구
41463|보정동|911-1,경기도 용인시 기흥구 보정동 911-1,용인보정대림(1차),용인시 기흥구
41463|상갈동|102-3,경기도 용인시 기흥구 상갈동 102-3,세대넥스빌,용인시 기흥구
41463|상갈동|121-2,경기도 용인시 기흥구 상갈동 121-2,기룡아파트,용인시 기흥구
41463|상갈동|454,경기도 용인시 기흥구 상갈동 454,금화마을5단지주공그린빌,용인시 기흥구
41463|상갈동|461,경기도 용인시 기흥구 상갈동 461,금화대우현대1단지,용인시 기흥구
41463|상갈동|463,경기도 용인시 기흥구 상갈동 463,금화마을4단지주공그린빌,용인시 기흥구
41463|상갈동|480,경기도 용인시 기흥구 상갈동 480,금화마을주공그린빌6차,용인시 기흥구
41463|상갈동|481,경기도 용인시 기흥구 상갈동 481,금화마을주공3단지,용인시 기흥구
41463|상하동|137,경기도 용인시 기흥구 상하동 137,인정프린스,용인시 기흥구
41463|상하동|296,경기도 용인시 기흥구 상하동 296,대우,용인시 기흥구
41463|상하동|447,경기도 용인시 기흥구 상하동 447,풍림,용인시 기흥구
41463|상하동|471-2,경기도 용인시 기흥구 상하동 471-2,한양팰리스빌,용인시 기흥구
41463|상하동|621,경기도 용인시 기흥구 상하동 621,쌍용(3단지),용인시 기흥구
41463|상하동|630,경기도 용인시 기흥구 상하동 630,강남마을한라비발디,용인시 기흥구
41463|상하동|652,경기도 용인시 기흥구 상하동 652,쌍용스윗닷홈(2단지),용인시 기흥구
41463|상하동|656,경기도 용인시 기흥구 상하동 656,갈천마을신일유토빌,용인시 기흥구
41463|상하동|659,경기도 용인시 기흥구 상하동 659,용인상하진흥더루벤스1단지,용인시 기흥구
41463|상하동|660,경기도 용인시 기흥구 상하동 660,용인상하진흥더루벤스2단지,용인시 기흥구
41463|상하동|675,경기도 용인시 기흥구 상하동 675,지석마을그대가크레던스,용인시 기흥구
41463|상하동|693,경기도 용인시 기흥구 상하동 693,라포레어정아파트,용인시 기흥구
41463|상현동|99,경기도 용인시 기흥구 상현동 99,벽산블루밍,용인시 기흥구
41463|서천동|700,경기도 용인시 기흥구 서천동 700,SK,용인시 기흥구
41463|서천동|705,경기도 용인시 기흥구 서천동 705,현대홈타운,용인시 기흥구
41463|서천동|708,경기도 용인시 기흥구 서천동 708,서천아이파크,용인시 기흥구
41463|서천동|736,경기도 용인시 기흥구 서천동 736,센트럴파크원,용인시 기흥구
41463|서천동|755,경기도 용인시 기흥구 서천동 755,서천2차IPARK,용인시 기흥구
41463|서천동|801,경기도 용인시 기흥구 서천동 801,힐스테이트서천,용인시 기흥구
41463|서천동|823,경기도 용인시 기흥구 서천동 823,서천마을4단지쌍용예가,용인시 기흥구
41463|서천동|828,경기도 용인시 기흥구 서천동 828,영통로효성해링턴플레이스1차,용인시 기흥구
41463|서천동|834,경기도 용인시 기흥구 서천동 834,용인서천효성해링턴플레이스,용인시 기흥구
41463|신갈동|116-2,경기도 용인시 기흥구 신갈동 116-2,드림랜드,용인시 기흥구
41463|신갈동|14,경기도 용인시 기흥구 신갈동 14,삼익,용인시 기흥구
41463|신갈동|14-4,경기도 용인시 기흥구 신갈동 14-4,신미주,용인시 기흥구
41463|신갈동|151-1,경기도 용인시 기흥구 신갈동 151-1,신갈현대아파트,용인시 기흥구
41463|신갈동|158#41463-35,경기도 용인시 기흥구 신갈동 158,양현마을신안,용인시 기흥구
41463|신갈동|158#41463-36,경기도 용인시 기흥구 신갈동 158,양현마을풍림,용인시 기흥구
41463|신갈동|159,경기도 용인시 기흥구 신갈동 159,갈현마을현대홈타운,용인시 기흥구
41463|신갈동|165,경기도 용인시 기흥구 신갈동 165,도현마을현대,용인시 기흥구
41463|신갈동|166,경기도 용인시 기흥구 신갈동 166,새릉골풍림,용인시 기흥구
41463|신갈동|17-15,경기도 용인시 기흥구 신갈동 17-15,원대마을신갈한신,용인시 기흥구
41463|신갈동|2-1,경기도 용인시 기흥구 신갈동 2-1,동오,용인시 기흥구
41463|신갈동|30-6,경기도 용인시 기흥구 신갈동 30-6,미소그랑쥬테,용인시 기흥구
41463|신갈동|31-5,경기도 용인시 기흥구 신갈동 31-5,금강(3차),용인시 기흥구
41463|신갈동|33,경기도 용인시 기흥구 신갈동 33,희망아파트,용인시 기흥구
41463|신갈동|34-16,경기도 용인시 기흥구 신갈동 34-16,금강아파트-1,용인시 기흥구
41463|신갈동|50-1,경기도 용인시 기흥구 신갈동 50-1,해밀뜨락아파트,용인시 기흥구
41463|신갈동|6-9,경기도 용인시 기흥구 신갈동 6-9,정문,용인시 기흥구
41463|신갈동|61-1,경기도 용인시 기흥구 신갈동 61-1,오성타워,용인시 기흥구
41463|신갈동|63,경기도 용인시 기흥구 신갈동 63,기흥역롯데캐슬스카이,용인시 기흥구
41463|신갈동|68-6,경기도 용인시 기흥구 신갈동 68-6,이안두드림기흥역,용인시 기흥구
41463|신갈동|681,경기도 용인시 기흥구 신갈동 681,녹원마을새천년그린빌(1),용인시 기흥구
41463|신갈동|682,경기도 용인시 기흥구 신갈동 682,녹원마을새천년그린빌2단지,용인시 기흥구
41463|신갈동|691,경기도 용인시 기흥구 신갈동 691,산양마을푸르지오,용인시 기흥구
41463|신갈동|697,경기도 용인시 기흥구 신갈동 697,기흥파크뷰,용인시 기흥구
41463|신갈동|703,경기도 용인시 기흥구 신갈동 703,파크시엘,용인시 기흥구
41463|신갈동|71-35,경기도 용인시 기흥구 신갈동 71-35,삼익리베리움,용인시 기흥구
41463|신갈동|733,경기도 용인시 기흥구 신갈동 733,기흥더샵프라임뷰,용인시 기흥구
41463|신갈동|734,경기도 용인시 기흥구 신갈동 734,용인기흥 우방아이유쉘,용인시 기흥구
41463|신갈동|736,경기도 용인시 기흥구 신갈동 736,신흥덕롯데캐슬레이시티,용인시 기흥구
41463|언남동|123,경기도 용인시 기흥구 언남동 123,효성빌라(104동),용인시 기흥구
41463|언남동|123-1,경기도 용인시 기흥구 언남동 123-1,효성빌라(103동),용인시 기흥구
41463|언남동|126-1,경기도 용인시 기흥구 언남동 126-1,효성빌라(102동),용인시 기흥구
41463|언남동|126-2,경기도 용인시 기흥구 언남동 126-2,효성빌라(101동),용인시 기흥구
41463|언남동|240-1,경기도 용인시 기흥구 언남동 240-1,하마비마을동부,용인시 기흥구
41463|언남동|243,경기도 용인시 기흥구 언남동 243,유원휴하임,용인시 기흥구
41463|언남동|340-2,경기도 용인시 기흥구 언남동 340-2,글로하임1,용인시 기흥구
41463|언남동|352,경기도 용인시 기흥구 언남동 352,구성,용인시 기흥구
41463|언남동|371-3,경기도 용인시 기흥구 언남동 371-3,해피트리,용인시 기흥구
41463|언남동|371-5,경기도 용인시 기흥구 언남동 371-5,한빛센트라움,용인시 기흥구
41463|언남동|382-6,경기도 용인시 기흥구 언남동 382-6,더시티,용인시 기흥구
41463|언남동|384-2,경기도 용인시 기흥구 언남동 384-2,CASA90,용인시 기흥구
41463|언남동|385-3,경기도 용인시 기흥구 언남동 385-3,플로라하우스1,용인시 기흥구
41463|언남동|385-4,경기도 용인시 기흥구 언남동 385-4,플로라하우스2,용인시 기흥구
41463|언남동|456-14,경기도 용인시 기흥구 언남동 456-14,글로하임(Ⅱ),용인시 기흥구
41463|언남동|486,경기도 용인시 기흥구 언남동 486,하마비마을동일하이빌1,용인시 기흥구
41463|언남동|490,경기도 용인시 기흥구 언남동 490,언동마을신일해피트리,용인시 기흥구
41463|언남동|493,경기도 용인시 기흥구 언남동 493,하마비마을동부센트레빌,용인시 기흥구
41463|언남동|495,경기도 용인시 기흥구 언남동 495,장미마을삼성래미안2,용인시 기흥구
41463|언남동|496,경기도 용인시 기흥구 언남동 496,하마비마을동일하이빌2,용인시 기흥구
41463|언남동|500,경기도 용인시 기흥구 언남동 500,초원마을성원상떼빌2차,용인시 기흥구
41463|언남동|503,경기도 용인시 기흥구 언남동 503,스파팰리스리가,용인시 기흥구
41463|언남동|522,경기도 용인시 기흥구 언남동 522,힐스테이트구성,용인시 기흥구
41463|언남동|92-1,경기도 용인시 기흥구 언남동 92-1,효성(105동106동),용인시 기흥구
41463|영덕동|1069,경기도 용인시 기흥구 영덕동 1069,신동아파밀리에,용인시 기흥구
41463|영덕동|1079,경기도 용인시 기흥구 영덕동 1079,흥덕마을14단지호반베르디움,용인시 기흥구
41463|영덕동|1117,경기도 용인시 기흥구 영덕동 1117,흥덕마을경남아너스빌(13블럭),용인시 기흥구
41463|영덕동|1267,경기도 용인시 기흥구 영덕동 1267,용인기흥효성해링턴플레이스,용인시 기흥구
41463|영덕동|13,경기도 용인시 기흥구 영덕동 13,두진,용인시 기흥구
41463|영덕동|1315,경기도 용인시 기흥구 영덕동 1315,힉스유타워,용인시 기흥구
41463|영덕동|1331,경기도 용인시 기흥구 영덕동 1331,기흥푸르지오포레피스,용인시 기흥구
41463|영덕동|14-11,경기도 용인시 기흥구 영덕동 14-11,영덕신일2,용인시 기흥구
41463|영덕동|15,경기도 용인시 기흥구 영덕동 15,영덕신일1,용인시 기흥구
41463|영덕동|916,경기도 용인시 기흥구 영덕동 916,영통빌리지,용인시 기흥구
41463|영덕동|946,경기도 용인시 기흥구 영덕동 946,대명레이크빌,용인시 기흥구
41463|영덕동|947,경기도 용인시 기흥구 영덕동 947,청현마을기흥데시앙,용인시 기흥구
41463|영덕동|952,경기도 용인시 기흥구 영덕동 952,경남아너스빌(11블럭),용인시 기흥구
41463|영덕동|958,경기도 용인시 기흥구 영덕동 958,흥덕마을동원로얄듀크,용인시 기흥구
41463|영덕동|961,경기도 용인시 기흥구 영덕동 961,광교호수아델리움,용인시 기흥구
41463|영덕동|963,경기도 용인시 기흥구 영덕동 963,흥덕우미린 레이크포레,용인시 기흥구
41463|영덕동|969,경기도 용인시 기흥구 영덕동 969,흥덕마을7단지힐스테이트,용인시 기흥구
41463|영덕동|971,경기도 용인시 기흥구 영덕동 971,흥덕마을자연앤스위첸,용인시 기흥구
41463|영덕동|976,경기도 용인시 기흥구 영덕동 976,호반써밋레이크파크,용인시 기흥구
41463|영통동|1166,경기도 용인시 기흥구 영통동 1166,청명센트레빌,용인시 기흥구
41463|중동|1045,경기도 용인시 기흥구 중동 1045,초당마을현진에버빌,용인시 기흥구
41463|중동|1046,경기도 용인시 기흥구 중동 1046,초당마을삼부르네상스13단지아파트(코아루),용인시 기흥구
41463|중동|1047,경기도 용인시 기흥구 중동 1047,초당마을삼부르네상스12단지아파트(코아루),용인시 기흥구
41463|중동|1050,경기도 용인시 기흥구 중동 1050,어은목마을경남아너스빌아파트,용인시 기흥구
41463|중동|1051,경기도 용인시 기흥구 중동 1051,어은목마을벽산블루밍아파트,용인시 기흥구
41463|중동|1081,경기도 용인시 기흥구 중동 1081,신동백아이파크,용인시 기흥구
41463|중동|1096,경기도 용인시 기흥구 중동 1096,신동백롯데캐슬에코1단지,용인시 기흥구
41463|중동|1100,경기도 용인시 기흥구 중동 1100,하우스디동백카바나,용인시 기흥구
41463|중동|1101,경기도 용인시 기흥구 중동 1101,신동백롯데캐슬에코2단지,용인시 기흥구
41463|중동|1102,경기도 용인시 기흥구 중동 1102,신동백서해그랑블1차,용인시 기흥구
41463|중동|1126,경기도 용인시 기흥구 중동 1126,동백광명샤인빌,용인시 기흥구
41463|중동|1139,경기도 용인시 기흥구 중동 1139,신동백서해그랑블2차,용인시 기흥구
41463|중동|1146,경기도 용인시 기흥구 중동 1146,신동백동도센트리움,용인시 기흥구
41463|중동|621-7,경기도 용인시 기흥구 중동 621-7,신영아파트(102동),용인시 기흥구
41463|중동|678,경기도 용인시 기흥구 중동 678,신영아파트(101동),용인시 기흥구
41463|중동|679-8,경기도 용인시 기흥구 중동 679-8,신영아파트(103동),용인시 기흥구
41463|중동|817,경기도 용인시 기흥구 중동 817,서희삼정,용인시 기흥구
41463|중동|819,경기도 용인시 기흥구 중동 819,동백역월드메르디앙아파트,용인시 기흥구
41463|중동|860,경기도 용인시 기흥구 중동 860,성산마을서해그랑블,용인시 기흥구
41463|중동|870,경기도 용인시 기흥구 중동 870,성산마을신영지웰,용인시 기흥구
41463|중동|874,경기도 용인시 기흥구 중동 874,백현마을동일하이빌,용인시 기흥구
41463|중동|878,경기도 용인시 기흥구 중동 878,백현마을롯데캐슬,용인시 기흥구
41463|중동|956,경기도 용인시 기흥구 중동 956,동백역한라비발디(어은목마을),용인시 기흥구
41463|중동|958,경기도 용인시 기흥구 중동 958,어은목마을대원칸타빌,용인시 기흥구
41463|지곡동|704,경기도 용인시 기흥구 지곡동 704,써니밸리II,용인시 기흥구
41463|청덕동|482,경기도 용인시 기흥구 청덕동 482,청덕마을광도와이드빌,용인시 기흥구
41463|청덕동|488,경기도 용인시 기흥구 청덕동 488,휴먼시아물푸레마을3단지,용인시 기흥구
41463|청덕동|497,경기도 용인시 기흥구 청덕동 497,경남아너스빌,용인시 기흥구
41463|청덕동|499,경기도 용인시 기흥구 청덕동 499,구성더포레스트,용인시 기흥구
41463|청덕동|565,경기도 용인시 기흥구 청덕동 565,물푸레마을휴먼시아7단지,용인시 기흥구
41463|청덕동|567,경기도 용인시 기흥구 청덕동 567,호반베르디움,용인시 기흥구
41463|하갈동|631,경기도 용인시 기흥구 하갈동 631,청명호수신안인스빌1단지,용인시 기흥구
41463|하갈동|632,경기도 용인시 기흥구 하갈동 632,청명호수신안인스빌2단지,용인시 기흥구
41465|동천동|176-1,경기도 용인시 수지구 동천동 176-1,수지2풍림,용인시 수지구
41465|동천동|177-12,경기도 용인시 수지구 동천동 177-12,행림마을진로,용인시 수지구
41465|동천동|181-1,경기도 용인시 수지구 동천동 181-1,동천역자이르네,용인시 수지구
41465|동천동|185-11,경기도 용인시 수지구 동천동 185-11,루체스타,용인시 수지구
41465|동천동|325-37,경기도 용인시 수지구 동천동 325-37,플러스빌아파트,용인시 수지구
41465|동천동|400-1,경기도 용인시 수지구 동천동 400-1,동문그린,용인시 수지구
41465|동천동|858,경기도 용인시 수지구 동천동 858,동문굿모닝힐3차,용인시 수지구
41465|동천동|859,경기도 용인시 수지구 동천동 859,동천마을현대홈타운1차,용인시 수지구
41465|동천동|862,경기도 용인시 수지구 동천동 862,동천마을현대홈타운2차,용인시 수지구
41465|동천동|864,경기도 용인시 수지구 동천동 864,써니벨리,용인시 수지구
41465|동천동|868,경기도 용인시 수지구 동천동 868,동천역센트럴아이파크,용인시 수지구
41465|동천동|869,경기도 용인시 수지구 동천동 869,우미이노스빌,용인시 수지구
41465|동천동|870,경기도 용인시 수지구 동천동 870,신명스카이뷰,용인시 수지구
41465|동천동|910,경기도 용인시 수지구 동천동 910,원천마을푸르지오,용인시 수지구
41465|동천동|911,경기도 용인시 수지구 동천동 911,동천마을영풍아파트,용인시 수지구
41465|동천동|912,경기도 용인시 수지구 동천동 912,보뜨랑벽산,용인시 수지구
41465|동천동|913,경기도 용인시 수지구 동천동 913,동천마을동문굿모닝힐6차,용인시 수지구
41465|동천동|914,경기도 용인시 수지구 동천동 914,동천디이스트,용인시 수지구
41465|동천동|917,경기도 용인시 수지구 동천동 917,더샵동천포레스트,용인시 수지구
41465|동천동|923,경기도 용인시 수지구 동천동 923,래미안이스트팰리스4단지,용인시 수지구
41465|동천동|930,경기도 용인시 수지구 동천동 930,동천파크자이,용인시 수지구
41465|동천동|932,경기도 용인시 수지구 동천동 932,래미안이스트팰리스3단지,용인시 수지구
41465|동천동|935,경기도 용인시 수지구 동천동 935,래미안이스트팰리스1단지,용인시 수지구
41465|동천동|938,경기도 용인시 수지구 동천동 938,래미안이스트팰리스2단지,용인시 수지구
41465|동천동|969,경기도 용인시 수지구 동천동 969,동천파크뷰,용인시 수지구
41465|동천동|BL-,경기도 용인시 수지구 동천동 BL-,동천센트럴자이,용인시 수지구
41465|동천동|가-#41465-445,경기도 용인시 수지구 동천동 가-,동천자이,용인시 수지구
41465|동천동|가-#41465-495,경기도 용인시 수지구 동천동 가-,한화포레나수지동천,용인시 수지구
41465|동천동|산151-2,경기도 용인시 수지구 동천동 산151-2,더샵동천이스트포레,용인시 수지구
41465|상현동|1,경기도 용인시 수지구 상현동 1,성복역리버파크,용인시 수지구
41465|상현동|108-1,경기도 용인시 수지구 상현동 108-1,대진,용인시 수지구
41465|상현동|1099,경기도 용인시 수지구 상현동 1099,심곡마을광교힐스테이트,용인시 수지구
41465|상현동|1107,경기도 용인시 수지구 상현동 1107,광교마을46-1단지광교스타클래스,용인시 수지구
41465|상현동|1108,경기도 용인시 수지구 상현동 1108,광교마을46-2단지광교스타클래스,용인시 수지구
41465|상현동|1113,경기도 용인시 수지구 상현동 1113,광교더힐,용인시 수지구
41465|상현동|1115,경기도 용인시 수지구 상현동 1115,광교경남아너스빌,용인시 수지구
41465|상현동|1134,경기도 용인시 수지구 상현동 1134,광교자이더클래스,용인시 수지구
41465|상현동|1201,경기도 용인시 수지구 상현동 1201,용인수지휴엔하임,용인시 수지구
41465|상현동|1203,경기도 용인시 수지구 상현동 1203,용인수지동도센트리움,용인시 수지구
41465|상현동|1204,경기도 용인시 수지구 상현동 1204,광교레이크포레,용인시 수지구
41465|상현동|1206,경기도 용인시 수지구 상현동 1206,포레나 광교상현,용인시 수지구
41465|상현동|1214,경기도 용인시 수지구 상현동 1214,더샵수지포레,용인시 수지구
41465|상현동|1219,경기도 용인시 수지구 상현동 1219,광교상현솔하임,용인시 수지구
41465|상현동|168-1,경기도 용인시 수지구 상현동 168-1,광교현대프레미오,용인시 수지구
41465|상현동|192-1,경기도 용인시 수지구 상현동 192-1,SM트윈빌(101동),용인시 수지구
41465|상현동|192-5,경기도 용인시 수지구 상현동 192-5,SM트윈빌(102동),용인시 수지구
41465|상현동|194,경기도 용인시 수지구 상현동 194,삼성빌리지(102동),용인시 수지구
41465|상현동|194-2,경기도 용인시 수지구 상현동 194-2,삼성빌리지(101동),용인시 수지구
41465|상현동|30,경기도 용인시 수지구 상현동 30,진산마을성원상떼빌아파트,용인시 수지구
41465|상현동|32-11,경기도 용인시 수지구 상현동 32-11,현대파인빌리지(203동),용인시 수지구
41465|상현동|32-2,경기도 용인시 수지구 상현동 32-2,수지상현THES,용인시 수지구
41465|상현동|32-3,경기도 용인시 수지구 상현동 32-3,현대파인빌리지(201동),용인시 수지구
41465|상현동|32-9,경기도 용인시 수지구 상현동 32-9,현대파인빌리지(202동),용인시 수지구
41465|상현동|33,경기도 용인시 수지구 상현동 33,현대파인빌리지(204동),용인시 수지구
41465|상현동|34-4,경기도 용인시 수지구 상현동 34-4,현대파인빌리지(205동),용인시 수지구
41465|상현동|824,경기도 용인시 수지구 상현동 824,광교쌍용포레듀엔,용인시 수지구
41465|상현동|825,경기도 용인시 수지구 상현동 825,상현마을현대성우2차,용인시 수지구
41465|상현동|827,경기도 용인시 수지구 상현동 827,수지금호베스트빌TheEdu,용인시 수지구
41465|상현동|828,경기도 용인시 수지구 상현동 828,광교쌍용포레듀엔(2-B),용인시 수지구
41465|상현동|831,경기도 용인시 수지구 상현동 831,광교쌍용포레듀엔(2-C),용인시 수지구
41465|상현동|832,경기도 용인시 수지구 상현동 832,상현마을금호베스트빌2단지,용인시 수지구
41465|상현동|837,경기도 용인시 수지구 상현동 837,상현마을금호베스트빌3단지,용인시 수지구
41465|상현동|838,경기도 용인시 수지구 상현동 838,동일스위트,용인시 수지구
41465|상현동|840,경기도 용인시 수지구 상현동 840,상현마을금호베스트빌4단지,용인시 수지구
41465|상현동|842,경기도 용인시 수지구 상현동 842,상현마을수지센트럴아이파크,용인시 수지구
41465|상현동|843,경기도 용인시 수지구 상현동 843,상현현대성우5차,용인시 수지구
41465|상현동|85-6,경기도 용인시 수지구 상현동 85-6,서원마을현대홈타운,용인시 수지구
41465|상현동|850,경기도 용인시 수지구 상현동 850,만현마을쌍용1차,용인시 수지구
41465|상현동|851,경기도 용인시 수지구 상현동 851,상현마을현대성우1차,용인시 수지구
41465|상현동|852,경기도 용인시 수지구 상현동 852,수지쌍용파크뷰,용인시 수지구
41465|상현동|853,경기도 용인시 수지구 상현동 853,광교상현마을현대,용인시 수지구
41465|상현동|855,경기도 용인시 수지구 상현동 855,상현마을현대성우3차,용인시 수지구
41465|상현동|856,경기도 용인시 수지구 상현동 856,만현마을2단지아이파크,용인시 수지구
41465|상현동|857,경기도 용인시 수지구 상현동 857,성복역아이파크,용인시 수지구
41465|상현동|858,경기도 용인시 수지구 상현동 858,만현마을5단지아이파크,용인시 수지구
41465|상현동|859,경기도 용인시 수지구 상현동 859,만현마을1단지롯데캐슬,용인시 수지구
41465|상현동|860,경기도 용인시 수지구 상현동 860,서원마을3단지아이파크,용인시 수지구
41465|상현동|861,경기도 용인시 수지구 상현동 861,만현마을8단지두산위브,용인시 수지구
41465|상현동|864,경기도 용인시 수지구 상현동 864,만현마을3단지성원쌍떼빌,용인시 수지구
41465|상현동|866,경기도 용인시 수지구 상현동 866,광교상떼빌파크뷰,용인시 수지구
41465|상현동|867,경기도 용인시 수지구 상현동 867,성복역금호베스트빌,용인시 수지구
41465|상현동|869,경기도 용인시 수지구 상현동 869,만현마을9단지엘지자이,용인시 수지구
41465|상현동|96-1,경기도 용인시 수지구 상현동 96-1,풍산아파트,용인시 수지구
41465|상현동|96-3,경기도 용인시 수지구 상현동 96-3,성복역삼성쉐르빌,용인시 수지구
41465|상현동|99,경기도 용인시 수지구 상현동 99,벽산블루밍,용인시 수지구
41465|성복동|155,경기도 용인시 수지구 성복동 155,성동마을엘지빌리지1차,용인시 수지구
41465|성복동|167,경기도 용인시 수지구 성복동 167,성복역KCC스위첸,용인시 수지구
41465|성복동|168-10,경기도 용인시 수지구 성복동 168-10,성복역 서희스타힐스,용인시 수지구
41465|성복동|500-12,경기도 용인시 수지구 성복동 500-12,몽펠리에힐포레102동,용인시 수지구
41465|성복동|723,경기도 용인시 수지구 성복동 723,벽산첼시빌2차,용인시 수지구
41465|성복동|726,경기도 용인시 수지구 성복동 726,LG빌리지3,용인시 수지구
41465|성복동|731,경기도 용인시 수지구 성복동 731,엘지빌리지6,용인시 수지구
41465|성복동|741,경기도 용인시 수지구 성복동 741,푸른마을푸르지오,용인시 수지구
41465|성복동|752,경기도 용인시 수지구 성복동 752,성동마을수지자이,용인시 수지구
41465|성복동|753,경기도 용인시 수지구 성복동 753,버들치마을경남아너스빌1차,용인시 수지구
41465|성복동|754,경기도 용인시 수지구 성복동 754,버들치마을경남아너스빌2차,용인시 수지구
41465|성복동|758,경기도 용인시 수지구 성복동 758,버들치마을성복자이1차,용인시 수지구
41465|성복동|759,경기도 용인시 수지구 성복동 759,버들치마을성복힐스테이트2차,용인시 수지구
41465|성복동|760,경기도 용인시 수지구 성복동 760,버들치마을성복힐스테이트3차,용인시 수지구
41465|성복동|762,경기도 용인시 수지구 성복동 762,성복센트럴자이,용인시 수지구
41465|성복동|767,경기도 용인시 수지구 성복동 767,버들치마을성복자이2차,용인시 수지구
41465|성복동|771,경기도 용인시 수지구 성복동 771,버들치마을성복힐스테이트1차,용인시 수지구
41465|성복동|780,경기도 용인시 수지구 성복동 780,성복아이파크,용인시 수지구
41465|성복동|789,경기도 용인시 수지구 성복동 789,성복역롯데캐슬골드타운,용인시 수지구
41465|성복동|814,경기도 용인시 수지구 성복동 814,성복역롯데캐슬파크나인,용인시 수지구
41465|성복동|819,경기도 용인시 수지구 성복동 819,성복역롯데캐슬클라시엘,용인시 수지구
41465|성복동|84,경기도 용인시 수지구 성복동 84,성동마을강남,용인시 수지구
41465|성복동|90,경기도 용인시 수지구 성복동 90,성동마을엘지빌리지2차,용인시 수지구
41465|신봉동|1025,경기도 용인시 수지구 신봉동 1025,힐스테이트광교산,용인시 수지구
41465|신봉동|1034,경기도 용인시 수지구 신봉동 1034,수지스카이뷰푸르지오,용인시 수지구
41465|신봉동|772-13,경기도 용인시 수지구 신봉동 772-13,수지신봉현대빌라트,용인시 수지구
41465|신봉동|870,경기도 용인시 수지구 신봉동 870,신봉마을엘지빌리지5차(A),용인시 수지구
41465|신봉동|871,경기도 용인시 수지구 신봉동 871,신봉마을엘지빌리지5차(B),용인시 수지구
41465|신봉동|873,경기도 용인시 수지구 신봉동 873,신봉마을LG자이1차,용인시 수지구
41465|신봉동|874,경기도 용인시 수지구 신봉동 874,한일드림빌,용인시 수지구
41465|신봉동|876,경기도 용인시 수지구 신봉동 876,벽산블루밍,용인시 수지구
41465|신봉동|880,경기도 용인시 수지구 신봉동 880,서홍마을한화꿈에그린,용인시 수지구
41465|신봉동|893,경기도 용인시 수지구 신봉동 893,서홍마을4,용인시 수지구
41465|신봉동|905,경기도 용인시 수지구 신봉동 905,우남퍼스트빌,용인시 수지구
41465|신봉동|911,경기도 용인시 수지구 신봉동 911,신봉마을자이2차,용인시 수지구
41465|신봉동|912,경기도 용인시 수지구 신봉동 912,신봉마을자이3차,용인시 수지구
41465|신봉동|946,경기도 용인시 수지구 신봉동 946,동부센트레빌6단지,용인시 수지구
41465|신봉동|949,경기도 용인시 수지구 신봉동 949,동부센트레빌5단지,용인시 수지구
41465|신봉동|959,경기도 용인시 수지구 신봉동 959,신봉마을용인신봉센트레빌1단지,용인시 수지구
41465|신봉동|960,경기도 용인시 수지구 신봉동 960,광교산자이,용인시 수지구
41465|신봉동|965,경기도 용인시 수지구 신봉동 965,수지신봉동도센트리움,용인시 수지구
41465|신봉동|971-3,경기도 용인시 수지구 신봉동 971-3,에버하임,용인시 수지구
41465|신봉동|976,경기도 용인시 수지구 신봉동 976,신봉동일하이빌4단지,용인시 수지구
41465|신봉동|985,경기도 용인시 수지구 신봉동 985,신봉마을동일하이빌3단지,용인시 수지구
41465|신봉동|987,경기도 용인시 수지구 신봉동 987,신봉동일하이빌 2단지,용인시 수지구
41465|죽전동|1003-162,경기도 용인시 수지구 죽전동 1003-162,한솔노블(115동),용인시 수지구
41465|죽전동|1003-450,경기도 용인시 수지구 죽전동 1003-450,한솔노블(116동),용인시 수지구
41465|죽전동|1003-499,경기도 용인시 수지구 죽전동 1003-499,한솔노블(117동),용인시 수지구
41465|죽전동|1003-60,경기도 용인시 수지구 죽전동 1003-60,현암마을대우넷씨빌,용인시 수지구
41465|죽전동|1003-602,경기도 용인시 수지구 죽전동 1003-602,한솔노블(114동),용인시 수지구
41465|죽전동|1003-8,경기도 용인시 수지구 죽전동 1003-8,현암마을동성2차,용인시 수지구
41465|죽전동|1088-2,경기도 용인시 수지구 죽전동 1088-2,죽전역솔하임,용인시 수지구
41465|죽전동|1110,경기도 용인시 수지구 죽전동 1110,대지마을죽전현대홈타운2차,용인시 수지구
41465|죽전동|1111,경기도 용인시 수지구 죽전동 1111,벽산첼시빌,용인시 수지구
41465|죽전동|1112,경기도 용인시 수지구 죽전동 1112,중앙하이츠,용인시 수지구
41465|죽전동|1113,경기도 용인시 수지구 죽전동 1113,롯데빌리지(102동),용인시 수지구
41465|죽전동|1114,경기도 용인시 수지구 죽전동 1114,롯데빌리지(101동),용인시 수지구
41465|죽전동|1115,경기도 용인시 수지구 죽전동 1115,도담마을롯데캐슬,용인시 수지구
41465|죽전동|1116,경기도 용인시 수지구 죽전동 1116,도담마을힐스테이트4차1단지,용인시 수지구
41465|죽전동|1118,경기도 용인시 수지구 죽전동 1118,대지마을현대홈타운3차2단지,용인시 수지구
41465|죽전동|1119,경기도 용인시 수지구 죽전동 1119,내대지마을죽전이편한세상,용인시 수지구
41465|죽전동|1151,경기도 용인시 수지구 죽전동 1151,인현마을힐스테이트(7차1단지),용인시 수지구
41465|죽전동|1152,경기도 용인시 수지구 죽전동 1152,인현마을힐스테이트(7차2단지),용인시 수지구
41465|죽전동|1153,경기도 용인시 수지구 죽전동 1153,현인마을이-편한세상2차,용인시 수지구
41465|죽전동|1154,경기도 용인시 수지구 죽전동 1154,현인마을이-편한세상3차,용인시 수지구
41465|죽전동|1165,경기도 용인시 수지구 죽전동 1165,새터마을죽전힐스테이트,용인시 수지구
41465|죽전동|1182,경기도 용인시 수지구 죽전동 1182,내대지마을건영캐스빌,용인시 수지구
41465|죽전동|1194,경기도 용인시 수지구 죽전동 1194,내대지마을우미이노스빌,용인시 수지구
41465|죽전동|1198,경기도 용인시 수지구 죽전동 1198,새터마을푸르지오,용인시 수지구
41465|죽전동|1211,경기도 용인시 수지구 죽전동 1211,새터마을우미린101동,용인시 수지구
41465|죽전동|1213,경기도 용인시 수지구 죽전동 1213,새터마을우미이노스빌201동,용인시 수지구
41465|죽전동|1216,경기도 용인시 수지구 죽전동 1216,새터마을모아미래도,용인시 수지구
41465|죽전동|1221,경기도 용인시 수지구 죽전동 1221,내대지마을푸르지오,용인시 수지구
41465|죽전동|1222,경기도 용인시 수지구 죽전동 1222,현대시티빌(102동),용인시 수지구
41465|죽전동|1223,경기도 용인시 수지구 죽전동 1223,현대시티빌(101동),용인시 수지구
41465|죽전동|1235,경기도 용인시 수지구 죽전동 1235,성현마을반도유보라,용인시 수지구
41465|죽전동|1261,경기도 용인시 수지구 죽전동 1261,도담마을우미린,용인시 수지구
41465|죽전동|1262,경기도 용인시 수지구 죽전동 1262,도담마을한양수자인,용인시 수지구
41465|죽전동|1269,경기도 용인시 수지구 죽전동 1269,꽃메마을힐스테이트4차2단지,용인시 수지구
41465|죽전동|1275,경기도 용인시 수지구 죽전동 1275,도담마을푸르지오,용인시 수지구
41465|죽전동|13-1,경기도 용인시 수지구 죽전동 13-1,죽전GS자이106동,용인시 수지구
41465|죽전동|1300,경기도 용인시 수지구 죽전동 1300,꽃메마을금강펜테리움,용인시 수지구
41465|죽전동|1302,경기도 용인시 수지구 죽전동 1302,꽃메마을한라신영프로방스,용인시 수지구
41465|죽전동|1303,경기도 용인시 수지구 죽전동 1303,꽃메마을힐스테이트(4차4단지),용인시 수지구
41465|죽전동|1304,경기도 용인시 수지구 죽전동 1304,꽃메마을힐스테이트(4차3단지),용인시 수지구
41465|죽전동|1306,경기도 용인시 수지구 죽전동 1306,꽃메마을한라프로방스,용인시 수지구
41465|죽전동|1307,경기도 용인시 수지구 죽전동 1307,꽃메마을아이파크,용인시 수지구
41465|죽전동|1311,경기도 용인시 수지구 죽전동 1311,꽃메마을극동스타클래스,용인시 수지구
41465|죽전동|1329,경기도 용인시 수지구 죽전동 1329,성현마을우미이노스빌2차,용인시 수지구
41465|죽전동|1355,경기도 용인시 수지구 죽전동 1355,성현마을광명샤인빌,용인시 수지구
41465|죽전동|1373,경기도 용인시 수지구 죽전동 1373,내대지마을힐스테이트,용인시 수지구
41465|죽전동|1380,경기도 용인시 수지구 죽전동 1380,내대지마을광명샤인빌,용인시 수지구
41465|죽전동|1381,경기도 용인시 수지구 죽전동 1381,내대지마을진흥더블파크,용인시 수지구
41465|죽전동|1385,경기도 용인시 수지구 죽전동 1385,내대지마을정석베르데파크,용인시 수지구
41465|죽전동|1481,경기도 용인시 수지구 죽전동 1481,창죽마을월드메르디앙,용인시 수지구
41465|죽전동|1483,경기도 용인시 수지구 죽전동 1483,죽전휴먼빌,용인시 수지구
41465|죽전동|1488,경기도 용인시 수지구 죽전동 1488,죽전역월드메르디앙,용인시 수지구
41465|죽전동|1492,경기도 용인시 수지구 죽전동 1492,용인 죽전 효성해링턴 플레이스,용인시 수지구
41465|죽전동|172-1,경기도 용인시 수지구 죽전동 172-1,용인죽전동부센트레빌,용인시 수지구
41465|죽전동|222-10,경기도 용인시 수지구 죽전동 222-10,진우8차엘리시온,용인시 수지구
41465|죽전동|223-1,경기도 용인시 수지구 죽전동 223-1,벽산블루밍,용인시 수지구
41465|죽전동|331,경기도 용인시 수지구 죽전동 331,도담마을아이파크,용인시 수지구
41465|죽전동|339,경기도 용인시 수지구 죽전동 339,도담마을죽전파크빌,용인시 수지구
41465|죽전동|414,경기도 용인시 수지구 죽전동 414,도담마을7단지뜨리에체,용인시 수지구
41465|죽전동|429,경기도 용인시 수지구 죽전동 429,시즌메리츠빌라트,용인시 수지구
41465|죽전동|453-1,경기도 용인시 수지구 죽전동 453-1,한신,용인시 수지구
41465|죽전동|454,경기도 용인시 수지구 죽전동 454,더리버하임,용인시 수지구
41465|죽전동|488,경기도 용인시 수지구 죽전동 488,죽전퍼스트하임,용인시 수지구
41465|죽전동|501,경기도 용인시 수지구 죽전동 501,동성1차,용인시 수지구
41465|죽전동|51-1,경기도 용인시 수지구 죽전동 51-1,현대빌라트3(301동),용인시 수지구
41465|죽전동|53,경기도 용인시 수지구 죽전동 53,지오빌리지,용인시 수지구
41465|죽전동|55,경기도 용인시 수지구 죽전동 55,현대빌라트3(302동),용인시 수지구
41465|죽전동|78,경기도 용인시 수지구 죽전동 78,죽전GS자이102동,용인시 수지구
41465|죽전동|78-1,경기도 용인시 수지구 죽전동 78-1,죽전GS자이101동,용인시 수지구
41465|죽전동|79,경기도 용인시 수지구 죽전동 79,현대홈타운 206동,용인시 수지구
41465|죽전동|832,경기도 용인시 수지구 죽전동 832,벽산블루밍1단지,용인시 수지구
41465|죽전동|832-1,경기도 용인시 수지구 죽전동 832-1,벽산블루밍2단지,용인시 수지구
41465|죽전동|855,경기도 용인시 수지구 죽전동 855,벽산블루밍3단지(301동),용인시 수지구
41465|죽전동|857,경기도 용인시 수지구 죽전동 857,한솔노블(109동),용인시 수지구
41465|죽전동|857-2,경기도 용인시 수지구 죽전동 857-2,한솔노블(112동),용인시 수지구
41465|죽전동|858-1,경기도 용인시 수지구 죽전동 858-1,한솔노블(106동),용인시 수지구
41465|죽전동|858-11,경기도 용인시 수지구 죽전동 858-11,한솔노블(108동),용인시 수지구
41465|죽전동|858-6,경기도 용인시 수지구 죽전동 858-6,한솔노블(107동),용인시 수지구
41465|죽전동|871-11,경기도 용인시 수지구 죽전동 871-11,한솔노블(103동),용인시 수지구
41465|죽전동|871-12,경기도 용인시 수지구 죽전동 871-12,한솔노블(104동),용인시 수지구
41465|죽전동|871-8,경기도 용인시 수지구 죽전동 871-8,"한솔노블(101,102동)",용인시 수지구
41465|죽전동|883-1,경기도 용인시 수지구 죽전동 883-1,죽전아이뷰,용인시 수지구
41465|죽전동|89-1,경기도 용인시 수지구 죽전동 89-1,죽전현대1차,용인시 수지구
41465|죽전동|893-8,경기도 용인시 수지구 죽전동 893-8,한솔노블(105동),용인시 수지구
41465|죽전동|895-2,경기도 용인시 수지구 죽전동 895-2,한솔노블(111동),용인시 수지구
41465|죽전동|895-5,경기도 용인시 수지구 죽전동 895-5,한솔노블(110동),용인시 수지구
41465|죽전동|93,경기도 용인시 수지구 죽전동 93,현대홈타운 201동,용인시 수지구
41465|죽전동|94,경기도 용인시 수지구 죽전동 94,현대홈타운 202,용인시 수지구
41465|죽전동|94-1,경기도 용인시 수지구 죽전동 94-1,현대홈타운 203,용인시 수지구
41465|죽전동|941,경기도 용인시 수지구 죽전동 941,벽산블루밍3단지,용인시 수지구
41465|죽전동|947-1,경기도 용인시 수지구 죽전동 947-1,벽산(501동),용인시 수지구
41465|죽전동|951,경기도 용인시 수지구 죽전동 951,벽산(502동),용인시 수지구
41465|죽전동|952,경기도 용인시 수지구 죽전동 952,벽산블루밍4단지,용인시 수지구
41465|죽전동|96,경기도 용인시 수지구 죽전동 96,죽전GS자이103동,용인시 수지구
41465|죽전동|96-2,경기도 용인시 수지구 죽전동 96-2,죽전GS자이104동,용인시 수지구
41465|죽전동|97,경기도 용인시 수지구 죽전동 97,현대홈타운 204,용인시 수지구
41465|죽전동|98,경기도 용인시 수지구 죽전동 98,현대홈타운 205,용인시 수지구
41465|죽전동|99,경기도 용인시 수지구 죽전동 99,죽전GS자이105동,용인시 수지구
41465|죽전동|산27-1,경기도 용인시 수지구 죽전동 산27-1,e편한세상죽전프리미어포레,용인시 수지구
41465|풍덕천동|1014,경기도 용인시 수지구 풍덕천동 1014,신정마을현대프라임,용인시 수지구
41465|풍덕천동|1018#41465-18,경기도 용인시 수지구 풍덕천동 1018,신정마을극동,용인시 수지구
41465|풍덕천동|1018#41465-22,경기도 용인시 수지구 풍덕천동 1018,신정마을임광,용인시 수지구
41465|풍덕천동|1021,경기도 용인시 수지구 풍덕천동 1021,신정마을성지,용인시 수지구
41465|풍덕천동|1025,경기도 용인시 수지구 풍덕천동 1025,신정마을우성,용인시 수지구
41465|풍덕천동|1027,경기도 용인시 수지구 풍덕천동 1027,신정마을진흥,용인시 수지구
41465|풍덕천동|1028,경기도 용인시 수지구 풍덕천동 1028,신정6단지(상록)공무원,용인시 수지구
41465|풍덕천동|1060,경기도 용인시 수지구 풍덕천동 1060,신정7단지(상록)공무원,용인시 수지구
41465|풍덕천동|1065,경기도 용인시 수지구 풍덕천동 1065,신정마을주공1,용인시 수지구
41465|풍덕천동|1104,경기도 용인시 수지구 풍덕천동 1104,용인수지신정마을9단지,용인시 수지구
41465|풍덕천동|1112,경기도 용인시 수지구 풍덕천동 1112,현대성우8차,용인시 수지구
41465|풍덕천동|1167,경기도 용인시 수지구 풍덕천동 1167,진산마을삼성5차,용인시 수지구
41465|풍덕천동|1168-2,경기도 용인시 수지구 풍덕천동 1168-2,진산마을삼성6차,용인시 수지구
41465|풍덕천동|1180,경기도 용인시 수지구 풍덕천동 1180,진산마을삼성7차,용인시 수지구
41465|풍덕천동|1183,경기도 용인시 수지구 풍덕천동 1183,정자뜰마을태영데시앙1차,용인시 수지구
41465|풍덕천동|1186,경기도 용인시 수지구 풍덕천동 1186,정자뜰마을태영데시앙2차,용인시 수지구
41465|풍덕천동|1191,경기도 용인시 수지구 풍덕천동 1191,수지진산마을푸르지오,용인시 수지구
41465|풍덕천동|1195,경기도 용인시 수지구 풍덕천동 1195,수지푸르지오월드마크,용인시 수지구
41465|풍덕천동|1198,경기도 용인시 수지구 풍덕천동 1198,래미안수지이스트파크,용인시 수지구
41465|풍덕천동|1209,경기도 용인시 수지구 풍덕천동 1209,e편한세상수지,용인시 수지구
41465|풍덕천동|1223,경기도 용인시 수지구 풍덕천동 1223,수지파크푸르지오,용인시 수지구
41465|풍덕천동|240-3,경기도 용인시 수지구 풍덕천동 240-3,이스턴팰리스EasternPalace,용인시 수지구
41465|풍덕천동|504-10,경기도 용인시 수지구 풍덕천동 504-10,수지에듀파크(SUJI-EDUPARK),용인시 수지구
41465|풍덕천동|62-5,경기도 용인시 수지구 풍덕천동 62-5,원흥,용인시 수지구
41465|풍덕천동|663-1,경기도 용인시 수지구 풍덕천동 663-1,수지삼성4차,용인시 수지구
41465|풍덕천동|664#41465-13,경기도 용인시 수지구 풍덕천동 664,삼익아파트,용인시 수지구
41465|풍덕천동|664#41465-27,경기도 용인시 수지구 풍덕천동 664,풍림아파트,용인시 수지구
41465|풍덕천동|664#41465-7,경기도 용인시 수지구 풍덕천동 664,동아아파트,용인시 수지구
41465|풍덕천동|690,경기도 용인시 수지구 풍덕천동 690,동문,용인시 수지구
41465|풍덕천동|691,경기도 용인시 수지구 풍덕천동 691,동부,용인시 수지구
41465|풍덕천동|692,경기도 용인시 수지구 풍덕천동 692,보원,용인시 수지구
41465|풍덕천동|692-1,경기도 용인시 수지구 풍덕천동 692-1,수지삼성2차,용인시 수지구
41465|풍덕천동|693,경기도 용인시 수지구 풍덕천동 693,삼성1,용인시 수지구
41465|풍덕천동|694,경기도 용인시 수지구 풍덕천동 694,건영,용인시 수지구
41465|풍덕천동|698-2,경기도 용인시 수지구 풍덕천동 698-2,한성,용인시 수지구
41465|풍덕천동|699,경기도 용인시 수지구 풍덕천동 699,한국,용인시 수지구
41465|풍덕천동|700-1,경기도 용인시 수지구 풍덕천동 700-1,현대,용인시 수지구
41465|풍덕천동|703,경기도 용인시 수지구 풍덕천동 703,동보,용인시 수지구
41465|풍덕천동|82-9,경기도 용인시 수지구 풍덕천동 82-9,수지풍덕천한샘더랜드마크,용인시 수지구
41480|검산동|130-8,경기도 파주시 검산동 130-8,성원포레스타운(130-8),파주시
41480|검산동|310,경기도 파주시 검산동 310,유승,파주시
41480|광탄면 신산리|683,경기도 파주시 광탄면 신산리 683,동신라메르,파주시
41480|금릉동|196-2,경기도 파주시 금릉동 196-2,동양부로미(196-2),파주시
41480|금릉동|197-13,경기도 파주시 금릉동 197-13,강실(197-13),파주시
41480|금릉동|199-52,경기도 파주시 금릉동 199-52,통일아파트,파주시
41480|금릉동|199-6,경기도 파주시 금릉동 199-6,장안6흰돌마을(199-6),파주시
41480|금촌동|1003,경기도 파주시 금촌동 1003,쇠재마을5단지뜨란채주공,파주시
41480|금촌동|1008,경기도 파주시 금촌동 1008,쇠재마을1단지풍림아이원(1008-0),파주시
41480|금촌동|1014,경기도 파주시 금촌동 1014,한일유앤아이1차(1014-0),파주시
41480|금촌동|1014-1,경기도 파주시 금촌동 1014-1,한일유앤아이2차(1014-1),파주시
41480|금촌동|1014-2,경기도 파주시 금촌동 1014-2,그린,파주시
41480|금촌동|1015,경기도 파주시 금촌동 1015,대방노블랜드(1015-0),파주시
41480|금촌동|1019,경기도 파주시 금촌동 1019,금촌주공7단지(1019-0),파주시
41480|금촌동|1022,경기도 파주시 금촌동 1022,후곡마을6단지주공,파주시
41480|금촌동|11-13,경기도 파주시 금촌동 11-13,동문1차아파트201동,파주시
41480|금촌동|11-27,경기도 파주시 금촌동 11-27,동문1차아파트401동,파주시
41480|금촌동|11-7#41480-12,경기도 파주시 금촌동 11-7,동문1(11-7),파주시
41480|금촌동|11-7#41480-1349,경기도 파주시 금촌동 11-7,동문1차아파트101동,파주시
41480|금촌동|1313,경기도 파주시 금촌동 1313,더트루엘센트리지,파주시
41480|금촌동|15-6,경기도 파주시 금촌동 15-6,동문3차,파주시
41480|금촌동|16,경기도 파주시 금촌동 16,동문2차아파트501동,파주시
41480|금촌동|17-16,경기도 파주시 금촌동 17-16,동문3차아파트701동,파주시
41480|금촌동|228-1,경기도 파주시 금촌동 228-1,건일장미5차,파주시
41480|금촌동|228-4,경기도 파주시 금촌동 228-4,장미아파트601동,파주시
41480|금촌동|23,경기도 파주시 금촌동 23,동문2차아파트301동,파주시
41480|금촌동|230-1,경기도 파주시 금촌동 230-1,장미1(230-1),파주시
41480|금촌동|230-2,경기도 파주시 금촌동 230-2,장미2(230-2),파주시
41480|금촌동|233-6,경기도 파주시 금촌동 233-6,장미3(233-6),파주시
41480|금촌동|234-20,경기도 파주시 금촌동 234-20,두보2(234-20),파주시
41480|금촌동|234-22,경기도 파주시 금촌동 234-22,두보3(234-22),파주시
41480|금촌동|234-8,경기도 파주시 금촌동 234-8,두보1(234-8),파주시
41480|금촌동|24-24,경기도 파주시 금촌동 24-24,동문3차아파트801동,파주시
41480|금촌동|255-5,경기도 파주시 금촌동 255-5,장미8(255-5),파주시
41480|금촌동|337-15,경기도 파주시 금촌동 337-15,파주금촌금호어울림,파주시
41480|금촌동|399-1,경기도 파주시 금촌동 399-1,삼산(399-1),파주시
41480|금촌동|424-9,경기도 파주시 금촌동 424-9,경신그린아파트,파주시
41480|금촌동|51-49,경기도 파주시 금촌동 51-49,장안미래(51-49),파주시
41480|금촌동|52-39,경기도 파주시 금촌동 52-39,금촌타워(52-39),파주시
41480|금촌동|52-45,경기도 파주시 금촌동 52-45,천년가골든뷰,파주시
41480|금촌동|69,경기도 파주시 금촌동 69,에이스큐브,파주시
41480|금촌동|71-9,경기도 파주시 금촌동 71-9,장안아파트,파주시
41480|금촌동|768-1,경기도 파주시 금촌동 768-1,홍우(768-1),파주시
41480|금촌동|769-5,경기도 파주시 금촌동 769-5,장안귀빈(769-5),파주시
41480|금촌동|772-3,경기도 파주시 금촌동 772-3,금촌시티라이프,파주시
41480|금촌동|781-2,경기도 파주시 금촌동 781-2,동현(781-2),파주시
41480|금촌동|792-1,경기도 파주시 금촌동 792-1,장안7밀레니엄(792-1),파주시
41480|금촌동|792-3,경기도 파주시 금촌동 792-3,보광그랑베르,파주시
41480|금촌동|796-1,경기도 파주시 금촌동 796-1,아림프라자,파주시
41480|금촌동|922,경기도 파주시 금촌동 922,주공(922-0),파주시
41480|금촌동|940-5,경기도 파주시 금촌동 940-5,영진홈타워(940-5),파주시
41480|금촌동|951-5,경기도 파주시 금촌동 951-5,장안하나(951-5),파주시
41480|금촌동|972,경기도 파주시 금촌동 972,새꽃마을1단지뜨란채(972-0),파주시
41480|금촌동|992,경기도 파주시 금촌동 992,후곡마을4단지뜨란채주공,파주시
41480|금촌동|997,경기도 파주시 금촌동 997,후곡마을1단지중앙하이츠(997-0),파주시
41480|다율동|1005,경기도 파주시 다율동 1005,중흥S-클래스에듀하이해오름마을1단지,파주시
41480|다율동|1006,경기도 파주시 다율동 1006,해오름마을3단지제일풍경채그랑베뉴2차,파주시
41480|다율동|1009,경기도 파주시 다율동 1009,파주운정신도시디에트르에듀타운,파주시
41480|다율동|1018,경기도 파주시 다율동 1018,해오름마을6단지제일풍경채그랑포레,파주시
41480|다율동|1023,경기도 파주시 다율동 1023,해오름마을5단지중흥S클래스2차에듀파크,파주시
41480|다율동|1030,경기도 파주시 다율동 1030,운정신도시한라비발디파크젠해오름마을13단지,파주시
41480|다율동|1035,경기도 파주시 다율동 1035,해오름마을14단지푸르지오파르세나,파주시
41480|다율동|1036,경기도 파주시 다율동 1036,해오름마을10단지파크푸르지오,파주시
41480|다율동|982,경기도 파주시 다율동 982,청석마을8단지동문굿모닝힐,파주시
41480|다율동|986,경기도 파주시 다율동 986,청석마을9단지대원효성,파주시
41480|다율동|가-,경기도 파주시 다율동 가-,운정자이퍼스트시티,파주시
41480|동패동|1687,경기도 파주시 동패동 1687,숲속길마을6단지동문굿모닝힐,파주시
41480|동패동|1690,경기도 파주시 동패동 1690,숲속길마을7단지월드메르디앙센트럴파크,파주시
41480|동패동|1698,경기도 파주시 동패동 1698,책향기마을10단지동문굿모닝힐(1698),파주시
41480|동패동|1702,경기도 파주시 동패동 1702,책향기마을12단지진흥효자,파주시
41480|동패동|1703,경기도 파주시 동패동 1703,책향기마을11단지신동아파밀리에,파주시
41480|동패동|1708,경기도 파주시 동패동 1708,책향기마을15단지상록데시앙,파주시
41480|동패동|1711,경기도 파주시 동패동 1711,책향기마을14단지우남퍼스트빌(1711),파주시
41480|동패동|1752,경기도 파주시 동패동 1752,한울마을3단지운정더클래스,파주시
41480|동패동|1771,경기도 파주시 동패동 1771,한울마을6단지아모리움에듀파크,파주시
41480|동패동|1772,경기도 파주시 동패동 1772,한울마을7단지삼부르네상스,파주시
41480|동패동|1781,경기도 파주시 동패동 1781,한울마을1단지운정신도시IPARK,파주시
41480|동패동|200-1,경기도 파주시 동패동 200-1,한울마을2단지운정벽산블루밍아파트,파주시
41480|동패동|2071,경기도 파주시 동패동 2071,초롱꽃마을6단지금강펜테리움,파주시
41480|동패동|2073,경기도 파주시 동패동 2073,초롱꽃마을5단지우미린파크힐스,파주시
41480|동패동|2076,경기도 파주시 동패동 2076,초롱꽃마을8단지중흥S클래스,파주시
41480|동패동|2110,경기도 파주시 동패동 2110,신영지웰운정신도시,파주시
41480|동패동|2119,경기도 파주시 동패동 2119,초롱꽃마을13단지디에트르더퍼스트,파주시
41480|동패동|2127,경기도 파주시 동패동 2127,초롱꽃마을11단지운정하우스디,파주시
41480|동패동|2129,경기도 파주시 동패동 2129,초롱꽃마을12단지e편한세상운정어반프라임,파주시
41480|동패동|2217,경기도 파주시 동패동 2217,경남아너스빌운정,파주시
41480|동패동|2219,경기도 파주시 동패동 2219,운정시티프라디움,파주시
41480|동패동|2262,경기도 파주시 동패동 2262,운정자이시그니처,파주시
41480|동패동|2295,경기도 파주시 동패동 2295,운정중앙역우미린더센텀,파주시
41480|목동동|1009,경기도 파주시 목동동 1009,산내마을13단지디에트르라포레,파주시
41480|목동동|101,경기도 파주시 목동동 101,산내마을11단지현대아이파크,파주시
41480|목동동|114-37,경기도 파주시 목동동 114-37,산내마을8단지월드메르디앙(114-37),파주시
41480|목동동|1142,경기도 파주시 목동동 1142,운정신도시 센트럴 푸르지오,파주시
41480|목동동|1149,경기도 파주시 목동동 1149,산내마을9단지힐스테이트운정,파주시
41480|목동동|2-110,경기도 파주시 목동동 2-110,해솔마을3단지운정현대,파주시
41480|목동동|2-117,경기도 파주시 목동동 2-117,해솔마을2단지월드메르디앙(2-117),파주시
41480|목동동|647,경기도 파주시 목동동 647,해솔마을1단지두산위브(647),파주시
41480|목동동|667,경기도 파주시 목동동 667,해솔마을4단지벽산우남연리지(667),파주시
41480|목동동|679,경기도 파주시 목동동 679,해솔마을5단지삼부르네상스(679),파주시
41480|목동동|898,경기도 파주시 목동동 898,산내마을7단지화성파크드림,파주시
41480|목동동|907,경기도 파주시 목동동 907,산내마을2단지센트럴리움(공공임대),파주시
41480|목동동|911,경기도 파주시 목동동 911,산내마을3단지운정센트레빌,파주시
41480|목동동|916,경기도 파주시 목동동 916,파주운정신도시디에트르센트럴,파주시
41480|목동동|922,경기도 파주시 목동동 922,산내마을6단지한라비발디,파주시
41480|목동동|989,경기도 파주시 목동동 989,파주운정신도시디에트르더클래스아파트,파주시
41480|문발동|560,경기도 파주시 문발동 560,숲속길마을동문굿모닝힐(560),파주시
41480|문산읍 당동리|170-2,경기도 파주시 문산읍 당동리 170-2,문산세성,파주시
41480|문산읍 당동리|170-3,경기도 파주시 문산읍 당동리 170-3,효형,파주시
41480|문산읍 당동리|871,경기도 파주시 문산읍 당동리 871,당동주공2단지,파주시
41480|문산읍 당동리|909,경기도 파주시 문산읍 당동리 909,자연앤꿈에그린5단지아파트,파주시
41480|문산읍 당동리|91-7,경기도 파주시 문산읍 당동리 91-7,산호,파주시
41480|문산읍 당동리|92-4,경기도 파주시 문산읍 당동리 92-4,세아산호(92-4),파주시
41480|문산읍 당동리|930,경기도 파주시 문산읍 당동리 930,자연앤꿈에그린6단지아파트,파주시
41480|문산읍 당동리|935,경기도 파주시 문산읍 당동리 935,파주힐스테이트1차,파주시
41480|문산읍 당동리|940,경기도 파주시 문산읍 당동리 940,파주힐스테이트2차,파주시
41480|문산읍 당동리|947,경기도 파주시 문산읍 당동리 947,파주한양수자인리버팰리스아파트,파주시
41480|문산읍 문산리|10-92,경기도 파주시 문산읍 문산리 10-92,문산호수,파주시
41480|문산읍 문산리|142,경기도 파주시 문산읍 문산리 142,신원아침도시,파주시
41480|문산읍 문산리|145,경기도 파주시 문산읍 문산리 145,일신건영휴먼빌,파주시
41480|문산읍 문산리|148-14,경기도 파주시 문산읍 문산리 148-14,스타파크힐,파주시
41480|문산읍 문산리|17-25,경기도 파주시 문산읍 문산리 17-25,청도훼미리맨션,파주시
41480|문산읍 문산리|17-29,경기도 파주시 문산읍 문산리 17-29,한진,파주시
41480|문산읍 문산리|31-1,경기도 파주시 문산읍 문산리 31-1,문산주공,파주시
41480|문산읍 문산리|31-17,경기도 파주시 문산읍 문산리 31-17,미림,파주시
41480|문산읍 문산리|33-6,경기도 파주시 문산읍 문산리 33-6,율곡,파주시
41480|문산읍 문산리|97,경기도 파주시 문산읍 문산리 97,장안8차,파주시
41480|문산읍 선유리|1350,경기도 파주시 문산읍 선유리 1350,두산위브,파주시
41480|문산읍 선유리|1352,경기도 파주시 문산읍 선유리 1352,양우내안애3단지,파주시
41480|문산읍 선유리|1353,경기도 파주시 문산읍 선유리 1353,양우내안애1단지,파주시
41480|문산읍 선유리|1356,경기도 파주시 문산읍 선유리 1356,양우내안애2단지,파주시
41480|문산읍 선유리|1357,경기도 파주시 문산읍 선유리 1357,진흥소슬마을,파주시
41480|문산읍 선유리|1409,경기도 파주시 문산읍 선유리 1409,경남아너스빌(문산선유4단지),파주시
41480|문산읍 선유리|1413,경기도 파주시 문산읍 선유리 1413,파주문산역1차동문굿모닝힐,파주시
41480|문산읍 선유리|1420,경기도 파주시 문산읍 선유리 1420,파주문산역2차동문디이스트,파주시
41480|문산읍 선유리|418,경기도 파주시 문산읍 선유리 418,선유주공,파주시
41480|문산읍 선유리|779-11,경기도 파주시 문산읍 선유리 779-11,정원엘피스타워,파주시
41480|문산읍 선유리|903-10,경기도 파주시 문산읍 선유리 903-10,한진2차,파주시
41480|법원읍 가야리|29-2,경기도 파주시 법원읍 가야리 29-2,율곡,파주시
41480|법원읍 가야리|30-2,경기도 파주시 법원읍 가야리 30-2,안산율곡2차,파주시
41480|법원읍 가야리|54-8,경기도 파주시 법원읍 가야리 54-8,동원주택,파주시
41480|법원읍 법원리|674-2,경기도 파주시 법원읍 법원리 674-2,율곡3차,파주시
41480|아동동|275-9,경기도 파주시 아동동 275-9,파라다이스(275-9),파주시
41480|아동동|283,경기도 파주시 아동동 283,팜스프링(283-0),파주시
41480|아동동|291-10,경기도 파주시 아동동 291-10,"무궁화APT<1동,2동>",파주시
41480|아동동|328-49,경기도 파주시 아동동 328-49,장안초원2(328-49),파주시
41480|아동동|328-52,경기도 파주시 아동동 328-52,장안빌라트(328-52),파주시
41480|아동동|329-6,경기도 파주시 아동동 329-6,장안초원1(329-6),파주시
41480|아동동|339,경기도 파주시 아동동 339,장안(미우)5(339-0),파주시
41480|아동동|897,경기도 파주시 아동동 897,신안실크밸리1차(897-0),파주시
41480|아동동|900,경기도 파주시 아동동 900,신안실크밸리2차(900-0),파주시
41480|야당동|1015,경기도 파주시 야당동 1015,한빛마을4단지롯데캐슬Ⅱ,파주시
41480|야당동|1016,경기도 파주시 야당동 1016,한빛마을9단지롯데캐슬1차,파주시
41480|야당동|1026,경기도 파주시 야당동 1026,한빛마을7단지(한신휴플러스),파주시
41480|야당동|1031,경기도 파주시 야당동 1031,운정아모리움,파주시
41480|야당동|975,경기도 파주시 야당동 975,한빛마을3단지아이파크,파주시
41480|야당동|981,경기도 파주시 야당동 981,한빛마을1단지한라비발디,파주시
41480|야당동|982,경기도 파주시 야당동 982,한빛마을2단지휴먼빌,파주시
41480|야당동|991,경기도 파주시 야당동 991,한빛마을5단지캐슬앤칸타빌,파주시
41480|야동동|587,경기도 파주시 야동동 587,대방노블랜드(587-0),파주시
41480|와동동|1308,경기도 파주시 와동동 1308,가람마을1단지벽산한라(1308),파주시
41480|와동동|1321,경기도 파주시 와동동 1321,가람마을4단지한양수자인,파주시
41480|와동동|1332,경기도 파주시 와동동 1332,엘크루가람마을5단지,파주시
41480|와동동|1338,경기도 파주시 와동동 1338,가람마을7단지한라비발디,파주시
41480|와동동|1344,경기도 파주시 와동동 1344,가람마을9단지남양휴튼(1344),파주시
41480|와동동|1356,경기도 파주시 와동동 1356,가람마을10단지월드메르디앙(1356),파주시
41480|와동동|1368,경기도 파주시 와동동 1368,가람마을11단지동문굿모닝힐(1368),파주시
41480|와동동|1404,경기도 파주시 와동동 1404,해솔마을7단지롯데캐슬,파주시
41480|와동동|1471-2,경기도 파주시 와동동 1471-2,힐스테이트더운정,파주시
41480|와동동|1521,경기도 파주시 와동동 1521,별숲오르트가람마을12단지,파주시
41480|와동동|1664-417,경기도 파주시 와동동 1664-417,별하람마을1단지제일풍경채그랑퍼스트,파주시
41480|와동동|1713,경기도 파주시 와동동 1713,호반써밋이스트파크,파주시
41480|와동동|205,경기도 파주시 와동동 205,가람마을8단지동문굿모닝힐,파주시
41480|와동동|240,경기도 파주시 와동동 240,가람마을3단지동문굿모닝힐,파주시
41480|적성면 구읍리|637-1,경기도 파주시 적성면 구읍리 637-1,세광(637-1),파주시
41480|적성면 마지리|41-6,경기도 파주시 적성면 마지리 41-6,삼산그린빌라(41-6),파주시
41480|조리읍 대원리|218,경기도 파주시 조리읍 대원리 218,그린시티동문(218-0),파주시
41480|조리읍 대원리|992-1,경기도 파주시 조리읍 대원리 992-1,한라비발디(992-1),파주시
41480|조리읍 봉일천리|125-22,경기도 파주시 조리읍 봉일천리 125-22,성호(125-22),파주시
41480|조리읍 봉일천리|13-15,경기도 파주시 조리읍 봉일천리 13-15,송촌토파즈(13-15),파주시
41480|조리읍 봉일천리|147-1,경기도 파주시 조리읍 봉일천리 147-1,봉일천2차동문아파트,파주시
41480|조리읍 봉일천리|156-1,경기도 파주시 조리읍 봉일천리 156-1,성원(156-1),파주시
41480|조리읍 봉일천리|157-1,경기도 파주시 조리읍 봉일천리 157-1,대화무궁화(157-1),파주시
41480|조리읍 봉일천리|157-18,경기도 파주시 조리읍 봉일천리 157-18,동원(157-18),파주시
41480|조리읍 봉일천리|157-4,경기도 파주시 조리읍 봉일천리 157-4,강실(157-4),파주시
41480|조리읍 봉일천리|157-40,경기도 파주시 조리읍 봉일천리 157-40,태양(157-40),파주시
41480|조리읍 봉일천리|158-2,경기도 파주시 조리읍 봉일천리 158-2,봉일천프린스(158-2),파주시
41480|조리읍 봉일천리|237-1,경기도 파주시 조리읍 봉일천리 237-1,미림(237-1),파주시
41480|조리읍 봉일천리|237-3,경기도 파주시 조리읍 봉일천리 237-3,윤창(237-3),파주시
41480|조리읍 봉일천리|237-5,경기도 파주시 조리읍 봉일천리 237-5,윤창(237-5),파주시
41480|조리읍 봉일천리|259-2,경기도 파주시 조리읍 봉일천리 259-2,성호2파크힐(259-2),파주시
41480|조리읍 봉일천리|262,경기도 파주시 조리읍 봉일천리 262,태형내산마을(262-0),파주시
41480|조리읍 봉일천리|262-23,경기도 파주시 조리읍 봉일천리 262-23,태형미림(262-23),파주시
41480|조리읍 봉일천리|269,경기도 파주시 조리읍 봉일천리 269,파주푸르지오(269-0),파주시
41480|조리읍 봉일천리|301,경기도 파주시 조리읍 봉일천리 301,파주봉일천효성해링턴플레이스,파주시
41480|탄현면 법흥리|1787,경기도 파주시 탄현면 법흥리 1787,유승앙부와즈2단지(1787-0),파주시
41480|탄현면 법흥리|1789,경기도 파주시 탄현면 법흥리 1789,유승앙브와즈1단지(1789-0),파주시
41480|탄현면 축현리|1050,경기도 파주시 탄현면 축현리 1050,e편한세상헤이리,파주시
41480|파주읍 연풍리|483,경기도 파주시 파주읍 연풍리 483,동광모닝스카이,파주시
41480|파주읍 연풍리|484,경기도 파주시 파주읍 연풍리 484,파주연풍양우내안愛에코하임,파주시
41480|파주읍 파주리|126-1,경기도 파주시 파주읍 파주리 126-1,기용,파주시
41480|파주읍 파주리|476-2,경기도 파주시 파주읍 파주리 476-2,소풍타워,파주시
41500|갈산동|222,경기도 이천시 갈산동 222,큰산,이천시
41500|갈산동|468-1,경기도 이천시 갈산동 468-1,우성,이천시
41500|갈산동|614-2,경기도 이천시 갈산동 614-2,보은,이천시
41500|갈산동|777,경기도 이천시 갈산동 777,신일해피트리,이천시
41500|갈산동|781,경기도 이천시 갈산동 781,힐스테이트,이천시
41500|갈산동|782,경기도 이천시 갈산동 782,갈산동현진에버빌,이천시
41500|갈산동|783,경기도 이천시 갈산동 783,설봉1차푸르지오,이천시
41500|갈산동|785,경기도 이천시 갈산동 785,휴먼시아,이천시
41500|갈산동|789,경기도 이천시 갈산동 789,갈산화성파크드림,이천시
41500|고담동|579,경기도 이천시 고담동 579,지엠하이빌,이천시
41500|관고동|185-12,경기도 이천시 관고동 185-12,두산,이천시
41500|관고동|2-11,경기도 이천시 관고동 2-11,문성홈아트(A동),이천시
41500|관고동|226-3,경기도 이천시 관고동 226-3,설봉,이천시
41500|관고동|226-8,경기도 이천시 관고동 226-8,산호1,이천시
41500|관고동|26-5,경기도 이천시 관고동 26-5,대원새설봉,이천시
41500|관고동|503,경기도 이천시 관고동 503,한마음,이천시
41500|관고동|503-12,경기도 이천시 관고동 503-12,부악1,이천시
41500|관고동|503-6,경기도 이천시 관고동 503-6,은하,이천시
41500|관고동|514,경기도 이천시 관고동 514,벽산블루밍,이천시
41500|관고동|519,경기도 이천시 관고동 519,이천자이더파크,이천시
41500|대월면 사동리|182-1,경기도 이천시 대월면 사동리 182-1,"성창(101,102동)",이천시
41500|대월면 사동리|311,경기도 이천시 대월면 사동리 311,천호(6동),이천시
41500|대월면 사동리|312-1,경기도 이천시 대월면 사동리 312-1,삼진(1동),이천시
41500|대월면 사동리|312-11,경기도 이천시 대월면 사동리 312-11,삼진(5동),이천시
41500|대월면 사동리|312-5,경기도 이천시 대월면 사동리 312-5,삼진(2동),이천시
41500|대월면 사동리|312-6,경기도 이천시 대월면 사동리 312-6,삼진(3동),이천시
41500|대월면 사동리|312-7,경기도 이천시 대월면 사동리 312-7,삼진(4동),이천시
41500|대월면 사동리|327-1,경기도 이천시 대월면 사동리 327-1,장미(5동),이천시
41500|대월면 사동리|327-6,경기도 이천시 대월면 사동리 327-6,장미(2동),이천시
41500|대월면 사동리|386-72,경기도 이천시 대월면 사동리 386-72,현대5,이천시
41500|대월면 사동리|441-1,경기도 이천시 대월면 사동리 441-1,사동리현대아이파크,이천시
41500|대월면 사동리|465,경기도 이천시 대월면 사동리 465,사동6현대,이천시
41500|대월면 사동리|524,경기도 이천시 대월면 사동리 524,이천사동신원아침도시아파트,이천시
41500|대월면 사동리|529,경기도 이천시 대월면 사동리 529,휴먼빌에듀파크시티,이천시
41500|대월면 사동리|산92-1,경기도 이천시 대월면 사동리 산92-1,유호,이천시
41500|대월면 초지리|732,경기도 이천시 대월면 초지리 732,삼원엑스포,이천시
41500|마장면 덕평리|121,경기도 이천시 마장면 덕평리 121,성진,이천시
41500|마장면 오천리|413,경기도 이천시 마장면 오천리 413,이천마장호반베르디움2차,이천시
41500|마장면 오천리|416,경기도 이천시 마장면 오천리 416,이천마장리젠시빌란트,이천시
41500|마장면 오천리|419,경기도 이천시 마장면 오천리 419,이천마장리젠시빌란트더웰,이천시
41500|마장면 오천리|422,경기도 이천시 마장면 오천리 422,이천마장호반베르디움1차,이천시
41500|마장면 오천리|80-1,경기도 이천시 마장면 오천리 80-1,덕평로얄,이천시
41500|백사면 모전리|1-11,경기도 이천시 백사면 모전리 1-11,신안실크밸리더포레,이천시
41500|백사면 모전리|780,경기도 이천시 백사면 모전리 780,모전리현대,이천시
41500|백사면 모전리|817-3,경기도 이천시 백사면 모전리 817-3,건일,이천시
41500|백사면 조읍리|627,경기도 이천시 백사면 조읍리 627,한솔,이천시
41500|부발읍 가산리|770,경기도 이천시 부발읍 가산리 770,기영,이천시
41500|부발읍 마암리|1-1,경기도 이천시 부발읍 마암리 1-1,현광,이천시
41500|부발읍 무촌리|128-6,경기도 이천시 부발읍 무촌리 128-6,효양,이천시
41500|부발읍 무촌리|221-2,경기도 이천시 부발읍 무촌리 221-2,남서울,이천시
41500|부발읍 무촌리|423,경기도 이천시 부발읍 무촌리 423,그린,이천시
41500|부발읍 무촌리|산37-8,경기도 이천시 부발읍 무촌리 산37-8,진주,이천시
41500|부발읍 신원리|558-38,경기도 이천시 부발읍 신원리 558-38,동서,이천시
41500|부발읍 신원리|559-1,경기도 이천시 부발읍 신원리 559-1,신지,이천시
41500|부발읍 신원리|565-30,경기도 이천시 부발읍 신원리 565-30,신세계,이천시
41500|부발읍 신원리|941,경기도 이천시 부발읍 신원리 941,이안퍼스티엄이천부발,이천시
41500|부발읍 신하리|362-3,경기도 이천시 부발읍 신하리 362-3,신한,이천시
41500|부발읍 신하리|365,경기도 이천시 부발읍 신하리 365,진우,이천시
41500|부발읍 신하리|394-30,경기도 이천시 부발읍 신하리 394-30,로얄2동,이천시
41500|부발읍 신하리|394-31,경기도 이천시 부발읍 신하리 394-31,로얄1동,이천시
41500|부발읍 신하리|409-5,경기도 이천시 부발읍 신하리 409-5,성광,이천시
41500|부발읍 신하리|481-1,경기도 이천시 부발읍 신하리 481-1,삼익세라믹,이천시
41500|부발읍 신하리|487-9,경기도 이천시 부발읍 신하리 487-9,유승(487-9),이천시
41500|부발읍 신하리|559-3,경기도 이천시 부발읍 신하리 559-3,청구,이천시
41500|부발읍 신하리|산40-3,경기도 이천시 부발읍 신하리 산40-3,거평,이천시
41500|부발읍 아미리|1244,경기도 이천시 부발읍 아미리 1244,현대성우오스타1단지,이천시
41500|부발읍 아미리|1245,경기도 이천시 부발읍 아미리 1245,현대성우오스타2단지,이천시
41500|부발읍 아미리|1246,경기도 이천시 부발읍 아미리 1246,현대성우오스타3단지,이천시
41500|부발읍 아미리|1247,경기도 이천시 부발읍 아미리 1247,현대성우오스타4단지,이천시
41500|부발읍 아미리|587-5,경기도 이천시 부발읍 아미리 587-5,은강훼미리,이천시
41500|부발읍 아미리|699-7,경기도 이천시 부발읍 아미리 699-7,현대3,이천시
41500|부발읍 아미리|728-1,경기도 이천시 부발읍 아미리 728-1,신일해피트리앤,이천시
41500|부발읍 아미리|729,경기도 이천시 부발읍 아미리 729,이천신일해피트리트리빌2단지,이천시
41500|부발읍 아미리|729-1,경기도 이천시 부발읍 아미리 729-1,쁘띠안,이천시
41500|부발읍 아미리|730,경기도 이천시 부발읍 아미리 730,이천신일해피트리트리빌1단지,이천시
41500|부발읍 아미리|730-3,경기도 이천시 부발읍 아미리 730-3,이천하이클래스,이천시
41500|부발읍 아미리|753,경기도 이천시 부발읍 아미리 753,현대7,이천시
41500|부발읍 응암리|109,경기도 이천시 부발읍 응암리 109,주은다솜,이천시
41500|부발읍 응암리|96,경기도 이천시 부발읍 응암리 96,이화1차,이천시
41500|부발읍 응암리|97-3,경기도 이천시 부발읍 응암리 97-3,이화2차,이천시
41500|사음동|748,경기도 이천시 사음동 748,이천2차현진에버빌,이천시
41500|송정동|107-48,경기도 이천시 송정동 107-48,풍산,이천시
41500|송정동|306,경기도 이천시 송정동 306,신일1차,이천시
41500|송정동|311-1,경기도 이천시 송정동 311-1,신일2차,이천시
41500|송정동|322,경기도 이천시 송정동 322,동양,이천시
41500|송정동|428,경기도 이천시 송정동 428,수림1차,이천시
41500|송정동|429,경기도 이천시 송정동 429,수림2차,이천시
41500|송정동|445,경기도 이천시 송정동 445,현진에버빌1차,이천시
41500|송정동|446,경기도 이천시 송정동 446,동양파라곤,이천시
41500|송정동|450,경기도 이천시 송정동 450,이천라온프라이빗,이천시
41500|송정동|454,경기도 이천시 송정동 454,증포지구대원칸타빌2차더테라스,이천시
41500|신둔면 남정리|371-1,경기도 이천시 신둔면 남정리 371-1,한솔,이천시
41500|신둔면 도봉리|1271,경기도 이천시 신둔면 도봉리 1271,대신푸른마을,이천시
41500|신둔면 수광리|757,경기도 이천시 신둔면 수광리 757,수광엘리시움,이천시
41500|신둔면 수하리|825,경기도 이천시 신둔면 수하리 825,신둔반석아르미,이천시
41500|신둔면 수하리|826,경기도 이천시 신둔면 수하리 826,이천신둔코아루,이천시
41500|안흥동|267-5,경기도 이천시 안흥동 267-5,이천코아루휴티스1단지,이천시
41500|안흥동|270,경기도 이천시 안흥동 270,이천빌리브어바인시티1단지,이천시
41500|안흥동|272-6,경기도 이천시 안흥동 272-6,이천빌리브어바인시티2단지,이천시
41500|안흥동|300-1,경기도 이천시 안흥동 300-1,일성,이천시
41500|안흥동|307-7,경기도 이천시 안흥동 307-7,브라운스톤이천,이천시
41500|안흥동|313-1,경기도 이천시 안흥동 313-1,이천코아루휴티스2단지,이천시
41500|안흥동|320-1,경기도 이천시 안흥동 320-1,이천센트레빌레이크뷰,이천시
41500|안흥동|469,경기도 이천시 안흥동 469,안흥주공,이천시
41500|안흥동|474,경기도 이천시 안흥동 474,이천롯데캐슬골드스카이,이천시
41500|안흥동|477,경기도 이천시 안흥동 477,이천롯데캐슬페라즈스카이,이천시
41500|장호원읍 노탑리|174-2,경기도 이천시 장호원읍 노탑리 174-2,상호1,이천시
41500|장호원읍 노탑리|174-26,경기도 이천시 장호원읍 노탑리 174-26,상호2,이천시
41500|장호원읍 노탑리|193-1,경기도 이천시 장호원읍 노탑리 193-1,기산,이천시
41500|장호원읍 장호원리|143-2,경기도 이천시 장호원읍 장호원리 143-2,세진,이천시
41500|장호원읍 장호원리|143-6,경기도 이천시 장호원읍 장호원리 143-6,호원베스트빌,이천시
41500|장호원읍 진암리|17-18,경기도 이천시 장호원읍 진암리 17-18,현대,이천시
41500|장호원읍 진암리|301-3,경기도 이천시 장호원읍 진암리 301-3,삼진동산,이천시
41500|장호원읍 진암리|47-1,경기도 이천시 장호원읍 진암리 47-1,로얄,이천시
41500|장호원읍 진암리|54-11,경기도 이천시 장호원읍 진암리 54-11,영창,이천시
41500|장호원읍 진암리|778,경기도 이천시 장호원읍 진암리 778,송전더존빌,이천시
41500|장호원읍 진암리|780,경기도 이천시 장호원읍 진암리 780,장호원코아루1단지,이천시
41500|장호원읍 진암리|781,경기도 이천시 장호원읍 진암리 781,장호원코아루2단지,이천시
41500|장호원읍 진암리|814,경기도 이천시 장호원읍 진암리 814,이천진암지구우방아이유쉘메가하이브,이천시
41500|장호원읍 진암리|산28-10,경기도 이천시 장호원읍 진암리 산28-10,동양,이천시
41500|중리동|172-7,경기도 이천시 중리동 172-7,대승바빌리온,이천시
41500|중리동|213,경기도 이천시 중리동 213,이천라온팰리스,이천시
41500|중리동|444,경기도 이천시 중리동 444,산호3차,이천시
41500|중리동|446-14,경기도 이천시 중리동 446-14,대원1,이천시
41500|중리동|446-18,경기도 이천시 중리동 446-18,고려중리,이천시
41500|중리동|458-2,경기도 이천시 중리동 458-2,부악2,이천시
41500|중리동|463-2,경기도 이천시 중리동 463-2,(463-2),이천시
41500|중리동|463-4,경기도 이천시 중리동 463-4,프르디앙플러스,이천시
41500|중리동|465-4,경기도 이천시 중리동 465-4,은가람팰리스,이천시
41500|중리동|468-16,경기도 이천시 중리동 468-16,(468-16),이천시
41500|중리동|468-5,경기도 이천시 중리동 468-5,(468-5),이천시
41500|중리동|497,경기도 이천시 중리동 497,이천중리우미린어반퍼스트,이천시
41500|중리동|498,경기도 이천시 중리동 498,이천중리우미린트리쉐이드,이천시
41500|증일동|393,경기도 이천시 증일동 393,힐스테이트이천역1단지,이천시
41500|증일동|394,경기도 이천시 증일동 394,힐스테이트이천역2단지,이천시
41500|증일동|82-7,경기도 이천시 증일동 82-7,이천역현대홈타운,이천시
41500|증포동|151-6,경기도 이천시 증포동 151-6,부악,이천시
41500|증포동|190-2,경기도 이천시 증포동 190-2,선경2,이천시
41500|증포동|191-7,경기도 이천시 증포동 191-7,선경1,이천시
41500|증포동|200-9,경기도 이천시 증포동 200-9,대우3,이천시
41500|증포동|213-5,경기도 이천시 증포동 213-5,대우1,이천시
41500|증포동|218-7,경기도 이천시 증포동 218-7,대원,이천시
41500|증포동|244-3,경기도 이천시 증포동 244-3,대우2,이천시
41500|증포동|351-5,경기도 이천시 증포동 351-5,대호3,이천시
41500|증포동|474,경기도 이천시 증포동 474,대림휴먼빌,이천시
41500|증포동|475,경기도 이천시 증포동 475,증포동한솔솔파크,이천시
41500|증포동|478,경기도 이천시 증포동 478,증포동한솔솔파크2차,이천시
41500|증포동|479,경기도 이천시 증포동 479,증포동한솔솔파크3,이천시
41500|증포동|480,경기도 이천시 증포동 480,설봉2차푸르지오,이천시
41500|증포동|485,경기도 이천시 증포동 485,이천설봉KCC스위첸,이천시
41500|증포동|486,경기도 이천시 증포동 486,이천센트럴푸르지오,이천시
41500|증포동|489,경기도 이천시 증포동 489,이천증포새도시한양수자인3블럭,이천시
41500|증포동|491,경기도 이천시 증포동 491,이천증포새도시한양수자인5블럭,이천시
41500|증포동|498,경기도 이천시 증포동 498,이천증포대원칸타빌,이천시
41500|증포동|94-3,경기도 이천시 증포동 94-3,신한,이천시
41500|창전동|1,경기도 이천시 창전동 1,세영,이천시
41500|창전동|1-2,경기도 이천시 창전동 1-2,"현대2(201동,202동)",이천시
41500|창전동|137,경기도 이천시 창전동 137,미도,이천시
41500|창전동|150-17,경기도 이천시 창전동 150-17,엔하우스,이천시
41500|창전동|410,경기도 이천시 창전동 410,한신,이천시
41500|창전동|410-10,경기도 이천시 창전동 410-10,대호1,이천시
41500|창전동|412,경기도 이천시 창전동 412,중앙,이천시
41500|창전동|413-3,경기도 이천시 창전동 413-3,대원2차,이천시
41500|창전동|417-2,경기도 이천시 창전동 417-2,청자국민주택,이천시
41500|창전동|419,경기도 이천시 창전동 419,타미나홈스,이천시
41500|창전동|423-3,경기도 이천시 창전동 423-3,창전,이천시
41500|창전동|428-11,경기도 이천시 창전동 428-11,고려1,이천시
41500|창전동|432-13,경기도 이천시 창전동 432-13,금성,이천시
41500|창전동|439-13,경기도 이천시 창전동 439-13,대원3차B동,이천시
41500|창전동|439-2,경기도 이천시 창전동 439-2,대원3차A동,이천시
41500|창전동|44-1,경기도 이천시 창전동 44-1,산호2,이천시
41500|창전동|440-4,경기도 이천시 창전동 440-4,대원4,이천시
41500|창전동|451-2,경기도 이천시 창전동 451-2,유진,이천시
41500|창전동|456,경기도 이천시 창전동 456,대호2,이천시
41500|창전동|457-19,경기도 이천시 창전동 457-19,(457-19),이천시
41500|창전동|466-17,경기도 이천시 창전동 466-17,일심,이천시
41500|창전동|466-7,경기도 이천시 창전동 466-7,한솔파크빌,이천시
41500|창전동|469-6,경기도 이천시 창전동 469-6,한솔스파빌(102),이천시
41500|창전동|470-16,경기도 이천시 창전동 470-16,한솔스파빌(101),이천시
41500|창전동|48-6,경기도 이천시 창전동 48-6,조명,이천시
41500|창전동|49-1,경기도 이천시 창전동 49-1,현대1,이천시
41500|창전동|495-2,경기도 이천시 창전동 495-2,현대2(203동),이천시
41500|호법면 유산리|894,경기도 이천시 호법면 유산리 894,이천내안애,이천시
41550|가사동|175,경기도 안성시 가사동 175,안성푸르지오,안성시
41550|공도읍 마정리|223-140,경기도 안성시 공도읍 마정리 223-140,대림2차,안성시
41550|공도읍 마정리|45-17,경기도 안성시 공도읍 마정리 45-17,로데오,안성시
41550|공도읍 마정리|45-6,경기도 안성시 공도읍 마정리 45-6,대림한숲원,안성시
41550|공도읍 마정리|561,경기도 안성시 공도읍 마정리 561,안성베르빌,안성시
41550|공도읍 마정리|590,경기도 안성시 공도읍 마정리 590,임광그대가,안성시
41550|공도읍 마정리|592,경기도 안성시 공도읍 마정리 592,임광그대가,안성시
41550|공도읍 만정리|707-1,경기도 안성시 공도읍 만정리 707-1,부영,안성시
41550|공도읍 만정리|708,경기도 안성시 공도읍 만정리 708,공도정보,안성시
41550|공도읍 만정리|709-1,경기도 안성시 공도읍 만정리 709-1,한일타운,안성시
41550|공도읍 만정리|777-1,경기도 안성시 공도읍 만정리 777-1,금호어울림2단지,안성시
41550|공도읍 만정리|785-6,경기도 안성시 공도읍 만정리 785-6,금호어울림1단지,안성시
41550|공도읍 만정리|786-1,경기도 안성시 공도읍 만정리 786-1,금호어울림3단지,안성시
41550|공도읍 만정리|877,경기도 안성시 공도읍 만정리 877,안성공도KCC스위첸,안성시
41550|공도읍 만정리|880,경기도 안성시 공도읍 만정리 880,디자인시티블루밍,안성시
41550|공도읍 만정리|881,경기도 안성시 공도읍 만정리 881,안성E.TRINITY공도센트럴파크,안성시
41550|공도읍 만정리|889,경기도 안성시 공도읍 만정리 889,라포르테공도,안성시
41550|공도읍 승두리|889,경기도 안성시 공도읍 승두리 889,공도우방아이유쉘,안성시
41550|공도읍 승두리|898,경기도 안성시 공도읍 승두리 898,쌍용더플래티넘프리미어,안성시
41550|공도읍 승두리|936,경기도 안성시 공도읍 승두리 936,공도서희스타힐스,안성시
41550|공도읍 승두리|939,경기도 안성시 공도읍 승두리 939,효성해링턴플레이스안성공도,안성시
41550|공도읍 양기리|567,경기도 안성시 공도읍 양기리 567,송정그린빌,안성시
41550|공도읍 양기리|615,경기도 안성시 공도읍 양기리 615,안성공도서해그랑블아파트,안성시
41550|공도읍 양기리|635,경기도 안성시 공도읍 양기리 635,안성우방아이유쉘에스티지,안성시
41550|공도읍 용두리|683,경기도 안성시 공도읍 용두리 683,태산1차,안성시
41550|공도읍 용두리|752,경기도 안성시 공도읍 용두리 752,주은풍림,안성시
41550|공도읍 용두리|753,경기도 안성시 공도읍 용두리 753,산수화,안성시
41550|공도읍 용두리|755,경기도 안성시 공도읍 용두리 755,안성공도우미린더퍼스트,안성시
41550|공도읍 용두리|763,경기도 안성시 공도읍 용두리 763,안성공도센트럴카운티에듀파크아파트,안성시
41550|공도읍 진사리|20-14,경기도 안성시 공도읍 진사리 20-14,우림,안성시
41550|공도읍 진사리|36-1,경기도 안성시 공도읍 진사리 36-1,주은청설,안성시
41550|공도읍 진사리|639-1,경기도 안성시 공도읍 진사리 639-1,삼성,안성시
41550|공도읍 진사리|643,경기도 안성시 공도읍 진사리 643,우림루미아트,안성시
41550|공도읍 진사리|644,경기도 안성시 공도읍 진사리 644,쌍용스윗닷홈,안성시
41550|공도읍 진사리|742,경기도 안성시 공도읍 진사리 742,안성수창해뜨레,안성시
41550|공도읍 진사리|748,경기도 안성시 공도읍 진사리 748,해링턴플레이스진사1단지,안성시
41550|공도읍 진사리|754,경기도 안성시 공도읍 진사리 754,해링턴플레이스진사2단지,안성시
41550|금광면 신양복리|139-1,경기도 안성시 금광면 신양복리 139-1,홍익,안성시
41550|금산동|100,경기도 안성시 금산동 100,금산주공,안성시
41550|금산동|118-7,경기도 안성시 금산동 118-7,벨라스,안성시
41550|금산동|22-11,경기도 안성시 금산동 22-11,샤인빌,안성시
41550|금산동|50-1,경기도 안성시 금산동 50-1,삼부,안성시
41550|금산동|81-2,경기도 안성시 금산동 81-2,주은청설,안성시
41550|금석동|81,경기도 안성시 금석동 81,동남,안성시
41550|낙원동|400-4,경기도 안성시 낙원동 400-4,유웅,안성시
41550|낙원동|403-1,경기도 안성시 낙원동 403-1,삼보,안성시
41550|낙원동|68-3,경기도 안성시 낙원동 68-3,서광,안성시
41550|당왕동|462-1,경기도 안성시 당왕동 462-1,태영,안성시
41550|당왕동|534,경기도 안성시 당왕동 534,대우1,안성시
41550|당왕동|535,경기도 안성시 당왕동 535,대우경남,안성시
41550|당왕동|536,경기도 안성시 당왕동 536,쌍용,안성시
41550|당왕동|584,경기도 안성시 당왕동 584,삼정그린코아더베스트,안성시
41550|당왕동|587,경기도 안성시 당왕동 587,e편한세상안성그랑루체,안성시
41550|대덕면 건지리|194-20,경기도 안성시 대덕면 건지리 194-20,궁전아파트,안성시
41550|대덕면 내리|675,경기도 안성시 대덕면 내리 675,신라,안성시
41550|대덕면 내리|714-7,경기도 안성시 대덕면 내리 714-7,남용,안성시
41550|대덕면 신령리|820,경기도 안성시 대덕면 신령리 820,안성롯데캐슬,안성시
41550|대덕면 진현리|555,경기도 안성시 대덕면 진현리 555,유안,안성시
41550|동본동|89-5,경기도 안성시 동본동 89-5,벨라스,안성시
41550|미양면 보체리|405,경기도 안성시 미양면 보체리 405,경동메르빌,안성시
41550|미양면 양변리|240-19,경기도 안성시 미양면 양변리 240-19,금화마을,안성시
41550|보개면 기좌리|359-1,경기도 안성시 보개면 기좌리 359-1,리치타운,안성시
41550|봉산동|42,경기도 안성시 봉산동 42,한주,안성시
41550|봉산동|53-1,경기도 안성시 봉산동 53-1,유웅,안성시
41550|석정동|29-2,경기도 안성시 석정동 29-2,ELYSIA,안성시
41550|석정동|343,경기도 안성시 석정동 343,우남퍼스트빌,안성시
41550|석정동|355,경기도 안성시 석정동 355,신원아침도시,안성시
41550|석정동|368,경기도 안성시 석정동 368,안성센트럴파밀리에,안성시
41550|석정동|42-21,경기도 안성시 석정동 42-21,화성하이츠,안성시
41550|숭인동|83,경기도 안성시 숭인동 83,안성우정에쉐르,안성시
41550|숭인동|88,경기도 안성시 숭인동 88,동신,안성시
41550|신소현동|175,경기도 안성시 신소현동 175,안성신소현코아루,안성시
41550|신흥동|219,경기도 안성시 신흥동 219,신흥빌리지,안성시
41550|아양동|300,경기도 안성시 아양동 300,아양주공1,안성시
41550|아양동|384,경기도 안성시 아양동 384,아양주공2,안성시
41550|아양동|417,경기도 안성시 아양동 417,안성아양흥화HaaV,안성시
41550|아양동|424,경기도 안성시 아양동 424,서희스타힐스 NHF,안성시
41550|옥산동|10,경기도 안성시 옥산동 10,옥산주공,안성시
41550|옥산동|557,경기도 안성시 옥산동 557,안성아양 광신프로그레스,안성시
41550|옥산동|560,경기도 안성시 옥산동 560,안성아양시티프라디움,안성시
41550|원곡면 반제리|743,경기도 안성시 원곡면 반제리 743,산수화,안성시
41550|원곡면 외가천리|258-24,경기도 안성시 원곡면 외가천리 258-24,원곡,안성시
41550|원곡면 외가천리|361,경기도 안성시 원곡면 외가천리 361,원곡 제일 오투그란데,안성시
41550|인지동|7,경기도 안성시 인지동 7,골든캐슬타워,안성시
41550|일죽면 송천리|610,경기도 안성시 일죽면 송천리 610,일죽아이시타운,안성시
41550|죽산면 장원리|1379-1,경기도 안성시 죽산면 장원리 1379-1,지에프,안성시
41550|죽산면 죽산리|343-1,경기도 안성시 죽산면 죽산리 343-1,무지개,안성시
41550|죽산면 죽산리|456-11,경기도 안성시 죽산면 죽산리 456-11,강림,안성시
41550|죽산면 죽산리|646-2,경기도 안성시 죽산면 죽산리 646-2,심종,안성시
41550|죽산면 죽산리|790,경기도 안성시 죽산면 죽산리 790,안성하우스토리퍼스트시티,안성시
41550|중리동|616,경기도 안성시 중리동 616,동광,안성시
41550|중리동|618,경기도 안성시 중리동 618,안성중리2차동광,안성시
41550|창전동|88,경기도 안성시 창전동 88,코스모스,안성시
41570|감정동|517-1,경기도 김포시 감정동 517-1,쌍용,김포시
41570|감정동|521-1,경기도 김포시 감정동 521-1,희영(무지개),김포시
41570|감정동|550-1,경기도 김포시 감정동 550-1,신한,김포시
41570|감정동|659,경기도 김포시 감정동 659,삼환,김포시
41570|감정동|662,경기도 김포시 감정동 662,효성,김포시
41570|감정동|671,경기도 김포시 감정동 671,삼환아파트(201동),김포시
41570|감정동|672,경기도 김포시 감정동 672,건영,김포시
41570|감정동|674,경기도 김포시 감정동 674,신화,김포시
41570|감정동|676,경기도 김포시 감정동 676,한국,김포시
41570|감정동|685,경기도 김포시 감정동 685,푸른마을(신안),김포시
41570|감정동|694,경기도 김포시 감정동 694,신안실크밸리2,김포시
41570|감정동|696,경기도 김포시 감정동 696,김포한강신안실크밸리3차,김포시
41570|감정동|705,경기도 김포시 감정동 705,김포센트럴헤센1단지,김포시
41570|감정동|706,경기도 김포시 감정동 706,김포센트럴헤센2단지,김포시
41570|걸포동|1555,경기도 김포시 걸포동 1555,오스타파라곤3단지,김포시
41570|걸포동|1558,경기도 김포시 걸포동 1558,오스타파라곤1단지,김포시
41570|걸포동|1561,경기도 김포시 걸포동 1561,오스타파라곤2단지,김포시
41570|걸포동|1591,경기도 김포시 걸포동 1591,한강메트로자이2단지,김포시
41570|걸포동|1593,경기도 김포시 걸포동 1593,한강메트로자이3단지,김포시
41570|걸포동|1595,경기도 김포시 걸포동 1595,한강메트로자이1단지,김포시
41570|걸포동|294-38,경기도 김포시 걸포동 294-38,한강파크뷰우방아이유쉘,김포시
41570|고촌읍 신곡리|1052,경기도 김포시 고촌읍 신곡리 1052,숲속마을대우,김포시
41570|고촌읍 신곡리|1055,경기도 김포시 고촌읍 신곡리 1055,등촌마을청구,김포시
41570|고촌읍 신곡리|1058,경기도 김포시 고촌읍 신곡리 1058,오룡마을한화,김포시
41570|고촌읍 신곡리|1075,경기도 김포시 고촌읍 신곡리 1075,아라베스트빌,김포시
41570|고촌읍 신곡리|1102,경기도 김포시 고촌읍 신곡리 1102,강변마을 청도솔리움,김포시
41570|고촌읍 신곡리|1110,경기도 김포시 고촌읍 신곡리 1110,강변마을 동부센트레빌,김포시
41570|고촌읍 신곡리|1111,경기도 김포시 고촌읍 신곡리 1111,강변마을동일하이빌,김포시
41570|고촌읍 신곡리|1248,경기도 김포시 고촌읍 신곡리 1248,수기마을힐스테이트3단지,김포시
41570|고촌읍 신곡리|1256,경기도 김포시 고촌읍 신곡리 1256,수기마을힐스테이트2단지,김포시
41570|고촌읍 신곡리|1269,경기도 김포시 고촌읍 신곡리 1269,수기마을힐스테이트1단지,김포시
41570|고촌읍 신곡리|1280,경기도 김포시 고촌읍 신곡리 1280,강변마을 월드메르디앙아파트,김포시
41570|고촌읍 신곡리|1284,경기도 김포시 고촌읍 신곡리 1284,김포고촌우방아이유쉘,김포시
41570|고촌읍 신곡리|1291,경기도 김포시 고촌읍 신곡리 1291,고촌행정타운 한양수자인,김포시
41570|고촌읍 신곡리|1296,경기도 김포시 고촌읍 신곡리 1296,고촌역양우내안애,김포시
41570|고촌읍 신곡리|469-3,경기도 김포시 고촌읍 신곡리 469-3,길훈2차,김포시
41570|고촌읍 신곡리|477-1,경기도 김포시 고촌읍 신곡리 477-1,고촌하늘마을행복아파트,김포시
41570|고촌읍 신곡리|532-70,경기도 김포시 고촌읍 신곡리 532-70,정다운가,김포시
41570|고촌읍 신곡리|532-78,경기도 김포시 고촌읍 신곡리 532-78,김포뉴시티,김포시
41570|고촌읍 신곡리|538-2,경기도 김포시 고촌읍 신곡리 538-2,태림,김포시
41570|고촌읍 신곡리|539-1,경기도 김포시 고촌읍 신곡리 539-1,길훈1차,김포시
41570|고촌읍 신곡리|가-#41570-1088,경기도 김포시 고촌읍 신곡리 가-,캐슬앤파밀리에시티 2단지,김포시
41570|고촌읍 신곡리|가-#41570-1362,경기도 김포시 고촌읍 신곡리 가-,고촌센트럴자이,김포시
41570|고촌읍 태리|가-,경기도 김포시 고촌읍 태리 가-,캐슬앤파밀리에시티 1단지,김포시
41570|고촌읍 향산리|83-1,경기도 김포시 고촌읍 향산리 83-1,힐스테이트 리버시티 1단지,김포시
41570|고촌읍 향산리|가-,경기도 김포시 고촌읍 향산리 가-,힐스테이트 리버시티 2단지,김포시
41570|구래동|6873-19,경기도 김포시 구래동 6873-19,한강신도시반도유보라5차,김포시
41570|구래동|6873-8,경기도 김포시 구래동 6873-8,한가람마을(우미린),김포시
41570|구래동|6874-17,경기도 김포시 구래동 6874-17,호수마을e편한세상아파트,김포시
41570|구래동|6874-20,경기도 김포시 구래동 6874-20,김포한강아이파크,김포시
41570|구래동|6874-6,경기도 김포시 구래동 6874-6,호수마을이편한세상,김포시
41570|구래동|6877-2,경기도 김포시 구래동 6877-2,호반베르디움더레이크5차,김포시
41570|구래동|6886-4,경기도 김포시 구래동 6886-4,메트로타워예미지,김포시
41570|구래동|6886-6,경기도 김포시 구래동 6886-6,한강신도시반도유보라4차,김포시
41570|구래동|6887-1,경기도 김포시 구래동 6887-1,호반베르디움더레이크2차,김포시
41570|구래동|6887-3,경기도 김포시 구래동 6887-3,호반베르디움더레이크3차,김포시
41570|구래동|6888-2,경기도 김포시 구래동 6888-2,구래역한강리슈빌,김포시
41570|구래동|6888-4,경기도 김포시 구래동 6888-4,구래역화성파크드림,김포시
41570|구래동|6888-6,경기도 김포시 구래동 6888-6,김포한강신도시모아엘가2차아파트,김포시
41570|구래동|6895-2,경기도 김포시 구래동 6895-2,한강신도시3차푸르지오,김포시
41570|마산동|616-3,경기도 김포시 마산동 616-3,한강신도시레이크에일린의뜰,김포시
41570|마산동|636-1,경기도 김포시 마산동 636-1,한강 힐스테이트,김포시
41570|마산동|637-3,경기도 김포시 마산동 637-3,한강센트럴블루힐,김포시
41570|마산동|638-4,경기도 김포시 마산동 638-4,한강동일스위트TheParkView1단지,김포시
41570|마산동|639-8,경기도 김포시 마산동 639-8,은여울마을경남아너스빌,김포시
41570|마산동|640-5,경기도 김포시 마산동 640-5,한강신도시반도유보라3차,김포시
41570|마산동|672-1,경기도 김포시 마산동 672-1,한강동일스위트TheParkView2단지,김포시
41570|마산동|672-3,경기도 김포시 마산동 672-3,e편한세상한강신도시2차,김포시
41570|북변동|135,경기도 김포시 북변동 135,함성1,김포시
41570|북변동|184,경기도 김포시 북변동 184,한일,김포시
41570|북변동|216-5,경기도 김포시 북변동 216-5,함성2차,김포시
41570|북변동|267,경기도 김포시 북변동 267,현대,김포시
41570|북변동|688,경기도 김포시 북변동 688,대우,김포시
41570|북변동|690,경기도 김포시 북변동 690,산호,김포시
41570|북변동|802#41570-6,경기도 김포시 북변동 802,풍년마을(서광),김포시
41570|북변동|802#41570-7,경기도 김포시 북변동 802,풍년마을(신안),김포시
41570|북변동|806,경기도 김포시 북변동 806,풍년마을(삼성),김포시
41570|북변동|808,경기도 김포시 북변동 808,풍년마을(대림),김포시
41570|북변동|812,경기도 김포시 북변동 812,풍년마을(신일),김포시
41570|북변동|815#41570-10,경기도 김포시 북변동 815,풍년마을(청구),김포시
41570|북변동|815#41570-11,경기도 김포시 북변동 815,풍년마을(한라),김포시
41570|북변동|816,경기도 김포시 북변동 816,풍년마을(동남),김포시
41570|북변동|832,경기도 김포시 북변동 832,풍년마을(영풍),김포시
41570|북변동|902,경기도 김포시 북변동 902,동변마을(동양파라곤),김포시
41570|북변동|904,경기도 김포시 북변동 904,동변마을(동양파라곤2차),김포시
41570|사우동|1224,경기도 김포시 사우동 1224,농장마을(신안),김포시
41570|사우동|1474,경기도 김포시 사우동 1474,풍년마을(건영),김포시
41570|사우동|1475,경기도 김포시 사우동 1475,풍년마을(대우),김포시
41570|사우동|1479,경기도 김포시 사우동 1479,다솜마을(한신휴플러스),김포시
41570|사우동|1481,경기도 김포시 사우동 1481,김포사우아이파크,김포시
41570|사우동|222-2,경기도 김포시 사우동 222-2,태산,김포시
41570|사우동|238-23,경기도 김포시 사우동 238-23,보인그린맨션,김포시
41570|사우동|238-5,경기도 김포시 사우동 238-5,김포,김포시
41570|사우동|258-3,경기도 김포시 사우동 258-3,백암주택,김포시
41570|사우동|300,경기도 김포시 사우동 300,원미,김포시
41570|사우동|316,경기도 김포시 사우동 316,경신,김포시
41570|사우동|385,경기도 김포시 사우동 385,길훈4차,김포시
41570|사우동|856,경기도 김포시 사우동 856,풍년마을(삼보),김포시
41570|사우동|857#41570-44,경기도 김포시 사우동 857,풍년마을(진흥),김포시
41570|사우동|857#41570-46,경기도 김포시 사우동 857,풍년마을(흥화),김포시
41570|사우동|911,경기도 김포시 사우동 911,풍년마을(현대),김포시
41570|사우동|912#41570-41,경기도 김포시 사우동 912,풍년마을(동양),김포시
41570|사우동|912#41570-43,경기도 김포시 사우동 912,풍년마을(신명),김포시
41570|양촌읍 양곡리|1238,경기도 김포시 양촌읍 양곡리 1238,양곡 더숲,김포시
41570|양촌읍 양곡리|1241,경기도 김포시 양촌읍 양곡리 1241,한강금호어울림2단지,김포시
41570|양촌읍 양곡리|1268,경기도 김포시 양촌읍 양곡리 1268,한강금호어울림1단지,김포시
41570|양촌읍 양곡리|1316,경기도 김포시 양촌읍 양곡리 1316,김포한강 신원 아침도시 고다니,김포시
41570|양촌읍 양곡리|1551,경기도 김포시 양촌읍 양곡리 1551,김포한강삼정그린코아더베스트,김포시
41570|양촌읍 양곡리|405-8,경기도 김포시 양촌읍 양곡리 405-8,수아비스,김포시
41570|양촌읍 양곡리|412-5,경기도 김포시 양촌읍 양곡리 412-5,My더퍼스트,김포시
41570|양촌읍 양곡리|427,경기도 김포시 양촌읍 양곡리 427,지오헤스티아,김포시
41570|양촌읍 양곡리|475-85,경기도 김포시 양촌읍 양곡리 475-85,오르지오아파트,김포시
41570|양촌읍 양곡리|865-1,경기도 김포시 양촌읍 양곡리 865-1,희영아파트(곡촌마을),김포시
41570|양촌읍 학운리|3019,경기도 김포시 양촌읍 학운리 3019,자연앤데시앙(금빛마을),김포시
41570|운양동|1249-1,경기도 김포시 운양동 1249-1,풍경마을한강한라비발디,김포시
41570|운양동|1250-3,경기도 김포시 운양동 1250-3,한강신도시e편한세상,김포시
41570|운양동|1300-3,경기도 김포시 운양동 1300-3,김포한강신도시반도유보라2차,김포시
41570|운양동|1301-1,경기도 김포시 운양동 1301-1,한강신도시롯데캐슬,김포시
41570|운양동|1304-1,경기도 김포시 운양동 1304-1,김포한강이랜드타운힐스,김포시
41570|운양동|1304-5,경기도 김포시 운양동 1304-5,풍경마을래미안한강2차,김포시
41570|운양동|1305-1,경기도 김포시 운양동 1305-1,한강신도시리버에일린의뜰,김포시
41570|운양동|1306-2,경기도 김포시 운양동 1306-2,한강신도시운양푸르지오,김포시
41570|운양동|1325-7,경기도 김포시 운양동 1325-7,모담마을한강화성파크드림,김포시
41570|운양동|1331-1,경기도 김포시 운양동 1331-1,한강신도시운양KCC스위첸,김포시
41570|운양동|1340-7,경기도 김포시 운양동 1340-7,한강신도시반도유보라6차,김포시
41570|운양동|1407-5,경기도 김포시 운양동 1407-5,한강신도시푸르지오,김포시
41570|운양동|1434,경기도 김포시 운양동 1434,전원마을(월드6차4단지),김포시
41570|운양동|1435,경기도 김포시 운양동 1435,전원마을(월드4차2단지),김포시
41570|운양동|1436,경기도 김포시 운양동 1436,전원마을(월드3차1단지),김포시
41570|운양동|1439,경기도 김포시 운양동 1439,전원마을(월드5차3단지),김포시
41570|운양동|999-2,경기도 김포시 운양동 999-2,성창,김포시
41570|장기동|1312,경기도 김포시 장기동 1312,청송마을(현대3),김포시
41570|장기동|1339,경기도 김포시 장기동 1339,청송마을(현대1),김포시
41570|장기동|1342,경기도 김포시 장기동 1342,청송마을(현대2),김포시
41570|장기동|1624,경기도 김포시 장기동 1624,고창마을(신영지웰),김포시
41570|장기동|1626,경기도 김포시 장기동 1626,고창마을(이지더원),김포시
41570|장기동|1629,경기도 김포시 장기동 1629,고창마을(자연앤어울림),김포시
41570|장기동|1635,경기도 김포시 장기동 1635,고창마을(이니스더원),김포시
41570|장기동|1636,경기도 김포시 장기동 1636,고창마을(제일풍경채),김포시
41570|장기동|1642,경기도 김포시 장기동 1642,고창마을(반도유보라),김포시
41570|장기동|1655,경기도 김포시 장기동 1655,초당마을(우미린),김포시
41570|장기동|1865-4,경기도 김포시 장기동 1865-4,호반베르디움더퍼스트,김포시
41570|장기동|1866-1,경기도 김포시 장기동 1866-1,청송마을중흥에스-클래스,김포시
41570|장기동|1868-2,경기도 김포시 장기동 1868-2,한강현대성우오스타,김포시
41570|장기동|1869-5,경기도 김포시 장기동 1869-5,청송마을모아미래도엘가,김포시
41570|장기동|1885-10,경기도 김포시 장기동 1885-10,고창마을한양수자인리버팰리스,김포시
41570|장기동|1885-6,경기도 김포시 장기동 1885-6,한강호반베르디움,김포시
41570|장기동|1886-2,경기도 김포시 장기동 1886-2,고창마을(케이씨씨스위첸),김포시
41570|장기동|2004-4,경기도 김포시 장기동 2004-4,수정마을(쌍용예가),김포시
41570|장기동|2031,경기도 김포시 장기동 2031,e편한세상캐널시티,김포시
41570|장기동|2058-1,경기도 김포시 장기동 2058-1,한강신도시초당마을중흥에스-클래스리버티,김포시
41570|장기동|2065-1,경기도 김포시 장기동 2065-1,초당마을(우남퍼스트빌),김포시
41570|장기동|2071-2,경기도 김포시 장기동 2071-2,초당마을래미안한강,김포시
41570|장기동|2187,경기도 김포시 장기동 2187,한강센트럴자이2단지,김포시
41570|장기동|2193,경기도 김포시 장기동 2193,한강센트럴자이1단지,김포시
41570|통진읍 도사리|972,경기도 김포시 통진읍 도사리 972,백석마을(신일해피),김포시
41570|통진읍 마송리|130,경기도 김포시 통진읍 마송리 130,현대2,김포시
41570|통진읍 마송리|134,경기도 김포시 통진읍 마송리 134,현대1,김포시
41570|통진읍 마송리|513,경기도 김포시 통진읍 마송리 513,e편한세상김포로얄하임,김포시
41570|통진읍 마송리|536,경기도 김포시 통진읍 마송리 536,김포마송1차대방엘리움센트럴파크,김포시
41570|통진읍 마송리|568,경기도 김포시 통진읍 마송리 568,김포마송디에트르퍼스티지,김포시
41570|통진읍 마송리|586,경기도 김포시 통진읍 마송리 586,e편한세상김포어반베뉴,김포시
41570|통진읍 서암리|1107,경기도 김포시 통진읍 서암리 1107,화수싱그리아,김포시
41570|풍무동|1,경기도 김포시 풍무동 1,길훈,김포시
41570|풍무동|100,경기도 김포시 풍무동 100,신안,김포시
41570|풍무동|1060,경기도 김포시 풍무동 1060,풍무푸르지오센트레빌,김포시
41570|풍무동|147,경기도 김포시 풍무동 147,양도마을(서해그랑블),김포시
41570|풍무동|449-2,경기도 김포시 풍무동 449-2,삼용,김포시
41570|풍무동|583-6,경기도 김포시 풍무동 583-6,유현마을(신동아),김포시
41570|풍무동|598-8,경기도 김포시 풍무동 598-8,당곡마을(범양),김포시
41570|풍무동|740,경기도 김포시 풍무동 740,장릉마을(삼성쉐르빌),김포시
41570|풍무동|743,경기도 김포시 풍무동 743,당곡마을(현대),김포시
41570|풍무동|748,경기도 김포시 풍무동 748,당곡마을(월드메르디앙),김포시
41570|풍무동|757,경기도 김포시 풍무동 757,대림e-편한세상,김포시
41570|풍무동|759,경기도 김포시 풍무동 759,유현마을(현대프라임빌),김포시
41570|풍무동|764,경기도 김포시 풍무동 764,풍무자이1단지,김포시
41570|풍무동|766,경기도 김포시 풍무동 766,풍무자이2단지,김포시
41570|풍무동|770,경기도 김포시 풍무동 770,한화유로메트로1차,김포시
41570|풍무동|775,경기도 김포시 풍무동 775,한화유로메트로2차,김포시
41570|풍무동|784,경기도 김포시 풍무동 784,풍무꿈에그린더포레듀5단지,김포시
41570|풍무동|795,경기도 김포시 풍무동 795,김포풍무꿈에그린더포레듀3단지,김포시
41570|풍무동|797,경기도 김포시 풍무동 797,김포풍무꿈에그린더포레듀4단지,김포시
41570|풍무동|936,경기도 김포시 풍무동 936,풍무센트럴푸르지오,김포시
41570|하성면 마곡리|611-6,경기도 김포시 하성면 마곡리 611-6,에이원아파트,김포시
41570|하성면 마곡리|613-6,경기도 김포시 하성면 마곡리 613-6,베스트드웰,김포시
41590|기산동|464,경기도 화성시 기산동 464,삼성래미안1차,화성시
41590|기산동|466,경기도 화성시 기산동 466,신동탄푸르지오,화성시
41590|기산동|467,경기도 화성시 기산동 467,행복마을 참누리 에듀파크(101동-113동),화성시
41590|기산동|468,경기도 화성시 기산동 468,행복마을 참누리 에듀파크(114동-120동),화성시
41590|기산동|476,경기도 화성시 기산동 476,에스케이뷰파크2차,화성시
41590|기안동|290,경기도 화성시 기안동 290,광도와이드빌,화성시
41590|기안동|349,경기도 화성시 기안동 349,우림그린빌리지,화성시
41590|기안동|358,경기도 화성시 기안동 358,평생플러스빌,화성시
41590|기안동|895,경기도 화성시 기안동 895,기안마을풍성신미주,화성시
41590|기안동|910,경기도 화성시 기안동 910,신일해피트리,화성시
41590|기안동|925,경기도 화성시 기안동 925,파인팰리스,화성시
41590|기안동|928,경기도 화성시 기안동 928,화성우방아이유쉘MEGACITY2단지,화성시
41590|기안동|935,경기도 화성시 기안동 935,화성우방아이유쉘MEGACITY1단지,화성시
41590|남양읍 남양리|1156-1,경기도 화성시 남양읍 남양리 1156-1,보라,화성시
41590|남양읍 남양리|1265-3,경기도 화성시 남양읍 남양리 1265-3,남양해오름,화성시
41590|남양읍 남양리|2001,경기도 화성시 남양읍 남양리 2001,대광파인밸리,화성시
41590|남양읍 남양리|2005,경기도 화성시 남양읍 남양리 2005,푸르뫼금강에스쁘아,화성시
41590|남양읍 남양리|2047,경기도 화성시 남양읍 남양리 2047,남양우림필유아파트,화성시
41590|남양읍 남양리|2048,경기도 화성시 남양읍 남양리 2048,남양아이파크,화성시
41590|남양읍 남양리|2191,경기도 화성시 남양읍 남양리 2191,화성남양시티프라디움4차,화성시
41590|남양읍 남양리|2195,경기도 화성시 남양읍 남양리 2195,e편한세상남양뉴타운,화성시
41590|남양읍 남양리|2235,경기도 화성시 남양읍 남양리 2235,동광뷰엘,화성시
41590|남양읍 남양리|2249,경기도 화성시 남양읍 남양리 2249,시티프라디움2차아파트,화성시
41590|남양읍 남양리|2251,경기도 화성시 남양읍 남양리 2251,화성남양시티프라디움3차아파트,화성시
41590|남양읍 남양리|2299,경기도 화성시 남양읍 남양리 2299,남양뉴타운양우내안애1차,화성시
41590|남양읍 남양리|2300,경기도 화성시 남양읍 남양리 2300,양우내안애2차에듀타운아파트,화성시
41590|남양읍 남양리|2310,경기도 화성시 남양읍 남양리 2310,화성남양뉴타운리젠시빌란트,화성시
41590|남양읍 남양리|2312,경기도 화성시 남양읍 남양리 2312,시티프라디움1차아파트,화성시
41590|남양읍 남양리|415,경기도 화성시 남양읍 남양리 415,남양우림,화성시
41590|남양읍 남양리|541,경기도 화성시 남양읍 남양리 541,장미,화성시
41590|남양읍 남양리|632-2,경기도 화성시 남양읍 남양리 632-2,시화아파트,화성시
41590|남양읍 무송리|642,경기도 화성시 남양읍 무송리 642,금광포란재,화성시
41590|남양읍 신남리|1563,경기도 화성시 남양읍 신남리 1563,대광파인밸리골드,화성시
41590|남양읍 신남리|1572,경기도 화성시 남양읍 신남리 1572,화성시청역센트럴파크스타힐스2단지,화성시
41590|남양읍 신남리|1573,경기도 화성시 남양읍 신남리 1573,화성시청역센트럴파크스타힐스3단지,화성시
41590|남양읍 신남리|1574,경기도 화성시 남양읍 신남리 1574,화성시청역센트럴파크스타힐스1단지,화성시
41590|남양읍 신남리|25-9,경기도 화성시 남양읍 신남리 25-9,기산베스트빌,화성시
41590|남양읍 신남리|산96-8,경기도 화성시 남양읍 신남리 산96-8,화성시청역서희스타힐스4차숲속마을,화성시
41590|능동|1039,경기도 화성시 능동 1039,서동탄역우남퍼스트빌아파트,화성시
41590|능동|1041,경기도 화성시 능동 1041,서동탄역우남퍼스트빌아파트,화성시
41590|능동|1066-8,경기도 화성시 능동 1066-8,에스원스마트빌,화성시
41590|능동|1109,경기도 화성시 능동 1109,능동마을이지더원,화성시
41590|능동|1115,경기도 화성시 능동 1115,동탄숲속마을자연앤경남아너스빌(1115-0),화성시
41590|능동|1116,경기도 화성시 능동 1116,동탄숲속마을 광명메이루즈,화성시
41590|능동|1124,경기도 화성시 능동 1124,동탄숲속마을자연앤경남아너스빌(1124-0),화성시
41590|능동|1126,경기도 화성시 능동 1126,동탄숲속마을 능동역 리체 더 포레스트,화성시
41590|능동|1129,경기도 화성시 능동 1129,동탄숲속마을모아미래도2단지,화성시
41590|능동|1131,경기도 화성시 능동 1131,자연앤데시앙,화성시
41590|능동|1132,경기도 화성시 능동 1132,동탄숲속마을 모아미래도1단지,화성시
41590|능동|1134,경기도 화성시 능동 1134,포스코더샵2차,화성시
41590|능동|1137,경기도 화성시 능동 1137,푸른마을두산위브,화성시
41590|능동|1150,경기도 화성시 능동 1150,동탄푸른마을신일해피트리,화성시
41590|능동|1151,경기도 화성시 능동 1151,푸른마을모아미래도,화성시
41590|능동|1282,경기도 화성시 능동 1282,서동탄역파크자이,화성시
41590|능동|1283,경기도 화성시 능동 1283,서동탄역파크자이2차,화성시
41590|능동|1287,경기도 화성시 능동 1287,서동탄역양우내안애,화성시
41590|마도면 두곡리|590,경기도 화성시 마도면 두곡리 590,백상화인빌,화성시
41590|매송면 원평리|78-1,경기도 화성시 매송면 원평리 78-1,유원아파트,화성시
41590|매송면 천천리|92#41590-1,경기도 화성시 매송면 천천리 92,삼미A단지,화성시
41590|매송면 천천리|92#41590-2,경기도 화성시 매송면 천천리 92,삼미B단지,화성시
41590|목동|477,경기도 화성시 목동 477,동탄2신도시 베라체,화성시
41590|목동|478,경기도 화성시 목동 478,이편한세상동탄,화성시
41590|목동|479,경기도 화성시 목동 479,동탄금강펜테리움센트럴파크Ⅳ,화성시
41590|목동|480,경기도 화성시 목동 480,엔에이치에프경남아너스빌,화성시
41590|목동|481,경기도 화성시 목동 481,르파비스,화성시
41590|목동|485,경기도 화성시 목동 485,한신더휴,화성시
41590|목동|486,경기도 화성시 목동 486,동탄2신도시호반베르디움22단지,화성시
41590|목동|489,경기도 화성시 목동 489,동탄동원로얄듀크2차,화성시
41590|목동|491,경기도 화성시 목동 491,힐스테이트동탄,화성시
41590|목동|494,경기도 화성시 목동 494,호반베르디움센트럴포레,화성시
41590|반송동|100,경기도 화성시 반송동 100,시범다은마을삼성래미안,화성시
41590|반송동|101,경기도 화성시 반송동 101,동탄시범다은마을 메타역 롯데캐슬,화성시
41590|반송동|102,경기도 화성시 반송동 102,시범다은마을포스코더샵,화성시
41590|반송동|103-1,경기도 화성시 반송동 103-1,동탄스카이뷰빌딩,화성시
41590|반송동|103-11,경기도 화성시 반송동 103-11,엔터프라임빌딩,화성시
41590|반송동|106-1,경기도 화성시 반송동 106-1,동탄파라곤II,화성시
41590|반송동|106-7,경기도 화성시 반송동 106-7,서해더블루(106-7),화성시
41590|반송동|107-4,경기도 화성시 반송동 107-4,동탄에스원센트로빌,화성시
41590|반송동|132,경기도 화성시 반송동 132,솔빛마을경남아너스빌,화성시
41590|반송동|134,경기도 화성시 반송동 134,솔빛마을신도브래뉴,화성시
41590|반송동|135,경기도 화성시 반송동 135,솔빛마을쌍용예가,화성시
41590|반송동|140,경기도 화성시 반송동 140,솔빛마을서해그랑블,화성시
41590|반송동|141,경기도 화성시 반송동 141,동탄센트럴포레스트,화성시
41590|반송동|19,경기도 화성시 반송동 19,시범한빛마을케이씨씨스위첸,화성시
41590|반송동|200,경기도 화성시 반송동 200,나루마을한화꿈에그린,화성시
41590|반송동|21,경기도 화성시 반송동 21,시범한빛마을한화꿈에그린,화성시
41590|반송동|212,경기도 화성시 반송동 212,나루마을월드메르디앙반도유보라,화성시
41590|반송동|215,경기도 화성시 반송동 215,나루마을신도브래뉴,화성시
41590|반송동|222,경기도 화성시 반송동 222,나루마을한화꿈에그린우림필유,화성시
41590|반송동|224,경기도 화성시 반송동 224,동탄나루마을동탄역U.BORA여울숲1.0,화성시
41590|반송동|75,경기도 화성시 반송동 75,동탄시범다은마을센트럴파크뷰,화성시
41590|반송동|79,경기도 화성시 반송동 79,시범다은마을우남퍼스트빌,화성시
41590|반송동|80,경기도 화성시 반송동 80,동탄시범다은마을 월드메르디앙 반도유보라,화성시
41590|반송동|82,경기도 화성시 반송동 82,시범한빛마을금호어울림,화성시
41590|반송동|83,경기도 화성시 반송동 83,시범한빛마을삼부르네상스,화성시
41590|반송동|85,경기도 화성시 반송동 85,시범한빛마을동탄아이파크,화성시
41590|반송동|90-2,경기도 화성시 반송동 90-2,서해더블루(90-2),화성시
41590|반송동|90-9,경기도 화성시 반송동 90-9,동탄플래티넘,화성시
41590|반송동|93-1,경기도 화성시 반송동 93-1,동탄위버폴리스,화성시
41590|반송동|93-3,경기도 화성시 반송동 93-3,동탄파라곤,화성시
41590|반송동|93-6,경기도 화성시 반송동 93-6,센트럴S타운,화성시
41590|반송동|93-8,경기도 화성시 반송동 93-8,서해더블루(93-8),화성시
41590|반송동|93-9,경기도 화성시 반송동 93-9,동탄하이페리온,화성시
41590|반송동|96,경기도 화성시 반송동 96,METAPOLIS,화성시
41590|반송동|98,경기도 화성시 반송동 98,METAPOLIS,화성시
41590|반월동|860,경기도 화성시 반월동 860,신영통현대3차,화성시
41590|반월동|865-1,경기도 화성시 반월동 865-1,신영통현대1차,화성시
41590|반월동|868,경기도 화성시 반월동 868,신영통현대2차,화성시
41590|반월동|870,경기도 화성시 반월동 870,신영통현대4차,화성시
41590|반월동|872,경기도 화성시 반월동 872,삼성래미안2차,화성시
41590|반월동|880,경기도 화성시 반월동 880,반달마을두산위브1단지,화성시
41590|반월동|883,경기도 화성시 반월동 883,반달마을두산위브2단지,화성시
41590|반월동|885,경기도 화성시 반월동 885,반달마을푸르지오,화성시
41590|반월동|944,경기도 화성시 반월동 944,에스케이뷰파크,화성시
41590|반월동|959,경기도 화성시 반월동 959,반월자이더파크,화성시
41590|반월동|960,경기도 화성시 반월동 960,e편한세상반월나노시티역,화성시
41590|반월동|973,경기도 화성시 반월동 973,나노시티역롯데캐슬,화성시
41590|반월동|974,경기도 화성시 반월동 974,신동탄포레자이,화성시
41590|반정동|623,경기도 화성시 반정동 623,반정아이파크캐슬4단지,화성시
41590|반정동|637,경기도 화성시 반정동 637,반정아이파크캐슬5단지,화성시
41590|병점동|201-2,경기도 화성시 병점동 201-2,신미주,화성시
41590|병점동|282,경기도 화성시 병점동 282,남수원두산,화성시
41590|병점동|348-19,경기도 화성시 병점동 348-19,경기,화성시
41590|병점동|359,경기도 화성시 병점동 359,대창,화성시
41590|병점동|485,경기도 화성시 병점동 485,한신,화성시
41590|병점동|500-1,경기도 화성시 병점동 500-1,병점성호,화성시
41590|병점동|506,경기도 화성시 병점동 506,병점역우남퍼스트빌3차,화성시
41590|병점동|520,경기도 화성시 병점동 520,병점역한일타운,화성시
41590|병점동|809,경기도 화성시 병점동 809,주공1단지,화성시
41590|병점동|817,경기도 화성시 병점동 817,병점역센트럴허브시티,화성시
41590|병점동|819,경기도 화성시 병점동 819,안화동마을주공9단지,화성시
41590|병점동|820,경기도 화성시 병점동 820,안화동마을주공5단지,화성시
41590|병점동|821,경기도 화성시 병점동 821,느치미마을주공뜨란채3단지,화성시
41590|병점동|822,경기도 화성시 병점동 822,느치미마을2단지,화성시
41590|병점동|847,경기도 화성시 병점동 847,안화동마을우남퍼스트빌,화성시
41590|병점동|849,경기도 화성시 병점동 849,안화동마을주공7단지,화성시
41590|병점동|858,경기도 화성시 병점동 858,정든마을신창2차,화성시
41590|병점동|859,경기도 화성시 병점동 859,병점역에듀포레,화성시
41590|병점동|860,경기도 화성시 병점동 860,구봉마을우남퍼스트빌,화성시
41590|병점동|866,경기도 화성시 병점동 866,다정마을신한에스빌1차,화성시
41590|병점동|867,경기도 화성시 병점동 867,다정마을신한에스빌2차,화성시
41590|병점동|868,경기도 화성시 병점동 868,병점임광그대가,화성시
41590|병점동|870,경기도 화성시 병점동 870,병점역SK뷰아파트,화성시
41590|병점동|871,경기도 화성시 병점동 871,병점역효성해링턴플레이스,화성시
41590|병점동|872,경기도 화성시 병점동 872,병점역양우내안애,화성시
41590|병점동|881,경기도 화성시 병점동 881,병점역아이파크캐슬,화성시
41590|봉담읍 내리|871,경기도 화성시 봉담읍 내리 871,봉담자이프라이드시티,화성시
41590|봉담읍 내리|882,경기도 화성시 봉담읍 내리 882,힐스테이트봉담프라이드시티,화성시
41590|봉담읍 동화리|100-1,경기도 화성시 봉담읍 동화리 100-1,신일우남클래식타운,화성시
41590|봉담읍 동화리|431-4,경기도 화성시 봉담읍 동화리 431-4,유화빌라트,화성시
41590|봉담읍 동화리|575,경기도 화성시 봉담읍 동화리 575,동화마을동일하이빌,화성시
41590|봉담읍 동화리|580,경기도 화성시 봉담읍 동화리 580,휴먼시아동화마을(6단지),화성시
41590|봉담읍 동화리|628,경기도 화성시 봉담읍 동화리 628,휴먼시아동화마을5단지,화성시
41590|봉담읍 동화리|647,경기도 화성시 봉담읍 동화리 647,봉담신동아파밀리에,화성시
41590|봉담읍 동화리|652,경기도 화성시 봉담읍 동화리 652,에듀시티파라곤,화성시
41590|봉담읍 동화리|가-,경기도 화성시 봉담읍 동화리 가-,봉담자이라피네,화성시
41590|봉담읍 동화리|지구BL,경기도 화성시 봉담읍 동화리 지구BL,봉담자이라젠느,화성시
41590|봉담읍 상리|21-2,경기도 화성시 봉담읍 상리 21-2,한신,화성시
41590|봉담읍 상리|25-52,경기도 화성시 봉담읍 상리 25-52,봉담코아루카보드ZOOM시티,화성시
41590|봉담읍 상리|26-21,경기도 화성시 봉담읍 상리 26-21,한빛타워,화성시
41590|봉담읍 상리|614,경기도 화성시 봉담읍 상리 614,청운마을신안인스빌,화성시
41590|봉담읍 상리|622-1,경기도 화성시 봉담읍 상리 622-1,호수마을동문굿모닝힐,화성시
41590|봉담읍 상리|666,경기도 화성시 봉담읍 상리 666,중흥에스클래스에듀포레,화성시
41590|봉담읍 상리|667,경기도 화성시 봉담읍 상리 667,중흥에스클래스에듀시티,화성시
41590|봉담읍 상리|668,경기도 화성시 봉담읍 상리 668,이편한세상신봉담,화성시
41590|봉담읍 상리|678,경기도 화성시 봉담읍 상리 678,중흥에스클래스에듀파크,화성시
41590|봉담읍 상리|679,경기도 화성시 봉담읍 상리 679,화성봉담2엘크루루엘리안,화성시
41590|봉담읍 상리|696,경기도 화성시 봉담읍 상리 696,중흥에스클래스더퍼스트,화성시
41590|봉담읍 수기리|31-13,경기도 화성시 봉담읍 수기리 31-13,푸른들미102동,화성시
41590|봉담읍 수기리|31-14,경기도 화성시 봉담읍 수기리 31-14,푸른들미101동,화성시
41590|봉담읍 수기리|31-2,경기도 화성시 봉담읍 수기리 31-2,푸른들미103동,화성시
41590|봉담읍 수영리|647-5,경기도 화성시 봉담읍 수영리 647-5,수정마을동남메리트,화성시
41590|봉담읍 수영리|671,경기도 화성시 봉담읍 수영리 671,양지마을쌍용예가,화성시
41590|봉담읍 수영리|672,경기도 화성시 봉담읍 수영리 672,한울마을신창비바패밀리1단지,화성시
41590|봉담읍 수영리|673,경기도 화성시 봉담읍 수영리 673,한울마을신창비바패밀리2단지,화성시
41590|봉담읍 수영리|674,경기도 화성시 봉담읍 수영리 674,우방아이유쉘1단지,화성시
41590|봉담읍 수영리|679,경기도 화성시 봉담읍 수영리 679,우방아이유쉘2단지,화성시
41590|봉담읍 수영리|690,경기도 화성시 봉담읍 수영리 690,중흥에스클래스더센트럴,화성시
41590|봉담읍 와우리|10,경기도 화성시 봉담읍 와우리 10,동보와우리아파트,화성시
41590|봉담읍 와우리|20,경기도 화성시 봉담읍 와우리 20,신명,화성시
41590|봉담읍 와우리|210-26,경기도 화성시 봉담읍 와우리 210-26,수성효성,화성시
41590|봉담읍 와우리|237,경기도 화성시 봉담읍 와우리 237,신일해피트리2차,화성시
41590|봉담읍 와우리|238,경기도 화성시 봉담읍 와우리 238,다온마을쌍용스윗닷홈,화성시
41590|봉담읍 와우리|239,경기도 화성시 봉담읍 와우리 239,해오름마을봉담그대가1단지,화성시
41590|봉담읍 와우리|24-1,경기도 화성시 봉담읍 와우리 24-1,영풍,화성시
41590|봉담읍 와우리|240,경기도 화성시 봉담읍 와우리 240,해오름마을봉담그대가2단지,화성시
41590|봉담읍 와우리|589,경기도 화성시 봉담읍 와우리 589,봉담그대가3단지,화성시
41590|봉담읍 와우리|590,경기도 화성시 봉담읍 와우리 590,봉담아이파크,화성시
41590|봉담읍 와우리|591,경기도 화성시 봉담읍 와우리 591,봉담휴먼빌,화성시
41590|봉담읍 와우리|597,경기도 화성시 봉담읍 와우리 597,봉담센트럴푸르지오,화성시
41590|봉담읍 와우리|602,경기도 화성시 봉담읍 와우리 602,봉담한신더휴에듀파크,화성시
41590|봉담읍 유리|100-1,경기도 화성시 봉담읍 유리 100-1,봉담베스트빌,화성시
41590|비봉면 삼화리|1836,경기도 화성시 비봉면 삼화리 1836,비봉금강펜테리움,화성시
41590|비봉면 삼화리|1841,경기도 화성시 비봉면 삼화리 1841,화성비봉호반써밋,화성시
41590|비봉면 삼화리|1850,경기도 화성시 비봉면 삼화리 1850,예미지센트럴에듀,화성시
41590|비봉면 삼화리|1910,경기도 화성시 비봉면 삼화리 1910,우미린더퍼스트,화성시
41590|비봉면 삼화리|534-1,경기도 화성시 비봉면 삼화리 534-1,만석주상아파트,화성시
41590|비봉면 양노리|264-17,경기도 화성시 비봉면 양노리 264-17,킹덤시티,화성시
41590|비봉면 양노리|279-2,경기도 화성시 비봉면 양노리 279-2,스타캐슬,화성시
41590|비봉면 양노리|281-2,경기도 화성시 비봉면 양노리 281-2,스타캐슬,화성시
41590|비봉면 양노리|850,경기도 화성시 비봉면 양노리 850,천산스카이빌,화성시
41590|산척동|699,경기도 화성시 산척동 699,동탄 더샵 레이크에듀타운,화성시
41590|산척동|718,경기도 화성시 산척동 718,동탄 더 레이크 팰리스,화성시
41590|산척동|721,경기도 화성시 산척동 721,더레이크시티부영2단지,화성시
41590|산척동|722,경기도 화성시 산척동 722,더레이크시티부영1단지,화성시
41590|산척동|729,경기도 화성시 산척동 729,호수공원역 센트럴시티,화성시
41590|산척동|730,경기도 화성시 산척동 730,더레이크시티부영5단지,화성시
41590|산척동|733,경기도 화성시 산척동 733,더레이크시티부영6단지,화성시
41590|산척동|744,경기도 화성시 산척동 744,그린힐 반도유보라 아이비파크 10(1단지),화성시
41590|산척동|745,경기도 화성시 산척동 745,레이크힐 반도유보라 아이비파크 10.2,화성시
41590|산척동|789,경기도 화성시 산척동 789,"산척동,동탄호수공원금강펜테리움센트럴파크Ⅱ",화성시
41590|산척동|791,경기도 화성시 산척동 791,중흥에스클래스에듀하이,화성시
41590|산척동|792,경기도 화성시 산척동 792,서희스타힐스엔에이치에프,화성시
41590|새솔동|11,경기도 화성시 새솔동 11,송산신도시대방노블랜드리버스위트2차,화성시
41590|새솔동|13,경기도 화성시 새솔동 13,송산신도시대방노블랜드더센트럴3차,화성시
41590|새솔동|14,경기도 화성시 새솔동 14,송산신도시대방노블랜드더퍼스티지1차,화성시
41590|새솔동|16,경기도 화성시 새솔동 16,송산그린시티요진와이시티,화성시
41590|새솔동|18,경기도 화성시 새솔동 18,송산그린시티이지더원레이크뷰아파트,화성시
41590|새솔동|19,경기도 화성시 새솔동 19,금강펜테리움센트럴파크송산,화성시
41590|새솔동|22,경기도 화성시 새솔동 22,송산그린시티반도유보라아이비파크,화성시
41590|새솔동|23,경기도 화성시 새솔동 23,더펠리체휴먼빌,화성시
41590|새솔동|26,경기도 화성시 새솔동 26,세영리첼에듀파크,화성시
41590|새솔동|27,경기도 화성시 새솔동 27,모아미래도에듀포레,화성시
41590|새솔동|5,경기도 화성시 새솔동 5,송산그린시티6차NOBLELAND스타빌리지,화성시
41590|새솔동|6,경기도 화성시 새솔동 6,송산그린시티5차NOBLELAND리버파크,화성시
41590|석우동|49,경기도 화성시 석우동 49,푸르지오,화성시
41590|석우동|53,경기도 화성시 석우동 53,우미린제일풍경채,화성시
41590|석우동|55,경기도 화성시 석우동 55,롯데캐슬,화성시
41590|석우동|56,경기도 화성시 석우동 56,신일유토빌,화성시
41590|송동|692,경기도 화성시 송동 692,동탄2엘에이치26단지아파트(에이65블록),화성시
41590|송동|693,경기도 화성시 송동 693,동탄2하우스디더레이크,화성시
41590|송동|694,경기도 화성시 송동 694,동탄린스트라우스더레이크,화성시
41590|송산동|197-3,경기도 화성시 송산동 197-3,화성아너스포레,화성시
41590|송산동|200-32,경기도 화성시 송산동 200-32,우남블루존,화성시
41590|송산동|222,경기도 화성시 송산동 222,솔뫼마을한승미메이드,화성시
41590|송산동|223,경기도 화성시 송산동 223,한승미메이드,화성시
41590|송산동|261,경기도 화성시 송산동 261,화성송산동원로얄듀크포레,화성시
41590|송산동|97-129,경기도 화성시 송산동 97-129,신현대1차,화성시
41590|송산동|97-2,경기도 화성시 송산동 97-2,신현대2차,화성시
41590|송산동|98-2,경기도 화성시 송산동 98-2,효일목화,화성시
41590|송산면 사강리|541-4,경기도 화성시 송산면 사강리 541-4,신성,화성시
41590|송산면 사강리|628-9,경기도 화성시 송산면 사강리 628-9,송산,화성시
41590|송산면 사강리|636-3,경기도 화성시 송산면 사강리 636-3,송산렉스타운,화성시
41590|송산면 사강리|636-6,경기도 화성시 송산면 사강리 636-6,사강,화성시
41590|송산면 사강리|693-1,경기도 화성시 송산면 사강리 693-1,화성사강영도엘리시아,화성시
41590|송산면 사강리|693-4,경기도 화성시 송산면 사강리 693-4,건우아트팰리스,화성시
41590|송산면 사강리|700-1,경기도 화성시 송산면 사강리 700-1,태성,화성시
41590|송산면 육일리|726,경기도 화성시 송산면 육일리 726,포도마을코스코밸리,화성시
41590|신동|735,경기도 화성시 신동 735,동탄파크릭스A55BL아파트,화성시
41590|신동|815,경기도 화성시 신동 815,e편한세상동탄파크아너스,화성시
41590|신동|898,경기도 화성시 신동 898,동탄2디에트르포레,화성시
41590|안녕동|2,경기도 화성시 안녕동 2,병점역성호플레르빌,화성시
41590|안녕동|210,경기도 화성시 안녕동 210,남산마을청광플러스원,화성시
41590|안녕동|211,경기도 화성시 안녕동 211,병점역동문굿모닝힐,화성시
41590|안녕동|212,경기도 화성시 안녕동 212,아름마을신한미지엔,화성시
41590|안녕동|223,경기도 화성시 안녕동 223,안녕동우방아이유쉘,화성시
41590|안녕동|245,경기도 화성시 안녕동 245,우미린센트포레1단지,화성시
41590|안녕동|246,경기도 화성시 안녕동 246,우미린센트포레2단지,화성시
41590|안녕동|49-6,경기도 화성시 안녕동 49-6,남수원현대,화성시
41590|여울동|1001,경기도 화성시 여울동 1001,동탄역더샵센트럴시티2차,화성시
41590|여울동|1011,경기도 화성시 여울동 1011,동탄역중흥에스클래스,화성시
41590|여울동|1020,경기도 화성시 여울동 1020,동탄역린스트라우스,화성시
41590|여울동|1023,경기도 화성시 여울동 1023,동탄역헤리엇,화성시
41590|여울동|1044,경기도 화성시 여울동 1044,반도유보라아이비파크3,화성시
41590|여울동|1046,경기도 화성시 여울동 1046,화성동탄2센트럴힐즈동탄아파트,화성시
41590|여울동|1047,경기도 화성시 여울동 1047,동탄2신도시금강펜테리움센트럴파크Ⅰ,화성시
41590|여울동|1089,경기도 화성시 여울동 1089,동탄역롯데캐슬,화성시
41590|여울동|964,경기도 화성시 여울동 964,동탄역 신미주,화성시
41590|여울동|971,경기도 화성시 여울동 971,동탄역반도유보라아이비파크7.0,화성시
41590|여울동|972,경기도 화성시 여울동 972,동탄역 반도유보라 아이비파크6.0,화성시
41590|여울동|973,경기도 화성시 여울동 973,동탄역 반도유보라 아이비파크 8.0,화성시
41590|여울동|975,경기도 화성시 여울동 975,동탄역삼정그린코아,화성시
41590|여울동|978,경기도 화성시 여울동 978,동탄역유림노르웨이숲,화성시
41590|여울동|984,경기도 화성시 여울동 984,동탄역동원로얄듀크비스타3차,화성시
41590|여울동|985,경기도 화성시 여울동 985,동탄역파라곤,화성시
41590|여울동|988,경기도 화성시 여울동 988,동탄역 반도유보라 아이비파크5.0,화성시
41590|여울동|998,경기도 화성시 여울동 998,동탄역에일린의뜰,화성시
41590|여울동|BL-7,경기도 화성시 여울동 BL-7,동탄역예미지시그너스,화성시
41590|영천동|651-1397,경기도 화성시 영천동 651-1397,동탄퍼스트파크,화성시
41590|영천동|662,경기도 화성시 영천동 662,동탄역센트럴상록아파트,화성시
41590|영천동|665,경기도 화성시 영천동 665,동탄역센트럴자이(A-10),화성시
41590|영천동|670,경기도 화성시 영천동 670,동탄역센트럴예미지,화성시
41590|영천동|672,경기도 화성시 영천동 672,동탄역이지더원,화성시
41590|영천동|677,경기도 화성시 영천동 677,동탄역경남아너스빌,화성시
41590|영천동|716,경기도 화성시 영천동 716,동탄역반도유보라아이비파크2.0,화성시
41590|영천동|720,경기도 화성시 영천동 720,동탄역포레너스,화성시
41590|영천동|788,경기도 화성시 영천동 788,동탄역푸르지오,화성시
41590|영천동|833,경기도 화성시 영천동 833,힐스테이트동탄역,화성시
41590|영천동|859-1,경기도 화성시 영천동 859-1,동탄2신도시4차동원로얄듀크포레,화성시
41590|영천동|874,경기도 화성시 영천동 874,동탄역대방디엠시티더센텀,화성시
41590|영천동|879,경기도 화성시 영천동 879,동탄역동원로얄듀크1차,화성시
41590|영천동|884,경기도 화성시 영천동 884,동탄파크푸르지오,화성시
41590|영천동|890,경기도 화성시 영천동 890,동탄파크한양수자인,화성시
41590|영천동|892,경기도 화성시 영천동 892,동탄역자이,화성시
41590|우정읍 조암리|194-12,경기도 화성시 우정읍 조암리 194-12,미성102,화성시
41590|우정읍 조암리|200-4,경기도 화성시 우정읍 조암리 200-4,미성고층,화성시
41590|우정읍 조암리|231-1,경기도 화성시 우정읍 조암리 231-1,신태영(아),화성시
41590|우정읍 조암리|363,경기도 화성시 우정읍 조암리 363,기산,화성시
41590|우정읍 조암리|365-1,경기도 화성시 우정읍 조암리 365-1,문영,화성시
41590|우정읍 조암리|484-1,경기도 화성시 우정읍 조암리 484-1,금광포란재,화성시
41590|우정읍 조암리|791,경기도 화성시 우정읍 조암리 791,화성조암한라비발디,화성시
41590|우정읍 조암리|840,경기도 화성시 우정읍 조암리 840,화성조암스위트엠,화성시
41590|장안면 사곡리|124-1,경기도 화성시 장안면 사곡리 124-1,진명101동,화성시
41590|장안면 사곡리|125-3,경기도 화성시 장안면 사곡리 125-3,진명102동,화성시
41590|장안면 사곡리|125-4,경기도 화성시 장안면 사곡리 125-4,진명103동,화성시
41590|장안면 사곡리|170,경기도 화성시 장안면 사곡리 170,산호,화성시
41590|장안면 어은리|378-1,경기도 화성시 장안면 어은리 378-1,장안아파트,화성시
41590|장지동|1009,경기도 화성시 장지동 1009,레이크반도유보라아이비파크9.0,화성시
41590|장지동|1010,경기도 화성시 장지동 1010,동탄2아이파크1단지,화성시
41590|장지동|1011,경기도 화성시 장지동 1011,동탄2아이파크2단지,화성시
41590|장지동|914,경기도 화성시 장지동 914,엔에이치에프엘크루,화성시
41590|장지동|917,경기도 화성시 장지동 917,동탄호수하우스디,화성시
41590|장지동|921,경기도 화성시 장지동 921,한화 포레나 동탄호수,화성시
41590|장지동|922,경기도 화성시 장지동 922,동탄레이크자연앤푸르지오,화성시
41590|장지동|923,경기도 화성시 장지동 923,금호어울림레이크2차,화성시
41590|장지동|963,경기도 화성시 장지동 963,동탄호수자이파밀리에,화성시
41590|장지동|966,경기도 화성시 장지동 966,금호어울림레이크,화성시
41590|장지동|976,경기도 화성시 장지동 976,제일풍경채에듀앤파크,화성시
41590|장지동|977,경기도 화성시 장지동 977,동탄2신도시호반베르디움33단지,화성시
41590|정남면 덕절리|498,경기도 화성시 정남면 덕절리 498,근형심포니,화성시
41590|정남면 발산리|490-12,경기도 화성시 정남면 발산리 490-12,동남훼미리,화성시
41590|진안동|496,경기도 화성시 진안동 496,화남,화성시
41590|진안동|506,경기도 화성시 진안동 506,화남(506-0),화성시
41590|진안동|908,경기도 화성시 진안동 908,진안골마을주공10단지,화성시
41590|진안동|911,경기도 화성시 진안동 911,진안골마을주공11단지,화성시
41590|진안동|929,경기도 화성시 진안동 929,진안파크자이아파트,화성시
41590|진안동|935,경기도 화성시 진안동 935,월드메르디앙1단지,화성시
41590|진안동|936,경기도 화성시 진안동 936,월드메르디앙2단지,화성시
41590|청계동|512,경기도 화성시 청계동 512,동탄역 시범우남퍼스트빌아파트,화성시
41590|청계동|513,경기도 화성시 청계동 513,동탄역시범리슈빌아파트,화성시
41590|청계동|514,경기도 화성시 청계동 514,동탄역시범금강펜테리움센트럴파크3,화성시
41590|청계동|516,경기도 화성시 청계동 516,동탄역시범대원칸타빌아파트,화성시
41590|청계동|519,경기도 화성시 청계동 519,더샵센트럴시티,화성시
41590|청계동|520,경기도 화성시 청계동 520,동탄역 시범한화 꿈에그린 프레스티지,화성시
41590|청계동|525,경기도 화성시 청계동 525,동탄역시범호반써밋,화성시
41590|청계동|532,경기도 화성시 청계동 532,동탄역시범예미지아파트,화성시
41590|청계동|533,경기도 화성시 청계동 533,동탄역시범반도유보라아이비파크1.0,화성시
41590|청계동|536,경기도 화성시 청계동 536,시범반도유보라아이비파크4.0,화성시
41590|청계동|538,경기도 화성시 청계동 538,동탄역센트럴푸르지오,화성시
41590|청계동|541,경기도 화성시 청계동 541,롯데캐슬 알바트로스,화성시
41590|청계동|545,경기도 화성시 청계동 545,동탄역신안인스빌리베라1차,화성시
41590|청계동|546,경기도 화성시 청계동 546,동탄역모아미래도,화성시
41590|청계동|547,경기도 화성시 청계동 547,동탄역신안인스빌리베라2차,화성시
41590|청계동|550,경기도 화성시 청계동 550,KCC스위첸아파트,화성시
41590|청계동|552,경기도 화성시 청계동 552,동탄역 호반 써밋,화성시
41590|청계동|556,경기도 화성시 청계동 556,동탄역 더 힐,화성시
41590|청계동|558,경기도 화성시 청계동 558,동탄역대원칸타빌포레지움,화성시
41590|팔탄면 가재리|692-1,경기도 화성시 팔탄면 가재리 692-1,진우,화성시
41590|향남읍 발안리|295,경기도 화성시 향남읍 발안리 295,발안마을주공,화성시
41590|향남읍 발안리|305,경기도 화성시 향남읍 발안리 305,우림필유,화성시
41590|향남읍 상신리|1349,경기도 화성시 향남읍 상신리 1349,한양수자인디에스티지,화성시
41590|향남읍 상신리|61-8,경기도 화성시 향남읍 상신리 61-8,향남제약공단근로자,화성시
41590|향남읍 장짐리|200-4,경기도 화성시 향남읍 장짐리 200-4,동구세인트빌,화성시
41590|향남읍 장짐리|203-17,경기도 화성시 향남읍 장짐리 203-17,가림D동,화성시
41590|향남읍 장짐리|203-18,경기도 화성시 향남읍 장짐리 203-18,가림C동,화성시
41590|향남읍 장짐리|203-19,경기도 화성시 향남읍 장짐리 203-19,가림B동,화성시
41590|향남읍 장짐리|203-4,경기도 화성시 향남읍 장짐리 203-4,가림A동,화성시
41590|향남읍 장짐리|277-3,경기도 화성시 향남읍 장짐리 277-3,신양고층,화성시
41590|향남읍 장짐리|277-4,경기도 화성시 향남읍 장짐리 277-4,신양1,화성시
41590|향남읍 장짐리|409,경기도 화성시 향남읍 장짐리 409,장짐마을신성발안미소지움,화성시
41590|향남읍 장짐리|410,경기도 화성시 향남읍 장짐리 410,장짐마을신성발안2차미소지움A,화성시
41590|향남읍 하길리|1464,경기도 화성시 향남읍 하길리 1464,화성향남서봉마을사랑으로부영3단지,화성시
41590|향남읍 하길리|1473,경기도 화성시 향남읍 하길리 1473,서봉마을모아엘가,화성시
41590|향남읍 하길리|1474,경기도 화성시 향남읍 하길리 1474,화성향남서봉마을사랑으로부영7단지,화성시
41590|향남읍 하길리|1475,경기도 화성시 향남읍 하길리 1475,서봉마을사랑으로부영6단지,화성시
41590|향남읍 하길리|1502,경기도 화성시 향남읍 하길리 1502,오색마을사랑으로부영10단지,화성시
41590|향남읍 하길리|1507,경기도 화성시 향남읍 하길리 1507,오색마을사랑으로부영9단지,화성시
41590|향남읍 하길리|1515,경기도 화성시 향남읍 하길리 1515,모아미래도에듀파크서봉마을4단지,화성시
41590|향남읍 행정리|438,경기도 화성시 향남읍 행정리 438,향남지구우미린아파트,화성시
41590|향남읍 행정리|440,경기도 화성시 향남읍 행정리 440,향남시범넓은마을향남지웰2차,화성시
41590|향남읍 행정리|441,경기도 화성시 향남읍 행정리 441,향남시범넓은들마을에일린의뜰,화성시
41590|향남읍 행정리|443,경기도 화성시 향남읍 행정리 443,화성향남시범넓은들마을신명스카이뷰,화성시
41590|향남읍 행정리|475,경기도 화성시 향남읍 행정리 475,화성향남시범복사꽃마을상록하늘채아파,화성시
41590|향남읍 행정리|479,경기도 화성시 향남읍 행정리 479,화성향남시범복사꽃마을한국아델리,화성시
41590|향남읍 행정리|480,경기도 화성시 향남읍 행정리 480,향남시범살구꽃마을풍림아이원,화성시
41590|향남읍 행정리|482,경기도 화성시 향남읍 행정리 482,향남살구꽃마을화성파크드림,화성시
41590|향남읍 행정리|485,경기도 화성시 향남읍 행정리 485,살구꽃마을대방노블랜드,화성시
41590|향남읍 행정리|491,경기도 화성시 향남읍 행정리 491,살구꽃마을제일오투그란데,화성시
41590|향남읍 행정리|492,경기도 화성시 향남읍 행정리 492,신영지웰,화성시
41590|향남읍 행정리|494,경기도 화성시 향남읍 행정리 494,한일베라체,화성시
41610|경안동|127,경기도 광주시 경안동 127,두진,광주시
41610|경안동|157-2,경기도 광주시 경안동 157-2,푸르지오,광주시
41610|경안동|185-1,경기도 광주시 경안동 185-1,해태,광주시
41610|경안동|447,경기도 광주시 경안동 447,경기광주역금호리첸시아,광주시
41610|고산동|182-4,경기도 광주시 고산동 182-4,우림(Lumiart),광주시
41610|고산동|396,경기도 광주시 고산동 396,금호,광주시
41610|고산동|654,경기도 광주시 고산동 654,더샵오포센트럴포레,광주시
41610|고산동|695,경기도 광주시 고산동 695,더샵오포센트리체,광주시
41610|고산동|704,경기도 광주시 고산동 704,오포자이디오브(3단지),광주시
41610|고산동|705,경기도 광주시 고산동 705,오포자이디오브(4단지),광주시
41610|고산동|707,경기도 광주시 고산동 707,오포자이오브제,광주시
41610|곤지암읍 곤지암리|337-12,경기도 광주시 곤지암읍 곤지암리 337-12,엘지,광주시
41610|곤지암읍 곤지암리|457,경기도 광주시 곤지암읍 곤지암리 457,쌍용2,광주시
41610|곤지암읍 곤지암리|459,경기도 광주시 곤지암읍 곤지암리 459,쌍용1,광주시
41610|곤지암읍 곤지암리|593,경기도 광주시 곤지암읍 곤지암리 593,삼주노블리제,광주시
41610|곤지암읍 삼리|125-1,경기도 광주시 곤지암읍 삼리 125-1,곤지암킴스빌리지,광주시
41610|곤지암읍 삼리|679,경기도 광주시 곤지암읍 삼리 679,현진에버빌,광주시
41610|능평동|141-2,경기도 광주시 능평동 141-2,오포베르빌,광주시
41610|능평동|463-1,경기도 광주시 능평동 463-1,오포아이파크,광주시
41610|능평동|914,경기도 광주시 능평동 914,능평리금강KCC,광주시
41610|능평동|916,경기도 광주시 능평동 916,오포우림필유골드135,광주시
41610|능평동|917,경기도 광주시 능평동 917,오포롯데캐슬포레스트,광주시
41610|도척면 진우리|1002,경기도 광주시 도척면 진우리 1002,광주근형심포니,광주시
41610|매산동|586-11,경기도 광주시 매산동 586-11,오포대성,광주시
41610|목현동|21,경기도 광주시 목현동 21,신일드림빌,광주시
41610|문형동|140-1,경기도 광주시 문형동 140-1,오포우림퓨전빌,광주시
41610|문형동|600,경기도 광주시 문형동 600,오포문형양우내안애,광주시
41610|문형동|898,경기도 광주시 문형동 898,신영프로방스,광주시
41610|삼동|504,경기도 광주시 삼동 504,우남퍼스트빌,광주시
41610|삼동|505,경기도 광주시 삼동 505,힐스테이트삼동역,광주시
41610|송정동|123-1,경기도 광주시 송정동 123-1,파라다이스2단지,광주시
41610|송정동|367-7,경기도 광주시 송정동 367-7,대주파크빌,광주시
41610|송정동|55,경기도 광주시 송정동 55,송정동현대아이파크,광주시
41610|송정동|560,경기도 광주시 송정동 560,브라운스톤,광주시
41610|송정동|573,경기도 광주시 송정동 573,금강펜테리움1단지,광주시
41610|송정동|574,경기도 광주시 송정동 574,금강펜테리움2단지,광주시
41610|송정동|575,경기도 광주시 송정동 575,우림필유,광주시
41610|송정동|580,경기도 광주시 송정동 580,나산,광주시
41610|송정동|596-12,경기도 광주시 송정동 596-12,파라다이스,광주시
41610|송정동|662,경기도 광주시 송정동 662,광주행정타운아이파크,광주시
41610|송정동|715,경기도 광주시 송정동 715,광주송정중흥S-클래스파크뷰,광주시
41610|신현동|1229,경기도 광주시 신현동 1229,오포e편한세상,광주시
41610|신현동|1230,경기도 광주시 신현동 1230,오포2차e-편한세상,광주시
41610|신현동|1232,경기도 광주시 신현동 1232,e편한세상오포3차,광주시
41610|신현동|1233,경기도 광주시 신현동 1233,신현라온프라이빗,광주시
41610|신현동|1236,경기도 광주시 신현동 1236,이편한세상태재1단지,광주시
41610|신현동|1237,경기도 광주시 신현동 1237,이편한세상태재2단지,광주시
41610|신현동|1241,경기도 광주시 신현동 1241,e편한세상테라스오포2단지,광주시
41610|신현동|1242,경기도 광주시 신현동 1242,e편한세상테라스오포3단지,광주시
41610|신현동|1243,경기도 광주시 신현동 1243,e편한세상테라스오포4단지,광주시
41610|신현동|588-1,경기도 광주시 신현동 588-1,현대모닝사이드2,광주시
41610|신현동|681-3,경기도 광주시 신현동 681-3,현대모닝사이드1-A,광주시
41610|신현동|681-4,경기도 광주시 신현동 681-4,현대모닝사이드1-B,광주시
41610|쌍령동|337,경기도 광주시 쌍령동 337,동성1,광주시
41610|쌍령동|349,경기도 광주시 쌍령동 349,동성2,광주시
41610|쌍령동|353-9,경기도 광주시 쌍령동 353-9,쌍령현대1차모닝사이드,광주시
41610|쌍령동|360-1,경기도 광주시 쌍령동 360-1,현대모닝사이드2,광주시
41610|쌍령동|501,경기도 광주시 쌍령동 501,서희스타힐스,광주시
41610|쌍령동|502,경기도 광주시 쌍령동 502,광주역대광로제비앙,광주시
41610|쌍령동|503,경기도 광주시 쌍령동 503,광주센트럴푸르지오,광주시
41610|양벌동|1104,경기도 광주시 양벌동 1104,세양청마루,광주시
41610|양벌동|1106,경기도 광주시 양벌동 1106,e편한세상 광주양벌,광주시
41610|양벌동|1111,경기도 광주시 양벌동 1111,광주역우방아이유쉘2단지,광주시
41610|양벌동|1112,경기도 광주시 양벌동 1112,광주역우방아이유쉘1단지,광주시
41610|양벌동|285,경기도 광주시 양벌동 285,양벌쌍용1차,광주시
41610|양벌동|343-1,경기도 광주시 양벌동 343-1,대주파크빌1차C블럭,광주시
41610|양벌동|347,경기도 광주시 양벌동 347,대주파크빌제1차B블럭,광주시
41610|양벌동|355-1,경기도 광주시 양벌동 355-1,대주파크빌1차A블럭,광주시
41610|양벌동|359,경기도 광주시 양벌동 359,양벌리우림,광주시
41610|양벌동|362,경기도 광주시 양벌동 362,양벌리2쌍용,광주시
41610|양벌동|616,경기도 광주시 양벌동 616,양촌현대,광주시
41610|양벌동|940-5,경기도 광주시 양벌동 940-5,대주(2차),광주시
41610|역동|243,경기도 광주시 역동 243,이편한세상광주역1단지,광주시
41610|역동|244,경기도 광주시 역동 244,이편한세상광주역2단지,광주시
41610|역동|245,경기도 광주시 역동 245,이편한세상광주역3단지,광주시
41610|역동|246,경기도 광주시 역동 246,이편한세상광주역4단지,광주시
41610|역동|247,경기도 광주시 역동 247,이편한세상광주역5단지,광주시
41610|역동|248,경기도 광주시 역동 248,이편한세상광주역6단지,광주시
41610|역동|364,경기도 광주시 역동 364,광주역자연앤자이,광주시
41610|장지동|692-61,경기도 광주시 장지동 692-61,현대,광주시
41610|장지동|755,경기도 광주시 장지동 755,금광포란재,광주시
41610|장지동|759,경기도 광주시 장지동 759,태전경남아너스빌시그니처,광주시
41610|초월읍 대쌍령리|124-4,경기도 광주시 초월읍 대쌍령리 124-4,신일드림빌,광주시
41610|초월읍 대쌍령리|496,경기도 광주시 초월읍 대쌍령리 496,쌍용더플래티넘광주,광주시
41610|초월읍 대쌍령리|61-1,경기도 광주시 초월읍 대쌍령리 61-1,우림푸른마을,광주시
41610|초월읍 도평리|154,경기도 광주시 초월읍 도평리 154,신일해피트리,광주시
41610|초월읍 도평리|200,경기도 광주시 초월읍 도평리 200,도평리2차우림퓨전빌,광주시
41610|초월읍 도평리|205,경기도 광주시 초월읍 도평리 205,도평리1차우림퓨전빌,광주시
41610|초월읍 도평리|259,경기도 광주시 초월읍 도평리 259,대주피오레,광주시
41610|초월읍 산이리|18-1,경기도 광주시 초월읍 산이리 18-1,코아루햇빛마을,광주시
41610|초월읍 산이리|432,경기도 광주시 초월읍 산이리 432,대주파크빌,광주시
41610|초월읍 산이리|433,경기도 광주시 초월읍 산이리 433,벽산블루밍,광주시
41610|초월읍 쌍동리|389,경기도 광주시 초월읍 쌍동리 389,초월롯데낙천대2,광주시
41610|초월읍 쌍동리|390,경기도 광주시 초월읍 쌍동리 390,초월롯데캐슬,광주시
41610|초월읍 쌍동리|392,경기도 광주시 초월읍 쌍동리 392,광주초월동광모닝스카이,광주시
41610|초월읍 쌍동리|393,경기도 광주시 초월읍 쌍동리 393,초월e-편한세상1,광주시
41610|초월읍 쌍동리|394,경기도 광주시 초월읍 쌍동리 394,초월e-편한세상2,광주시
41610|초월읍 쌍동리|395,경기도 광주시 초월읍 쌍동리 395,초월역모아미래도파크힐스,광주시
41610|초월읍 쌍동리|400,경기도 광주시 초월읍 쌍동리 400,초월역한라비발디,광주시
41610|초월읍 쌍동리|401,경기도 광주시 초월읍 쌍동리 401,힐스테이트초월역1블록,광주시
41610|초월읍 쌍동리|402,경기도 광주시 초월읍 쌍동리 402,힐스테이트초월역2블록,광주시
41610|초월읍 용수리|558,경기도 광주시 초월읍 용수리 558,광주초월2차동광모닝스카이,광주시
41610|초월읍 지월리|546,경기도 광주시 초월읍 지월리 546,광주1차세광엔리치빌,광주시
41610|초월읍 지월리|885,경기도 광주시 초월읍 지월리 885,광주초월금강아미움,광주시
41610|추자동|586,경기도 광주시 추자동 586,오포추자서희스타힐스,광주시
41610|탄벌동|37,경기도 광주시 탄벌동 37,산호,광주시
41610|탄벌동|40,경기도 광주시 탄벌동 40,현대,광주시
41610|탄벌동|701-1,경기도 광주시 탄벌동 701-1,동보,광주시
41610|탄벌동|762,경기도 광주시 탄벌동 762,우림루미아트,광주시
41610|탄벌동|765,경기도 광주시 탄벌동 765,경남아너스빌1단지,광주시
41610|탄벌동|766,경기도 광주시 탄벌동 766,경남아너스빌2단지,광주시
41610|탄벌동|769,경기도 광주시 탄벌동 769,벽산블루밍1단지,광주시
41610|탄벌동|770,경기도 광주시 탄벌동 770,벽산블루밍2단지,광주시
41610|탄벌동|771,경기도 광주시 탄벌동 771,두산위브광주센트럴파크,광주시
41610|탄벌동|778,경기도 광주시 탄벌동 778,광주탄벌서희스타힐스2단지,광주시
41610|탄벌동|779,경기도 광주시 탄벌동 779,광주탄벌서희스타힐스1단지,광주시
41610|태전동|193,경기도 광주시 태전동 193,성원3,광주시
41610|태전동|222,경기도 광주시 태전동 222,성원2,광주시
41610|태전동|228,경기도 광주시 태전동 228,성원,광주시
41610|태전동|228-1,경기도 광주시 태전동 228-1,성원5,광주시
41610|태전동|667,경기도 광주시 태전동 667,미진,광주시
41610|태전동|687,경기도 광주시 태전동 687,쌍용스윗닷홈3,광주시
41610|태전동|688,경기도 광주시 태전동 688,쌍용스윗닷홈2,광주시
41610|태전동|690,경기도 광주시 태전동 690,쌍용스윗닷홈1,광주시
41610|태전동|691,경기도 광주시 태전동 691,e-편한세상,광주시
41610|태전동|692,경기도 광주시 태전동 692,태전동우림필유,광주시
41610|태전동|694,경기도 광주시 태전동 694,광주태전지웰,광주시
41610|태전동|695,경기도 광주시 태전동 695,이편한세상태전2차(101~106동),광주시
41610|태전동|696,경기도 광주시 태전동 696,이편한세상태전2차(201~205동),광주시
41610|태전동|697,경기도 광주시 태전동 697,이편한세상태전2차(301~306동),광주시
41610|태전동|698,경기도 광주시 태전동 698,"힐스테이트태전(C-4,1501~1506동)",광주시
41610|태전동|699,경기도 광주시 태전동 699,"힐스테이트태전(C5,1507~1514동)",광주시
41610|태전동|700,경기도 광주시 태전동 700,"힐스테이트태전(C6,1515~1520동)",광주시
41610|태전동|702,경기도 광주시 태전동 702,힐스테이트태전6지구(1601동~1608동),광주시
41610|태전동|703,경기도 광주시 태전동 703,힐스테이트태전6(1609~1614동),광주시
41610|태전동|704,경기도 광주시 태전동 704,힐스테이트태전6(1615동~1620동),광주시
41610|태전동|705,경기도 광주시 태전동 705,태전효성해링턴플레이스,광주시
41610|태전동|722,경기도 광주시 태전동 722,힐스테이트태전2차에듀포레C10BL,광주시
41610|태전동|726,경기도 광주시 태전동 726,태전7지구C-13BL태전파크자이,광주시
41610|태전동|728,경기도 광주시 태전동 728,태전7지구C-14BL태전파크자이,광주시
41610|태전동|732,경기도 광주시 태전동 732,힐스테이트태전2차에듀포레C11BL,광주시
41610|태전동|735,경기도 광주시 태전동 735,광주태전아이파크,광주시
41610|회덕동|295-3,경기도 광주시 회덕동 295-3,벽산블루밍,광주시
41610|회덕동|441,경기도 광주시 회덕동 441,대주파크빌,광주시
41630|고암동|121-2,경기도 양주시 고암동 121-2,주원마을(주공2단지),양주시
41630|고암동|122,경기도 양주시 고암동 122,동안마을(주공3단지),양주시
41630|고암동|582,경기도 양주시 고암동 582,덕정중흥에스클래스,양주시
41630|고암동|583,경기도 양주시 고암동 583,하늘빛마을,양주시
41630|고읍동|440,경기도 양주시 고읍동 440,산내들마을한양수자인,양주시
41630|고읍동|451,경기도 양주시 고읍동 451,산내들마을우미린아파트,양주시
41630|고읍동|455,경기도 양주시 고읍동 455,산내들마을우남퍼스트빌,양주시
41630|고읍동|74,경기도 양주시 고읍동 74,TS푸른솔2차,양주시
41630|고읍동|77,경기도 양주시 고읍동 77,TS푸른솔1차,양주시
41630|고읍동|94,경기도 양주시 고읍동 94,현대,양주시
41630|광사동|131-4,경기도 양주시 광사동 131-4,대방노블랜드,양주시
41630|광사동|313-4,경기도 양주시 광사동 313-4,신도8푸른숲(브레뉴),양주시
41630|광사동|658,경기도 양주시 광사동 658,해동마을유승한내들,양주시
41630|광사동|712,경기도 양주시 광사동 712,해동마을한양수자인,양주시
41630|광사동|713,경기도 양주시 광사동 713,해동마을신도브래뉴,양주시
41630|광적면 가납리|840,경기도 양주시 광적면 가납리 840,양주성우헤스티아,양주시
41630|광적면 가납리|905,경기도 양주시 광적면 가납리 905,양주벨라시티아파트,양주시
41630|광적면 광석리|1-1,경기도 양주시 광적면 광석리 1-1,희망,양주시
41630|남면 신산리|332-3,경기도 양주시 남면 신산리 332-3,거산,양주시
41630|덕계동|201,경기도 양주시 덕계동 201,양주윤중아파트,양주시
41630|덕계동|203-6,경기도 양주시 덕계동 203-6,현대,양주시
41630|덕계동|271-44,경기도 양주시 덕계동 271-44,삼희푸른마을아파트,양주시
41630|덕계동|417-1,경기도 양주시 덕계동 417-1,신우,양주시
41630|덕계동|418-1,경기도 양주시 덕계동 418-1,혜동타워,양주시
41630|덕계동|420-3,경기도 양주시 덕계동 420-3,이레하이니스,양주시
41630|덕계동|424-1,경기도 양주시 덕계동 424-1,양주2차금광포란재,양주시
41630|덕계동|462-3,경기도 양주시 덕계동 462-3,평화빌리지,양주시
41630|덕계동|646-1,경기도 양주시 덕계동 646-1,금광,양주시
41630|덕계동|669,경기도 양주시 덕계동 669,덕계한주,양주시
41630|덕계동|670,경기도 양주시 덕계동 670,금용,양주시
41630|덕계동|707-25,경기도 양주시 덕계동 707-25,명성,양주시
41630|덕계동|852,경기도 양주시 덕계동 852,양주푸르지오,양주시
41630|덕계동|853,경기도 양주시 덕계동 853,범양2단지,양주시
41630|덕계동|854,경기도 양주시 덕계동 854,범양1단지,양주시
41630|덕계동|855,경기도 양주시 덕계동 855,현진에버빌1단지,양주시
41630|덕계동|856,경기도 양주시 덕계동 856,현진에버빌2단지,양주시
41630|덕계동|857,경기도 양주시 덕계동 857,덕계신도브래뉴,양주시
41630|덕계동|865,경기도 양주시 덕계동 865,양주회천신도시디에트르센트럴시티,양주시
41630|덕계동|903,경기도 양주시 덕계동 903,회천대광로제비앙더센트럴,양주시
41630|덕계동|905,경기도 양주시 덕계동 905,회천베네스트하우스,양주시
41630|덕계동|915,경기도 양주시 덕계동 915,덕계역금강펜테리움센트럴파크,양주시
41630|덕계동|928-2,경기도 양주시 덕계동 928-2,센트럴휴티스,양주시
41630|덕계동|937,경기도 양주시 덕계동 937,덕계역대광로제비앙더메트로팰리스,양주시
41630|덕계동|947,경기도 양주시 덕계동 947,양주회천한양수자인,양주시
41630|덕계동|962,경기도 양주시 덕계동 962,회천파밀리에더퍼스트,양주시
41630|덕계동|가-,경기도 양주시 덕계동 가-,회천트루엘시그니쳐,양주시
41630|덕정동|146-5,경기도 양주시 덕정동 146-5,명지,양주시
41630|덕정동|162-7,경기도 양주시 덕정동 162-7,양주덕정메트하임,양주시
41630|덕정동|164,경기도 양주시 덕정동 164,주공1(은동마을),양주시
41630|덕정동|173-4,경기도 양주시 덕정동 173-4,한국(108동),양주시
41630|덕정동|210-2,경기도 양주시 덕정동 210-2,청담마을(주공4단지),양주시
41630|덕정동|218-1,경기도 양주시 덕정동 218-1,한국(104동),양주시
41630|덕정동|221-1,경기도 양주시 덕정동 221-1,한국(105.106.107동),양주시
41630|덕정동|235,경기도 양주시 덕정동 235,봉우마을(주공5단지),양주시
41630|덕정동|280-5,경기도 양주시 덕정동 280-5,융보,양주시
41630|덕정동|286-9,경기도 양주시 덕정동 286-9,한국(101.102.103동),양주시
41630|덕정동|350-94,경기도 양주시 덕정동 350-94,아트시티,양주시
41630|덕정동|536,경기도 양주시 덕정동 536,일성트루엘,양주시
41630|덕정동|538,경기도 양주시 덕정동 538,양주서희스타힐스1단지,양주시
41630|덕정동|540,경기도 양주시 덕정동 540,양주서희스타힐스2단지,양주시
41630|덕정동|543,경기도 양주시 덕정동 543,덕정역서희스타힐스에듀포레뷰,양주시
41630|만송동|696,경기도 양주시 만송동 696,은빛마을한양수자인,양주시
41630|만송동|697,경기도 양주시 만송동 697,은빛마을유승한내들,양주시
41630|백석읍 가업리|103-1,경기도 양주시 백석읍 가업리 103-1,동화5차옥시죤,양주시
41630|백석읍 가업리|605,경기도 양주시 백석읍 가업리 605,서광(아침의빛),양주시
41630|백석읍 가업리|99-1,경기도 양주시 백석읍 가업리 99-1,세아청솔3차,양주시
41630|백석읍 방성리|162-4,경기도 양주시 백석읍 방성리 162-4,백석세아2차,양주시
41630|백석읍 방성리|511-2,경기도 양주시 백석읍 방성리 511-2,대교산과내,양주시
41630|백석읍 복지리|290,경기도 양주시 백석읍 복지리 290,동화(장미마을),양주시
41630|백석읍 복지리|292,경기도 양주시 백석읍 복지리 292,동화은하수옥시죤,양주시
41630|백석읍 복지리|322-4,경기도 양주시 백석읍 복지리 322-4,동화은하수(초록마을),양주시
41630|백석읍 복지리|41-1,경기도 양주시 백석읍 복지리 41-1,가야3,양주시
41630|백석읍 복지리|567,경기도 양주시 백석읍 복지리 567,동화6차옥시죤,양주시
41630|백석읍 복지리|80,경기도 양주시 백석읍 복지리 80,가야5차써니빌,양주시
41630|백석읍 복지리|93-3,경기도 양주시 백석읍 복지리 93-3,가야아파트2단지,양주시
41630|백석읍 복지리|94,경기도 양주시 백석읍 복지리 94,가야1,양주시
41630|백석읍 복지리|99-2,경기도 양주시 백석읍 복지리 99-2,태영데시안,양주시
41630|백석읍 오산리|107-1,경기도 양주시 백석읍 오산리 107-1,백석세아(102동),양주시
41630|백석읍 오산리|107-2,경기도 양주시 백석읍 오산리 107-2,백석세아(101동),양주시
41630|백석읍 오산리|296,경기도 양주시 백석읍 오산리 296,한승리메이드,양주시
41630|백석읍 홍죽리|964,경기도 양주시 백석읍 홍죽리 964,新양주모아엘가니케,양주시
41630|산북동|1,경기도 양주시 산북동 1,양주한승,양주시
41630|삼숭동|564,경기도 양주시 삼숭동 564,나래,양주시
41630|삼숭동|569,경기도 양주시 삼숭동 569,성우아파트아침의미소,양주시
41630|삼숭동|632-2,경기도 양주시 삼숭동 632-2,TS푸른솔3차아파트,양주시
41630|삼숭동|681-1,경기도 양주시 삼숭동 681-1,양주자이5단지,양주시
41630|삼숭동|682-1,경기도 양주시 삼숭동 682-1,양주자이4단지,양주시
41630|삼숭동|683-1,경기도 양주시 삼숭동 683-1,양주자이3단지,양주시
41630|삼숭동|684-1,경기도 양주시 삼숭동 684-1,양주자이2단지,양주시
41630|삼숭동|686-1,경기도 양주시 삼숭동 686-1,양주자이1단지,양주시
41630|삼숭동|688,경기도 양주시 삼숭동 688,양주자이(6단지),양주시
41630|삼숭동|689,경기도 양주시 삼숭동 689,양주자이(7단지),양주시
41630|삼숭동|690,경기도 양주시 삼숭동 690,옥정역로제비앙메트로파크1단지,양주시
41630|삼숭동|693,경기도 양주시 삼숭동 693,옥정역로제비앙메트로파크2단지,양주시
41630|옥정동|1026,경기도 양주시 옥정동 1026,리젠시빌란트,양주시
41630|옥정동|1043,경기도 양주시 옥정동 1043,양주옥정신도시제일풍경채레이크시티1단지,양주시
41630|옥정동|1043-1,경기도 양주시 옥정동 1043-1,양주옥정신도시제일풍경채레이크시티2단지,양주시
41630|옥정동|1046,경기도 양주시 옥정동 1046,율정마을13단지,양주시
41630|옥정동|1051,경기도 양주시 옥정동 1051,e편한세상옥정에듀써밋,양주시
41630|옥정동|1085,경기도 양주시 옥정동 1085,지에스건설제이드웰엔에이치에프,양주시
41630|옥정동|1095,경기도 양주시 옥정동 1095,e편한세상옥정메트로포레,양주시
41630|옥정동|1097,경기도 양주시 옥정동 1097,양주옥정유림노르웨이숲,양주시
41630|옥정동|176,경기도 양주시 옥정동 176,세창리베하우스,양주시
41630|옥정동|868,경기도 양주시 옥정동 868,양주옥정린파밀리에,양주시
41630|옥정동|869,경기도 양주시 옥정동 869,양주옥정신도시디에트르에듀포레,양주시
41630|옥정동|885,경기도 양주시 옥정동 885,e편한세상옥정리더스가든,양주시
41630|옥정동|893,경기도 양주시 옥정동 893,양주옥정더원파크빌리지,양주시
41630|옥정동|936,경기도 양주시 옥정동 936,e편한세상옥정더퍼스트,양주시
41630|옥정동|937,경기도 양주시 옥정동 937,대성베르힐옥정더센트로,양주시
41630|옥정동|938,경기도 양주시 옥정동 938,양주옥정신도시한신더휴,양주시
41630|옥정동|945,경기도 양주시 옥정동 945,양주옥정LH엘리프,양주시
41630|옥정동|946,경기도 양주시 옥정동 946,양주옥정신도시디에트르프레스티지,양주시
41630|옥정동|955,경기도 양주시 옥정동 955,옥정센트럴파크푸르지오,양주시
41630|옥정동|958,경기도 양주시 옥정동 958,e편한세상 옥정어반센트럴,양주시
41630|옥정동|959,경기도 양주시 옥정동 959,옥정중앙역중흥S-클래스센텀시티(2단지),양주시
41630|옥정동|960,경기도 양주시 옥정동 960,옥정중앙역중흥S-클래스센텀시티(1단지),양주시
41630|옥정동|968,경기도 양주시 옥정동 968,양주옥정신도시대방노블랜드더시그니처,양주시
41630|장흥면 부곡리|491,경기도 양주시 장흥면 부곡리 491,우남송추마을,양주시
41630|장흥면 부곡리|578,경기도 양주시 장흥면 부곡리 578,써밋더테라스,양주시
41630|장흥면 부곡리|579,경기도 양주시 장흥면 부곡리 579,푸른마을,양주시
41630|장흥면 부곡리|632-6,경기도 양주시 장흥면 부곡리 632-6,우리마을,양주시
41630|장흥면 부곡리|647,경기도 양주시 장흥면 부곡리 647,송추역북한산경남아너스빌,양주시
41630|장흥면 일영리|27-1,경기도 양주시 장흥면 일영리 27-1,푸른옥,양주시
41630|장흥면 일영리|58-15,경기도 양주시 장흥면 일영리 58-15,브라운힐아파트102동,양주시
41630|장흥면 일영리|604,경기도 양주시 장흥면 일영리 604,장흥역경남아너스빌북한산뷰1단지,양주시
41630|장흥면 일영리|605,경기도 양주시 장흥면 일영리 605,장흥역경남아너스빌북한산뷰2단지,양주시
41630|회정동|369,경기도 양주시 회정동 369,양주회정범양,양주시
41630|회정동|866,경기도 양주시 회정동 866,금용2,양주시
41630|회정동|911,경기도 양주시 회정동 911,e편한세상덕정역더스카이,양주시
41650|가산면 마산리|402-21,경기도 포천시 가산면 마산리 402-21,행복,포천시
41650|군내면 구읍리|740,경기도 포천시 군내면 구읍리 740,포천아이파크,포천시
41650|군내면 구읍리|743,경기도 포천시 군내면 구읍리 743,포천2차아이파크,포천시
41650|군내면 구읍리|746,경기도 포천시 군내면 구읍리 746,포천금호어울림센트럴,포천시
41650|군내면 용정리|475-1,경기도 포천시 군내면 용정리 475-1,포천용정대광로제비앙,포천시
41650|선단동|28,경기도 포천시 선단동 28,세창선단마을,포천시
41650|소흘읍 송우리|150,경기도 포천시 소흘읍 송우리 150,원일산호,포천시
41650|소흘읍 송우리|222-22,경기도 포천시 소흘읍 송우리 222-22,금용로얄,포천시
41650|소흘읍 송우리|222-23,경기도 포천시 소흘읍 송우리 222-23,"금용로얄(305,306동)",포천시
41650|소흘읍 송우리|222-30,경기도 포천시 소흘읍 송우리 222-30,"금용로얄(203,204동)",포천시
41650|소흘읍 송우리|222-51,경기도 포천시 소흘읍 송우리 222-51,한국개나리,포천시
41650|소흘읍 송우리|257-5,경기도 포천시 소흘읍 송우리 257-5,포천송우 서희스타힐스,포천시
41650|소흘읍 송우리|392-13,경기도 포천시 소흘읍 송우리 392-13,전원우정아파트,포천시
41650|소흘읍 송우리|424,경기도 포천시 소흘읍 송우리 424,송우시그니엘타워,포천시
41650|소흘읍 송우리|430-10,경기도 포천시 소흘읍 송우리 430-10,원일5차,포천시
41650|소흘읍 송우리|430-13,경기도 포천시 소흘읍 송우리 430-13,원일산호3,포천시
41650|소흘읍 송우리|430-8,경기도 포천시 소흘읍 송우리 430-8,원일산호2,포천시
41650|소흘읍 송우리|505-8,경기도 포천시 소흘읍 송우리 505-8,일신,포천시
41650|소흘읍 송우리|725-6,경기도 포천시 소흘읍 송우리 725-6,송천마을,포천시
41650|소흘읍 송우리|725-7,경기도 포천시 소흘읍 송우리 725-7,석향마을대방노블랜드,포천시
41650|소흘읍 송우리|727-2,경기도 포천시 소흘읍 송우리 727-2,태봉마을,포천시
41650|소흘읍 송우리|730-1,경기도 포천시 소흘읍 송우리 730-1,영화,포천시
41650|소흘읍 송우리|735,경기도 포천시 소흘읍 송우리 735,포천송우서희스타힐스,포천시
41650|소흘읍 송우리|738,경기도 포천시 소흘읍 송우리 738,태봉공원푸르지오파크몬트,포천시
41650|소흘읍 이동교리|256,경기도 포천시 소흘읍 이동교리 256,대방노블랜드1차,포천시
41650|소흘읍 초가팔리|336,경기도 포천시 소흘읍 초가팔리 336,상운,포천시
41650|신북면 가채리|30-2,경기도 포천시 신북면 가채리 30-2,거산,포천시
41650|신북면 가채리|829-6,경기도 포천시 신북면 가채리 829-6,골든주택,포천시
41650|신북면 가채리|830-11,경기도 포천시 신북면 가채리 830-11,코스미,포천시
41650|신북면 가채리|929,경기도 포천시 신북면 가채리 929,포미재,포천시
41650|신북면 계류리|29-4,경기도 포천시 신북면 계류리 29-4,우신,포천시
41650|신북면 기지리|101-3,경기도 포천시 신북면 기지리 101-3,후레쉬빌,포천시
41650|신북면 기지리|101-6,경기도 포천시 신북면 기지리 101-6,신포천,포천시
41650|신북면 기지리|740,경기도 포천시 신북면 기지리 740,산호,포천시
41650|신읍동|143-4,경기도 포천시 신읍동 143-4,유한,포천시
41650|신읍동|167-4,경기도 포천시 신읍동 167-4,은하,포천시
41650|신읍동|173-44,경기도 포천시 신읍동 173-44,포천헤리센트,포천시
41650|신읍동|205-1,경기도 포천시 신읍동 205-1,포천신읍코아루더스카이2단지(201동),포천시
41650|신읍동|205-46,경기도 포천시 신읍동 205-46,포천신읍코아루더스카이1단지(101동102동),포천시
41650|신읍동|219-2,경기도 포천시 신읍동 219-2,예준아트빌,포천시
41650|신읍동|227-8,경기도 포천시 신읍동 227-8,한신,포천시
41650|신읍동|235-11,경기도 포천시 신읍동 235-11,현대,포천시
41650|신읍동|295-23,경기도 포천시 신읍동 295-23,한국,포천시
41650|신읍동|307,경기도 포천시 신읍동 307,일신,포천시
41650|신읍동|315-4,경기도 포천시 신읍동 315-4,백자타운빌,포천시
41650|신읍동|43-18,경기도 포천시 신읍동 43-18,포천예원프라자,포천시
41650|신읍동|697-1,경기도 포천시 신읍동 697-1,극동1차스타클래스아파트1단지,포천시
41650|신읍동|697-3,경기도 포천시 신읍동 697-3,극동1차스타클래스아파트2단지,포천시
41650|신읍동|698,경기도 포천시 신읍동 698,포천극동2차스타클래스,포천시
41650|신읍동|9-4,경기도 포천시 신읍동 9-4,골든,포천시
41650|어룡동|764,경기도 포천시 어룡동 764,모아엘가리더스파크,포천시
41650|어룡동|771,경기도 포천시 어룡동 771,포천리버포레세영리첼,포천시
41650|영북면 운천리|481-5,경기도 포천시 영북면 운천리 481-5,천보,포천시
41650|영북면 운천리|554-70,경기도 포천시 영북면 운천리 554-70,동영,포천시
41650|영중면 양문리|770-7,경기도 포천시 영중면 양문리 770-7,세양페스트빌,포천시
41650|일동면 기산리|68-18,경기도 포천시 일동면 기산리 68-18,리버,포천시
41650|일동면 기산리|68-4,경기도 포천시 일동면 기산리 68-4,원풍2,포천시
41650|일동면 기산리|78-22,경기도 포천시 일동면 기산리 78-22,원풍,포천시
41650|일동면 기산리|797,경기도 포천시 일동면 기산리 797,일동기산베스트빌,포천시
41670|가남읍 신해리|620-17,경기도 여주시 가남읍 신해리 620-17,동남,여주시
41670|가남읍 신해리|620-8,경기도 여주시 가남읍 신해리 620-8,현진에버빌-2,여주시
41670|가남읍 신해리|632,경기도 여주시 가남읍 신해리 632,현진에버빌-1,여주시
41670|가남읍 심석리|118,경기도 여주시 가남읍 심석리 118,세광리치타운(101동-108동),여주시
41670|가남읍 태평리|106-1,경기도 여주시 가남읍 태평리 106-1,을성,여주시
41670|가남읍 태평리|268-3,경기도 여주시 가남읍 태평리 268-3,굿모닝타워,여주시
41670|교동|127,경기도 여주시 교동 127,예일세띠앙,여주시
41670|교동|28,경기도 여주시 교동 28,삼성명가타운,여주시
41670|교동|531,경기도 여주시 교동 531,여주역푸르지오클라테르,여주시
41670|교동|572,경기도 여주시 교동 572,여주역금호어울림베르티스,여주시
41670|교동|662-1,경기도 여주시 교동 662-1,여주역휴먼빌아트라움,여주시
41670|교동|670-1,경기도 여주시 교동 670-1,여주역우남퍼스트빌,여주시
41670|교동|673,경기도 여주시 교동 673,여주역센트레빌트리니체,여주시
41670|교동|81,경기도 여주시 교동 81,강남,여주시
41670|교동|81-2,경기도 여주시 교동 81-2,호반리젠시빌,여주시
41670|멱곡동|376-8,경기도 여주시 멱곡동 376-8,정광휴레나,여주시
41670|상동|177-4,경기도 여주시 상동 177-4,인텔존,여주시
41670|상동|374-2,경기도 여주시 상동 374-2,유원로얄,여주시
41670|세종대왕면 신지리|1184,경기도 여주시 세종대왕면 신지리 1184,우찬셀레스,여주시
41670|연양동|348-4,경기도 여주시 연양동 348-4,영진리버빌,여주시
41670|오학동|100-5,경기도 여주시 오학동 100-5,현진에버빌,여주시
41670|오학동|361,경기도 여주시 오학동 361,신도브래뉴리버뷰,여주시
41670|오학동|401,경기도 여주시 오학동 401,성일우리미,여주시
41670|오학동|408,경기도 여주시 오학동 408,여주오드카운티,여주시
41670|월송동|127-9,경기도 여주시 월송동 127-9,한성,여주시
41670|월송동|380-5,경기도 여주시 월송동 380-5,두풍리치빌,여주시
41670|월송동|388-29,경기도 여주시 월송동 388-29,보광그랑베르,여주시
41670|점봉동|114,경기도 여주시 점봉동 114,인창,여주시
41670|점봉동|291-1,경기도 여주시 점봉동 291-1,세종그랑시아,여주시
41670|점봉동|430-6,경기도 여주시 점봉동 430-6,부영사랑으로,여주시
41670|창동|138-4,경기도 여주시 창동 138-4,씨티PARK,여주시
41670|천송동|515-1,경기도 여주시 천송동 515-1,월드타워,여주시
41670|천송동|517-5,경기도 여주시 천송동 517-5,중앙하이빌,여주시
41670|천송동|591-7,경기도 여주시 천송동 591-7,서해스카이팰리스,여주시
41670|천송동|599,경기도 여주시 천송동 599,여주KCC스위첸,여주시
41670|하동|121-1,경기도 여주시 하동 121-1,하나,여주시
41670|하동|122-7,경기도 여주시 하동 122-7,삼한강변,여주시
41670|하동|123,경기도 여주시 하동 123,현대,여주시
41670|현암동|177-23,경기도 여주시 현암동 177-23,영동,여주시
41670|현암동|177-3,경기도 여주시 현암동 177-3,삼진,여주시
41670|현암동|188-1,경기도 여주시 현암동 188-1,벽산,여주시
41670|현암동|195,경기도 여주시 현암동 195,이안여주강변,여주시
41670|현암동|684,경기도 여주시 현암동 684,e편한세상여주,여주시
41670|현암동|695,경기도 여주시 현암동 695,여주아이파크,여주시
41670|홍문동|181#41670-18,경기도 여주시 홍문동 181,"홍문현대102,104,105동",여주시
41670|홍문동|181#41670-19,경기도 여주시 홍문동 181,홍문현대,여주시
41670|홍문동|181#41670-9,경기도 여주시 홍문동 181,"홍문현대103동,106동",여주시
41670|홍문동|286-11,경기도 여주시 홍문동 286-11,대우,여주시
41670|홍문동|303-8,경기도 여주시 홍문동 303-8,반석,여주시
41670|홍문동|353,경기도 여주시 홍문동 353,동원,여주시
41670|홍문동|377-1,경기도 여주시 홍문동 377-1,상우1차,여주시
41670|홍문동|377-6,경기도 여주시 홍문동 377-6,상우2차,여주시
41670|홍문동|산8-1,경기도 여주시 홍문동 산8-1,삼한,여주시
41800|신서면 도신리|248-15,경기도 연천군 신서면 도신리 248-15,대광빌라,연천군
41800|연천읍 옥산리|459-1,경기도 연천군 연천읍 옥산리 459-1,조흥,연천군
41800|연천읍 옥산리|860,경기도 연천군 연천읍 옥산리 860,e편한세상연천웰스하임,연천군
41800|연천읍 차탄리|756,경기도 연천군 연천읍 차탄리 756,원철그린빌,연천군
41800|연천읍 현가리|498,경기도 연천군 연천읍 현가리 498,로하스,연천군
41800|전곡읍 은대리|2502,경기도 연천군 전곡읍 은대리 2502,연천전곡코아루더클래스,연천군
41800|전곡읍 은대리|530-9,경기도 연천군 전곡읍 은대리 530-9,가람채아파트,연천군
41800|전곡읍 전곡리|263,경기도 연천군 전곡읍 전곡리 263,조흥,연천군
41800|전곡읍 전곡리|267-6,경기도 연천군 전곡읍 전곡리 267-6,진상,연천군
41800|전곡읍 전곡리|318-7,경기도 연천군 전곡읍 전곡리 318-7,유명,연천군
41800|전곡읍 전곡리|324-26,경기도 연천군 전곡읍 전곡리 324-26,청와,연천군
41800|전곡읍 전곡리|324-43,경기도 연천군 전곡읍 전곡리 324-43,방림,연천군
41800|전곡읍 전곡리|324-8,경기도 연천군 전곡읍 전곡리 324-8,은서,연천군
41800|전곡읍 전곡리|325-10,경기도 연천군 전곡읍 전곡리 325-10,샤인,연천군
41800|전곡읍 전곡리|325-4,경기도 연천군 전곡읍 전곡리 325-4,영풍,연천군
41800|전곡읍 전곡리|330-11,경기도 연천군 전곡읍 전곡리 330-11,세원1동,연천군
41800|전곡읍 전곡리|330-13,경기도 연천군 전곡읍 전곡리 330-13,세원2동,연천군
41800|전곡읍 전곡리|330-3,경기도 연천군 전곡읍 전곡리 330-3,전곡석미한아름,연천군
41800|전곡읍 전곡리|330-9,경기도 연천군 전곡읍 전곡리 330-9,세원3,연천군
41800|전곡읍 전곡리|411-3,경기도 연천군 전곡읍 전곡리 411-3,명정,연천군
41800|전곡읍 전곡리|449-1,경기도 연천군 전곡읍 전곡리 449-1,삼민,연천군
41800|전곡읍 전곡리|449-18,경기도 연천군 전곡읍 전곡리 449-18,강민,연천군
41800|전곡읍 전곡리|449-3,경기도 연천군 전곡읍 전곡리 449-3,동원,연천군
41800|전곡읍 전곡리|480-35,경기도 연천군 전곡읍 전곡리 480-35,영도플라자,연천군
41800|전곡읍 전곡리|684,경기도 연천군 전곡읍 전곡리 684,전곡예일세띠앙,연천군
41800|전곡읍 전곡리|685,경기도 연천군 전곡읍 전곡리 685,석미모닝파크,연천군
41800|전곡읍 전곡리|707,경기도 연천군 전곡읍 전곡리 707,전곡석미모닝파크3차,연천군
41800|전곡읍 전곡리|82,경기도 연천군 전곡읍 전곡리 82,전곡제일풍경채리버파크,연천군
41800|청산면 백의리|50-1,경기도 연천군 청산면 백의리 50-1,백의리아느칸빌,연천군
41800|청산면 초성리|173-12,경기도 연천군 청산면 초성리 173-12,태창그린빌리지101동-105동,연천군
41820|가평읍 달전리|281,경기도 가평군 가평읍 달전리 281,세대넥스빌,가평군
41820|가평읍 달전리|285-1,경기도 가평군 가평읍 달전리 285-1,신초,가평군
41820|가평읍 달전리|339,경기도 가평군 가평읍 달전리 339,유성,가평군
41820|가평읍 대곡리|189-5,경기도 가평군 가평읍 대곡리 189-5,삼성홈타운,가평군
41820|가평읍 대곡리|230-18,경기도 가평군 가평읍 대곡리 230-18,삼성웰타운아파트,가평군
41820|가평읍 대곡리|285-6,경기도 가평군 가평읍 대곡리 285-6,태광,가평군
41820|가평읍 대곡리|296-3,경기도 가평군 가평읍 대곡리 296-3,삼익,가평군
41820|가평읍 대곡리|360,경기도 가평군 가평읍 대곡리 360,우림필유1단지,가평군
41820|가평읍 대곡리|366-8,경기도 가평군 가평읍 대곡리 366-8,우림필유2단지,가평군
41820|가평읍 대곡리|402-1,경기도 가평군 가평읍 대곡리 402-1,썬힐,가평군
41820|가평읍 대곡리|694,경기도 가평군 가평읍 대곡리 694,e편한세상가평퍼스트원,가평군
41820|가평읍 대곡리|695,경기도 가평군 가평읍 대곡리 695,가평자이,가평군
41820|가평읍 읍내리|1053,경기도 가평군 가평읍 읍내리 1053,가평코아루,가평군
41820|가평읍 읍내리|214,경기도 가평군 가평읍 읍내리 214,힐스테이트가평더뉴클래스,가평군
41820|가평읍 읍내리|260,경기도 가평군 가평읍 읍내리 260,정명,가평군
41820|가평읍 읍내리|292-7,경기도 가평군 가평읍 읍내리 292-7,에덴,가평군
41820|가평읍 읍내리|299-3,경기도 가평군 가평읍 읍내리 299-3,J정동,가평군
41820|가평읍 읍내리|457-5,경기도 가평군 가평읍 읍내리 457-5,가평센트럴파크더스카이,가평군
41820|가평읍 읍내리|537-1,경기도 가평군 가평읍 읍내리 537-1,중앙,가평군
41820|가평읍 읍내리|585,경기도 가평군 가평읍 읍내리 585,효신(101동),가평군
41820|가평읍 읍내리|585-4,경기도 가평군 가평읍 읍내리 585-4,효신(102동),가평군
41820|가평읍 읍내리|590-2,경기도 가평군 가평읍 읍내리 590-2,에코아파트2차,가평군
41820|가평읍 읍내리|592-1,경기도 가평군 가평읍 읍내리 592-1,에코,가평군
41820|가평읍 읍내리|637,경기도 가평군 가평읍 읍내리 637,준수아파트B동,가평군
41820|가평읍 읍내리|637-3,경기도 가평군 가평읍 읍내리 637-3,준수아파트A동,가평군
41820|가평읍 읍내리|681-3,경기도 가평군 가평읍 읍내리 681-3,형진타워,가평군
41820|가평읍 읍내리|749-7,경기도 가평군 가평읍 읍내리 749-7,해오름아파트,가평군
41820|가평읍 읍내리|766-3,경기도 가평군 가평읍 읍내리 766-3,가평블루핀,가평군
41820|가평읍 읍내리|771-1,경기도 가평군 가평읍 읍내리 771-1,에이원파란채,가평군
41820|가평읍 읍내리|782-1,경기도 가평군 가평읍 읍내리 782-1,정명힐탑빌라라동,가평군
41820|가평읍 읍내리|799-4,경기도 가평군 가평읍 읍내리 799-4,제이정동102동,가평군
41820|가평읍 읍내리|799-5,경기도 가평군 가평읍 읍내리 799-5,제이정동101동,가평군
41820|가평읍 읍내리|837-1,경기도 가평군 가평읍 읍내리 837-1,송안,가평군
41820|상면 덕현리|398-4,경기도 가평군 상면 덕현리 398-4,청향,가평군
41820|설악면 선촌리|663,경기도 가평군 설악면 선촌리 663,북한강코아루,가평군
41820|설악면 신천리|420-2,경기도 가평군 설악면 신천리 420-2,어젤리아(102동),가평군
41820|설악면 신천리|426-1,경기도 가평군 설악면 신천리 426-1,어젤리아(101동),가평군
41820|설악면 신천리|911,경기도 가평군 설악면 신천리 911,디엘본가평설악아파트,가평군
41820|조종면 현리|232-2,경기도 가평군 조종면 현리 232-2,임성,가평군
41820|조종면 현리|258-20,경기도 가평군 조종면 현리 258-20,청수1동,가평군
41820|청평면 청평리|306,경기도 가평군 청평면 청평리 306,경남아너스빌,가평군
41820|청평면 청평리|313-12,경기도 가평군 청평면 청평리 313-12,현진라벨메종,가평군
41820|청평면 청평리|313-18,경기도 가평군 청평면 청평리 313-18,한영미란채,가평군
41820|청평면 청평리|470-37,경기도 가평군 청평면 청평리 470-37,청구,가평군
41820|청평면 청평리|472,경기도 가평군 청평면 청평리 472,청평세양청마루,가평군
41820|청평면 청평리|626-12,경기도 가평군 청평면 청평리 626-12,청일덱스빌3동,가평군
41820|청평면 청평리|626-2,경기도 가평군 청평면 청평리 626-2,청일덱스빌7동,가평군
41820|청평면 청평리|626-35,경기도 가평군 청평면 청평리 626-35,청일덱스빌(5동),가평군
41820|청평면 청평리|626-36,경기도 가평군 청평면 청평리 626-36,청일덱스빌(6동),가평군
41820|청평면 청평리|626-8,경기도 가평군 청평면 청평리 626-8,로얄,가평군
41820|청평면 청평리|634-2,경기도 가평군 청평면 청평리 634-2,청수,가평군
41820|청평면 청평리|657-1,경기도 가평군 청평면 청평리 657-1,이안지안스청평,가평군
41820|청평면 청평리|76-19,경기도 가평군 청평면 청평리 76-19,청일덱스빌(1동),가평군
41820|청평면 청평리|76-20,경기도 가평군 청평면 청평리 76-20,청일덱스빌(2동),가평군
41820|청평면 청평리|79-57,경기도 가평군 청평면 청평리 79-57,청일,가평군
41820|청평면 청평리|837,경기도 가평군 청평면 청평리 837,청평삼성쉐르빌,가평군
41830|강상면 병산리|1205,경기도 양평군 강상면 병산리 1205,양평현대성우(1단지),양평군
41830|강상면 병산리|1206,경기도 양평군 강상면 병산리 1206,양평현대성우(2단지),양평군
41830|강상면 병산리|1207,경기도 양평군 강상면 병산리 1207,양평현대성우(3단지),양평군
41830|강상면 병산리|1208,경기도 양평군 강상면 병산리 1208,양평휴먼빌2차,양평군
41830|강상면 병산리|1211,경기도 양평군 강상면 병산리 1211,양평우방아이유쉘에코리버아파트,양평군
41830|개군면 하자포리|454,경기도 양평군 개군면 하자포리 454,양평비바체,양평군
41830|양동면 쌍학리|185-12,경기도 양평군 양동면 쌍학리 185-12,양동하이츠빌라,양평군
41830|양서면 양수리|1185,경기도 양평군 양서면 양수리 1185,양수아이파크(1단지),양평군
41830|양서면 양수리|1186,경기도 양평군 양서면 양수리 1186,양수아이파크(2단지),양평군
41830|양서면 양수리|1187,경기도 양평군 양서면 양수리 1187,W-Castle,양평군
41830|양서면 양수리|1188,경기도 양평군 양서면 양수리 1188,더리버파크,양평군
41830|양서면 양수리|551-22,경기도 양평군 양서면 양수리 551-22,성은아파트B동,양평군
41830|양서면 양수리|551-7,경기도 양평군 양서면 양수리 551-7,성은아파트A,양평군
41830|양서면 양수리|567-1,경기도 양평군 양서면 양수리 567-1,훼미리,양평군
41830|양서면 양수리|575-4,경기도 양평군 양서면 양수리 575-4,랑데뷰(A동),양평군
41830|양서면 양수리|575-8,경기도 양평군 양서면 양수리 575-8,랑데뷰(B동),양평군
41830|양서면 양수리|585-1,경기도 양평군 양서면 양수리 585-1,프라임파크뷰,양평군
41830|양서면 양수리|616-3,경기도 양평군 양서면 양수리 616-3,동영리더스뷰,양평군
41830|양서면 양수리|621-13,경기도 양평군 양서면 양수리 621-13,삼익,양평군
41830|양서면 용담리|242-5,경기도 양평군 양서면 용담리 242-5,양수역이지움리버뷰,양평군
41830|양서면 용담리|704,경기도 양평군 양서면 용담리 704,양수역에델바움,양평군
41830|양평읍 공흥리|441-26,경기도 양평군 양평읍 공흥리 441-26,예청그린팰리스,양평군
41830|양평읍 공흥리|883,경기도 양평군 양평읍 공흥리 883,행복마을(공흥주공),양평군
41830|양평읍 공흥리|885,경기도 양평군 양평읍 공흥리 885,한신휴플러스,양평군
41830|양평읍 공흥리|887,경기도 양평군 양평읍 공흥리 887,양평공흥3휴먼빌아틀리에,양평군
41830|양평읍 백안리|875,경기도 양평군 양평읍 백안리 875,블루밍1단지,양평군
41830|양평읍 백안리|876,경기도 양평군 양평읍 백안리 876,블루밍2단지,양평군
41830|양평읍 양근리|136-1,경기도 양평군 양평읍 양근리 136-1,제이파크,양평군
41830|양평읍 양근리|137-48,경기도 양평군 양평읍 양근리 137-48,그린맨션2,양평군
41830|양평읍 양근리|140-5,경기도 양평군 양평읍 양근리 140-5,양평현대,양평군
41830|양평읍 양근리|168-6,경기도 양평군 양평읍 양근리 168-6,반석,양평군
41830|양평읍 양근리|170-14,경기도 양평군 양평읍 양근리 170-14,원석비바체,양평군
41830|양평읍 양근리|170-43,경기도 양평군 양평읍 양근리 170-43,금광1,양평군
41830|양평읍 양근리|170-7,경기도 양평군 양평읍 양근리 170-7,금광2,양평군
41830|양평읍 양근리|171-6,경기도 양평군 양평읍 양근리 171-6,미르젠103동,양평군
41830|양평읍 양근리|192-29,경기도 양평군 양평읍 양근리 192-29,부림,양평군
41830|양평읍 양근리|230,경기도 양평군 양평읍 양근리 230,리버뷰101,양평군
41830|양평읍 양근리|376-8,경기도 양평군 양평읍 양근리 376-8,현대성우오스타코아루주상복합,양평군
41830|양평읍 양근리|651,경기도 양평군 양평읍 양근리 651,에스케이뷰아파트,양평군
41830|양평읍 양근리|652,경기도 양평군 양평읍 양근리 652,한진해모로,양평군
41830|양평읍 양근리|653,경기도 양평군 양평읍 양근리 653,미르젠101동102동,양평군
41830|양평읍 양근리|654,경기도 양평군 양평읍 양근리 654,휴먼빌,양평군
41830|양평읍 양근리|655,경기도 양평군 양평읍 양근리 655,코아루리버팰리스,양평군
41830|양평읍 양근리|656,경기도 양평군 양평읍 양근리 656,양평스카이파크,양평군
41830|양평읍 양근리|657,경기도 양평군 양평읍 양근리 657,대은팰리스뷰,양평군
41830|양평읍 양근리|664,경기도 양평군 양평읍 양근리 664,양평역센트럴시티,양평군
41830|양평읍 양근리|738,경기도 양평군 양평읍 양근리 738,센트럴파크써밋,양평군
41830|양평읍 양근리|797,경기도 양평군 양평읍 양근리 797,양평역한라비발디,양평군
41830|양평읍 양근리|810,경기도 양평군 양평읍 양근리 810,더샵양평리버포레,양평군
41830|양평읍 양근리|91-5,경기도 양평군 양평읍 양근리 91-5,그린맨션1,양평군
41830|양평읍 창대리|842,경기도 양평군 양평읍 창대리 842,양평휴먼빌리버파크어반,양평군
41830|양평읍 창대리|844,경기도 양평군 양평읍 창대리 844,한화포레나양평,양평군
41830|용문면 다문리|1052,경기도 양평군 용문면 다문리 1052,용문코아루,양평군
41830|용문면 다문리|1107,경기도 양평군 용문면 다문리 1107,용문역반도유보라아이비파크,양평군
41830|용문면 다문리|325-24,경기도 양평군 용문면 다문리 325-24,밀레니엄,양평군
41830|용문면 다문리|334-4,경기도 양평군 용문면 다문리 334-4,스파아파트,양평군
41830|용문면 다문리|344-1,경기도 양평군 용문면 다문리 344-1,반석,양평군
41830|용문면 다문리|390-1,경기도 양평군 용문면 다문리 390-1,비바체(1동),양평군
41830|용문면 다문리|390-22,경기도 양평군 용문면 다문리 390-22,원석비바체,양평군
41830|용문면 다문리|647,경기도 양평군 용문면 다문리 647,심미,양평군
41830|용문면 다문리|691-6,경기도 양평군 용문면 다문리 691-6,용문그린,양평군
41830|용문면 다문리|699-18,경기도 양평군 용문면 다문리 699-18,양평다문월드메르디앙,양평군
41830|용문면 마룡리|750,경기도 양평군 용문면 마룡리 750,꽃여울,양평군
