key,lat,lng,source
11110|견지동|110,37.572488,126.982442,address
11110|교북동|101,37.571433,126.962089,address
11110|교북동|126,37.571579,126.961393,address
11110|구기동|125-5,37.609036,126.956263,address
11110|구기동|95-1,37.607016,126.957322,address
11110|구기동|95-15,37.606848,126.957964,address
11110|내수동|110-15,37.573280,126.970461,address
11110|내수동|167,37.572761,126.973290,address
11110|내수동|71,37.573964,126.971285,address
11110|내수동|72,37.573661,126.972094,address
11110|내수동|73,37.572614,126.972273,address
11110|내수동|95,37.574170,126.970544,address
11110|누상동|40,37.580695,126.966351,address
11110|당주동|100,37.571864,126.973315,address
11110|당주동|145,37.571338,126.973705,address
11110|동숭동|4-157,37.583467,127.006156,address
11110|동숭동|4-161,37.583438,127.006255,address
11110|명륜1가|19,37.587460,126.997995,address
11110|명륜1가|2-12,37.590678,126.997717,address
11110|명륜1가|23,37.587849,126.997894,address
11110|명륜1가|33-85,37.588560,126.997823,address
11110|명륜1가|45-5,37.586957,126.998896,address
11110|명륜1가|5-89,37.590516,126.997092,address
11110|명륜2가|236,37.586132,126.998728,address
11110|명륜2가|237,37.585620,127.000268,address
11110|명륜2가|4,37.585614,126.999342,address
11110|명륜3가|1-102,37.589464,126.995256,address
11110|명륜3가|1-30,37.589417,126.994910,address
11110|무악동|60,37.577001,126.957445,address
11110|무악동|66-1,37.576145,126.957926,address
11110|무악동|82,37.575631,126.961060,address
11110|무악동|88,37.575737,126.959609,address
11110|무악동|89,37.573864,126.959447,address
11110|부암동|218-1,37.594634,126.964011,address
11110|부암동|235-2,37.593412,126.964557,address
11110|부암동|265-10,37.592247,126.964034,address
11110|사직동|1-8,37.576911,126.968024,address
11110|사직동|9,37.574417,126.968881,address
11110|사직동|9-1,37.573547,126.967763,address
11110|수송동|85,37.575096,126.981225,address
11110|숭인동|1392,37.573716,127.022720,address
11110|숭인동|1392-1,37.573565,127.022725,address
11110|숭인동|1419-2,37.573240,127.022100,address
11110|숭인동|1420,37.573218,127.022387,address
11110|숭인동|1421,37.573746,127.022368,address
11110|숭인동|1421-1,37.573446,127.022377,address
11110|숭인동|1421-2,37.573618,127.022371,address
11110|숭인동|178-76,37.574994,127.020121,address
11110|숭인동|181-105,37.576725,127.019700,address
11110|숭인동|181-121,37.576513,127.020014,address
11110|숭인동|2-1,37.580738,127.016145,address
11110|숭인동|201-11,37.573839,127.021307,address
11110|숭인동|202-3,37.573549,127.021699,address
11110|숭인동|204-11,37.572131,127.020568,address
11110|숭인동|204-11#11110-2313,37.572131,127.020566,keyword
11110|숭인동|204-11#11110-48,37.572131,127.020566,keyword
11110|숭인동|243,37.572606,127.017509,address
11110|숭인동|296-19,37.572407,127.016729,address
11110|숭인동|318-2,37.571352,127.016717,address
11110|숭인동|473,37.578531,127.021327,address
11110|숭인동|482,37.578215,127.021637,address
11110|숭인동|494,37.578086,127.021462,address
11110|숭인동|535,37.578439,127.020504,address
11110|숭인동|545,37.578340,127.020374,address
11110|숭인동|56-135,37.578846,127.018111,address
11110|숭인동|569-3,37.577755,127.019262,address
11110|숭인동|569-5,37.577360,127.019209,address
11110|숭인동|76,37.573843,127.016242,address
11110|숭인동|766,37.575929,127.021156,address
11110|숭인동|888,37.577299,127.020042,address
11110|신교동|6-11,37.583428,126.968155,address
11110|신교동|6-13,37.583583,126.967867,address
11110|신문로1가|238,37.571351,126.972935,address
11110|신문로2가|171,37.568671,126.972002,address
11110|신영동|105-22,37.601909,126.962323,address
11110|신영동|254,37.605520,126.960341,address
11110|연건동|195-10,37.575433,127.001840,address
11110|연건동|60-1,37.579111,127.001077,address
11110|연지동|163-3,37.573244,126.998736,address
11110|연지동|36-1,37.574702,126.998869,address
11110|옥인동|56,37.582073,126.967621,address
11110|이화동|9-1,37.576968,127.007163,address
11110|익선동|30-6,37.575103,126.989137,address
11110|익선동|55,37.575114,126.990058,address
11110|인의동|48-2,37.571483,126.998667,address
11110|창신동|23-326,37.579328,127.010686,address
11110|창신동|23-76,37.577346,127.015035,address
11110|창신동|23-816,37.577993,127.014696,address
11110|창신동|232,37.574218,127.014287,address
11110|창신동|328-17,37.572269,127.015188,address
11110|창신동|436-41,37.570449,127.011388,address
11110|창신동|578-5,37.572401,127.011020,address
11110|창신동|601,37.578234,127.009996,address
11110|창신동|601-1,37.577984,127.009788,address
11110|창신동|601-2,37.577953,127.010019,address
11110|창신동|601-4,37.577763,127.009732,address
11110|창신동|601-5,37.577796,127.010028,address
11110|창신동|601-6,37.577568,127.009542,address
11110|창신동|601-7,37.577603,127.009734,address
11110|창신동|601-8,37.577610,127.010032,address
11110|창신동|602,37.577335,127.009697,address
11110|창신동|602-1,37.577357,127.009910,address
11110|창신동|627-120,37.575748,127.008957,address
11110|창신동|627-21,37.577192,127.009243,address
11110|창신동|638-36,37.575779,127.009551,address
11110|창신동|638-45,37.575884,127.009338,address
11110|창신동|639-20,37.576000,127.009360,address
11110|창신동|639-50,37.576116,127.009908,address
11110|창신동|640-252,37.575117,127.009527,address
11110|창신동|640-76,37.575405,127.009369,address
11110|창신동|702,37.580609,127.013926,address
11110|창신동|703,37.580323,127.011785,address
11110|청운동|56-45,37.586206,126.967382,address
11110|충신동|60,37.575317,127.004674,address
11110|충신동|62-2,37.575141,127.004042,address
11110|통인동|5-1,37.581005,126.970829,address
11110|평동|233,37.568469,126.965891,address
11110|평창동|102,37.610162,126.974846,address
11110|평창동|108,37.609979,126.977400,address
11110|평창동|145-5,37.609126,126.972704,address
11110|평창동|155-1,37.607438,126.970249,address
11110|평창동|179-5,37.607000,126.967600,address
11110|평창동|187-1,37.606515,126.968631,address
11110|평창동|33-1,37.607541,126.973393,address
11110|평창동|45,37.608215,126.973756,address
11110|평창동|46-1,37.608521,126.974203,address
11110|평창동|595,37.604704,126.963631,address
11110|평창동|596,37.610987,126.978724,address
11110|평창동|66-1,37.609687,126.975920,address
11110|평창동|72,37.609249,126.975781,address
11110|필운동|174-1,37.578219,126.969724,address
11110|필운동|254,37.575792,126.969971,address
11110|행촌동|41-1,37.572723,126.962614,address
11110|혜화동|20-12,37.588184,127.001067,address
11110|홍파동|199,37.570696,126.963609,address
11110|효제동|126-2,37.573725,127.003857,address
11110|효제동|65-2,37.574217,127.001835,address
11140|남대문로5가|827,37.553833,126.975790,address
11140|남산동2가|42,37.558621,126.985345,address
11140|남창동|205-44,37.556795,126.977602,address
11140|만리동1가|231,37.555868,126.967002,address
11140|만리동1가|56-11,37.556956,126.965691,address
11140|만리동1가|62-7,37.555018,126.967222,address
11140|만리동2가|176-1,,,miss
11140|만리동2가|273,37.553782,126.964030,address
11140|만리동2가|288,37.555090,126.965564,address
11140|묵정동|11-2,37.560780,127.000689,address
11140|묵정동|11-67,37.560683,127.000053,address
11140|묵정동|35,37.561533,126.999280,address
11140|산림동|207-1,37.568049,126.995369,address
11140|산림동|207-2,37.567524,126.995427,address
11140|순화동|151,37.560178,126.972065,address
11140|순화동|215,37.563153,126.969655,address
11140|순화동|217,37.563555,126.970364,address
11140|신당동|113-5,37.564184,127.017646,address
11140|신당동|113-7,37.563960,127.017378,address
11140|신당동|122-1,37.564419,127.018008,address
11140|신당동|140-23,37.565412,127.021226,address
11140|신당동|160-5,37.564972,127.023335,address
11140|신당동|217-95,37.569338,127.013781,address
11140|신당동|290-42,37.561546,127.016038,address
11140|신당동|290-52,37.561385,127.015603,address
11140|신당동|290-67,37.561392,127.016207,address
11140|신당동|290-90,37.561044,127.015750,address
11140|신당동|292-35,37.562135,127.015812,address
11140|신당동|294-12,37.560282,127.014696,address
11140|신당동|313-8,37.559265,127.016990,address
11140|신당동|333-42,37.556562,127.014018,address
11140|신당동|333-9,37.556290,127.013858,address
11140|신당동|366-126,37.549450,127.007787,address
11140|신당동|372-13,37.553624,127.011050,address
11140|신당동|372-66,37.552203,127.011945,address
11140|신당동|404-2,37.560116,127.011578,address
11140|신당동|407-17,37.558801,127.008741,address
11140|신당동|407-7,37.558666,127.009297,address
11140|신당동|413-4,37.558483,127.010587,address
11140|신당동|432-1061,37.550589,127.006163,address
11140|신당동|432-1132,37.553094,127.007341,address
11140|신당동|432-1632,37.548870,127.006002,address
11140|신당동|432-1653,37.549733,127.005256,address
11140|신당동|432-1666,37.549144,127.004825,address
11140|신당동|432-1669,37.548741,127.005328,address
11140|신당동|432-1952,37.551417,127.005208,address
11140|신당동|432-1957,37.551033,127.005185,address
11140|신당동|432-1970,37.551122,127.005550,address
11140|신당동|432-1972,37.550917,127.005453,address
11140|신당동|432-1979,37.550632,127.005393,address
11140|신당동|432-1982,37.550714,127.005544,address
11140|신당동|432-2000,37.550567,127.005735,address
11140|신당동|432-2001,37.550598,127.005946,address
11140|신당동|432-2006,37.550380,127.005744,address
11140|신당동|432-2013,37.550371,127.005434,address
11140|신당동|432-2164,37.548042,127.006120,address
11140|신당동|432-2837,37.548802,127.006325,address
11140|신당동|432-479,37.551532,127.006355,address
11140|신당동|432-498,37.551060,127.006135,address
11140|신당동|432-502,37.551062,127.005871,address
11140|신당동|432-579,37.551527,127.005296,address
11140|신당동|432-657,37.551850,127.006513,address
11140|신당동|432-904,37.551392,127.005965,address
11140|신당동|432-921,37.550882,127.005809,address
11140|신당동|432-922,37.550911,127.005891,address
11140|신당동|432-970,37.550579,127.006384,address
11140|신당동|432-986,37.550812,127.006477,address
11140|신당동|840,37.559948,127.021659,address
11140|신당동|841-12,37.557559,127.016022,address
11140|신당동|842,37.554737,127.014264,address
11140|신당동|843,37.558169,127.017896,address
11140|신당동|844,37.548681,127.008880,address
11140|신당동|845,37.563469,127.025987,address
11140|신당동|846,37.562396,127.017283,address
11140|신당동|849,37.562739,127.016872,address
11140|신당동|850,37.559200,127.019505,address
11140|신당동|851,37.561832,127.022653,address
11140|신당동|852,37.560449,127.016731,address
11140|신당동|856,37.563126,127.024794,address
11140|신당동|857,37.553177,127.010712,address
11140|예장동|9,37.559838,126.991586,address
11140|오장동|139-7,37.564815,127.002012,address
11140|오장동|145-1,37.565240,127.001405,address
11140|오장동|206-34,37.564411,127.001964,address
11140|오장동|90-8,37.564262,126.999614,address
11140|을지로5가|39-1,37.567365,127.002769,address
11140|인현동2가|192-30,37.563758,126.995806,address
11140|인현동2가|240,37.564638,126.996608,address
11140|입정동|277,37.567994,126.993077,address
11140|입정동|280,37.568048,126.994184,address
11140|장충동1가|104,37.560037,127.007210,address
11140|장충동1가|105-1,37.559937,127.006775,address
11140|장충동1가|106-1,37.559526,127.007273,address
11140|장충동2가|193-29,37.559257,127.001672,address
11140|정동|18-1,37.567286,126.970342,address
11140|정동|37,37.563201,126.971935,address
11140|중림동|149,37.559588,126.967257,address
11140|중림동|200,37.558116,126.965306,address
11140|중림동|355,37.560521,126.968331,address
11140|충무로4가|120-3,37.562403,126.995939,address
11140|충무로4가|306,37.562535,126.997668,address
11140|충무로5가|36-19,37.563322,126.999468,address
11140|충무로5가|36-2,37.563384,127.000002,address
11140|충무로5가|90,37.561400,126.998505,address
11140|필동1가|51-11,37.561355,126.993580,address
11140|필동3가|62-16,37.556239,126.995879,address
11140|황학동|1200,37.567720,127.021405,address
11140|황학동|1531,37.569849,127.021263,address
11140|황학동|1546,37.569148,127.021563,address
11140|황학동|1572,37.569548,127.022600,address
11140|황학동|1743,37.570236,127.021235,address
11140|황학동|19,37.570153,127.018530,address
11140|황학동|2015,37.569893,127.020688,address
11140|황학동|2033,37.569687,127.020743,address
11140|황학동|2523,37.566172,127.021909,address
11140|황학동|2545,37.570931,127.021316,address
11140|황학동|787,37.567106,127.023299,address
11140|황학동|819,37.566583,127.023270,address
11140|황학동|846,37.566293,127.022538,address
11140|황학동|882,37.566708,127.022477,address
11140|황학동|981,37.567192,127.022518,address
11140|회현동1가|100-12,37.556869,126.980331,address
11140|회현동1가|146-1,37.556226,126.982520,address
11140|회현동1가|147-20,37.555711,126.981848,address
11140|회현동1가|206,37.559128,126.980637,address
11140|회현동1가|208,37.558256,126.981926,address
11140|회현동1가|97-2,37.558336,126.979708,address
11140|회현동2가|87,37.559422,126.983200,address
11140|흥인동|119,37.565842,127.015468,address
11140|흥인동|13-1,37.566862,127.017110,address
11140|흥인동|142-1,37.566085,127.014221,address
11140|흥인동|3-4,37.567430,127.016528,address
11140|흥인동|8,37.567716,127.016350,address
11170|갈월동|6-48,37.548677,126.973600,address
11170|갈월동|98-6,37.541362,126.971689,address
11170|도원동|23,37.538296,126.955317,address
11170|도원동|3-4,37.539137,126.958096,address
11170|도원동|3-7,37.538945,126.958423,address
11170|동빙고동|1-14,37.526497,126.996665,address
11170|동빙고동|1-3,37.526384,126.996814,address
11170|동빙고동|1-30,37.526997,126.996392,address
11170|동빙고동|1-44,37.528452,126.995358,address
11170|동빙고동|1-67,37.527263,126.995627,address
11170|동빙고동|1-72,37.527614,126.995559,address
11170|동빙고동|310-10,37.527866,126.993574,address
11170|동빙고동|310-17,37.528137,126.992871,address
11170|동빙고동|42-17,37.523002,126.996204,address
11170|동자동|19-8,37.551117,126.975062,address
11170|동자동|45,37.551671,126.973210,address
11170|문배동|11-10,37.537778,126.968814,address
11170|문배동|11-14,37.537493,126.969658,address
11170|문배동|11-29,37.537885,126.970396,address
11170|문배동|11-34,37.537799,126.969443,address
11170|문배동|17-1,37.537441,126.967362,address
11170|문배동|24-21,37.536755,126.968552,address
11170|문배동|24-4,37.537134,126.968361,address
11170|문배동|24-6,37.536084,126.969171,address
11170|문배동|24-8,37.536705,126.969538,address
11170|문배동|3-3,37.538687,126.970318,address
11170|문배동|40-19,37.538347,126.969048,address
11170|문배동|40-31,37.537949,126.967963,address
11170|문배동|40-39,37.538845,126.969788,address
11170|문배동|7-6,37.538067,126.969827,address
11170|보광동|151,37.524269,127.000828,address
11170|보광동|208-1,37.525651,126.997985,address
11170|보광동|260-6,37.528006,126.999653,address
11170|보광동|35-5,37.526856,127.003605,address
11170|보광동|448,37.525768,127.001877,address
11170|산천동|193,37.535002,126.950593,address
11170|산천동|204,37.535756,126.950213,address
11170|서계동|100-1,37.551011,126.968221,address
11170|서빙고동|241-21,37.518098,126.987501,address
11170|서빙고동|241-47,37.519501,126.992604,address
11170|서빙고동|293,37.523036,126.991310,address
11170|서빙고동|296,37.522858,126.991974,address
11170|서빙고동|4-18,37.522660,126.992889,address
11170|신계동|48,37.535868,126.967593,address
11170|신창동|102,37.536212,126.954126,address
11170|용문동|38-213,37.538315,126.958427,address
11170|용문동|38-235,37.537268,126.955856,address
11170|용문동|38-76,37.537260,126.956699,address
11170|용문동|90,37.536298,126.959182,address
11170|용산동2가|47-17,37.539841,126.986939,address
11170|용산동2가|47-5,37.542427,126.987879,address
11170|용산동5가|24,37.524410,126.970633,address
11170|용산동5가|24-1,37.523289,126.972709,address
11170|원효로1가|133-3,37.538277,126.967363,address
11170|원효로1가|17-5,37.541524,126.966551,address
11170|원효로1가|17-66,37.541477,126.966974,address
11170|원효로1가|28-7,37.539244,126.967338,address
11170|원효로1가|41,37.540210,126.970096,address
11170|원효로1가|46-3,37.540189,126.968566,address
11170|원효로2가|94-2,37.535024,126.961577,address
11170|원효로3가|124-1,37.533891,126.957501,address
11170|원효로3가|277-8,37.532982,126.956011,address
11170|원효로4가|109-4,37.532702,126.954167,address
11170|원효로4가|118-16,37.532716,126.950381,address
11170|원효로4가|128-1,37.533714,126.951492,address
11170|원효로4가|178,37.534082,126.948582,address
11170|이촌동|193-3,37.523519,126.959241,address
11170|이촌동|193-5,37.523256,126.959588,address
11170|이촌동|203-14,37.526167,126.955822,address
11170|이촌동|206-27,37.527054,126.954323,address
11170|이촌동|211-2,37.529740,126.953284,address
11170|이촌동|212-41,37.529811,126.953638,address
11170|이촌동|300-10,37.518049,126.978703,address
11170|이촌동|300-11,37.517158,126.978242,address
11170|이촌동|300-17,37.518128,126.977018,address
11170|이촌동|300-23,37.519330,126.975027,address
11170|이촌동|300-27,37.520164,126.971946,address
11170|이촌동|300-301,37.518462,126.976038,address
11170|이촌동|301-10,37.520058,126.974536,address
11170|이촌동|301-155,37.521819,126.967126,address
11170|이촌동|301-160,37.518592,126.980838,address
11170|이촌동|301-170,37.517023,126.982052,address
11170|이촌동|302-140,37.520584,126.965435,address
11170|이촌동|302-28,37.520973,126.964974,address
11170|이촌동|302-45,37.520215,126.969974,address
11170|이촌동|302-48,37.520069,126.969436,address
11170|이촌동|302-53,37.520740,126.969011,address
11170|이촌동|302-54,37.520439,126.969091,address
11170|이촌동|302-61,37.521074,126.968421,address
11170|이촌동|302-62,37.520859,126.968044,address
11170|이촌동|302-63,37.520504,126.968121,address
11170|이촌동|302-64,37.520048,126.967658,address
11170|이촌동|302-69,37.520827,126.967174,address
11170|이촌동|302-86,37.521325,126.964392,address
11170|이촌동|395,37.525218,126.954928,address
11170|이촌동|399-1,37.521675,126.968363,address
11170|이촌동|400,37.523324,126.957576,address
11170|이촌동|402,37.519234,126.977468,address
11170|이촌동|404,37.521585,126.970287,address
11170|이촌동|411,37.523936,126.958033,address
11170|이촌동|412,37.520075,126.977938,address
11170|이촌동|414,37.519018,126.980021,address
11170|이촌동|415,37.522217,126.969475,address
11170|이촌동|418,37.521182,126.966524,address
11170|이촌동|422,37.527308,126.953795,address
11170|이촌동|426,37.517236,126.976811,address
11170|이촌동|430,37.519948,126.971107,address
11170|이촌동|434,37.526933,126.955057,address
11170|이촌동|435,37.520270,126.968769,address
11170|이촌동|436,37.517178,126.979991,address
11170|이태원동|102-12,37.536077,126.994518,address
11170|이태원동|124-1,37.534995,126.996895,address
11170|이태원동|124-12,37.535081,126.996635,address
11170|이태원동|124-13,37.535046,126.996378,address
11170|이태원동|198-16,37.537448,126.990152,address
11170|이태원동|22-2,37.530044,126.994961,address
11170|이태원동|252-1,37.540148,126.990774,address
11170|이태원동|254-10,37.540517,126.990084,address
11170|이태원동|352,37.536769,126.988133,address
11170|이태원동|669,37.539926,126.988077,address
11170|이태원동|728,37.542597,126.989397,address
11170|이태원동|729,37.540763,126.988808,address
11170|이태원동|730,37.533207,126.992738,address
11170|주성동|43-21,37.522821,126.998496,address
11170|청암동|181,37.535112,126.946787,address
11170|청암동|64-1,37.535312,126.947990,address
11170|청암동|64-29,37.535461,126.947604,address
11170|청파동1가|1-36,37.549445,126.966979,address
11170|청파동1가|84-3,37.547764,126.967791,address
11170|청파동3가|132-13,37.542720,126.963841,address
11170|청파동3가|132-15,37.542626,126.963505,address
11170|청파동3가|132-50,37.542995,126.962624,address
11170|한강로1가|216-11,37.532631,126.974071,address
11170|한강로1가|231-23,37.533827,126.973296,address
11170|한강로1가|231-24,37.533328,126.973247,address
11170|한강로1가|50-1,37.536626,126.972662,address
11170|한강로1가|64,37.537176,126.972985,address
11170|한강로2가|2-11,37.531540,126.969091,address
11170|한강로2가|2-185,37.533329,126.967352,address
11170|한강로2가|2-8,37.532215,126.969810,address
11170|한강로2가|417,37.533999,126.970874,address
11170|한강로2가|419,37.527631,126.968860,address
11170|한강로2가|420,37.527274,126.965305,address
11170|한강로2가|422,37.529105,126.966972,address
11170|한강로2가|429,37.526436,126.965839,address
11170|한강로3가|16-20,37.533361,126.960836,address
11170|한강로3가|16-85,37.531534,126.955600,address
11170|한강로3가|63-387,37.526159,126.969883,address
11170|한강로3가|63-389,37.525009,126.969137,address
11170|한강로3가|65-230,37.523143,126.962953,address
11170|한강로3가|65-500,37.523550,126.969109,address
11170|한강로3가|65-7,37.524397,126.966281,address
11170|한강로3가|82,37.533990,126.963694,address
11170|한강로3가|89,37.523452,126.963955,address
11170|한강로3가|91,37.525435,126.959821,address
11170|한강로3가|98,37.525940,126.967620,address
11170|한남동|1-297,37.532482,127.009843,address
11170|한남동|1-349,37.539176,127.012371,address
11170|한남동|1-35,37.535879,127.011679,address
11170|한남동|1-44,37.538599,127.013740,address
11170|한남동|1-51,37.536403,127.012469,address
11170|한남동|258,37.533578,127.008679,address
11170|한남동|26-10,37.534258,127.010873,address
11170|한남동|26-5,37.533988,127.010383,address
11170|한남동|263-10,37.534234,127.008610,address
11170|한남동|27-2,37.534551,127.010751,address
11170|한남동|29-4,37.534549,127.009081,address
11170|한남동|386,37.531536,127.009942,address
11170|한남동|410,37.531445,127.011467,address
11170|한남동|522-1,37.530338,127.007715,address
11170|한남동|550,37.528534,127.005962,address
11170|한남동|644-2,37.532906,127.004214,address
11170|한남동|657-107,37.534151,127.005554,address
11170|한남동|657-33,37.533959,127.000958,address
11170|한남동|665-2,37.533664,127.000808,address
11170|한남동|684-82,37.534429,127.000861,address
11170|한남동|684-85,37.534409,127.000645,address
11170|한남동|72-1,37.534471,127.007900,address
11170|한남동|723-3,37.538142,127.005526,address
11170|한남동|732-19,37.534158,126.998041,address
11170|한남동|737-28,37.535086,126.997908,address
11170|한남동|737-60,37.535227,126.997559,address
11170|한남동|799,37.533009,127.012221,address
11170|한남동|802,37.529719,127.008332,address
11170|한남동|805,37.527687,127.004833,address
11170|한남동|807,37.528461,127.003788,address
11170|한남동|808,37.534985,127.001358,address
11170|한남동|809,37.538770,127.003366,address
11170|한남동|810,37.536973,127.009490,address
11170|한남동|825,37.539141,127.003292,address
11170|한남동|827,37.539563,127.003379,address
11170|한남동|828,37.532431,127.007232,address
11170|한남동|829,37.536254,127.003365,address
11170|한남동|96-3,37.531518,127.007117,address
11170|효창동|130-2,37.540841,126.960018,address
11170|효창동|268,37.540805,126.957011,address
11170|효창동|272,37.542327,126.959197,address
11170|효창동|274,37.540149,126.958051,address
11170|효창동|286,37.540260,126.960020,address
11170|효창동|287,37.539627,126.963314,address
11170|효창동|288,37.547640,126.962674,address
11170|효창동|3-3,37.548616,126.962777,address
11170|효창동|3-4,37.548584,126.962548,address
11170|효창동|5-1,37.542497,126.964301,address
11170|효창동|5-127,37.542411,126.960836,address
11170|효창동|5-145,37.541947,126.958338,address
11170|효창동|5-158,37.542167,126.960461,address
11170|효창동|5-17,37.542401,126.963800,address
11170|효창동|5-258,37.541835,126.958095,address
11170|효창동|5-262,37.541585,126.957763,address
11170|효창동|5-42,37.541855,126.963184,address
11170|효창동|5-45,37.541639,126.963664,address
11170|효창동|5-47,37.541563,126.963240,address
11170|효창동|5-49,37.541487,126.962804,address
11170|효창동|5-495,37.542014,126.961813,address
11170|효창동|5-606,37.541744,126.964295,address
11170|효창동|5-72,37.541169,126.963786,address
11170|후암동|1-10,37.552473,126.978140,address
11170|후암동|1-20,37.552247,126.977083,address
11170|후암동|123-51,37.549442,126.975550,address
11170|후암동|143-23,37.548348,126.974296,address
11170|후암동|244-106,37.549178,126.978031,address
11170|후암동|244-5,37.548024,126.978123,address
11170|후암동|244-86,37.549851,126.977833,address
11170|후암동|244-87,37.549495,126.978062,address
11170|후암동|244-88,37.549432,126.978243,address
11170|후암동|244-90,37.549210,126.978869,address
11170|후암동|244-91,37.549117,126.979144,address
11170|후암동|244-99,37.548602,126.979102,address
11170|후암동|302,37.549434,126.980242,address
11170|후암동|41-1,37.550962,126.979409,address
11170|후암동|423-1,37.551745,126.975682,address
11170|후암동|426,37.551258,126.975216,address
11170|후암동|438-7,37.552777,126.977116,address
11170|후암동|458,37.551327,126.976255,address
11170|후암동|55-20,37.549664,126.979053,address
11170|후암동|55-24,37.550025,126.979070,address
11200|금호동1가|128-4,37.556427,127.022661,address
11200|금호동1가|128-5,37.556534,127.023034,address
11200|금호동1가|1500,37.549177,127.027637,address
11200|금호동1가|1818,37.555966,127.022317,address
11200|금호동1가|1823,37.554285,127.022692,address
11200|금호동1가|633,37.551693,127.027223,address
11200|금호동2가|1,37.555446,127.018621,address
11200|금호동2가|1215,37.552816,127.022473,address
11200|금호동2가|1217,37.551417,127.024364,address
11200|금호동2가|500-7,37.552627,127.018930,address
11200|금호동3가|1331,37.550038,127.016217,address
11200|금호동3가|1662,37.550388,127.018466,address
11200|금호동3가|700,37.550380,127.021917,address
11200|금호동3가|917,37.550575,127.020725,address
11200|금호동4가|1250,37.546999,127.017178,address
11200|금호동4가|1507,37.546655,127.015696,address
11200|금호동4가|1550,37.547578,127.015347,address
11200|금호동4가|1553,37.546755,127.026444,address
11200|금호동4가|1555,37.547372,127.022956,address
11200|금호동4가|180,37.547414,127.024697,address
11200|금호동4가|235,37.546117,127.024069,address
11200|금호동4가|340,37.544983,127.022319,address
11200|금호동4가|800,37.545970,127.019822,address
11200|금호동4가|97-1,37.547647,127.026531,address
11200|도선동|69,37.564394,127.034937,address
11200|마장동|512-2,37.568837,127.038604,address
11200|마장동|767-1,37.569177,127.044630,address
11200|마장동|768-1,37.568113,127.043694,address
11200|마장동|768-17,37.567794,127.044106,address
11200|마장동|778-1,37.566610,127.046058,address
11200|마장동|778-2,37.566334,127.046204,address
11200|마장동|783-5,37.566334,127.044385,address
11200|마장동|784,37.564978,127.044934,address
11200|마장동|797-3,37.564293,127.040936,address
11200|마장동|817,37.566162,127.040127,address
11200|마장동|818,37.569380,127.042435,address
11200|마장동|819,37.565423,127.039099,address
11200|마장동|820,37.562953,127.040562,address
11200|마장동|822,37.568929,127.043694,address
11200|마장동|825,37.566942,127.038758,address
11200|마장동|829,37.567181,127.045871,address
11200|마장동|830,37.565532,127.038209,address
11200|마장동|834,37.563399,127.039077,address
11200|마장동|835,37.570799,127.038979,address
11200|마장동|836,37.563521,127.042176,address
11200|사근동|198-1,37.561069,127.048671,address
11200|사근동|199,37.561811,127.048653,address
11200|사근동|314,37.560383,127.049549,address
11200|사근동|315,37.563434,127.048162,address
11200|상왕십리동|12-47,37.570659,127.025521,address
11200|상왕십리동|811,37.569337,127.025374,address
11200|성수동1가|13-157,37.547756,127.048855,address
11200|성수동1가|33-2,37.540723,127.050358,address
11200|성수동1가|479-1,37.537740,127.046331,address
11200|성수동1가|656-234,37.542059,127.045321,address
11200|성수동1가|656-320,37.544340,127.045752,address
11200|성수동1가|656-421,37.542967,127.046134,address
11200|성수동1가|676-5,37.548171,127.040953,address
11200|성수동1가|685-191,37.548247,127.039644,address
11200|성수동1가|685-696,37.545784,127.042477,address
11200|성수동1가|685-700,37.544464,127.043847,address
11200|성수동1가|704,37.541113,127.045298,address
11200|성수동1가|705,37.550668,127.047266,address
11200|성수동1가|706,37.549658,127.047152,address
11200|성수동1가|707,37.545512,127.047989,address
11200|성수동1가|708,37.550902,127.048016,address
11200|성수동1가|709,37.548483,127.050100,address
11200|성수동1가|710,37.540368,127.045105,address
11200|성수동1가|714,37.541957,127.050415,address
11200|성수동1가|715,37.547882,127.047794,address
11200|성수동1가|716,37.548838,127.050435,address
11200|성수동1가|717,37.547940,127.049536,address
11200|성수동1가|718,37.538813,127.045047,address
11200|성수동1가|721,37.550609,127.043054,address
11200|성수동1가|723,37.549221,127.043313,address
11200|성수동2가|223-6,37.535576,127.058043,address
11200|성수동2가|279-50,37.545381,127.065305,address
11200|성수동2가|286,37.548450,127.051842,address
11200|성수동2가|320-2,37.541772,127.055583,address
11200|성수동2가|320-6,37.541618,127.055522,address
11200|성수동2가|336-2,37.538665,127.054174,address
11200|성수동2가|400,37.536432,127.051018,address
11200|성수동2가|442,37.535899,127.052528,address
11200|성수동2가|609-2,37.535250,127.057006,address
11200|성수동2가|712,37.535246,127.054802,address
11200|성수동2가|745,37.535381,127.053957,address
11200|성수동2가|830,37.535340,127.057458,address
11200|성수동2가|832,37.543584,127.053140,address
11200|성수동2가|833,37.539265,127.057284,address
11200|성수동2가|834,37.547475,127.056651,address
11200|성수동2가|835,37.546149,127.055860,address
11200|성수동2가|836,37.546651,127.059760,address
11200|성수동2가|837,37.540915,127.058218,address
11200|성수동2가|838,37.537166,127.058410,address
11200|성수동2가|840,37.537234,127.059101,address
11200|성수동2가|843,37.541234,127.052139,address
11200|성수동2가|846,37.547768,127.060838,address
11200|송정동|103,37.549304,127.057562,address
11200|송정동|104,37.552908,127.069207,address
11200|송정동|67-5,37.548716,127.063427,address
11200|송정동|72-25,37.555247,127.069695,address
11200|송정동|90,37.555937,127.070886,address
11200|송정동|97,37.557626,127.072352,address
11200|신당동|845,37.563728,127.025685,keyword
11200|옥수동|100,37.539617,127.015957,address
11200|옥수동|12,37.544908,127.017787,address
11200|옥수동|191-3,37.540944,127.017342,address
11200|옥수동|220-1,37.539515,127.014332,address
11200|옥수동|220-2,37.539777,127.011769,address
11200|옥수동|250,37.542431,127.014052,address
11200|옥수동|306,37.543259,127.015700,address
11200|옥수동|365-11,37.542188,127.016604,address
11200|옥수동|4,37.543692,127.018896,address
11200|옥수동|428,37.543312,127.011631,address
11200|옥수동|436,37.542082,127.009867,address
11200|옥수동|436-6,37.540845,127.009725,address
11200|옥수동|478-1,37.539704,127.011125,address
11200|옥수동|528,37.548477,127.013995,address
11200|옥수동|528-1,37.546604,127.012025,address
11200|옥수동|557,37.540553,127.013757,address
11200|옥수동|558,37.542624,127.017471,address
11200|옥수동|559,37.542017,127.012052,address
11200|옥수동|560,37.542280,127.018140,address
11200|옥수동|561,37.545137,127.013715,address
11200|옥수동|60,37.542212,127.019579,address
11200|용답동|15,37.563156,127.055426,address
11200|용답동|226-4,37.561320,127.058676,address
11200|용답동|252,37.564631,127.053150,address
11200|용답동|253,37.569055,127.048550,address
11200|응봉동|100,37.551973,127.033272,address
11200|응봉동|15,37.553430,127.035741,address
11200|응봉동|275,37.550295,127.029523,address
11200|응봉동|276,37.553066,127.037252,address
11200|응봉동|97,37.552894,127.032520,address
11200|응봉동|98,37.551047,127.030954,address
11200|하왕십리동|1002,37.560835,127.026658,address
11200|하왕십리동|1050,37.563101,127.026812,address
11200|하왕십리동|1052,37.561363,127.025918,address
11200|하왕십리동|1058,37.558550,127.023264,address
11200|하왕십리동|1061,37.559123,127.025086,address
11200|하왕십리동|1064,37.560844,127.031107,address
11200|하왕십리동|1066,37.568450,127.028041,address
11200|하왕십리동|1070,37.566331,127.028441,address
11200|하왕십리동|1071,37.560681,127.024490,address
11200|하왕십리동|258,37.568712,127.031888,address
11200|하왕십리동|887-2,37.564591,127.026817,address
11200|하왕십리동|890-103,37.563548,127.028675,address
11200|하왕십리동|890-115,37.563387,127.028310,address
11200|하왕십리동|890-446,37.563421,127.027637,address
11200|하왕십리동|966-18,37.562308,127.032870,address
11200|하왕십리동|966-19,37.562401,127.032678,address
11200|하왕십리동|990,37.562412,127.028533,address
11200|하왕십리동|992,37.561186,127.027854,address
11200|행당동|1-10,37.561560,127.039183,address
11200|행당동|1-115,37.562438,127.038971,address
11200|행당동|128,37.557162,127.036997,keyword
11200|행당동|147,37.559927,127.037549,address
11200|행당동|344,37.554371,127.032837,address
11200|행당동|345,37.564712,127.037326,address
11200|행당동|346,37.555952,127.029261,address
11200|행당동|347,37.557989,127.027259,address
11200|행당동|347-4,37.560016,127.029504,address
11200|행당동|349,37.554920,127.036080,address
11200|행당동|364,37.558438,127.030011,address
11200|행당동|375,37.556679,127.031732,address
11200|행당동|376,37.555199,127.032469,address
11200|행당동|377,37.556370,127.040249,address
11200|행당동|380,37.555141,127.038383,address
11200|홍익동|119-1,37.566631,127.033799,address
11200|홍익동|366,37.566038,127.031151,address
11200|홍익동|53,37.567471,127.031386,address
11215|광장동|105,37.551756,127.110362,address
11215|광장동|107,37.551630,127.109822,address
11215|광장동|118,37.551156,127.109455,address
11215|광장동|121,37.550400,127.109302,address
11215|광장동|124,37.549740,127.109687,address
11215|광장동|125,37.550147,127.109866,address
11215|광장동|131-1,37.549281,127.109870,address
11215|광장동|145-8,37.550520,127.106555,address
11215|광장동|148-4,37.549654,127.108874,address
11215|광장동|184-1,37.548598,127.109039,address
11215|광장동|188-27,37.546475,127.109258,address
11215|광장동|218-1,37.543159,127.104189,address
11215|광장동|218-1#11215-3,37.543316,127.103074,keyword
11215|광장동|218-1#11215-4,37.542440,127.103227,keyword
11215|광장동|250,37.546936,127.104834,address
11215|광장동|350-1,37.549279,127.105120,address
11215|광장동|453-1,37.542398,127.102070,address
11215|광장동|457-24,37.541904,127.100982,address
11215|광장동|484,37.540621,127.098604,address
11215|광장동|530-1,37.542981,127.094429,address
11215|광장동|554-7,37.539874,127.100173,address
11215|광장동|561,37.541501,127.103268,address
11215|광장동|565,37.541940,127.099671,address
11215|광장동|566,37.542466,127.096292,address
11215|광장동|567,37.547169,127.108616,address
11215|광장동|569,37.541605,127.098475,address
11215|광장동|570,37.542357,127.100948,address
11215|광장동|576,37.542470,127.097732,address
11215|광장동|577,37.544317,127.101499,address
11215|광장동|578,37.543753,127.094012,address
11215|광장동|579,37.543119,127.097060,address
11215|광장동|580,37.544949,127.103007,address
11215|광장동|581,37.542573,127.095247,address
11215|광장동|582,37.543178,127.099565,address
11215|광장동|583,37.547397,127.109493,address
11215|구의동|16-26,37.554879,127.095647,address
11215|구의동|198-4,37.540104,127.095731,address
11215|구의동|198-5,37.539876,127.095471,address
11215|구의동|199-18,37.539900,127.094819,address
11215|구의동|199-23,37.539418,127.094611,address
11215|구의동|205-18,37.542374,127.092868,address
11215|구의동|205-6,37.542548,127.093123,address
11215|구의동|208-1,37.542262,127.092243,address
11215|구의동|208-52,37.541517,127.092110,address
11215|구의동|224-1,37.542583,127.091118,address
11215|구의동|224-7,37.542419,127.090343,address
11215|구의동|225-26,37.541719,127.089236,address
11215|구의동|226-12,37.543449,127.089416,address
11215|구의동|231-18,37.543262,127.088655,address
11215|구의동|235-30,37.544128,127.086031,address
11215|구의동|236-25,37.542947,127.084668,address
11215|구의동|237-5,37.542681,127.085737,address
11215|구의동|244-6,37.538603,127.090875,address
11215|구의동|251-177,37.541270,127.083964,address
11215|구의동|252-9,37.539463,127.084089,address
11215|구의동|254-123,37.541923,127.083596,address
11215|구의동|29-1,37.553813,127.092292,address
11215|구의동|31-9,37.552481,127.092970,address
11215|구의동|45-11,37.550205,127.094379,address
11215|구의동|47-23,37.551204,127.092473,address
11215|구의동|47-3,37.551261,127.092860,address
11215|구의동|546-7,37.535452,127.093002,address
11215|구의동|547,37.534151,127.092216,address
11215|구의동|547-7,37.533357,127.092121,address
11215|구의동|552-6,37.555416,127.095346,address
11215|구의동|56-22,37.550938,127.091937,address
11215|구의동|56-6,37.550768,127.092504,address
11215|구의동|560-15,37.554937,127.095474,address
11215|구의동|57-3,37.549993,127.093112,address
11215|구의동|58-25,37.549445,127.093911,address
11215|구의동|58-26,37.549464,127.093493,address
11215|구의동|587-54,37.536838,127.090930,address
11215|구의동|587-58,37.536027,127.091219,address
11215|구의동|587-6,37.537551,127.091209,address
11215|구의동|587-64,37.535729,127.091885,address
11215|구의동|589-10,37.536052,127.092836,address
11215|구의동|59-1,37.549011,127.092022,address
11215|구의동|590,37.536254,127.089572,address
11215|구의동|590-7,37.536027,127.089971,address
11215|구의동|591-29,37.535563,127.089625,address
11215|구의동|596-1,37.533646,127.090343,address
11215|구의동|610,37.538499,127.094664,address
11215|구의동|611,37.538628,127.095874,address
11215|구의동|620-6,37.545986,127.085677,address
11215|구의동|631-1,37.537398,127.097621,address
11215|구의동|656,37.541028,127.088105,address
11215|구의동|657,37.537839,127.092781,address
11215|구의동|658,37.537582,127.093898,address
11215|구의동|659,37.539305,127.091991,address
11215|구의동|660,37.542954,127.092735,address
11215|구의동|662,37.554017,127.097080,address
11215|구의동|663,37.547856,127.093075,address
11215|구의동|664,37.543382,127.091155,address
11215|구의동|665,37.551338,127.090558,address
11215|구의동|667,37.538671,127.090182,address
11215|구의동|668,37.545793,127.090266,address
11215|구의동|670,37.543251,127.091911,address
11215|구의동|671,37.545467,127.088798,address
11215|구의동|680,37.544184,127.080896,address
11215|구의동|682,37.547388,127.087353,address
11215|구의동|683,37.537378,127.084924,address
11215|구의동|71-6,37.548917,127.089949,address
11215|구의동|80-37,37.545676,127.085541,address
11215|군자동|100-109,37.552164,127.071879,address
11215|군자동|343-12,37.551373,127.070599,address
11215|군자동|346-18,37.549875,127.070100,address
11215|군자동|346-44,37.549876,127.070330,address
11215|군자동|355-5,37.548743,127.068149,address
11215|군자동|358-9,37.548495,127.069715,address
11215|군자동|360-20,37.548557,127.070202,address
11215|군자동|503,37.548372,127.071050,address
11215|군자동|99,37.551270,127.072628,address
11215|능동|246-11,37.554233,127.085241,address
11215|능동|283-9,37.553938,127.078361,address
11215|자양동|219-11,37.536419,127.081870,address
11215|자양동|219-31,37.536328,127.082254,address
11215|자양동|227-7,37.537803,127.072632,address
11215|자양동|24-28,37.541101,127.063949,address
11215|자양동|24-31,37.540908,127.063911,address
11215|자양동|498-2,37.532713,127.070611,address
11215|자양동|507-6,37.535505,127.069164,address
11215|자양동|510-5,37.536913,127.069680,address
11215|자양동|515-1,37.536733,127.070594,address
11215|자양동|516,37.536014,127.071647,address
11215|자양동|520-2,37.533368,127.073931,address
11215|자양동|553-314,37.532308,127.070091,address
11215|자양동|553-41,37.534819,127.071125,address
11215|자양동|57-103,37.533769,127.064448,address
11215|자양동|578,37.535230,127.075812,address
11215|자양동|579,37.534409,127.075574,address
11215|자양동|582-15,37.532038,127.073878,address
11215|자양동|587-6,37.530633,127.071771,address
11215|자양동|588,37.530588,127.072238,address
11215|자양동|588-20,37.530474,127.072675,address
11215|자양동|591-12,37.529730,127.074977,address
11215|자양동|591-13,37.529711,127.075261,address
11215|자양동|607-31,37.532174,127.077494,address
11215|자양동|624-45,37.534546,127.081811,address
11215|자양동|636-11,37.531534,127.079640,address
11215|자양동|641,37.528948,127.078967,address
11215|자양동|642,37.528601,127.078282,address
11215|자양동|643-19,37.527957,127.080564,address
11215|자양동|643-23,37.528147,127.080060,address
11215|자양동|644,37.528202,127.081403,address
11215|자양동|645-1,37.528643,127.082208,address
11215|자양동|645-5,37.528116,127.082407,address
11215|자양동|658-14,37.534881,127.079172,keyword
11215|자양동|663-21,37.530906,127.084153,address
11215|자양동|665,37.529944,127.083013,address
11215|자양동|666-28,37.529478,127.083927,address
11215|자양동|670,37.528580,127.083447,address
11215|자양동|672,37.528141,127.084679,address
11215|자양동|673,37.528434,127.085855,address
11215|자양동|678-8,37.531054,127.085146,address
11215|자양동|690-58,37.530226,127.088621,address
11215|자양동|695,37.531444,127.091001,address
11215|자양동|761,37.534195,127.070624,address
11215|자양동|762,37.535699,127.070094,address
11215|자양동|767,37.540274,127.081042,address
11215|자양동|769-1,37.539346,127.081635,address
11215|자양동|769-3,37.539447,127.082193,address
11215|자양동|770-1,37.539207,127.081170,address
11215|자양동|770-2,37.539196,127.080967,address
11215|자양동|779-11,37.537887,127.082982,address
11215|자양동|779-8,37.537523,127.083069,address
11215|자양동|783-1,37.536353,127.074597,address
11215|자양동|784-1,37.536421,127.068327,address
11215|자양동|786,37.532846,127.071659,address
11215|자양동|787,37.532214,127.071629,address
11215|자양동|788,37.532978,127.069768,address
11215|자양동|789,37.533486,127.072033,address
11215|자양동|790,37.533832,127.069237,address
11215|자양동|791,37.537641,127.074351,address
11215|자양동|792,37.533450,127.070500,address
11215|자양동|793,37.531236,127.070517,address
11215|자양동|798-3,37.536871,127.078004,address
11215|자양동|798-4,37.536918,127.077813,address
11215|자양동|809,37.531325,127.069596,address
11215|자양동|810,37.540113,127.081730,address
11215|자양동|811,37.529548,127.075729,address
11215|자양동|813,37.530018,127.089793,address
11215|자양동|829,37.533088,127.066827,address
11215|자양동|830,37.533381,127.065077,address
11215|자양동|831-1,37.533259,127.066005,address
11215|자양동|853,37.533638,127.061847,address
11215|자양동|854,37.531901,127.067966,address
11215|자양동|855,37.533033,127.068174,address
11215|자양동|856,37.532186,127.069031,address
11215|자양동|858,37.539727,127.063309,address
11215|자양동|859,37.537712,127.081549,address
11215|자양동|860,37.538246,127.077937,address
11215|자양동|861,37.537430,127.068801,address
11215|자양동|862,37.532652,127.084527,address
11215|자양동|863,37.538360,127.062406,address
11215|자양동|87-1,37.532580,127.065458,address
11215|자양동|870,37.536274,127.088190,address
11215|중곡동|107-4,37.555890,127.092362,address
11215|중곡동|109-11,37.554888,127.092539,address
11215|중곡동|109-13,37.555103,127.092235,address
11215|중곡동|109-2,37.555156,127.092623,address
11215|중곡동|109-9,37.554996,127.092385,address
11215|중곡동|110-33,37.554699,127.092172,address
11215|중곡동|120-18,37.555540,127.086299,address
11215|중곡동|130-1,37.556208,127.085219,address
11215|중곡동|130-5,37.555635,127.086008,address
11215|중곡동|133-7,37.556169,127.084654,address
11215|중곡동|133-9,37.556316,127.084278,address
11215|중곡동|135-13,37.557454,127.084048,address
11215|중곡동|168-1,37.568034,127.085203,address
11215|중곡동|186-9,37.568843,127.078771,address
11215|중곡동|190-26,37.566779,127.078414,address
11215|중곡동|190-29,37.566385,127.078036,address
11215|중곡동|191-77,37.566393,127.078868,address
11215|중곡동|231-1,37.565179,127.080236,address
11215|중곡동|238-6,37.564466,127.076943,address
11215|중곡동|252-8,37.562376,127.075764,address
11215|중곡동|254-12,37.561489,127.076700,address
11215|중곡동|292,37.568866,127.086495,address
11215|중곡동|35-10,37.562082,127.085487,address
11215|중곡동|51-31,37.558860,127.083628,address
11215|중곡동|609,37.563094,127.083725,address
11215|중곡동|62-68,37.558985,127.088846,address
11215|중곡동|624-19,37.560367,127.076869,address
11215|중곡동|646-10,37.558927,127.079052,address
11215|중곡동|647-1,37.559732,127.080303,address
11215|중곡동|647-2,37.559524,127.080196,address
11215|중곡동|68-6,37.558798,127.091517,address
11215|중곡동|681,37.571070,127.079607,address
11215|중곡동|683,37.568460,127.079378,address
11215|중곡동|699,37.554566,127.087868,address
11215|중곡동|90-18,37.555869,127.090536,address
11215|중곡동|93-13,37.553739,127.089215,address
11215|화양동|110-37,37.547030,127.071172,address
11215|화양동|111-102,37.547482,127.072074,address
11215|화양동|111-88,37.545667,127.073728,address
11215|화양동|111-89,37.545601,127.073966,address
11215|화양동|113-1,37.547070,127.071826,address
11215|화양동|116-2,37.547597,127.070902,address
11215|화양동|17-16,37.547116,127.070022,address
11215|화양동|18-12,37.547678,127.069085,address
11215|화양동|20-3,37.547378,127.068066,address
11215|화양동|21-2,37.547995,127.068554,address
11215|화양동|23-5,37.547573,127.067568,address
11215|화양동|234,37.544507,127.065845,address
11215|화양동|530,37.546194,127.074657,address
11215|화양동|531,37.543927,127.068069,address
11215|화양동|532,37.545834,127.074526,address
11215|화양동|9-91,37.541510,127.068690,address
11230|답십리동|10,37.569342,127.061708,address
11230|답십리동|1000,37.575770,127.065406,address
11230|답십리동|1001,37.573904,127.049754,address
11230|답십리동|1002,37.572355,127.046019,address
11230|답십리동|1003,37.572038,127.053952,address
11230|답십리동|1008,37.573845,127.045041,address
11230|답십리동|1009,37.571454,127.047168,address
11230|답십리동|1013,37.574425,127.056268,address
11230|답십리동|1014,37.567732,127.059521,address
11230|답십리동|1015,37.568863,127.056476,address
11230|답십리동|1016,37.566615,127.060423,address
11230|답십리동|111,37.573470,127.053367,address
11230|답십리동|268-3,37.569099,127.056818,address
11230|답십리동|41,37.571410,127.060392,address
11230|답십리동|42,37.570810,127.062579,address
11230|답십리동|464-1,37.572692,127.044123,address
11230|답십리동|465-55,37.570834,127.047452,address
11230|답십리동|488-18,37.566276,127.056359,address
11230|답십리동|493-5,37.565874,127.054717,address
11230|답십리동|494-1,37.566900,127.053286,address
11230|답십리동|494-2,37.566476,127.053851,address
11230|답십리동|497-23,37.568984,127.050546,address
11230|답십리동|498-7,37.570170,127.049521,address
11230|답십리동|530-15,37.566163,127.055151,address
11230|답십리동|530-4,37.570387,127.050092,address
11230|답십리동|530-5,37.570017,127.050459,address
11230|답십리동|645-8,37.574757,127.044657,address
11230|답십리동|75-18,37.573283,127.060769,address
11230|답십리동|80,37.574448,127.059673,address
11230|답십리동|80-2,37.575557,127.062012,address
11230|답십리동|808,37.570934,127.063695,address
11230|답십리동|989-1,37.574932,127.065952,address
11230|답십리동|990,37.569312,127.060205,address
11230|답십리동|994,37.566933,127.053974,address
11230|답십리동|997,37.573683,127.065549,address
11230|답십리동|998,37.566186,127.057694,address
11230|답십리동|999,37.569861,127.049698,address
11230|신설동|100-26,37.571272,127.026388,address
11230|신설동|109-13,37.571999,127.023912,address
11230|신설동|398,37.572776,127.026348,address
11230|신설동|8-1,37.578125,127.026722,address
11230|신설동|89-38,37.577158,127.025622,address
11230|신설동|96-48,37.573906,127.025975,address
11230|용두동|100-5,37.577817,127.033588,address
11230|용두동|104-3,37.577801,127.032785,address
11230|용두동|104-34,37.577312,127.033126,address
11230|용두동|112-8,37.577719,127.031373,address
11230|용두동|138-41,37.578530,127.032403,address
11230|용두동|138-52,37.579834,127.031852,address
11230|용두동|235-30,37.574869,127.030158,address
11230|용두동|236-1,37.577185,127.029498,address
11230|용두동|255-49,37.570729,127.028449,address
11230|용두동|255-66,37.570332,127.029908,address
11230|용두동|29-1,37.575671,127.039171,address
11230|용두동|39-446,37.576862,127.040896,address
11230|용두동|779,37.572698,127.032315,address
11230|용두동|785,37.575789,127.031516,address
11230|용두동|790,37.577185,127.035721,address
11230|용두동|791,37.573379,127.036246,address
11230|용두동|792,37.574948,127.036208,address
11230|용두동|794,37.579142,127.030992,address
11230|용두동|795,37.571648,127.029220,address
11230|용두동|796,37.579627,127.028476,address
11230|용두동|797,37.578138,127.042233,address
11230|용두동|798,37.577241,127.042861,address
11230|용두동|801,37.571405,127.030789,address
11230|이문동|225,37.604511,127.065116,address
11230|이문동|254-40,37.604279,127.061817,address
11230|이문동|256-2,37.603518,127.062227,address
11230|이문동|257-42,37.600084,127.060230,address
11230|이문동|257-516,37.600246,127.059417,address
11230|이문동|264-368,37.599133,127.054442,address
11230|이문동|291-35,37.598081,127.061015,address
11230|이문동|292-10,37.598479,127.061915,address
11230|이문동|311,37.593527,127.060218,address
11230|이문동|327-1,37.595186,127.059111,address
11230|이문동|327-4,37.595146,127.059664,address
11230|이문동|327-7,37.595003,127.059092,address
11230|이문동|425,37.600349,127.056433,address
11230|이문동|427,37.604273,127.070412,address
11230|이문동|428,37.603751,127.062958,address
11230|이문동|429,37.603187,127.070631,address
11230|이문동|45,37.602567,127.069789,address
11230|이문동|54,37.601351,127.070192,address
11230|이문동|64,37.599434,127.068635,address
11230|이문동|73,37.595880,127.067593,address
11230|이문동|84,37.596389,127.064644,address
11230|장안동|131-1,37.574613,127.069309,address
11230|장안동|169-48,37.571016,127.066794,address
11230|장안동|169-54,37.570940,127.067026,address
11230|장안동|241-13,37.563859,127.059591,address
11230|장안동|241-8,37.563954,127.059786,address
11230|장안동|284-3,37.580967,127.074783,address
11230|장안동|302-2,37.576535,127.071448,address
11230|장안동|306-10,37.574118,127.071278,address
11230|장안동|306-13,37.573638,127.071243,address
11230|장안동|309-6,37.573602,127.072395,address
11230|장안동|309-7,37.573908,127.072496,address
11230|장안동|310-14,37.574527,127.072540,address
11230|장안동|311-6,37.575791,127.072628,address
11230|장안동|312-7,37.576798,127.072700,address
11230|장안동|312-8,37.577140,127.072724,address
11230|장안동|313-7,37.577718,127.072768,address
11230|장안동|313-8,37.578070,127.072793,address
11230|장안동|319-2,37.577700,127.073142,address
11230|장안동|319-3,37.577633,127.073342,address
11230|장안동|319-6,37.578030,127.073174,address
11230|장안동|326-10,37.575363,127.073870,address
11230|장안동|327,37.576916,127.073868,address
11230|장안동|329-2,37.575643,127.075351,address
11230|장안동|329-3,37.573964,127.075387,address
11230|장안동|332-2,37.572555,127.076057,address
11230|장안동|332-6,37.572311,127.075919,address
11230|장안동|333-5,37.571529,127.075962,address
11230|장안동|334-3,37.571838,127.075199,address
11230|장안동|334-5,37.571564,127.075540,address
11230|장안동|334-6,37.571596,127.075086,address
11230|장안동|335-10,37.571742,127.072990,address
11230|장안동|335-7,37.571674,127.073920,address
11230|장안동|335-8,37.571694,127.073641,address
11230|장안동|336,37.569726,127.074606,address
11230|장안동|337-2,37.571127,127.073624,address
11230|장안동|337-3,37.570949,127.073523,address
11230|장안동|339-7,37.568123,127.071931,address
11230|장안동|342-11,37.570656,127.072941,address
11230|장안동|342-13,37.571063,127.073172,address
11230|장안동|342-21,37.571369,127.072959,address
11230|장안동|342-3,37.570981,127.072739,address
11230|장안동|344-1,37.571248,127.072202,address
11230|장안동|344-11,37.571067,127.072441,address
11230|장안동|344-2,37.571124,127.072021,address
11230|장안동|344-5,37.570958,127.072251,address
11230|장안동|344-6,37.571195,127.072514,address
11230|장안동|344-8,37.571001,127.071951,address
11230|장안동|345-10,37.570248,127.071524,address
11230|장안동|346-1,37.569259,127.070975,address
11230|장안동|346-11,37.568807,127.070787,address
11230|장안동|346-2,37.568966,127.070786,address
11230|장안동|346-28,37.568499,127.070588,address
11230|장안동|346-9,37.568588,127.070645,address
11230|장안동|347-8,37.567895,127.070658,address
11230|장안동|350-11,37.567312,127.070467,address
11230|장안동|350-5,37.567311,127.070951,address
11230|장안동|350-6,37.567127,127.070817,address
11230|장안동|350-7,37.566925,127.070801,address
11230|장안동|351-5,37.566956,127.069773,address
11230|장안동|354-2,37.566445,127.072427,address
11230|장안동|358-18,37.564673,127.071952,address
11230|장안동|360-2,37.565913,127.069168,address
11230|장안동|360-7,37.566031,127.068974,address
11230|장안동|362-7,37.566345,127.069182,address
11230|장안동|363-11,37.567460,127.069356,address
11230|장안동|364-7,37.568031,127.069736,address
11230|장안동|364-9,37.568254,127.069888,address
11230|장안동|365-4,37.569291,127.070536,address
11230|장안동|367-11,37.571317,127.071729,address
11230|장안동|367-4,37.571161,127.071634,address
11230|장안동|371-1,37.571671,127.069860,address
11230|장안동|372-12,37.570303,127.070084,address
11230|장안동|372-16,37.570926,127.070142,address
11230|장안동|372-5,37.570089,127.069946,address
11230|장안동|372-8,37.570797,127.070059,address
11230|장안동|372-9,37.571067,127.070238,address
11230|장안동|373-1,37.569755,127.069730,address
11230|장안동|373-3,37.569180,127.069360,address
11230|장안동|373-7,37.569602,127.069289,address
11230|장안동|374-8,37.568196,127.068383,address
11230|장안동|374-9,37.568295,127.068446,address
11230|장안동|375-11,37.567443,127.067897,address
11230|장안동|375-7,37.567258,127.067778,address
11230|장안동|378-3,37.567383,127.067480,address
11230|장안동|380-1,37.568069,127.067707,address
11230|장안동|381-3,37.568601,127.068166,address
11230|장안동|382-2,37.569927,127.069023,address
11230|장안동|382-3,37.569795,127.068842,address
11230|장안동|382-4,37.569649,127.068736,address
11230|장안동|382-5,37.569432,127.068607,address
11230|장안동|383-10,37.570387,127.069310,address
11230|장안동|383-11,37.570554,127.069416,address
11230|장안동|384-1,37.571195,127.069730,address
11230|장안동|385-2,37.571361,127.069106,address
11230|장안동|390-5,37.570860,127.067756,address
11230|장안동|393-8,37.568898,127.066563,address
11230|장안동|400-1,37.566188,127.064894,address
11230|장안동|400-3,37.565708,127.064621,address
11230|장안동|400-9,37.566026,127.064744,address
11230|장안동|401-1,37.565800,127.063722,address
11230|장안동|404-13,37.564500,127.062563,address
11230|장안동|410-13,37.563718,127.060086,address
11230|장안동|415-1,37.562580,127.061412,address
11230|장안동|415-10,37.562236,127.061924,address
11230|장안동|415-14,37.562523,127.061821,address
11230|장안동|416-1,37.562332,127.063241,address
11230|장안동|417-10,37.563151,127.064252,address
11230|장안동|417-11,37.563312,127.064362,address
11230|장안동|417-3,37.563178,127.064578,address
11230|장안동|418-4,37.562833,127.063366,address
11230|장안동|424-1,37.565218,127.064637,address
11230|장안동|426-3,37.565827,127.065707,address
11230|장안동|432-11,37.562622,127.064625,address
11230|장안동|432-12,37.562719,127.064693,address
11230|장안동|437-2,37.565331,127.068854,address
11230|장안동|440-1,37.564069,127.072140,address
11230|장안동|440-12,37.562737,127.071621,address
11230|장안동|440-2,37.564059,127.072434,address
11230|장안동|440-3,37.563814,127.072300,address
11230|장안동|440-5,37.563718,127.072103,address
11230|장안동|440-7,37.563531,127.071995,address
11230|장안동|444-9,37.563865,127.069650,address
11230|장안동|450-4,37.563396,127.067759,address
11230|장안동|454-1,37.562924,127.070114,address
11230|장안동|454-2,37.562833,127.070353,address
11230|장안동|455-1,37.562708,127.070640,address
11230|장안동|455-10,37.562423,127.070471,address
11230|장안동|455-4,37.562581,127.070858,address
11230|장안동|455-5,37.562322,127.070705,address
11230|장안동|456-8,37.561889,127.070834,address
11230|장안동|463-10,37.562788,127.066677,address
11230|장안동|465-4,37.561692,127.067617,address
11230|장안동|466-5,37.561359,127.069902,address
11230|장안동|555-1,37.579598,127.071924,address
11230|장안동|556,37.580598,127.071964,address
11230|장안동|561,37.564945,127.071142,address
11230|장안동|562,37.565091,127.069494,address
11230|장안동|563,37.565518,127.069963,address
11230|장안동|564,37.565416,127.062829,address
11230|장안동|565,37.564902,127.062330,address
11230|장안동|566,37.563312,127.068500,address
11230|장안동|567,37.563732,127.063783,address
11230|장안동|568,37.564912,127.065046,address
11230|장안동|569,37.568527,127.071547,address
11230|장안동|570,37.567076,127.062972,address
11230|장안동|571,37.574698,127.073075,address
11230|장안동|572,37.563078,127.069034,address
11230|장안동|573,37.563561,127.070638,address
11230|장안동|574,37.571780,127.067674,address
11230|장안동|575,37.563357,127.071180,address
11230|장안동|576,37.564592,127.068612,address
11230|장안동|577,37.564520,127.072572,address
11230|장안동|578,37.580438,127.070213,address
11230|장안동|579,37.580780,127.071319,address
11230|장안동|580,37.566278,127.062186,address
11230|장안동|581,37.565294,127.065378,address
11230|장안동|582,37.564492,127.067322,address
11230|장안동|583,37.565004,127.067677,address
11230|장안동|584,37.569920,127.071693,address
11230|장안동|586,37.571180,127.068822,address
11230|장안동|587,37.574868,127.070598,address
11230|장안동|93-128,37.580500,127.071484,address
11230|장안동|95-1,37.581148,127.069121,address
11230|전농동|10,37.576637,127.060712,address
11230|전농동|100-1,37.586330,127.052392,address
11230|전농동|103-22,37.586365,127.053397,address
11230|전농동|103-231,37.583773,127.051593,address
11230|전농동|103-233,37.583716,127.051514,address
11230|전농동|127-34,37.582442,127.052188,address
11230|전농동|127-359,37.580578,127.050917,address
11230|전농동|155,37.581929,127.055594,address
11230|전농동|32-4,37.577173,127.058555,address
11230|전농동|597-5,37.583187,127.049447,address
11230|전농동|6,37.577272,127.064958,address
11230|전농동|620-47,37.578857,127.045137,address
11230|전농동|645-2,37.574837,127.045604,address
11230|전농동|687,37.578312,127.048527,address
11230|전농동|688,37.580944,127.061076,address
11230|전농동|690,37.576229,127.050607,address
11230|전농동|695,37.576505,127.049359,address
11230|제기동|1158-10,37.579695,127.032716,address
11230|제기동|1158-17,37.580034,127.033097,address
11230|제기동|1158-40,37.578811,127.033707,address
11230|제기동|1158-6,37.580074,127.032533,address
11230|제기동|120-10,37.586979,127.039976,address
11230|제기동|1212,37.588851,127.039117,address
11230|제기동|1213,37.590970,127.037912,address
11230|제기동|134-73,37.585146,127.035326,address
11230|제기동|136-3,37.589983,127.036878,address
11230|제기동|153,37.583493,127.031893,address
11230|제기동|252,37.582200,127.034084,address
11230|제기동|274-21,37.580278,127.033302,address
11230|제기동|757-12,37.583767,127.040178,address
11230|제기동|892-114,37.582333,127.036314,address
11230|제기동|892-65,37.580965,127.035869,address
11230|제기동|892-66,37.580215,127.035753,address
11230|제기동|892-68,37.579179,127.035594,address
11230|청량리동|205-755,37.590867,127.041091,address
11230|청량리동|212,37.586131,127.046192,address
11230|청량리동|234-2,37.584934,127.046541,address
11230|청량리동|235-1,37.584001,127.046766,address
11230|청량리동|425,37.586082,127.044515,address
11230|청량리동|60,37.587978,127.049163,address
11230|청량리동|738,37.581440,127.044390,address
11230|청량리동|949,37.595123,127.040938,address
11230|회기동|346-18,37.590819,127.056057,address
11230|회기동|347-7,37.590651,127.055510,address
11230|회기동|351,37.590046,127.053661,address
11230|회기동|60-223,37.591242,127.048121,address
11230|회기동|60-230,37.590928,127.048151,address
11230|회기동|65,37.589546,127.051685,address
11230|회기동|65-39,37.588921,127.054003,address
11230|회기동|65-81,37.589506,127.053910,address
11230|회기동|67-3,37.588635,127.053653,address
11230|휘경동|106,37.591519,127.064775,address
11230|휘경동|108-4,37.592145,127.066052,address
11230|휘경동|109,37.591974,127.064380,address
11230|휘경동|115,37.592524,127.067617,address
11230|휘경동|117,37.592313,127.066893,address
11230|휘경동|172,37.592968,127.062632,address
11230|휘경동|264-2,37.589942,127.060903,address
11230|휘경동|308-110,37.587124,127.057405,address
11230|휘경동|336-32,37.588772,127.054649,address
11230|휘경동|363,37.586297,127.055618,address
11230|휘경동|365,37.582258,127.073276,address
11230|휘경동|366,37.587410,127.068693,address
11230|휘경동|367,37.591025,127.068389,address
11230|휘경동|368,37.590048,127.065520,address
11230|휘경동|369,37.589083,127.057657,address
11230|휘경동|372,37.593619,127.066174,address
11230|휘경동|375,37.591391,127.062374,address
11230|휘경동|377,37.594409,127.063929,address
11230|휘경동|43-66,37.584058,127.066638,address
11230|휘경동|49-5,37.584153,127.071043,address
11230|휘경동|52,37.581665,127.074189,address
11230|휘경동|57,37.582895,127.070828,address
11230|휘경동|57#11230-53,37.582887,127.071336,keyword
11230|휘경동|57#11230-64,37.583524,127.069078,keyword
11230|휘경동|78,37.590994,127.063378,address
11260|망우동|133-14,37.600215,127.107493,address
11260|망우동|133-15,37.600240,127.107282,address
11260|망우동|178-80,37.602904,127.106913,address
11260|망우동|184-13,37.599347,127.103568,address
11260|망우동|184-16,37.599276,127.103349,address
11260|망우동|184-6,37.599442,127.102988,address
11260|망우동|202-16,37.599718,127.102884,address
11260|망우동|207-6,37.599972,127.103983,address
11260|망우동|213-3,37.605121,127.105845,address
11260|망우동|226,37.603797,127.106710,address
11260|망우동|236-7,37.604713,127.106315,address
11260|망우동|401-21,37.597209,127.102618,address
11260|망우동|460-26,37.595028,127.098341,address
11260|망우동|461-12,37.595519,127.098283,address
11260|망우동|479,37.597335,127.093478,address
11260|망우동|490-30,37.598481,127.096317,address
11260|망우동|494-17,37.597572,127.095890,address
11260|망우동|495,37.597668,127.094407,address
11260|망우동|506-22,37.595663,127.093947,address
11260|망우동|506-3,37.595940,127.093916,address
11260|망우동|506-8,37.595703,127.093341,address
11260|망우동|508-11,37.596708,127.094737,address
11260|망우동|508-14,37.596616,127.094344,address
11260|망우동|508-15,37.596424,127.094139,address
11260|망우동|508-17,37.596470,127.094628,address
11260|망우동|508-34,37.596092,127.094197,address
11260|망우동|508-50,37.595816,127.094219,address
11260|망우동|508-6,37.596829,127.094095,address
11260|망우동|572,37.596329,127.098827,address
11260|망우동|573,37.599976,127.108459,address
11260|망우동|574,37.599894,127.107821,address
11260|망우동|575,37.599576,127.104800,address
11260|망우동|576,37.595845,127.094677,address
11260|망우동|577,37.597004,127.102085,address
11260|망우동|578,37.602779,127.110095,address
11260|망우동|579,37.598417,127.106277,address
11260|망우동|580,37.602259,127.109161,address
11260|망우동|580-1,37.601054,127.110187,address
11260|망우동|582,37.592720,127.098288,address
11260|망우동|583,37.602360,127.104955,address
11260|망우동|598,37.609632,127.105857,address
11260|망우동|610,37.609280,127.110111,address
11260|망우동|620,37.607657,127.108377,address
11260|면목동|1-41,37.588914,127.100923,address
11260|면목동|105-4,37.588636,127.089601,address
11260|면목동|1073,37.581071,127.094449,address
11260|면목동|1077-1,37.581322,127.095949,address
11260|면목동|126-1,37.590209,127.086710,address
11260|면목동|126-48,37.590140,127.086474,address
11260|면목동|1278,37.591454,127.088413,address
11260|면목동|1286-1,37.592241,127.088710,address
11260|면목동|132-63,37.591871,127.084983,address
11260|면목동|132-64,37.591882,127.085163,address
11260|면목동|1339-2,37.572116,127.087584,address
11260|면목동|136-2,37.590788,127.083197,address
11260|면목동|136-77,37.590924,127.083342,address
11260|면목동|136-96,37.591082,127.083511,address
11260|면목동|138-15,37.590732,127.084986,address
11260|면목동|138-28,37.589412,127.084163,address
11260|면목동|138-62,37.589158,127.084112,address
11260|면목동|142-64,37.589325,127.081605,address
11260|면목동|142-8,37.589460,127.081757,address
11260|면목동|1499,37.578872,127.094910,address
11260|면목동|1500,37.581619,127.083978,address
11260|면목동|1501,37.577561,127.080620,address
11260|면목동|1502,37.576258,127.089787,address
11260|면목동|1505,37.589220,127.084978,address
11260|면목동|1508,37.583889,127.083996,address
11260|면목동|151-4,37.585915,127.080593,address
11260|면목동|1510,37.580553,127.083558,address
11260|면목동|1511,37.579735,127.083050,address
11260|면목동|1512,37.586414,127.075025,address
11260|면목동|1513,37.576420,127.088449,address
11260|면목동|1514,37.590969,127.072324,address
11260|면목동|1515,37.577485,127.090732,address
11260|면목동|1516,37.574883,127.079626,address
11260|면목동|1517,37.587877,127.101666,address
11260|면목동|1518,37.580476,127.079255,address
11260|면목동|1519,37.588919,127.072956,address
11260|면목동|1520,37.586862,127.074646,address
11260|면목동|1521,37.573423,127.079794,address
11260|면목동|1522,37.578873,127.082261,address
11260|면목동|1522-1,37.578084,127.081257,address
11260|면목동|1523,37.589264,127.076967,address
11260|면목동|1524,37.586136,127.095585,address
11260|면목동|1525,37.577517,127.091620,address
11260|면목동|1526,37.588229,127.090510,address
11260|면목동|1527,37.587214,127.096093,address
11260|면목동|1528,37.577172,127.089271,address
11260|면목동|1529,37.575487,127.080448,address
11260|면목동|1530,37.586620,127.096493,address
11260|면목동|1531,37.586834,127.084126,address
11260|면목동|1532,37.589703,127.077833,address
11260|면목동|1534,37.591251,127.081909,address
11260|면목동|1535,37.592241,127.078653,address
11260|면목동|1537,37.572476,127.087033,address
11260|면목동|1542,37.584356,127.077997,address
11260|면목동|1543,37.579490,127.094033,address
11260|면목동|1544,37.582329,127.078794,address
11260|면목동|1545,37.582356,127.081721,address
11260|면목동|1548,37.572496,127.085315,address
11260|면목동|1549,37.585458,127.096033,address
11260|면목동|1554,37.587930,127.090859,address
11260|면목동|157-3,37.584002,127.082521,address
11260|면목동|173-21,37.583812,127.077225,address
11260|면목동|174-1,37.585975,127.077928,address
11260|면목동|177-56,37.586662,127.077615,address
11260|면목동|178-10,37.588213,127.077588,address
11260|면목동|178-50,37.588000,127.077996,address
11260|면목동|178-9,37.588205,127.078007,address
11260|면목동|181-30,37.589399,127.077854,address
11260|면목동|193-1,37.587505,127.075210,address
11260|면목동|194-3,37.584928,127.076511,address
11260|면목동|353-55,37.578059,127.085288,address
11260|면목동|354-12,37.577108,127.086277,address
11260|면목동|376-5,37.574977,127.081033,address
11260|면목동|390-1,37.573956,127.084260,address
11260|면목동|390-24,37.573773,127.084154,address
11260|면목동|472-8,37.580876,127.089895,address
11260|면목동|494,37.582767,127.094265,address
11260|면목동|499-42,37.583701,127.087974,address
11260|면목동|538,37.587224,127.086640,address
11260|면목동|564-1,37.584320,127.084371,address
11260|면목동|581,37.577956,127.090165,address
11260|면목동|612-6,37.580114,127.089607,address
11260|면목동|637-2,37.580724,127.086170,address
11260|면목동|668-1,37.577868,127.082937,address
11260|면목동|715,37.572928,127.080665,address
11260|면목동|727-302,37.573987,127.079764,address
11260|면목동|88-52,37.592061,127.092509,address
11260|면목동|91-15,37.592552,127.088643,address
11260|면목동|91-58,37.592698,127.087620,address
11260|묵동|121-302,37.614271,127.080952,address
11260|묵동|122-146,37.609665,127.079607,address
11260|묵동|122-55,37.610413,127.080076,address
11260|묵동|13,37.616141,127.084788,address
11260|묵동|154-18,37.618072,127.082007,address
11260|묵동|161-4,37.616852,127.078794,address
11260|묵동|162-17,37.616227,127.078753,address
11260|묵동|164-4,37.614878,127.077914,address
11260|묵동|167,37.616856,127.077373,address
11260|묵동|168-16,37.616176,127.076653,address
11260|묵동|168-4,37.616670,127.076427,address
11260|묵동|168-7,37.616334,127.076608,address
11260|묵동|168-8,37.616049,127.076693,address
11260|묵동|169-10,37.615071,127.076832,address
11260|묵동|169-11,37.614568,127.077141,address
11260|묵동|170-1,37.613809,127.077513,address
11260|묵동|170-27,37.614190,127.077051,address
11260|묵동|171-4,37.613642,127.078322,address
11260|묵동|174-9,37.613190,127.078266,address
11260|묵동|177-12,37.611227,127.078776,address
11260|묵동|184-20,37.606795,127.081025,address
11260|묵동|188-1,37.605963,127.079486,address
11260|묵동|20,37.616052,127.088201,address
11260|묵동|20#11260-53,37.616573,127.088290,keyword
11260|묵동|20#11260-54,37.616573,127.088290,keyword
11260|묵동|239-180,37.610778,127.077055,address
11260|묵동|245-64,37.606788,127.077147,address
11260|묵동|377,37.609221,127.074339,address
11260|묵동|378,37.614338,127.073492,address
11260|묵동|379,37.614614,127.076129,address
11260|묵동|380,37.617158,127.078182,address
11260|묵동|381,37.612855,127.080993,address
11260|묵동|382,37.614112,127.080098,address
11260|묵동|383,37.615412,127.083559,address
11260|묵동|384,37.612531,127.081812,address
11260|묵동|385,37.610510,127.073660,address
11260|묵동|386,37.612726,127.080042,address
11260|묵동|387,37.618832,127.082353,address
11260|묵동|388,37.613316,127.074447,address
11260|묵동|389,37.616343,127.077201,address
11260|묵동|390,37.613262,127.080167,address
11260|묵동|391,37.607786,127.077680,address
11260|묵동|392,37.613020,127.073461,address
11260|묵동|393,37.609395,127.075519,address
11260|묵동|396,37.615995,127.083016,address
11260|묵동|397,37.615337,127.077554,address
11260|묵동|58-1,37.615876,127.080585,address
11260|묵동|58-3,37.615959,127.080400,address
11260|묵동|8,37.618867,127.087069,address
11260|상봉동|1,37.604013,127.093482,address
11260|상봉동|101-19,37.596006,127.086471,address
11260|상봉동|104-10,37.595108,127.087538,address
11260|상봉동|105-97,37.594389,127.088791,address
11260|상봉동|106,37.593696,127.087754,address
11260|상봉동|113,37.595507,127.085332,address
11260|상봉동|113-1,37.595360,127.085408,address
11260|상봉동|115-61,37.595804,127.085323,address
11260|상봉동|115-84,37.595580,127.084452,address
11260|상봉동|116-49,37.595797,127.081775,address
11260|상봉동|128-10,37.593700,127.079756,address
11260|상봉동|128-34,37.594193,127.078844,address
11260|상봉동|136-100,37.592580,127.073608,address
11260|상봉동|136-102,37.592678,127.073993,address
11260|상봉동|136-11,37.592627,127.073791,address
11260|상봉동|210-2,37.600825,127.087187,address
11260|상봉동|226-20,37.602740,127.087968,address
11260|상봉동|226-25,37.602566,127.088129,address
11260|상봉동|269-7,37.599550,127.087933,address
11260|상봉동|284-11,37.601986,127.089623,address
11260|상봉동|284-13,37.601734,127.089597,address
11260|상봉동|32-1,37.601855,127.092537,address
11260|상봉동|333-1,37.597213,127.084149,address
11260|상봉동|474-10,37.592338,127.071587,address
11260|상봉동|484,37.603514,127.090637,address
11260|상봉동|494,37.592036,127.074282,address
11260|상봉동|495,37.602017,127.093634,address
11260|상봉동|496,37.599429,127.088684,address
11260|상봉동|497,37.603146,127.092740,address
11260|상봉동|498,37.604122,127.092858,address
11260|상봉동|499,37.602535,127.091187,address
11260|상봉동|500,37.598101,127.090514,address
11260|상봉동|501,37.597440,127.092241,address
11260|상봉동|504,37.597072,127.087027,address
11260|상봉동|63,37.601213,127.093062,address
11260|상봉동|74,37.598926,127.093894,address
11260|상봉동|81-5,37.597103,127.091181,address
11260|상봉동|84-11,37.594551,127.092378,address
11260|상봉동|84-39,37.594758,127.092849,address
11260|상봉동|85-1,37.594320,127.091977,address
11260|상봉동|85-18,37.593986,127.091174,address
11260|상봉동|85-4,37.594165,127.091394,address
11260|상봉동|87-27,37.593776,127.089996,address
11260|상봉동|87-43,37.593893,127.089679,address
11260|상봉동|89-10,37.595938,127.089561,address
11260|신내동|317,37.610923,127.099458,address
11260|신내동|397,37.609855,127.096936,address
11260|신내동|408-2,37.607223,127.097850,address
11260|신내동|437,37.603125,127.100119,address
11260|신내동|449-1,37.605536,127.098462,address
11260|신내동|450-1,37.605178,127.098278,address
11260|신내동|479,37.603491,127.098088,address
11260|신내동|487,37.602889,127.098741,address
11260|신내동|492-26,37.601097,127.099932,address
11260|신내동|492-5,37.601087,127.100215,address
11260|신내동|493-158,37.600432,127.099213,address
11260|신내동|495-42,37.599720,127.095948,address
11260|신내동|591,37.606727,127.096444,address
11260|신내동|616-1,37.608790,127.096823,address
11260|신내동|618,37.608568,127.096260,address
11260|신내동|650,37.615079,127.091319,address
11260|신내동|654,37.614092,127.093293,address
11260|신내동|656,37.613632,127.095137,address
11260|신내동|657,37.611986,127.094727,address
11260|신내동|661,37.607437,127.093941,address
11260|신내동|783,37.604959,127.094533,address
11260|신내동|785,37.601779,127.095686,address
11260|신내동|786,37.608053,127.097279,address
11260|신내동|787,37.603704,127.101143,address
11260|신내동|788,37.608523,127.099197,address
11260|신내동|795,37.605191,127.101463,address
11260|신내동|796,37.600385,127.096240,address
11260|신내동|797,37.606054,127.097141,address
11260|신내동|799,37.607539,127.099906,address
11260|신내동|800,37.600681,127.099959,address
11260|신내동|801,37.605671,127.100244,address
11260|신내동|802,37.606327,127.098925,address
11260|신내동|803,37.602731,127.096508,address
11260|신내동|804,37.603554,127.096777,address
11260|신내동|816,37.617373,127.106824,address
11260|신내동|817,37.615158,127.110126,address
11260|신내동|838,37.602567,127.099154,address
11260|중화동|11,37.603146,127.084675,address
11260|중화동|11-7,37.603113,127.084391,address
11260|중화동|110-26,37.601024,127.082446,address
11260|중화동|19,37.603618,127.083675,address
11260|중화동|19-16,37.603179,127.083402,address
11260|중화동|19-3,37.603260,127.083628,address
11260|중화동|207-12,37.595173,127.078437,address
11260|중화동|207-14,37.595016,127.077878,address
11260|중화동|208-33,37.593994,127.075023,address
11260|중화동|208-4,37.594486,127.075881,address
11260|중화동|274-51,37.606516,127.082148,address
11260|중화동|274-75,37.606488,127.082367,address
11260|중화동|274-76,37.606455,127.082565,address
11260|중화동|274-77,37.606425,127.082757,address
11260|중화동|286-22,37.602003,127.079991,address
11260|중화동|297-84,37.595747,127.079040,address
11260|중화동|307-6,37.604442,127.078576,address
11260|중화동|307-76,37.604038,127.078477,address
11260|중화동|314-1,37.599280,127.077484,address
11260|중화동|318-81,37.597179,127.074589,address
11260|중화동|331-64,,,miss
11260|중화동|413-8,37.593585,127.071310,address
11260|중화동|42,37.605692,127.083424,address
11260|중화동|438,37.604576,127.077750,address
11260|중화동|450,37.597259,127.081876,address
11260|중화동|452,37.599884,127.078519,address
11260|중화동|453,37.602678,127.080075,address
11260|중화동|454,37.594181,127.074593,address
11260|중화동|462,37.602509,127.075954,address
11290|길음동|1076,37.604674,127.025201,address
11290|길음동|1276,37.602773,127.023776,address
11290|길음동|1277,37.608178,127.019941,address
11290|길음동|1278,37.610271,127.024462,address
11290|길음동|1279,37.605839,127.020250,address
11290|길음동|1280,37.611826,127.016166,address
11290|길음동|1280-1,37.610114,127.016442,address
11290|길음동|1281,37.612293,127.019765,address
11290|길음동|1282,37.609687,127.020747,address
11290|길음동|1283,37.606200,127.022919,address
11290|길음동|1284,37.607557,127.017949,address
11290|길음동|1285,37.609675,127.019032,address
11290|길음동|1286,37.603856,127.018981,address
11290|길음동|1287-1,37.608918,127.015960,address
11290|길음동|1288,37.610845,127.027018,address
11290|길음동|1289,37.607847,127.025631,address
11290|길음동|1290,37.603763,127.023501,address
11290|길음동|542-1,37.603785,127.023438,keyword
11290|길음동|635-168,37.614128,127.015902,address
11290|돈암동|1,37.603235,127.026198,address
11290|돈암동|15-1,37.599482,127.023373,address
11290|돈암동|42-32,37.598849,127.020089,address
11290|돈암동|524,37.600733,127.012569,address
11290|돈암동|552-9,37.597426,127.012849,address
11290|돈암동|603,37.597621,127.010006,address
11290|돈암동|609-1,37.594178,127.010321,address
11290|돈암동|609-1#11290-19,37.594883,127.010168,keyword
11290|돈암동|609-1#11290-20,37.594178,127.010321,address
11290|돈암동|624,37.601626,127.024834,address
11290|돈암동|630,37.598063,127.012649,address
11290|돈암동|631,37.603332,127.028043,address
11290|돈암동|632,37.595857,127.023405,address
11290|돈암동|633,37.601958,127.026323,address
11290|돈암동|636,37.598022,127.017577,address
11290|돈암동|637,37.602365,127.028281,address
11290|돈암동|639,37.598612,127.015075,address
11290|돈암동|641,37.597319,127.020926,address
11290|돈암동|642,37.597995,127.011645,address
11290|돈암동|643,37.600377,127.022750,address
11290|돈암동|644,37.599270,127.012570,address
11290|돈암동|7-15,37.602632,127.027736,address
11290|동선동1가|121-6,37.593033,127.019166,address
11290|동선동3가|257,37.595839,127.021664,address
11290|동선동4가|295-1,37.595872,127.020201,address
11290|동선동5가|69-1,37.595573,127.017663,address
11290|동소문동4가|103-20,37.591217,127.009957,address
11290|동소문동4가|241,37.592258,127.012291,address
11290|동소문동4가|279,37.592390,127.010468,address
11290|동소문동4가|280,37.593441,127.011237,address
11290|동소문동5가|120,37.591641,127.014495,address
11290|동소문동5가|15,37.591890,127.014015,address
11290|동소문동6가|24,37.592501,127.013066,address
11290|동소문동6가|261,37.594211,127.013643,address
11290|동소문동6가|3-1,37.592310,127.013428,address
11290|동소문동7가|120,37.596333,127.013792,address
11290|동소문동7가|23,37.595167,127.014191,address
11290|동소문동7가|75-10,37.596767,127.012991,address
11290|보문동1가|228,37.587246,127.019556,address
11290|보문동2가|6-5,37.587130,127.017541,address
11290|보문동3가|2,37.585610,127.016411,address
11290|보문동3가|214,37.583790,127.018202,address
11290|보문동3가|230,37.582802,127.015870,address
11290|보문동4가|116,37.584005,127.021025,address
11290|보문동6가|36-2,37.581416,127.017711,address
11290|보문동6가|433,37.578340,127.019539,address
11290|보문동6가|458,37.580129,127.018478,address
11290|보문동7가|139-1,37.578140,127.022780,address
11290|삼선동2가|420,37.582130,127.013487,address
11290|삼선동2가|425,37.583322,127.013497,address
11290|삼선동3가|116,37.587314,127.011639,address
11290|삼선동3가|18-2,37.588089,127.013314,address
11290|삼선동3가|21-4,37.587754,127.013434,address
11290|삼선동3가|23,37.588138,127.013546,address
11290|삼선동3가|26,37.588637,127.013328,address
11290|삼선동3가|3-1,37.588376,127.010918,address
11290|삼선동3가|6-4,37.588693,127.012601,address
11290|삼선동4가|44,37.589392,127.012879,address
11290|삼선동4가|73,37.590335,127.012681,address
11290|삼선동5가|63-3,37.588695,127.014475,address
11290|상월곡동|101,37.607841,127.045593,address
11290|상월곡동|24-51,37.604403,127.050146,address
11290|상월곡동|55-56,37.605865,127.046509,address
11290|석관동|10,37.612314,127.068932,address
11290|석관동|110-2,37.611093,127.066690,address
11290|석관동|404,37.610272,127.065576,address
11290|석관동|405,37.606283,127.065718,address
11290|석관동|407,37.608366,127.054519,address
11290|석관동|408,37.607609,127.053305,address
11290|석관동|410,37.606046,127.063614,address
11290|석관동|413,37.608191,127.052676,address
11290|성북동1가|115-5,37.590751,127.003144,address
11290|성북동1가|35-22,37.588438,127.005415,address
11290|성북동|179-96,37.590523,127.005595,address
11290|성북동|286,37.595179,126.989482,address
11290|성북동|348-3,37.595242,126.988805,address
11290|안암동1가|361,37.589306,127.023749,address
11290|안암동3가|135,37.581883,127.024886,address
11290|안암동3가|136-1,37.582403,127.025107,address
11290|안암동3가|138,37.585014,127.023587,address
11290|안암동3가|42-1,37.584445,127.022453,address
11290|안암동3가|79-4,37.583415,127.022895,address
11290|안암동4가|23-3,37.581150,127.025740,address
11290|안암동5가|160-16,37.590451,127.028758,address
11290|장위동|230-214,37.614344,127.040011,address
11290|장위동|233-608,37.611674,127.047917,address
11290|장위동|312,37.610236,127.055052,address
11290|장위동|314,37.617655,127.042951,address
11290|장위동|315,37.618054,127.043609,address
11290|장위동|316-5,37.623195,127.049454,address
11290|장위동|317,37.620542,127.047220,address
11290|장위동|319,37.619781,127.046109,address
11290|장위동|320,37.620056,127.051435,address
11290|장위동|322,37.618002,127.053309,address
11290|장위동|322-22,37.617835,127.056287,address
11290|장위동|323,37.618662,127.048960,address
11290|장위동|50-50,37.612200,127.058722,address
11290|장위동|60-1,37.613375,127.057651,address
11290|장위동|62-1,37.613591,127.056587,address
11290|장위동|62-1#11290-5983,37.612117,127.056137,keyword
11290|장위동|62-1#11290-5989,37.613591,127.056587,address
11290|장위동|65-239,37.609399,127.053595,address
11290|장위동|68-1014,37.612886,127.050184,address
11290|장위동|8-2,37.613647,127.061019,address
11290|정릉동|1013,37.611042,127.013740,address
11290|정릉동|1014,37.599559,127.016730,address
11290|정릉동|1015,37.604363,127.016928,address
11290|정릉동|1016,37.600379,127.010104,address
11290|정릉동|1017,37.599519,127.018275,address
11290|정릉동|1018,37.606419,127.016135,address
11290|정릉동|1019,37.606502,127.008389,address
11290|정릉동|1020,37.600962,127.015704,address
11290|정릉동|1021,37.618019,127.003531,address
11290|정릉동|1022,37.607889,127.005892,address
11290|정릉동|1024,37.617197,127.000903,address
11290|정릉동|1025,37.602825,127.015555,address
11290|정릉동|1028,37.614995,127.010241,address
11290|정릉동|1029,37.617111,126.998637,address
11290|정릉동|1030,37.600189,127.017519,address
11290|정릉동|1031,37.614430,127.007548,address
11290|정릉동|1032,37.601836,127.008980,address
11290|정릉동|1033,37.600021,127.010673,address
11290|정릉동|1034,37.603212,127.018248,address
11290|정릉동|1035,37.599945,127.019403,address
11290|정릉동|1037,37.601633,127.010858,address
11290|정릉동|1057,37.609210,127.012644,address
11290|정릉동|150-27,37.603685,127.012198,address
11290|정릉동|210,37.607516,127.014404,address
11290|정릉동|239,37.618488,127.007298,address
11290|정릉동|266-32,37.613105,127.011720,address
11290|정릉동|365-4,37.609842,127.006964,address
11290|정릉동|406,37.606428,127.009916,address
11290|정릉동|435,37.603739,127.010309,address
11290|정릉동|494,37.602656,127.009410,address
11290|정릉동|508-201,37.599026,127.006253,address
11290|정릉동|670-50,37.609250,127.003028,address
11290|정릉동|716-117,37.610920,127.003236,address
11290|정릉동|727-7,37.611019,127.002560,address
11290|정릉동|767-2,37.616147,127.002835,address
11290|정릉동|780,37.616765,127.002137,address
11290|정릉동|800-95,37.617979,127.004569,address
11290|정릉동|809,37.619408,127.002063,address
11290|정릉동|815-1,37.618677,126.999867,address
11290|정릉동|822-1,37.619377,126.998551,address
11290|종암동|10-178,37.595028,127.036209,address
11290|종암동|104-1,37.601186,127.036989,address
11290|종암동|125-1,37.599060,127.027371,address
11290|종암동|127,37.599880,127.037015,address
11290|종암동|128,37.595278,127.033683,address
11290|종암동|130,37.602491,127.029898,address
11290|종암동|131,37.596760,127.031759,address
11290|종암동|132,37.601937,127.033532,address
11290|종암동|133,37.599328,127.031141,address
11290|종암동|134,37.599288,127.038595,address
11290|종암동|135,37.601637,127.034884,address
11290|종암동|3-301,37.598911,127.037070,address
11290|종암동|33-45,37.593081,127.033602,address
11290|종암동|34-3,37.594429,127.033799,address
11290|종암동|46-43,37.596782,127.033957,address
11290|종암동|48-9,37.597012,127.032865,address
11290|종암동|80,37.601076,127.030077,address
11290|종암동|83-3,37.600505,127.032893,address
11290|청량리동|949,37.595250,127.040983,keyword
11290|하월곡동|218,37.605822,127.034602,address
11290|하월곡동|219,37.604408,127.035278,address
11290|하월곡동|222,37.607033,127.038365,address
11290|하월곡동|223,37.604186,127.038256,address
11290|하월곡동|224,37.596338,127.041369,address
11290|하월곡동|225,37.610568,127.036929,address
11290|하월곡동|226,37.599165,127.042132,address
11290|하월곡동|227,37.603278,127.042120,address
11290|하월곡동|228,37.610770,127.038993,address
11290|하월곡동|229,37.605390,127.027299,address
11290|하월곡동|230,37.605051,127.030996,address
11290|하월곡동|46-73,37.601676,127.040535,address
11290|하월곡동|70-4,37.605899,127.036206,address
11290|하월곡동|88-510,37.606859,127.029960,address
11290|하월곡동|88-64,37.606545,127.030381,address
11290|하월곡동|88-957,37.606570,127.029006,address
11290|하월곡동|90-1213,37.604106,127.033970,address
11290|하월곡동|90-2066,37.604095,127.034178,address
11290|하월곡동|90-700,37.603460,127.033335,address
11290|하월곡동|90-723,37.604709,127.032269,address
11305|도봉동|642,37.676263,127.047664,keyword
11305|미아동|103-183,37.617516,127.033405,address
11305|미아동|133-12,37.622278,127.030803,address
11305|미아동|135-44,37.620454,127.029920,address
11305|미아동|1351,37.622739,127.027004,address
11305|미아동|1352,37.626814,127.030549,address
11305|미아동|1353,37.617976,127.012631,address
11305|미아동|1354,37.621150,127.010827,address
11305|미아동|1355,37.614985,127.036555,address
11305|미아동|1356,37.615133,127.035675,address
11305|미아동|1357,37.614979,127.018124,address
11305|미아동|1358,37.625966,127.031262,address
11305|미아동|1361,37.632697,127.026638,address
11305|미아동|1369,37.618496,127.034691,address
11305|미아동|137-17,37.618907,127.029731,address
11305|미아동|137-7,37.618975,127.031058,address
11305|미아동|1371,37.619813,127.033045,address
11305|미아동|1372,37.626666,127.013981,address
11305|미아동|1373,37.628698,127.024727,address
11305|미아동|1374,37.627151,127.019689,address
11305|미아동|1375,37.625869,127.021274,address
11305|미아동|1379,37.619561,127.021967,address
11305|미아동|152,37.633454,127.027016,address
11305|미아동|160-3,37.634188,127.023861,address
11305|미아동|163-21,37.632248,127.026603,address
11305|미아동|189-30,37.632321,127.024457,address
11305|미아동|190-2,37.630774,127.025795,address
11305|미아동|192-16,37.631068,127.026441,address
11305|미아동|198-27,37.627121,127.028403,address
11305|미아동|198-36,37.627154,127.028732,address
11305|미아동|224-40,37.626022,127.024133,address
11305|미아동|258-732,37.626677,127.031071,address
11305|미아동|311-10,37.622981,127.024737,address
11305|미아동|311-9,37.623021,127.024896,address
11305|미아동|318-5,37.621567,127.026460,address
11305|미아동|4,37.617408,127.036391,address
11305|미아동|461,37.612814,127.025890,address
11305|미아동|461#11305-4158,37.612754,127.025814,keyword
11305|미아동|461#11305-4199,37.612814,127.025890,address
11305|미아동|474,37.613740,127.025699,address
11305|미아동|561-2,37.617204,127.022104,address
11305|미아동|796,37.628879,127.018797,address
11305|미아동|797,37.626009,127.019327,address
11305|미아동|8-318,37.615536,127.037863,address
11305|미아동|8-87,37.615788,127.038999,address
11305|미아동|811,37.617599,127.016974,address
11305|미아동|812,37.617312,127.020402,address
11305|미아동|813,37.613993,127.021007,address
11305|번동|118-15,37.624040,127.045418,address
11305|번동|133-1,37.626714,127.041240,address
11305|번동|136,37.626127,127.039305,address
11305|번동|138,37.627445,127.038803,address
11305|번동|139,37.626324,127.037398,address
11305|번동|148-490,37.625084,127.036932,address
11305|번동|148-494,37.625054,127.037447,address
11305|번동|148-496,37.624673,127.037106,address
11305|번동|148-500,37.624528,127.037646,address
11305|번동|148-503,37.624310,127.037708,address
11305|번동|191,37.627473,127.043657,address
11305|번동|204,37.625818,127.043305,address
11305|번동|234,37.630851,127.039254,address
11305|번동|242,37.624710,127.047114,address
11305|번동|271-2,37.627964,127.043085,address
11305|번동|410,37.635838,127.032016,address
11305|번동|410-32,37.635755,127.032868,address
11305|번동|411,37.635670,127.030912,address
11305|번동|418-3,37.638675,127.027039,address
11305|번동|432-6,37.634747,127.033821,address
11305|번동|443-6,37.635169,127.026077,address
11305|번동|446-59,37.636379,127.024944,address
11305|번동|459-110,37.637823,127.032254,address
11305|번동|459-63,37.638641,127.031055,address
11305|번동|461-1,37.638496,127.030535,address
11305|번동|470-1,37.641439,127.031883,address
11305|번동|656,37.630606,127.035416,address
11305|번동|657,37.623978,127.038175,address
11305|번동|658,37.624553,127.044893,address
11305|번동|760,37.631506,127.035529,address
11305|번동|761,37.634700,127.036115,address
11305|수유동|130-43,37.637438,127.018398,address
11305|수유동|177-2,37.640999,127.026507,address
11305|수유동|178-1,37.642549,127.024265,address
11305|수유동|180-31,37.643094,127.024861,address
11305|수유동|190-18,37.640506,127.025131,address
11305|수유동|191-28,37.639370,127.026431,address
11305|수유동|192-61,37.638873,127.024865,address
11305|수유동|205,37.642608,127.019046,address
11305|수유동|223-14,37.638185,127.023577,address
11305|수유동|223-7,37.638609,127.023104,address
11305|수유동|229-49,37.637925,127.024264,address
11305|수유동|229-50,37.637781,127.024043,address
11305|수유동|268-17,37.646034,127.017852,address
11305|수유동|269-25,37.646920,127.018180,address
11305|수유동|274-3,37.647675,127.015169,address
11305|수유동|279-74,37.648236,127.015318,address
11305|수유동|280-14,37.647264,127.012885,address
11305|수유동|281-32,37.646963,127.013151,address
11305|수유동|281-51,37.646153,127.014234,address
11305|수유동|282-11,37.647279,127.014106,address
11305|수유동|282-12,37.647143,127.014153,address
11305|수유동|282-20,37.646586,127.014032,address
11305|수유동|334-3,37.643642,127.017159,address
11305|수유동|338-1,37.642678,127.017391,address
11305|수유동|392-132,37.639303,127.016533,address
11305|수유동|403-17,37.636053,127.017576,address
11305|수유동|410-45,37.639116,127.013057,address
11305|수유동|45-93,37.635186,127.021520,address
11305|수유동|461-13,37.633760,127.014870,address
11305|수유동|47-13,37.634975,127.021103,address
11305|수유동|47-23,37.634847,127.021336,address
11305|수유동|48-8,37.634312,127.022167,address
11305|수유동|50-20,37.632753,127.021915,address
11305|수유동|50-24,37.632644,127.021707,address
11305|수유동|50-31,37.632106,127.022038,address
11305|수유동|50-75,37.631922,127.022223,address
11305|수유동|50-82,37.633011,127.021634,address
11305|수유동|51-7,37.632472,127.022331,address
11305|수유동|519-10,37.638345,127.011512,address
11305|수유동|52-27,37.631694,127.021153,address
11305|수유동|52-30,37.631612,127.020880,address
11305|수유동|553-61,37.641833,127.012013,address
11305|수유동|560-24,37.644687,127.009304,address
11305|수유동|562-4,37.645542,127.008065,address
11305|수유동|569,37.647224,127.012029,address
11305|수유동|63,37.631690,127.023458,address
11305|수유동|648,37.643409,127.017743,address
11305|수유동|690-9,37.643980,127.024752,address
11305|수유동|697-1,37.648958,127.015240,address
11305|수유동|710-15,37.648037,127.021846,address
11305|수유동|729,37.645419,127.018562,address
11305|수유동|730,37.644758,127.018385,address
11305|수유동|732,37.638453,127.022219,address
11305|수유동|733,37.632098,127.022540,address
11305|수유동|734,37.646263,127.009864,address
11305|수유동|738,37.644559,127.023870,address
11305|수유동|739,37.646150,127.009281,address
11305|수유동|741,37.642215,127.025444,address
11305|수유동|77-9,37.632709,127.022532,address
11305|수유동|87-5,37.632299,127.023099,address
11305|우이동|1,37.661830,127.013835,address
11305|우이동|117-3,37.658652,127.011938,address
11305|우이동|175,37.662143,127.011921,address
11305|우이동|340,37.651860,127.010835,address
11305|우이동|342,37.655422,127.011140,address
11305|우이동|5-5,37.662487,127.013437,address
11305|우이동|84-8,37.652618,127.010210,address
11320|도봉동|30-1,37.686279,127.047811,address
11320|도봉동|51-12,37.684789,127.047150,address
11320|도봉동|555,37.686725,127.041566,address
11320|도봉동|556-18,37.687172,127.043698,address
11320|도봉동|570-10,37.685686,127.044821,address
11320|도봉동|571,37.685642,127.043140,address
11320|도봉동|588,37.679315,127.041517,address
11320|도봉동|595,37.679472,127.044356,address
11320|도봉동|641,37.674133,127.048299,address
11320|도봉동|642,37.676317,127.047679,address
11320|도봉동|643,37.678017,127.049704,address
11320|도봉동|644,37.687624,127.048690,address
11320|도봉동|647,37.684371,127.050721,address
11320|도봉동|654,37.681516,127.046899,address
11320|도봉동|655,37.679494,127.046579,address
11320|도봉동|656,37.683280,127.049529,address
11320|도봉동|657,37.674551,127.047677,address
11320|도봉동|81-1,37.682451,127.049631,address
11320|도봉동|83,37.681832,127.050296,address
11320|도봉동|87,37.681206,127.048856,address
11320|방학동|266-3,37.661216,127.036087,address
11320|방학동|271-1,37.660935,127.026726,address
11320|방학동|274,37.661124,127.034044,address
11320|방학동|275,37.660457,127.032527,address
11320|방학동|444-31,37.662873,127.028182,address
11320|방학동|496,37.658926,127.025138,address
11320|방학동|507,37.658038,127.023857,address
11320|방학동|508,37.656974,127.021689,address
11320|방학동|519-1,37.657671,127.021033,address
11320|방학동|522,37.657944,127.021616,address
11320|방학동|530,37.660378,127.023013,address
11320|방학동|531,37.659108,127.023416,address
11320|방학동|612-2,37.667641,127.031345,address
11320|방학동|612-34,37.667838,127.031130,address
11320|방학동|618-1,37.666161,127.032253,address
11320|방학동|621-6,37.668487,127.035366,address
11320|방학동|636,37.667039,127.036115,address
11320|방학동|669-7,37.661837,127.032810,address
11320|방학동|689,37.663318,127.039532,address
11320|방학동|690-3,37.663982,127.037431,address
11320|방학동|695-10,37.664099,127.035978,address
11320|방학동|695-21,37.664199,127.036085,address
11320|방학동|701-15,37.666610,127.039454,address
11320|방학동|705-17,37.667469,127.043894,address
11320|방학동|712-17,37.662555,127.045837,address
11320|방학동|712-5,37.662457,127.046200,address
11320|방학동|713,37.664016,127.044915,address
11320|방학동|713-12,37.663773,127.045716,address
11320|방학동|714-1,37.664710,127.045110,address
11320|방학동|715-12,37.664885,127.045805,address
11320|방학동|716-1,37.666559,127.044882,address
11320|방학동|716-5,37.666385,127.045614,address
11320|방학동|717-2,37.667286,127.044821,address
11320|방학동|718-7,37.668627,127.045525,address
11320|방학동|720-1,37.665143,127.048142,address
11320|방학동|720-18,37.666978,127.047276,address
11320|방학동|725-9,37.661823,127.049910,address
11320|방학동|730,37.664508,127.026854,address
11320|방학동|731,37.661265,127.031766,address
11320|방학동|732,37.662805,127.029379,address
11320|방학동|734,37.658049,127.026229,address
11320|방학동|735,37.661836,127.035703,address
11320|방학동|736,37.662248,127.028848,address
11320|방학동|738,37.663404,127.028534,address
11320|방학동|739,37.661045,127.033101,address
11320|방학동|740,37.664334,127.030293,address
11320|방학동|741,37.660948,127.035304,address
11320|방학동|743,37.664304,127.039556,address
11320|쌍문동|100-2,37.647076,127.032127,address
11320|쌍문동|103-69,37.643595,127.031082,address
11320|쌍문동|103-85,37.643970,127.031039,address
11320|쌍문동|11-5,37.660613,127.035953,address
11320|쌍문동|128-2,37.649666,127.029941,address
11320|쌍문동|13-2,37.659908,127.035703,address
11320|쌍문동|138-33,37.650811,127.031945,address
11320|쌍문동|139-37,37.650314,127.029776,address
11320|쌍문동|139-52,37.649748,127.031072,address
11320|쌍문동|143-52,37.650547,127.033497,address
11320|쌍문동|153,37.654778,127.034462,address
11320|쌍문동|158,37.656015,127.033854,address
11320|쌍문동|159,37.655419,127.032330,address
11320|쌍문동|160,37.655147,127.031409,address
11320|쌍문동|19,37.659141,127.035328,address
11320|쌍문동|19-20,37.659207,127.035967,address
11320|쌍문동|195,37.659539,127.034533,address
11320|쌍문동|199-1,37.659109,127.033495,address
11320|쌍문동|20,37.658762,127.034759,address
11320|쌍문동|20-4,37.658700,127.035433,address
11320|쌍문동|256,37.657368,127.028238,address
11320|쌍문동|277-5,37.651120,127.025662,address
11320|쌍문동|285-5,37.651263,127.024824,address
11320|쌍문동|311,37.651009,127.028802,address
11320|쌍문동|315-20,37.648465,127.030653,address
11320|쌍문동|315-39,37.647745,127.030266,address
11320|쌍문동|315-48,37.648100,127.029837,address
11320|쌍문동|321,37.649287,127.027891,address
11320|쌍문동|357-14,37.649350,127.026423,address
11320|쌍문동|357-6,37.649450,127.026191,address
11320|쌍문동|388-33,37.645902,127.030693,address
11320|쌍문동|450,37.650359,127.022776,address
11320|쌍문동|460-8,37.653368,127.021873,address
11320|쌍문동|50,37.659275,127.030616,address
11320|쌍문동|53,37.658529,127.028840,address
11320|쌍문동|54,37.658609,127.031101,address
11320|쌍문동|56,37.657524,127.034882,address
11320|쌍문동|567,37.657928,127.039136,address
11320|쌍문동|574,37.657575,127.038884,address
11320|쌍문동|574-1,37.657701,127.039014,address
11320|쌍문동|575,37.658412,127.040102,address
11320|쌍문동|59,37.656986,127.031454,address
11320|쌍문동|59-3,37.656021,127.032134,address
11320|쌍문동|59-5,37.655894,127.028992,address
11320|쌍문동|594,37.657821,127.039435,address
11320|쌍문동|600,37.657565,127.039323,address
11320|쌍문동|639-1,37.656751,127.038031,address
11320|쌍문동|642,37.656502,127.038068,address
11320|쌍문동|658,37.655932,127.038229,address
11320|쌍문동|68-1,37.656208,127.036523,address
11320|쌍문동|711,37.661406,127.038143,address
11320|쌍문동|713,37.660321,127.039518,address
11320|쌍문동|719,37.652384,127.021259,address
11320|쌍문동|721,37.651029,127.027044,address
11320|쌍문동|722,37.648540,127.026303,address
11320|쌍문동|723,37.658307,127.035751,address
11320|쌍문동|724,37.646035,127.026344,address
11320|쌍문동|725,37.646909,127.028189,address
11320|쌍문동|726,37.650545,127.029440,address
11320|쌍문동|727,37.656073,127.027411,address
11320|쌍문동|728,37.653778,127.013624,address
11320|쌍문동|729,37.647358,127.029149,address
11320|쌍문동|73,37.654805,127.035146,address
11320|쌍문동|730,37.651552,127.029018,address
11320|쌍문동|731,37.649797,127.027293,address
11320|쌍문동|732,37.648256,127.023036,address
11320|쌍문동|733,37.655048,127.013796,address
11320|쌍문동|734,37.647069,127.026785,address
11320|쌍문동|75-29,37.654162,127.035569,address
11320|쌍문동|81-151,37.651792,127.035093,address
11320|쌍문동|88-14,37.650415,127.034906,address
11320|쌍문동|88-17,37.649954,127.034599,address
11320|쌍문동|88-72,37.649590,127.034489,address
11320|쌍문동|96-39,37.646852,127.032905,address
11320|쌍문동|산69-1,37.657267,127.028975,address
11320|창동|254-30,37.653826,127.045243,address
11320|창동|254-5,37.653889,127.045525,address
11320|창동|26,37.651270,127.050332,address
11320|창동|27,37.649261,127.050805,address
11320|창동|299,37.654024,127.042266,address
11320|창동|30,37.646461,127.051742,address
11320|창동|300,37.653437,127.044029,address
11320|창동|305,37.653536,127.039405,address
11320|창동|316,37.652736,127.042300,address
11320|창동|347,37.649987,127.044398,address
11320|창동|366,37.647829,127.044541,address
11320|창동|373,37.645841,127.048017,address
11320|창동|38,37.644206,127.053383,address
11320|창동|442-17,37.642562,127.041369,address
11320|창동|442-33,37.642411,127.041235,address
11320|창동|442-5,37.642746,127.041139,address
11320|창동|443-1,37.642320,127.041842,address
11320|창동|443-4,37.641682,127.041193,address
11320|창동|45,37.649083,127.048540,address
11320|창동|451,37.639007,127.041046,address
11320|창동|471-9,37.635932,127.041368,address
11320|창동|552-12,37.637159,127.037063,address
11320|창동|553-50,37.638175,127.036092,address
11320|창동|581-74,37.639430,127.038141,address
11320|창동|582-21,37.641158,127.036710,address
11320|창동|603-25,37.641894,127.039723,address
11320|창동|607-4,37.643144,127.040203,address
11320|창동|608-167,37.645275,127.039868,address
11320|창동|621-1,37.646033,127.037164,address
11320|창동|621-69,37.645666,127.035022,address
11320|창동|629-24,37.644292,127.035768,address
11320|창동|629-29,37.644148,127.035785,address
11320|창동|635-42,37.641441,127.034034,address
11320|창동|661-10,37.649495,127.036154,address
11320|창동|661-13,37.649223,127.035928,address
11320|창동|661-55,37.650181,127.036101,address
11320|창동|661-78,37.649819,127.036333,address
11320|창동|661-88,37.650286,127.036614,address
11320|창동|661-89,37.650179,127.036541,address
11320|창동|665-21,37.648042,127.038978,address
11320|창동|665-25,37.648615,127.038352,address
11320|창동|665-26,37.648458,127.038419,address
11320|창동|7,37.652234,127.049045,address
11320|창동|715-25,37.654354,127.040559,address
11320|창동|715-3,37.656045,127.040128,address
11320|창동|731-54,37.657201,127.040392,address
11320|창동|743-15,37.660804,127.049777,address
11320|창동|743-23,37.660372,127.049941,address
11320|창동|743-28,37.660519,127.049623,address
11320|창동|804,37.642371,127.037531,address
11320|창동|805,37.654373,127.046478,address
11320|창동|807,37.659640,127.048231,address
11320|창동|808,37.657864,127.048380,address
11320|창동|809,37.637848,127.035669,address
11320|창동|810,37.640658,127.041696,address
11320|창동|811,37.661656,127.044058,address
11320|창동|812,37.647083,127.035226,address
11320|창동|813,37.655791,127.040869,address
11320|창동|814,37.646533,127.049493,address
11320|창동|815,37.661035,127.046125,address
11320|창동|816,37.660133,127.046083,address
11320|창동|817,37.640437,127.034149,address
11320|창동|818,37.658956,127.046300,address
11320|창동|819,37.642804,127.033330,address
11320|창동|820,37.656062,127.044516,address
11320|창동|821,37.633433,127.042555,address
11320|창동|822,37.653462,127.045723,address
11320|창동|823,37.656474,127.041737,address
11320|창동|824,37.632912,127.042712,address
11320|창동|825,37.657910,127.043634,address
11320|창동|826,37.655800,127.042854,address
11320|창동|827,37.661680,127.045311,address
11350|공릉동|106,37.627816,127.086738,address
11350|공릉동|108,37.626616,127.087300,address
11350|공릉동|109,37.625774,127.087357,address
11350|공릉동|111,37.623613,127.088532,address
11350|공릉동|222,37.625262,127.080311,address
11350|공릉동|222-15,37.624749,127.080294,address
11350|공릉동|222-4,37.625018,127.080427,address
11350|공릉동|254,37.624530,127.084793,address
11350|공릉동|269-2,37.621707,127.080634,address
11350|공릉동|270-47,37.620335,127.080777,address
11350|공릉동|270-71,37.620242,127.081327,address
11350|공릉동|351-1,37.623624,127.078323,address
11350|공릉동|351-2,37.623546,127.078766,address
11350|공릉동|366-15,37.628767,127.074374,address
11350|공릉동|370-4,37.627759,127.075093,address
11350|공릉동|371-11,37.627521,127.073830,address
11350|공릉동|379-2,37.627132,127.071210,address
11350|공릉동|379-5,37.626311,127.071470,address
11350|공릉동|379-9,37.626290,127.072014,address
11350|공릉동|380-1,37.626652,127.070156,address
11350|공릉동|380-10,37.626314,127.070676,address
11350|공릉동|380-56,37.626360,127.070903,address
11350|공릉동|382-14,37.625095,127.070861,address
11350|공릉동|389-13,37.627552,127.075959,address
11350|공릉동|395-6,37.625551,127.073997,address
11350|공릉동|395-7,37.625388,127.073711,address
11350|공릉동|400-8,37.624454,127.072007,address
11350|공릉동|404-3,37.624439,127.071410,address
11350|공릉동|408-23,37.625314,127.078908,address
11350|공릉동|492-1,37.623299,127.071431,address
11350|공릉동|492-3,37.623369,127.071834,address
11350|공릉동|493-20,37.623511,127.072656,address
11350|공릉동|504-5,37.625849,127.076595,address
11350|공릉동|504-7,37.625574,127.076807,address
11350|공릉동|568-6,37.622769,127.073298,address
11350|공릉동|569-20,37.622294,127.072724,address
11350|공릉동|569-26,37.622500,127.072989,address
11350|공릉동|569-28,37.622230,127.073079,address
11350|공릉동|575-24,37.621428,127.073344,address
11350|공릉동|576-11,37.621359,127.073755,address
11350|공릉동|585-6,37.621613,127.076596,address
11350|공릉동|585-7,37.621750,127.076552,address
11350|공릉동|586-15,37.621700,127.076944,address
11350|공릉동|587-8,37.621898,127.077601,address
11350|공릉동|589-3,37.621006,127.077667,address
11350|공릉동|590-1,37.621030,127.077224,address
11350|공릉동|593-6,37.620817,127.075777,address
11350|공릉동|604-11,37.619851,127.072536,address
11350|공릉동|609-3,37.618862,127.072660,address
11350|공릉동|609-57,37.618662,127.072717,address
11350|공릉동|661-20,37.618907,127.077589,address
11350|공릉동|670-20,37.618532,127.076219,address
11350|공릉동|670-6,37.618259,127.076294,address
11350|공릉동|670-7,37.618297,127.076566,address
11350|공릉동|683-14,37.617523,127.074336,address
11350|공릉동|684-22,37.617341,127.073352,address
11350|공릉동|684-41,37.617333,127.073762,address
11350|공릉동|684-60,37.617495,127.073318,address
11350|공릉동|690-10,37.617387,127.072366,address
11350|공릉동|690-2,37.618100,127.072325,address
11350|공릉동|690-23,37.617175,127.072401,address
11350|공릉동|705,37.628077,127.078617,address
11350|공릉동|707,37.630592,127.066633,address
11350|공릉동|714,37.629880,127.071927,address
11350|공릉동|715,37.627267,127.068613,address
11350|공릉동|725,37.628984,127.066980,address
11350|공릉동|727,37.628410,127.069253,address
11350|공릉동|737,37.626913,127.082005,address
11350|공릉동|738,37.628565,127.072728,address
11350|공릉동|740,37.623990,127.079020,address
11350|공릉동|741,37.626492,127.077445,address
11350|공릉동|742,37.620666,127.088671,address
11350|공릉동|743,37.628050,127.080406,address
11350|공릉동|744,37.629137,127.075415,address
11350|공릉동|745,37.627996,127.076864,address
11350|공릉동|746,37.623871,127.081135,address
11350|공릉동|747,37.620935,127.079878,address
11350|공릉동|748,37.627544,127.069986,address
11350|공릉동|749,37.625679,127.071919,address
11350|공릉동|750,37.620433,127.072771,address
11350|공릉동|751,37.621156,127.072255,address
11350|공릉동|752,37.622543,127.077434,address
11350|공릉동|753,37.627942,127.070875,address
11350|공릉동|754,37.625957,127.080614,address
11350|공릉동|755,37.621605,127.079360,address
11350|공릉동|756,37.624964,127.081011,address
11350|공릉동|757,37.626056,127.070269,address
11350|공릉동|758,37.625928,127.083084,address
11350|공릉동|759,37.629196,127.076263,address
11350|공릉동|760,37.620421,127.082220,address
11350|공릉동|81,37.623649,127.083558,address
11350|공릉동|90,37.621449,127.085148,address
11350|공릉동|91,37.623102,127.086066,address
11350|상계동|1021-12,37.671353,127.057830,address
11350|상계동|1049-43,37.674101,127.053371,address
11350|상계동|1055,37.672725,127.052785,address
11350|상계동|1063,37.671547,127.052962,address
11350|상계동|1065-6,37.672509,127.052225,address
11350|상계동|1068,37.672249,127.051722,address
11350|상계동|107-980,37.667771,127.080003,address
11350|상계동|1078,37.672275,127.050409,address
11350|상계동|1087-4,37.673503,127.051155,address
11350|상계동|1094,37.674844,127.051648,address
11350|상계동|1101-2,37.676104,127.052115,address
11350|상계동|1101-33,37.675892,127.052081,address
11350|상계동|1110,37.677384,127.053148,address
11350|상계동|1117-12,37.676763,127.056556,address
11350|상계동|1128,37.677355,127.057269,address
11350|상계동|1251,37.657925,127.065210,address
11350|상계동|1255,37.681099,127.053755,address
11350|상계동|1256,37.679963,127.053505,address
11350|상계동|1265,37.681605,127.056591,address
11350|상계동|1269,37.679291,127.057018,address
11350|상계동|1270,37.667287,127.068819,address
11350|상계동|1271,37.673108,127.050703,address
11350|상계동|1272,37.675277,127.060003,address
11350|상계동|1273,37.674433,127.050463,address
11350|상계동|1275,37.665727,127.079286,address
11350|상계동|1276,37.663221,127.078744,address
11350|상계동|1277,37.673837,127.060134,address
11350|상계동|1279,37.653582,127.068834,address
11350|상계동|1280,37.671179,127.057230,address
11350|상계동|1281,37.652702,127.069829,address
11350|상계동|1282,37.654899,127.068274,address
11350|상계동|1283,37.660278,127.065881,address
11350|상계동|1284,37.657264,127.071194,address
11350|상계동|1285,37.666957,127.079688,address
11350|상계동|1289,37.663350,127.077362,address
11350|상계동|1293,37.667829,127.081618,address
11350|상계동|1295,37.671978,127.056818,address
11350|상계동|1296,37.677018,127.051464,address
11350|상계동|1297,37.678237,127.051883,address
11350|상계동|1298,37.653505,127.069816,address
11350|상계동|1299,37.656633,127.071002,address
11350|상계동|1301,37.674816,127.050930,address
11350|상계동|1302,37.671411,127.051407,address
11350|상계동|1303,37.653902,127.070338,address
11350|상계동|1304,37.676379,127.058362,address
11350|상계동|1305,37.657620,127.063984,address
11350|상계동|1306,37.674587,127.056139,address
11350|상계동|1307,37.674615,127.057086,address
11350|상계동|1308,37.676821,127.057870,address
11350|상계동|1309,37.654178,127.071066,address
11350|상계동|1310,37.659332,127.062019,address
11350|상계동|1312,37.687506,127.054253,address
11350|상계동|1313,37.686151,127.053556,address
11350|상계동|1317,37.676589,127.057112,address
11350|상계동|1318,37.659784,127.069154,address
11350|상계동|1320,37.672114,127.081331,address
11350|상계동|1321,37.668522,127.078134,address
11350|상계동|1322,37.643116,127.059604,address
11350|상계동|135,37.666084,127.068667,address
11350|상계동|1355,37.665076,127.074515,address
11350|상계동|1373-2,37.671801,127.082234,address
11350|상계동|1401-8,37.669001,127.078893,address
11350|상계동|1410,37.665504,127.076638,address
11350|상계동|144-3,37.664226,127.070852,address
11350|상계동|172,37.663043,127.074516,address
11350|상계동|173-1,37.661453,127.072882,address
11350|상계동|330-29,37.656462,127.066152,address
11350|상계동|359,37.658615,127.063185,address
11350|상계동|407-7,37.660530,127.066946,address
11350|상계동|451,37.664850,127.068085,address
11350|상계동|458,37.666222,127.067490,address
11350|상계동|463,37.667402,127.067519,address
11350|상계동|581-2,37.658335,127.061626,address
11350|상계동|624,37.668783,127.053725,address
11350|상계동|626,37.669159,127.059272,address
11350|상계동|626#11350-204,37.669159,127.059272,address
11350|상계동|626#11350-34,37.669159,127.059272,address
11350|상계동|637,37.667672,127.062259,address
11350|상계동|639,37.666183,127.064949,address
11350|상계동|639#11350-11,37.664762,127.064864,keyword
11350|상계동|639#11350-202,37.663043,127.064443,keyword
11350|상계동|647,37.666166,127.059319,address
11350|상계동|652,37.665831,127.055821,address
11350|상계동|666,37.662941,127.055374,address
11350|상계동|666#11350-205,37.662941,127.055374,address
11350|상계동|666#11350-30,37.662941,127.055374,address
11350|상계동|670,37.662980,127.059975,address
11350|상계동|680,37.664054,127.062362,address
11350|상계동|690,37.659732,127.063218,address
11350|상계동|691,37.660157,127.062309,address
11350|상계동|694,37.660725,127.056972,address
11350|상계동|695,37.659780,127.057527,address
11350|상계동|720,37.653798,127.064749,address
11350|상계동|721,37.652777,127.064647,address
11350|상계동|730-2,37.652385,127.060627,address
11350|상계동|737,37.651893,127.057998,address
11350|상계동|740,37.649754,127.058518,address
11350|상계동|740#11350-206,37.649754,127.058518,address
11350|상계동|740#11350-36,37.649754,127.058518,address
11350|상계동|749-5,37.650065,127.062217,address
11350|상계동|757,37.651653,127.067422,address
11350|상계동|765,37.647889,127.060797,address
11350|상계동|765#11350-203,37.647889,127.060797,address
11350|상계동|765#11350-29,37.647889,127.060797,address
11350|상계동|766-1,37.646225,127.060952,address
11350|상계동|90-1,37.666589,127.076536,address
11350|상계동|925-1,37.671343,127.050797,address
11350|상계동|995,37.672984,127.059203,address
11350|상계동|996-16,37.673918,127.057905,address
11350|월계동|12,37.626523,127.064159,address
11350|월계동|13,37.624466,127.065322,address
11350|월계동|13#11350-139,37.624465,127.065322,keyword
11350|월계동|13#11350-140,37.624465,127.065322,keyword
11350|월계동|13#11350-197,37.619768,127.067926,keyword
11350|월계동|18,37.617996,127.068427,address
11350|월계동|289-5,37.629718,127.058708,address
11350|월계동|320-11,37.631730,127.059686,address
11350|월계동|322-1,37.629416,127.062514,address
11350|월계동|380-1,37.624010,127.060557,address
11350|월계동|383-40,37.622407,127.060187,address
11350|월계동|387,37.622653,127.059103,address
11350|월계동|410-3,37.622397,127.060775,address
11350|월계동|436,37.617552,127.061266,address
11350|월계동|448-3,37.618505,127.060222,address
11350|월계동|492-1,37.614981,127.061941,address
11350|월계동|496-2,37.619686,127.056967,address
11350|월계동|556,37.627740,127.053842,address
11350|월계동|775,37.633189,127.051354,address
11350|월계동|780,37.631770,127.050186,address
11350|월계동|781,37.631615,127.051766,address
11350|월계동|803-1,37.629541,127.045906,address
11350|월계동|880,37.629589,127.045150,address
11350|월계동|922,37.623266,127.064751,address
11350|월계동|923,37.632981,127.044303,address
11350|월계동|924,37.631322,127.042921,address
11350|월계동|925,37.621838,127.060491,address
11350|월계동|926,37.621971,127.061561,address
11350|월계동|927,37.621162,127.062039,address
11350|월계동|929,37.618552,127.062582,address
11350|월계동|930,37.615849,127.067452,address
11350|월계동|931,37.620641,127.061790,address
11350|월계동|938,37.617205,127.066401,address
11350|월계동|939,37.631611,127.043967,address
11350|월계동|940,37.631794,127.058321,address
11350|월계동|941,37.623203,127.058998,address
11350|월계동|942,37.629083,127.058693,address
11350|월계동|943,37.620722,127.060664,address
11350|월계동|944,37.616520,127.066667,address
11350|월계동|945,37.630582,127.044411,address
11350|월계동|946,37.632807,127.057058,address
11350|월계동|947,37.626547,127.049792,address
11350|월계동|949,37.621832,127.053686,address
11350|월계동|950,37.640604,127.052770,address
11350|월계동|951,37.630246,127.057464,address
11350|중계동|103,37.652266,127.081985,address
11350|중계동|137-28,37.662053,127.075272,address
11350|중계동|137-39,37.662033,127.075495,address
11350|중계동|161-1,37.659854,127.076272,address
11350|중계동|34-5,37.645484,127.082505,address
11350|중계동|358-2,37.655347,127.076921,address
11350|중계동|359-1,37.652831,127.075926,address
11350|중계동|360-15,37.648588,127.074295,address
11350|중계동|360-16,37.648095,127.073280,address
11350|중계동|360-2,37.649643,127.074179,address
11350|중계동|361-1,37.646829,127.072829,address
11350|중계동|362-1,37.646315,127.075328,address
11350|중계동|363,37.647171,127.077827,address
11350|중계동|363-1,37.647266,127.079636,address
11350|중계동|364,37.649753,127.078468,address
11350|중계동|364-12,37.648589,127.078421,address
11350|중계동|366,37.652078,127.080262,address
11350|중계동|366#11350-103,37.652078,127.080262,address
11350|중계동|366#11350-124,37.652078,127.080262,address
11350|중계동|366#11350-95,37.651937,127.079523,keyword
11350|중계동|369,37.656892,127.078984,address
11350|중계동|435-1,37.655892,127.073994,address
11350|중계동|445,37.656271,127.072878,address
11350|중계동|49,37.646940,127.084465,address
11350|중계동|502-1,37.644371,127.063282,address
11350|중계동|505,37.638786,127.062488,address
11350|중계동|505#11350-90,37.638786,127.062487,keyword
11350|중계동|505#11350-96,37.638786,127.062488,address
11350|중계동|505#11350-99,37.638786,127.062487,keyword
11350|중계동|512,37.642721,127.066568,address
11350|중계동|514,37.645003,127.067783,address
11350|중계동|515-2,37.647001,127.066100,address
11350|중계동|576,37.650465,127.081716,address
11350|중계동|577,37.648720,127.085048,address
11350|중계동|578,37.647844,127.084647,address
11350|중계동|579,37.649433,127.081343,address
11350|중계동|58-34,37.646587,127.082644,address
11350|중계동|580,37.650161,127.070039,address
11350|중계동|581,37.661255,127.075292,address
11350|중계동|582,37.660476,127.079090,address
11350|중계동|583,37.647109,127.081202,address
11350|중계동|584-1,37.659055,127.072715,address
11350|중계동|585,37.652419,127.073030,address
11350|중계동|586,37.661503,127.076114,address
11350|중계동|587,37.651184,127.070524,address
11350|중계동|588,37.653432,127.072311,address
11350|중계동|589,37.658531,127.074822,address
11350|중계동|590,37.651440,127.071939,address
11350|중계동|591,37.659824,127.073287,address
11350|중계동|592,37.654291,127.073557,address
11350|중계동|593,37.648953,127.083313,address
11350|중계동|597,37.662072,127.077080,address
11350|중계동|598,37.647175,127.083157,address
11350|중계동|599,37.658855,127.077351,address
11350|중계동|600,37.645020,127.081845,address
11350|중계동|601,37.658291,127.073361,address
11350|중계동|602,37.658597,127.075846,address
11350|중계동|606,37.659161,127.074470,address
11350|중계동|68-1,37.648484,127.083663,address
11350|중계동|78,37.648862,127.081896,address
11350|중계동|90-30,37.650120,127.084685,address
11350|하계동|167-10,37.635955,127.074501,address
11350|하계동|251,37.639389,127.071555,address
11350|하계동|251-12,37.639611,127.072666,address
11350|하계동|255-1,37.639065,127.077029,address
11350|하계동|256-5,37.640530,127.074714,address
11350|하계동|270,37.636850,127.066382,address
11350|하계동|270#11350-75,37.636849,127.066383,keyword
11350|하계동|270#11350-85,37.636849,127.066383,keyword
11350|하계동|271-3,37.635445,127.064244,address
11350|하계동|271-3#11350-67,37.635444,127.064239,keyword
11350|하계동|271-3#11350-68,37.635444,127.064239,keyword
11350|하계동|271-3#11350-70,37.635444,127.064239,keyword
11350|하계동|273,37.633702,127.067865,address
11350|하계동|274,37.632480,127.071300,address
11350|하계동|280,37.634683,127.069541,address
11350|하계동|284,37.637866,127.068707,address
11350|하계동|284#11350-76,37.635790,127.061633,keyword
11350|하계동|284#11350-81,37.639702,127.075351,keyword
11350|하계동|284#11350-82,37.637635,127.069444,keyword
11350|하계동|288,37.644608,127.072059,address
11350|하계동|353,37.637459,127.077316,address
11350|하계동|354,37.636474,127.061046,address
11380|갈현동|136-6,37.617395,126.916381,address
11380|갈현동|241-9,37.621219,126.911981,address
11380|갈현동|258-1,37.621128,126.913477,address
11380|갈현동|267-1,37.622998,126.910428,address
11380|갈현동|276-37,37.622465,126.915035,address
11380|갈현동|281-208,37.624949,126.911516,address
11380|갈현동|281-215,37.624893,126.911948,address
11380|갈현동|281-236,37.624739,126.911696,address
11380|갈현동|327-15,37.616153,126.910007,address
11380|갈현동|327-40,37.617028,126.909258,address
11380|갈현동|327-54,37.616154,126.910287,address
11380|갈현동|395-2,37.620583,126.919758,address
11380|갈현동|406-46,37.621888,126.918425,address
11380|갈현동|428-6,37.621271,126.916813,address
11380|갈현동|456-19,37.618080,126.919379,address
11380|갈현동|463-16,37.613674,126.917031,address
11380|갈현동|465-12,37.612136,126.916853,address
11380|갈현동|467-2,37.613632,126.916365,address
11380|갈현동|468-4,37.612436,126.916127,address
11380|갈현동|468-5,37.612628,126.916136,address
11380|갈현동|474-4,37.614425,126.915684,address
11380|갈현동|477-8,37.615107,126.915946,address
11380|갈현동|487-2,37.615193,126.915080,address
11380|갈현동|488-16,37.614260,126.914320,address
11380|갈현동|499-18,37.617724,126.915266,address
11380|갈현동|521-2,37.616318,126.911030,address
11380|갈현동|522-16,37.617691,126.910708,address
11380|갈현동|522-19,37.617572,126.910916,address
11380|갈현동|526-2,37.615214,126.910573,address
11380|갈현동|537,37.622219,126.914226,address
11380|갈현동|538,37.618993,126.913539,address
11380|갈현동|539,37.618033,126.909936,address
11380|갈현동|540,37.617946,126.906765,address
11380|갈현동|541-1,37.628952,126.913400,address
11380|갈현동|542-1,37.616697,126.908497,address
11380|갈현동|543,37.622407,126.911655,address
11380|갈현동|544,37.615440,126.909100,address
11380|갈현동|545,37.623066,126.911595,address
11380|갈현동|548,37.623609,126.917423,address
11380|갈현동|550,37.623043,126.919358,address
11380|구산동|14-21,37.611094,126.910886,address
11380|구산동|147-46,37.612338,126.908434,address
11380|구산동|159-10,37.611505,126.909245,address
11380|구산동|16-28,37.610332,126.911574,address
11380|구산동|162-1,37.610572,126.905761,address
11380|구산동|167-1,37.609671,126.906749,address
11380|구산동|169-1,37.609117,126.906698,address
11380|구산동|18-10,37.609100,126.912873,address
11380|구산동|199-24,37.612928,126.913075,address
11380|구산동|199-25,37.612839,126.913407,address
11380|구산동|202-8,37.613817,126.910180,address
11380|구산동|21-61,37.607615,126.914846,address
11380|구산동|213-17,37.612727,126.911661,address
11380|구산동|213-4,37.612526,126.911636,address
11380|구산동|220-2,37.612072,126.914176,address
11380|구산동|222,37.608988,126.915507,address
11380|구산동|223,37.608517,126.915241,address
11380|구산동|224,37.605596,126.905445,address
11380|구산동|225,37.608862,126.907644,address
11380|구산동|226,37.605417,126.904369,address
11380|구산동|23-30,37.607612,126.913446,address
11380|구산동|24-59,37.608477,126.912036,address
11380|구산동|24-77,37.608271,126.912087,address
11380|구산동|25-41,37.607996,126.911892,address
11380|구산동|25-53,37.607921,126.912632,address
11380|구산동|26-25,37.607730,126.910451,address
11380|구산동|26-4,37.608872,126.910312,address
11380|구산동|26-41,37.607707,126.910266,address
11380|구산동|27-15,37.610485,126.910153,address
11380|구산동|304-1,37.618109,126.905880,address
11380|구산동|308-3,37.618580,126.905200,address
11380|구산동|308-5,37.616971,126.903519,address
11380|구산동|308-81,37.616930,126.904198,address
11380|구산동|308-86,37.617277,126.903708,address
11380|구산동|321-28,37.615942,126.907468,address
11380|구산동|347-1,37.614427,126.907269,address
11380|구산동|355-81,37.613538,126.905524,address
11380|구산동|355-82,37.613579,126.905317,address
11380|구산동|355-90,37.614255,126.904972,address
11380|구산동|355-95,37.614590,126.906783,address
11380|구산동|355-98,37.615002,126.907187,address
11380|구산동|382,37.613017,126.905613,address
11380|구산동|546,37.612395,126.905676,address
11380|구산동|547,37.611878,126.906203,address
11380|구산동|548,37.616812,126.906410,address
11380|녹번동|100-32,37.604811,126.927761,address
11380|녹번동|100-55,37.604929,126.929203,address
11380|녹번동|141-8,37.608101,126.926025,address
11380|녹번동|160-3,37.602764,126.922872,address
11380|녹번동|168-33,37.605657,126.926236,address
11380|녹번동|176-22,37.602392,126.922222,address
11380|녹번동|176-8,37.601929,126.922158,address
11380|녹번동|182,37.602181,126.927170,address
11380|녹번동|183-2,37.602141,126.927909,address
11380|녹번동|276,37.600099,126.937044,address
11380|녹번동|278-1,37.605110,126.924607,address
11380|녹번동|279-1,37.603804,126.923082,address
11380|녹번동|280-1,37.600073,126.937911,address
11380|녹번동|281,37.606839,126.936267,address
11380|녹번동|282,37.601786,126.936662,address
11380|녹번동|283,37.604054,126.936397,address
11380|녹번동|29-106,37.604736,126.932905,address
11380|녹번동|29-108,37.604544,126.932781,address
11380|녹번동|31-36,37.605050,126.934289,address
11380|녹번동|35-122,37.603112,126.933708,address
11380|녹번동|71-8,37.599345,126.938303,address
11380|녹번동|83-16,37.602502,126.927825,address
11380|녹번동|83-18,37.602852,126.927161,address
11380|녹번동|83-26,37.602548,126.926787,address
11380|녹번동|83-37,37.602729,126.928298,address
11380|녹번동|83-47,37.602932,126.928513,address
11380|녹번동|83-51,37.603032,126.927108,address
11380|녹번동|86-126,37.603443,126.929592,address
11380|녹번동|86-20,37.603740,126.929949,address
11380|녹번동|91-7,37.603172,126.931039,address
11380|녹번동|91-9,37.603499,126.930733,address
11380|녹번동|96-6,37.605701,126.929444,address
11380|대조동|12-8,37.609763,126.927498,address
11380|대조동|14-320,37.609503,126.928681,address
11380|대조동|15-114,37.608754,126.929096,address
11380|대조동|15-121,37.609025,126.930654,address
11380|대조동|15-122,37.608954,126.930525,address
11380|대조동|15-32,37.608784,126.929493,address
11380|대조동|15-49,37.609191,126.930419,address
11380|대조동|15-58,37.609389,126.929645,address
11380|대조동|172-75,37.609282,126.920738,address
11380|대조동|179-16,37.607592,126.922186,address
11380|대조동|185-71,37.617678,126.921519,address
11380|대조동|186-12,37.617549,126.921804,address
11380|대조동|186-21,37.617326,126.921840,address
11380|대조동|186-44,37.616781,126.922475,address
11380|대조동|186-9,37.617379,126.922091,address
11380|대조동|191-24,37.614842,126.922963,address
11380|대조동|195-14,37.616458,126.921825,address
11380|대조동|195-20,37.616386,126.921658,address
11380|대조동|197-1,37.617866,126.920769,address
11380|대조동|197-16,37.617475,126.920417,address
11380|대조동|197-3,37.617633,126.921005,address
11380|대조동|197-9,37.617419,126.920553,address
11380|대조동|198-10,37.617808,126.920134,address
11380|대조동|204-1,37.615533,126.921592,address
11380|대조동|231,37.609031,126.921771,address
11380|대조동|241,37.613446,126.926806,address
11380|대조동|26-14,37.609115,126.926383,address
11380|대조동|31-17,37.609926,126.926141,address
11380|대조동|4-11,37.611557,126.927834,address
11380|대조동|4-12,37.611472,126.927757,address
11380|대조동|4-14,37.611424,126.927904,address
11380|대조동|4-18,37.611340,126.927651,address
11380|대조동|4-6,37.611691,126.928131,address
11380|대조동|4-8,37.611647,126.927907,address
11380|대조동|5-11,37.611548,126.928448,address
11380|대조동|59-20,37.607985,126.922845,address
11380|대조동|59-48,37.607483,126.922885,address
11380|대조동|6-13,37.610986,126.928304,address
11380|대조동|6-17,37.611270,126.927861,address
11380|대조동|6-18,37.611176,126.927923,address
11380|대조동|6-19,37.611027,126.927999,address
11380|대조동|6-25,37.611086,126.927777,address
11380|대조동|6-26,37.610974,126.927843,address
11380|대조동|84-21,37.613573,126.925064,address
11380|대조동|88-69,37.612576,126.924902,address
11380|대조동|89-258,37.609430,126.921438,address
11380|대조동|89-77,37.609295,126.921292,address
11380|대조동|9-14,37.610696,126.928458,address
11380|대조동|9-18,37.610336,126.927952,address
11380|대조동|9-19,37.610228,126.927766,address
11380|대조동|9-20,37.610117,126.927517,address
11380|대조동|9-21,37.610070,126.927314,address
11380|대조동|9-25,37.609874,126.927362,address
11380|대조동|9-29,37.610550,126.928271,address
11380|대조동|9-31,37.610466,126.928376,address
11380|대조동|9-40,37.610614,126.928132,address
11380|대조동|9-45,37.610238,126.927453,address
11380|대조동|9-46,37.610013,126.927185,address
11380|대조동|9-50,37.610377,126.927774,address
11380|불광동|12-3,37.617642,126.933818,address
11380|불광동|16-142,37.620459,126.933449,address
11380|불광동|16-61,37.620759,126.932216,address
11380|불광동|171-59,37.623873,126.931167,address
11380|불광동|171-61,37.624445,126.930660,address
11380|불광동|217,37.619939,126.931877,address
11380|불광동|217-9,37.620276,126.931828,address
11380|불광동|230-2,37.618046,126.931708,address
11380|불광동|230-3,37.618130,126.931503,address
11380|불광동|241-23,37.613828,126.932695,address
11380|불광동|248,37.614821,126.928055,address
11380|불광동|281-81,37.610638,126.930673,address
11380|불광동|281-89,37.610981,126.930379,address
11380|불광동|285-18,37.609438,126.931686,address
11380|불광동|30,37.623138,126.933323,address
11380|불광동|302-13,37.616876,126.923894,address
11380|불광동|305-22,37.617803,126.923166,address
11380|불광동|311-13,37.619653,126.921471,address
11380|불광동|329-11,37.618183,126.925310,address
11380|불광동|330-14,37.617356,126.926532,address
11380|불광동|346-3,37.620552,126.927454,address
11380|불광동|391-68,37.624293,126.920494,address
11380|불광동|444-41,37.624775,126.927275,address
11380|불광동|455,37.627201,126.926628,address
11380|불광동|479-10,37.627304,126.921539,address
11380|불광동|483-11,37.623890,126.920262,address
11380|불광동|484-103,37.623786,126.920792,address
11380|불광동|484-56,37.620950,126.920665,address
11380|불광동|484-57,37.620782,126.920685,address
11380|불광동|484-60,37.620576,126.920917,address
11380|불광동|484-63,37.620381,126.920852,address
11380|불광동|484-73,37.620581,126.920451,address
11380|불광동|484-90,37.623501,126.920891,address
11380|불광동|486-13,37.620339,126.920996,address
11380|불광동|486-14,37.620355,126.921152,address
11380|불광동|486-17,37.620167,126.920967,address
11380|불광동|629,37.614909,126.933482,address
11380|불광동|631-1,37.614755,126.932861,address
11380|불광동|632,37.613776,126.934288,address
11380|불광동|633,37.611775,126.934182,address
11380|불광동|634,37.618459,126.931369,address
11380|불광동|635,37.612620,126.937002,address
11380|불광동|636,37.621689,126.932170,address
11380|불광동|637,37.611106,126.937355,address
11380|불광동|638,37.611546,126.938581,address
11380|불광동|641,37.618480,126.934904,address
11380|불광동|643,37.616418,126.926643,address
11380|불광동|644,37.622028,126.930893,address
11380|불광동|645,37.612909,126.933104,address
11380|불광동|71-16,37.625225,126.929369,address
11380|불광동|8-51,37.614373,126.933404,address
11380|수색동|17-9,37.583158,126.899374,address
11380|수색동|345-4,,,miss
11380|수색동|345-5,,,miss
11380|수색동|356-3,37.588173,126.911256,keyword
11380|수색동|358-11,37.581639,126.908830,keyword
11380|수색동|413,37.580698,126.900938,address
11380|수색동|415-1,37.586783,126.899721,address
11380|수색동|416-1,37.585370,126.900295,address
11380|수색동|417,37.584840,126.891865,address
11380|수색동|418,37.581125,126.900106,address
11380|수색동|419,37.586415,126.892638,address
11380|수색동|431,37.584314,126.894827,address
11380|수색동|432,37.585288,126.898073,address
11380|수색동|75,37.579594,126.898649,address
11380|신사동|1-136,37.600547,126.911234,address
11380|신사동|11-21,37.601131,126.908905,address
11380|신사동|11-22,37.601137,126.908659,address
11380|신사동|12-1,37.601455,126.907637,address
11380|신사동|140-1,37.589498,126.907778,address
11380|신사동|155-1,37.589853,126.905112,address
11380|신사동|19-117,37.597506,126.908097,address
11380|신사동|19-147,37.597342,126.909291,address
11380|신사동|19-162,37.596805,126.908823,address
11380|신사동|19-84,37.598045,126.908061,address
11380|신사동|200-115,37.594794,126.908727,address
11380|신사동|200-16,37.594345,126.906333,address
11380|신사동|200-28,37.594529,126.908479,address
11380|신사동|21-14,37.598255,126.912719,address
11380|신사동|21-8,37.597897,126.913521,address
11380|신사동|229-24,37.596915,126.907602,address
11380|신사동|23-42,37.597851,126.914539,address
11380|신사동|23-44,37.597605,126.914475,address
11380|신사동|23-45,37.597480,126.914444,address
11380|신사동|23-53,37.597727,126.914882,address
11380|신사동|23-9,37.597917,126.914931,address
11380|신사동|241,37.597449,126.906447,address
11380|신사동|241-2,37.597238,126.906848,address
11380|신사동|242,37.597124,126.907243,address
11380|신사동|26-20,37.597390,126.913011,address
11380|신사동|263-2,37.601670,126.905240,address
11380|신사동|277-19,37.599629,126.907109,address
11380|신사동|277-2,37.599605,126.906882,address
11380|신사동|278-1,37.600141,126.906596,address
11380|신사동|29-26,37.596425,126.910278,address
11380|신사동|297,37.600355,126.904107,address
11380|신사동|33-10,37.595023,126.913094,address
11380|신사동|337-5,37.591158,126.913285,address
11380|신사동|338-2,37.589970,126.912974,address
11380|신사동|338-7,37.590045,126.912737,address
11380|신사동|34-6,37.595015,126.914263,address
11380|신사동|34-7,37.594832,126.914286,address
11380|신사동|348-11,37.590853,126.909998,address
11380|신사동|348-12,37.590972,126.909701,address
11380|신사동|348-7,37.590743,126.910561,address
11380|신사동|35-2,37.594368,126.913904,address
11380|신사동|354,37.602287,126.905468,address
11380|신사동|355,37.597926,126.907108,address
11380|신사동|356,37.593478,126.906384,address
11380|신사동|358,37.592742,126.906318,address
11380|신사동|359,37.593427,126.908633,address
11380|신사동|360,37.600445,126.913301,address
11380|신사동|361,37.595685,126.913450,address
11380|신사동|362,37.593625,126.913905,address
11380|신사동|363,37.596232,126.914584,address
11380|신사동|364,37.601736,126.908442,address
11380|신사동|365,37.598964,126.906170,address
11380|신사동|366,37.591500,126.913127,address
11380|신사동|367,37.590579,126.903860,address
11380|신사동|368,37.590691,126.908118,address
11380|신사동|369,37.593691,126.907406,address
11380|신사동|370,37.600001,126.905681,address
11380|신사동|371,37.598766,126.907167,address
11380|신사동|372,37.597717,126.908804,address
11380|신사동|38-30,37.594698,126.911854,address
11380|신사동|39-11,37.594023,126.911862,address
11380|신사동|39-12,37.593901,126.912018,address
11380|신사동|39-19,37.594458,126.911310,address
11380|신사동|39-2,37.594793,126.910881,address
11380|신사동|39-4,37.594371,126.911418,address
11380|신사동|40-2,37.595902,126.909501,address
11380|신사동|6-5,37.600182,126.911381,address
11380|신사동|7-11,37.600933,126.910880,address
11380|신사동|9-24,37.600633,126.909976,address
11380|역촌동|1-30,37.610051,126.917721,address
11380|역촌동|10-83,37.606272,126.916989,address
11380|역촌동|10-89,37.606170,126.916629,address
11380|역촌동|17-17,37.605634,126.922097,address
11380|역촌동|17-28,37.605659,126.921626,address
11380|역촌동|17-51,37.605828,126.921113,address
11380|역촌동|19-3,37.606744,126.919817,address
11380|역촌동|19-4,37.606761,126.919579,address
11380|역촌동|2-1,37.609960,126.918921,address
11380|역촌동|2-100,37.608531,126.919391,address
11380|역촌동|2-38,37.609289,126.919763,address
11380|역촌동|21-21,37.604988,126.917126,address
11380|역촌동|219,37.604763,126.905819,address
11380|역촌동|231,37.603159,126.914188,address
11380|역촌동|232,37.603113,126.905989,address
11380|역촌동|234,37.604937,126.906514,address
11380|역촌동|237,37.603485,126.907594,address
11380|역촌동|24-25,37.605026,126.918471,address
11380|역촌동|31-6,37.602974,126.918957,address
11380|역촌동|32-3,37.604048,126.918228,address
11380|역촌동|32-35,37.604093,126.917149,address
11380|역촌동|32-37,37.603802,126.916782,address
11380|역촌동|32-42,37.603821,126.917028,address
11380|역촌동|36-14,37.601048,126.916457,address
11380|역촌동|36-37,37.601649,126.916227,address
11380|역촌동|37-53,37.602245,126.917892,address
11380|역촌동|39-1,37.601341,126.918466,address
11380|역촌동|40-55,37.602554,126.920386,address
11380|역촌동|42-7,37.600866,126.919437,address
11380|역촌동|43-4,37.600525,126.918438,address
11380|역촌동|43-40,37.600556,126.917236,address
11380|역촌동|43-55,37.600867,126.918268,address
11380|역촌동|44-23,37.600414,126.916548,address
11380|역촌동|44-6,37.600253,126.916485,address
11380|역촌동|45-30,37.606144,126.914649,address
11380|역촌동|46-29,37.607380,126.913111,address
11380|역촌동|47-31,37.606529,126.913297,address
11380|역촌동|49-12,37.607137,126.911242,address
11380|역촌동|50-24,37.606743,126.910826,address
11380|역촌동|50-45,37.606411,126.911511,address
11380|역촌동|52-15,37.606667,126.910474,address
11380|역촌동|52-26,37.606142,126.910207,address
11380|역촌동|57-39,37.604515,126.911539,address
11380|역촌동|58-33,37.604020,126.912016,address
11380|역촌동|58-4,37.604337,126.912503,address
11380|역촌동|58-41,37.604099,126.912735,address
11380|역촌동|58-9,37.604074,126.912426,address
11380|역촌동|59-15,37.605474,126.913692,address
11380|역촌동|59-18,37.605484,126.913378,address
11380|역촌동|62-16,37.604870,126.914806,address
11380|역촌동|63-16,37.603179,126.915023,address
11380|역촌동|63-2,37.603560,126.915312,address
11380|역촌동|64-15,37.603797,126.913406,address
11380|역촌동|68-22,37.602715,126.912351,address
11380|역촌동|71-1,37.605118,126.909569,address
11380|역촌동|72-4,37.604565,126.909286,address
11380|역촌동|79-50,37.602969,126.910731,address
11380|역촌동|8-24,37.608524,126.916174,address
11380|역촌동|81-17,37.601314,126.912959,address
11380|역촌동|83-26,37.601473,126.915578,address
11380|역촌동|83-67,37.601604,126.915563,address
11380|역촌동|85-1,37.600585,126.915669,address
11380|역촌동|85-12,37.600146,126.915537,address
11380|역촌동|85-41,37.599290,126.915335,address
11380|역촌동|9-54,37.606213,126.915758,address
11380|응암동|104-25,37.598012,126.920934,address
11380|응암동|107-4,37.597312,126.920414,address
11380|응암동|109-22,37.598843,126.920863,address
11380|응암동|109-3,37.599809,126.921498,address
11380|응암동|110-1,37.599897,126.920709,address
11380|응암동|110-9,37.599819,126.920103,address
11380|응암동|111-48,37.599432,126.918459,address
11380|응암동|112-26,37.598521,126.916544,address
11380|응암동|113-2,37.598292,126.916576,address
11380|응암동|113-27,37.597295,126.916226,address
11380|응암동|113-28,37.597096,126.916175,address
11380|응암동|113-35,37.597903,126.916472,address
11380|응암동|115-27,37.598675,126.919882,address
11380|응암동|115-4,37.598785,126.919986,address
11380|응암동|116-17,37.598156,126.920241,address
11380|응암동|116-22,37.597930,126.920119,address
11380|응암동|116-24,37.597778,126.919724,address
11380|응암동|116-26,37.597629,126.919956,address
11380|응암동|117-22,37.596921,126.919064,address
11380|응암동|117-24,37.596571,126.919152,address
11380|응암동|117-35,37.596213,126.918970,address
11380|응암동|117-54,37.596792,126.919342,address
11380|응암동|118-12,37.596609,126.918129,address
11380|응암동|118-62,37.597174,126.918212,address
11380|응암동|118-68,37.596674,126.917842,address
11380|응암동|119-15,37.595547,126.918042,address
11380|응암동|119-16,37.595456,126.918348,address
11380|응암동|119-29,37.595222,126.917858,address
11380|응암동|120-10,37.595763,126.917790,address
11380|응암동|120-5,37.596009,126.917962,address
11380|응암동|120-6,37.595918,126.917892,address
11380|응암동|120-9,37.595844,126.917843,address
11380|응암동|122-10,37.596484,126.916013,address
11380|응암동|122-12,37.596273,126.916136,address
11380|응암동|122-13,37.596347,126.915989,address
11380|응암동|122-26,37.595547,126.915948,address
11380|응암동|122-30,37.595806,126.915826,address
11380|응암동|122-4,37.596876,126.916090,address
11380|응암동|122-7,37.596623,126.916050,address
11380|응암동|123-25,37.595412,126.915721,address
11380|응암동|123-26,37.595279,126.915686,address
11380|응암동|176,37.597415,126.926148,address
11380|응암동|197-78,37.596986,126.923484,address
11380|응암동|227-22,37.594692,126.924411,address
11380|응암동|236-7,37.593721,126.922782,address
11380|응암동|240-63,37.592384,126.920929,address
11380|응암동|360-15,37.591109,126.918803,address
11380|응암동|365-35,37.591442,126.918732,address
11380|응암동|368-6,37.590787,126.918157,address
11380|응암동|376-1,37.591701,126.917914,address
11380|응암동|4-40,37.600344,126.932849,address
11380|응암동|400,37.591877,126.920093,address
11380|응암동|402-112,37.592139,126.920623,address
11380|응암동|402-120,37.591841,126.920470,address
11380|응암동|402-42,37.592292,126.920269,address
11380|응암동|403-32,37.591576,126.920326,address
11380|응암동|427-113,37.594522,126.918648,address
11380|응암동|577-16,37.591228,126.917046,address
11380|응암동|577-28,37.591071,126.916631,address
11380|응암동|577-7,37.591497,126.917116,address
11380|응암동|581-3,37.593142,126.916737,address
11380|응암동|590-10,37.589868,126.916404,address
11380|응암동|590-15,37.589587,126.915919,address
11380|응암동|590-23,37.589438,126.915637,address
11380|응암동|669-1,37.586576,126.923423,address
11380|응암동|694-1,37.584025,126.918100,address
11380|응암동|714,37.583313,126.919994,address
11380|응암동|738,37.599070,126.916996,address
11380|응암동|739,37.599218,126.922199,address
11380|응암동|742-3,37.584030,126.916005,address
11380|응암동|759,37.592315,126.925242,address
11380|응암동|76-2,37.601020,126.929986,address
11380|응암동|760,37.590827,126.923547,address
11380|응암동|761,37.587923,126.924099,address
11380|응암동|762,37.598757,126.926752,address
11380|응암동|763,37.596507,126.919832,address
11380|응암동|764,37.590121,126.921392,address
11380|응암동|766,37.592256,126.922071,address
11380|응암동|767,37.595059,126.920881,address
11380|응암동|768,37.596267,126.922047,address
11380|응암동|769,37.599219,126.930904,address
11380|응암동|770,37.599292,126.934685,address
11380|응암동|771,37.595567,126.923883,address
11380|응암동|81-164,37.600294,126.928250,address
11380|응암동|81-173,37.601166,126.929275,address
11380|응암동|88-16,37.600938,126.921923,address
11380|응암동|88-8,37.600523,126.921535,address
11380|응암동|89-12,37.601127,126.920720,address
11380|응암동|90-23,37.600058,126.919256,address
11380|응암동|91-3,37.599854,126.918429,address
11380|응암동|92-7,37.601182,126.928206,address
11380|응암동|93-6,37.601036,126.927675,address
11380|응암동|93-8,37.600806,126.927253,address
11380|응암동|96-18,37.600739,126.926045,address
11380|응암동|96-19,37.601038,126.925985,address
11380|응암동|96-41,37.600522,126.926006,address
11380|응암동|97-3,37.600298,126.926662,address
11380|증산동|161-8,37.587574,126.911722,address
11380|증산동|162-18,37.586420,126.910695,address
11380|증산동|162-20,37.586565,126.910888,address
11380|증산동|162-21,37.586779,126.911068,address
11380|증산동|164-17,37.585669,126.910677,address
11380|증산동|164-31,37.585546,126.910547,address
11380|증산동|164-5,37.585426,126.910812,address
11380|증산동|167-1,37.585222,126.908800,address
11380|증산동|169-3,37.583986,126.909306,address
11380|증산동|173-1,37.583477,126.908591,address
11380|증산동|174-14,37.582479,126.907390,address
11380|증산동|174-2,37.582212,126.907478,address
11380|증산동|174-3,37.582096,126.907356,address
11380|증산동|174-5,37.581977,126.907230,address
11380|증산동|174-8,37.581756,126.906675,address
11380|증산동|177-20,37.581190,126.906064,address
11380|증산동|178-8,37.580134,126.904911,address
11380|증산동|179-8,37.579646,126.904413,address
11380|증산동|179-9,37.579788,126.904540,address
11380|증산동|185-19,37.582966,126.906250,address
11380|증산동|185-2,37.582723,126.906230,address
11380|증산동|193-1,37.587618,126.909543,address
11380|증산동|202-7,37.586616,126.908024,address
11380|증산동|220-1,37.578787,126.903587,address
11380|증산동|223-28,37.578715,126.899642,address
11380|증산동|244,37.581935,126.903173,address
11380|증산동|248,37.583153,126.908244,address
11380|증산동|249,37.584258,126.909392,address
11380|증산동|250,37.586282,126.911485,address
11380|증산동|251,37.579908,126.904861,address
11380|증산동|252,37.582654,126.907871,address
11380|증산동|253,37.582230,126.907176,address
11380|증산동|254,37.587654,126.907820,address
11380|증산동|255,37.584027,126.906314,address
11380|증산동|256,37.580238,126.905346,address
11380|증산동|257,37.585184,126.910553,address
11380|증산동|258,37.579982,126.903633,address
11380|증산동|258#11380-11265,37.580157,126.903375,keyword
11380|증산동|258#11380-11266,37.580425,126.902863,keyword
11380|증산동|258#11380-11267,37.579802,126.900837,keyword
11380|증산동|258#11380-11268,37.579547,126.900749,keyword
11380|진관동|1,37.649224,126.930331,address
11380|진관동|10,37.642508,126.931139,address
11380|진관동|101,37.631894,126.920110,address
11380|진관동|102,37.633039,126.922288,address
11380|진관동|105,37.633291,126.924069,address
11380|진관동|106,37.632049,126.925974,address
11380|진관동|107,37.633048,126.927340,address
11380|진관동|11,37.641946,126.929448,address
11380|진관동|12,37.644834,126.927730,address
11380|진관동|123,37.630646,126.921332,address
11380|진관동|13,37.646064,126.926254,address
11380|진관동|132,37.627403,126.934086,address
11380|진관동|135,37.627652,126.936495,address
11380|진관동|14,37.645229,126.924900,address
11380|진관동|140,37.629794,126.932076,address
11380|진관동|15,37.644191,126.926967,address
11380|진관동|150,37.634167,126.933903,address
11380|진관동|154,37.636400,126.935761,address
11380|진관동|155,37.638169,126.936417,address
11380|진관동|19,37.644441,126.922786,address
11380|진관동|2,37.648965,126.931866,address
11380|진관동|20,37.641985,126.922606,address
11380|진관동|25,37.643862,126.920017,address
11380|진관동|27,37.643702,126.917053,address
11380|진관동|3,37.646817,126.930006,address
11380|진관동|5,37.647960,126.928847,address
11380|진관동|6,37.647018,126.927657,address
11380|진관동|60,37.639412,126.917323,address
11380|진관동|62,37.635173,126.917818,address
11380|진관동|64,37.639473,126.918277,address
11380|진관동|65,37.639567,126.919232,address
11380|진관동|66,37.639914,126.919887,address
11380|진관동|81,37.635233,126.924112,address
11380|진관동|82,37.634583,126.924552,address
11380|진관동|83,37.634508,126.927699,address
11380|진관동|84,37.636440,126.928783,address
11380|진관동|88,37.636316,126.931411,address
11380|진관동|92,37.636228,126.933104,address
11380|진관동|94,37.639003,126.934877,address
11410|길동|103-5,,,miss
11410|남가좌동|105-1,37.569499,126.917267,address
11410|남가좌동|132-29,37.571805,126.920441,address
11410|남가좌동|135-6,37.571725,126.920272,address
11410|남가좌동|345-4,37.577009,126.923107,address
11410|남가좌동|376,37.574943,126.920098,address
11410|남가좌동|377,37.577784,126.916530,address
11410|남가좌동|379,37.571896,126.912604,address
11410|남가좌동|380,37.575353,126.919067,address
11410|남가좌동|381,37.576164,126.915714,address
11410|남가좌동|385,37.572455,126.917198,address
11410|남가좌동|385#11410-4479,37.571912,126.915681,keyword
11410|남가좌동|385#11410-4480,37.572953,126.914262,keyword
11410|남가좌동|385#11410-4481,37.572908,126.920788,keyword
11410|남가좌동|385#11410-4482,37.571912,126.915681,keyword
11410|남가좌동|385#11410-4483,37.573518,126.916260,keyword
11410|남가좌동|387,37.569887,126.917771,address
11410|남가좌동|388,37.579362,126.920840,address
11410|남가좌동|389,37.577175,126.919160,address
11410|남가좌동|390,37.576212,126.917461,address
11410|남가좌동|396,37.570726,126.915920,address
11410|냉천동|260,37.566607,126.960012,address
11410|냉천동|261,37.566172,126.961603,address
11410|대현동|101-7,37.557640,126.943170,address
11410|대현동|104-36,37.556843,126.942456,address
11410|대현동|144,37.559604,126.947582,address
11410|대현동|145,37.557641,126.944922,address
11410|대현동|54-1,37.558651,126.945957,address
11410|대현동|90-20,37.557701,126.943949,address
11410|대현동|90-70,37.557005,126.944112,address
11410|북가좌동|150,37.572912,126.908375,address
11410|북가좌동|273-12,37.584280,126.914848,address
11410|북가좌동|273-17,37.584095,126.914721,address
11410|북가좌동|3-33,37.582266,126.920036,address
11410|북가좌동|3-71,37.583138,126.916953,address
11410|북가좌동|3-74,37.583045,126.916367,address
11410|북가좌동|304-10,37.577027,126.911458,address
11410|북가좌동|304-52,37.577185,126.911257,address
11410|북가좌동|325-18,37.582152,126.911021,address
11410|북가좌동|325-43,37.582052,126.911227,address
11410|북가좌동|336-4,37.585905,126.914482,address
11410|북가좌동|371-1,37.576295,126.904391,address
11410|북가좌동|378-15,37.577031,126.908529,address
11410|북가좌동|384-1,37.576320,126.907165,address
11410|북가좌동|418-22,37.577132,126.909312,address
11410|북가좌동|431,37.575894,126.909097,address
11410|북가좌동|449,37.576494,126.913171,address
11410|북가좌동|453,37.576712,126.907965,address
11410|북가좌동|455,37.575046,126.904448,address
11410|북가좌동|456,37.577433,126.912025,address
11410|북가좌동|458,37.576359,126.914681,address
11410|북가좌동|459,37.580247,126.917182,address
11410|북가좌동|460,37.576116,126.903216,address
11410|북가좌동|467,37.583255,126.913100,address
11410|북가좌동|481,37.572572,126.910333,address
11410|북가좌동|488,37.584558,126.914274,address
11410|북가좌동|5-19,37.581717,126.919895,address
11410|북가좌동|5-22,37.581842,126.919296,address
11410|북가좌동|68-3,37.579546,126.916472,address
11410|북가좌동|7-2,37.581221,126.916419,address
11410|북아현동|1-106,37.564420,126.954016,address
11410|북아현동|1-1201,37.563570,126.955740,address
11410|북아현동|1-122,37.563531,126.954832,address
11410|북아현동|1-1836,37.563412,126.955580,address
11410|북아현동|1-342,37.565022,126.955170,address
11410|북아현동|1-422,37.565775,126.956203,address
11410|북아현동|1-46,37.563975,126.956999,address
11410|북아현동|1-49,37.564431,126.957374,address
11410|북아현동|1-50,37.564470,126.957102,address
11410|북아현동|1-52,37.564840,126.957155,address
11410|북아현동|1-70,37.564226,126.955405,address
11410|북아현동|1-78,37.564679,126.955647,address
11410|북아현동|1-97,37.564928,126.953906,address
11410|북아현동|1006,37.560948,126.956330,address
11410|북아현동|1009,37.559152,126.950147,address
11410|북아현동|1010,37.561209,126.957028,address
11410|북아현동|1011,37.560140,126.952014,address
11410|북아현동|1013,37.558266,126.950154,address
11410|북아현동|1013#11410-4617,37.560098,126.956340,keyword
11410|북아현동|1013#11410-4618,37.558667,126.953451,keyword
11410|북아현동|1013#11410-4619,37.558023,126.951758,keyword
11410|북아현동|1013#11410-4645,37.557975,126.955476,keyword
11410|북아현동|1017,37.562206,126.951051,address
11410|북아현동|114-1,37.561058,126.958841,address
11410|북아현동|118-9,37.561480,126.957614,address
11410|북아현동|123-1,37.561188,126.958359,address
11410|북아현동|123-73,37.561108,126.957978,address
11410|북아현동|187-12,37.564444,126.952743,address
11410|북아현동|187-14,37.564362,126.953139,address
11410|북아현동|189-22,37.564713,126.952097,address
11410|북아현동|189-24,37.564396,126.951914,address
11410|북아현동|998,37.557842,126.957766,address
11410|연희동|1-78,37.582266,126.939191,address
11410|연희동|104-3,37.572962,126.928748,address
11410|연희동|105-16,37.572744,126.928041,address
11410|연희동|105-4,37.572572,126.927735,address
11410|연희동|106-2,37.572336,126.928580,address
11410|연희동|163-30,37.578297,126.935458,address
11410|연희동|169-3,37.579286,126.935547,address
11410|연희동|169-9,37.579113,126.935303,address
11410|연희동|171-10,37.582652,126.937685,address
11410|연희동|187-118,37.572210,126.926685,address
11410|연희동|187-122,37.572421,126.926934,address
11410|연희동|188-41,37.573016,126.928093,address
11410|연희동|196-1,37.573215,126.929597,address
11410|연희동|218-16,37.564681,126.927313,address
11410|연희동|37-1,37.565263,126.933694,address
11410|연희동|446-316,37.567434,126.919826,address
11410|연희동|51-151,37.567893,126.934726,address
11410|연희동|51-74,37.566915,126.934909,address
11410|연희동|69-21,37.567605,126.932088,address
11410|연희동|700,37.575442,126.936296,address
11410|연희동|703-25,37.574030,126.927878,address
11410|연희동|703-32,37.574246,126.927684,address
11410|연희동|705-4,37.574012,126.928580,address
11410|연희동|708-4,37.575224,126.928965,address
11410|연희동|712-25,37.576017,126.930025,address
11410|연희동|717-29,37.576796,126.930629,address
11410|연희동|721-6,37.576911,126.932152,address
11410|연희동|723-9,37.576497,126.932358,address
11410|연희동|738,37.565187,126.927123,address
11410|연희동|739,37.561598,126.929524,address
11410|연희동|74-14,37.574438,126.936796,address
11410|연희동|740,37.576218,126.938644,address
11410|연희동|742,37.575824,126.938076,address
11410|연희동|743,37.578784,126.934457,address
11410|연희동|745,37.564098,126.928096,address
11410|연희동|746,37.565778,126.926429,address
11410|연희동|747,37.575684,126.928558,address
11410|연희동|75-1,37.573717,126.936763,address
11410|연희동|81-6,37.572248,126.934462,address
11410|연희동|87-33,37.569860,126.934207,address
11410|연희동|89-9,37.569161,126.932085,address
11410|연희동|91-2,37.571695,126.936300,address
11410|연희동|93-4,37.571124,126.935158,address
11410|영천동|100,37.570310,126.958794,address
11410|창천동|359,37.560588,126.928708,address
11410|창천동|368,37.559569,126.928468,address
11410|창천동|381,37.559569,126.928266,address
11410|창천동|416,37.559758,126.928005,address
11410|창천동|468,37.559992,126.927548,address
11410|창천동|470,37.559770,126.927524,address
11410|창천동|506-27,37.558916,126.928727,address
11410|창천동|510-2,37.558820,126.927359,address
11410|창천동|511-5,37.559393,126.929003,address
11410|창천동|512-4,37.559753,126.927078,address
11410|창천동|512-5,37.559923,126.927049,address
11410|창천동|518,37.561810,126.931676,address
11410|창천동|72-31,37.556886,126.933257,address
11410|천연동|117-23,37.568252,126.959753,address
11410|천연동|145,37.567521,126.958270,address
11410|천연동|98-17,37.568207,126.960111,address
11410|충정로2가|185-15,37.563753,126.963272,address
11410|충정로2가|69-23,37.564561,126.963006,address
11410|충정로2가|69-60,37.564565,126.963224,address
11410|충정로3가|1-37,37.564281,126.961078,address
11410|충정로3가|189-8,37.563233,126.964153,address
11410|충정로3가|222,37.562909,126.965157,address
11410|충정로3가|250-5,37.561745,126.964231,address
11410|충정로3가|3-19,37.563257,126.960932,address
11410|충정로3가|3-46,37.562655,126.960812,address
11410|충정로3가|30-17,37.561873,126.961215,address
11410|충정로3가|30-2,37.561890,126.960958,address
11410|충정로3가|30-9,37.561934,126.961468,address
11410|충정로3가|32-10,37.561308,126.961675,address
11410|충정로3가|465,37.560288,126.964843,address
11410|충정로3가|466,37.561920,126.962416,address
11410|충정로3가|477,37.562672,126.962774,address
11410|합동|118,37.561932,126.965906,address
11410|합동|31-9,37.561103,126.964775,address
11410|현저동|1019,37.574955,126.951461,address
11410|현저동|200,37.572035,126.956767,address
11410|홍은동|11-111,37.600595,126.947240,address
11410|홍은동|13-25,37.599681,126.944823,keyword
11410|홍은동|14-4,37.600693,126.945020,address
11410|홍은동|150-13,37.596834,126.941120,address
11410|홍은동|186-1,37.593740,126.935370,address
11410|홍은동|186-22,37.594555,126.934595,address
11410|홍은동|186-25,37.595447,126.934461,address
11410|홍은동|188-72,37.595761,126.934235,address
11410|홍은동|189-9,37.594666,126.933454,address
11410|홍은동|195-8,37.592560,126.932549,address
11410|홍은동|202-5,37.590255,126.938329,address
11410|홍은동|22,37.597507,126.944721,address
11410|홍은동|265-281,37.585988,126.933486,address
11410|홍은동|265-293,37.586419,126.934111,address
11410|홍은동|265-296,37.585986,126.934470,address
11410|홍은동|265-350,37.582493,126.935526,address
11410|홍은동|265-364,37.583035,126.935239,address
11410|홍은동|265-366,37.582645,126.935267,address
11410|홍은동|265-46,37.587467,126.934086,address
11410|홍은동|265-49,37.587508,126.933884,address
11410|홍은동|265-54,37.587116,126.933977,address
11410|홍은동|274-32,37.580732,126.935812,address
11410|홍은동|274-59,37.580621,126.935248,address
11410|홍은동|274-60,37.580539,126.935341,address
11410|홍은동|274-99,37.580741,126.935492,address
11410|홍은동|277-104,37.582569,126.934581,address
11410|홍은동|277-105,37.582339,126.933859,address
11410|홍은동|277-108,37.582113,126.933670,address
11410|홍은동|277-145,37.582510,126.934362,address
11410|홍은동|277-148,37.582445,126.934165,address
11410|홍은동|277-169,37.579235,126.932897,address
11410|홍은동|277-60,37.581799,126.932763,address
11410|홍은동|277-69,37.581639,126.932453,address
11410|홍은동|281,37.580485,126.932733,address
11410|홍은동|304,37.582522,126.927948,address
11410|홍은동|392-1,37.582250,126.927416,address
11410|홍은동|392-11,37.581115,126.928539,address
11410|홍은동|392-7,37.581585,126.928075,address
11410|홍은동|392-9,37.581353,126.928303,address
11410|홍은동|393-1,37.580592,126.929062,address
11410|홍은동|393-2,37.580240,126.929411,address
11410|홍은동|393-3,37.579979,126.929669,address
11410|홍은동|394-1,37.579635,126.930007,address
11410|홍은동|395-1,37.579506,126.929656,address
11410|홍은동|398-6,37.582140,126.926942,address
11410|홍은동|402-39,37.580330,126.927727,address
11410|홍은동|403-2,37.579953,126.927810,address
11410|홍은동|404-1,37.579030,126.928974,address
11410|홍은동|413-38,37.577990,126.926343,address
11410|홍은동|435-10,37.596050,126.941042,address
11410|홍은동|437-2,37.596081,126.939698,address
11410|홍은동|439-1,37.595145,126.940783,address
11410|홍은동|440-1,37.595465,126.941137,address
11410|홍은동|440-3,37.594668,126.942146,address
11410|홍은동|453-2,37.593376,126.943080,address
11410|홍은동|454,37.602615,126.950969,address
11410|홍은동|455,37.595380,126.944732,address
11410|홍은동|456,37.579148,126.931573,address
11410|홍은동|457,37.598486,126.946663,address
11410|홍은동|459,37.579784,126.932517,address
11410|홍은동|460,37.603645,126.948383,address
11410|홍은동|461,37.597219,126.937790,address
11410|홍은동|463,37.598934,126.943950,address
11410|홍은동|464,37.593413,126.941599,address
11410|홍은동|465,37.595786,126.940264,address
11410|홍은동|467,37.598019,126.945556,address
11410|홍은동|468,37.599813,126.944643,address
11410|홍은동|469,37.594405,126.940318,address
11410|홍은동|470,37.586477,126.924856,address
11410|홍은동|8-1091,37.601049,126.950587,address
11410|홍은동|8-205,37.601981,126.951364,address
11410|홍은동|8-230,37.601331,126.950608,address
11410|홍은동|8-26,37.603848,126.949732,address
11410|홍은동|8-285,37.600663,126.950197,address
11410|홍은동|8-294,37.600664,126.949834,address
11410|홍은동|8-476,37.596943,126.951023,address
11410|홍은동|8-920,37.601436,126.951126,address
11410|홍은동|8-933,37.601055,126.950847,address
11410|홍은동|산11-244,37.596419,126.936868,address
11410|홍제동|104-1,37.585450,126.949288,address
11410|홍제동|104-20,37.584715,126.949175,address
11410|홍제동|104-6,37.584858,126.949711,address
11410|홍제동|131-18,37.586942,126.948386,address
11410|홍제동|131-2,37.587157,126.947885,address
11410|홍제동|131-9,37.586907,126.948221,address
11410|홍제동|132-5,37.587489,126.948618,address
11410|홍제동|156-200,37.585712,126.944818,address
11410|홍제동|157-3,37.585435,126.945981,address
11410|홍제동|157-68,37.585608,126.945410,address
11410|홍제동|158-13,37.586806,126.945556,address
11410|홍제동|175-3,37.588010,126.946272,address
11410|홍제동|196-26,37.587706,126.948513,address
11410|홍제동|24-16,37.583089,126.950455,address
11410|홍제동|247-19,37.589983,126.945574,address
11410|홍제동|283-36,37.596361,126.949946,address
11410|홍제동|294-36,37.590891,126.942461,address
11410|홍제동|307-9,37.587623,126.943326,address
11410|홍제동|312-221,37.586259,126.941914,address
11410|홍제동|312-237,37.586010,126.940446,address
11410|홍제동|312-240,37.585958,126.940771,address
11410|홍제동|312-243,37.585901,126.941565,address
11410|홍제동|312-248,37.586010,126.941300,address
11410|홍제동|312-44,37.586421,126.942545,address
11410|홍제동|315-7,37.586821,126.943654,address
11410|홍제동|322-134,37.582122,126.942917,address
11410|홍제동|322-138,37.583916,126.942516,address
11410|홍제동|322-79,37.583080,126.942539,address
11410|홍제동|322-87,37.582629,126.942887,address
11410|홍제동|322-91,37.582305,126.942991,address
11410|홍제동|331,37.588869,126.941383,address
11410|홍제동|335-10,37.587004,126.937107,address
11410|홍제동|342,37.586723,126.936700,address
11410|홍제동|346-7,37.585328,126.937771,address
11410|홍제동|354-6,37.585114,126.938339,address
11410|홍제동|373,37.593646,126.946742,address
11410|홍제동|453,37.582008,126.952065,address
11410|홍제동|453-1,37.581260,126.951506,address
11410|홍제동|454,37.595130,126.952165,address
11410|홍제동|455,37.589237,126.949383,address
11410|홍제동|456,37.583670,126.942886,address
11410|홍제동|457,37.588785,126.938161,address
11410|홍제동|458,37.589042,126.938694,address
11410|홍제동|459,37.587590,126.949660,address
11410|홍제동|460,37.585316,126.950942,address
11410|홍제동|461,37.578354,126.951298,address
11410|홍제동|462,37.580481,126.952945,address
11410|홍제동|463,37.592207,126.949431,address
11410|홍제동|464,37.582129,126.949640,address
11410|홍제동|465,37.592413,126.948515,address
11410|홍제동|466,37.587500,126.943112,address
11410|홍제동|467,37.583813,126.950936,address
11410|홍제동|468,37.590597,126.949309,address
11410|홍제동|469,37.585252,126.947368,address
11410|홍제동|470,37.587300,126.942899,address
11410|홍제동|471,37.584565,126.940868,address
11410|홍제동|473,37.584507,126.945497,address
11410|홍제동|474,37.589821,126.947612,address
11410|홍제동|478,37.580752,126.949926,address
11410|홍제동|82,37.583321,126.946971,address
11410|홍제동|82-81,37.584452,126.948105,address
11440|공덕동|108-57,37.548784,126.959852,address
11440|공덕동|11-168,37.548507,126.962083,address
11440|공덕동|11-174,37.548351,126.961915,address
11440|공덕동|111-416,37.546976,126.959765,address
11440|공덕동|111-7,37.547146,126.959765,address
11440|공덕동|188-108,37.550220,126.949776,address
11440|공덕동|30-10,37.550284,126.960493,address
11440|공덕동|370-9,37.548285,126.950137,address
11440|공덕동|371,37.546696,126.951445,address
11440|공덕동|4-32,37.550672,126.960998,address
11440|공덕동|43,37.550948,126.959680,address
11440|공덕동|457,37.548169,126.952194,address
11440|공덕동|460,37.547106,126.955448,address
11440|공덕동|462,37.547455,126.953053,address
11440|공덕동|464,37.550559,126.950849,address
11440|공덕동|467,37.544883,126.950549,address
11440|공덕동|468,37.549946,126.961946,address
11440|공덕동|469,37.550624,126.952220,address
11440|공덕동|476,37.544874,126.947961,address
11440|공덕동|478,37.544380,126.949090,address
11440|공덕동|479,37.545584,126.948854,address
11440|공덕동|479#11440-5909,37.545254,126.948750,keyword
11440|공덕동|479#11440-5910,37.545254,126.948750,keyword
11440|구수동|41-4,37.544953,126.932950,address
11440|노고산동|1-25,37.556050,126.940963,address
11440|노고산동|1-3,37.556226,126.942269,address
11440|노고산동|107-36,37.553659,126.936761,address
11440|노고산동|129,37.552585,126.936804,address
11440|대흥동|12-41,37.556300,126.943235,address
11440|대흥동|18-55,37.553517,126.944921,address
11440|대흥동|660,37.544731,126.942571,address
11440|대흥동|802,37.544448,126.944869,address
11440|대흥동|803,37.547717,126.940608,address
11440|대흥동|804,37.549101,126.941802,address
11440|대흥동|806,37.555259,126.944417,address
11440|대흥동|807,37.553588,126.943736,address
11440|도화동|240-1,37.539234,126.949043,address
11440|도화동|353,37.537785,126.951787,address
11440|도화동|357,37.539426,126.953860,address
11440|도화동|536,37.542522,126.947356,address
11440|도화동|538,37.541265,126.946298,address
11440|도화동|544,37.540792,126.945933,address
11440|도화동|547,37.540160,126.953877,address
11440|도화동|550,37.540114,126.950347,address
11440|도화동|555,37.540040,126.945470,address
11440|도화동|559,37.541440,126.947223,address
11440|도화동|563,37.541322,126.948971,address
11440|도화동|564,37.540241,126.952349,address
11440|도화동|82,37.536368,126.947064,address
11440|동교동|200-38,37.558507,126.922809,address
11440|동교동|200-4,37.558687,126.922561,address
11440|마포동|253,37.537140,126.945765,address
11440|마포동|350,37.536326,126.943932,address
11440|마포동|442,37.536062,126.946407,address
11440|마포동|449,37.536335,126.945414,address
11440|망원동|236-2,37.552268,126.902001,address
11440|망원동|381-9,37.554291,126.908159,address
11440|망원동|382-3,37.554391,126.907618,address
11440|망원동|384-7,37.554121,126.908990,address
11440|망원동|400-2,37.554849,126.905891,address
11440|망원동|412-19,37.555931,126.907079,address
11440|망원동|417-2,37.556286,126.900941,address
11440|망원동|418-29,37.555751,126.900292,address
11440|망원동|418-5,37.555460,126.900277,address
11440|망원동|419-3,37.556345,126.899126,address
11440|망원동|420,37.556818,126.900921,address
11440|망원동|422-11,37.557296,126.903693,address
11440|망원동|422-12,37.557475,126.903550,address
11440|망원동|429-3,37.557337,126.900818,address
11440|망원동|429-4,37.557358,126.900428,address
11440|망원동|432-63,37.558676,126.901896,address
11440|망원동|433-3,37.559576,126.902571,address
11440|망원동|433-4,37.559355,126.902782,address
11440|망원동|433-9,37.558918,126.902161,address
11440|망원동|435-4,37.560954,126.903131,address
11440|망원동|436-6,37.559878,126.901412,address
11440|망원동|439-1,37.559263,126.898257,address
11440|망원동|454-1,37.555862,126.898919,address
11440|망원동|454-36,37.555800,126.898723,address
11440|망원동|455-2,37.555089,126.899752,address
11440|망원동|455-4,37.554969,126.900366,address
11440|망원동|456-60,37.554174,126.900657,address
11440|망원동|456-65,37.554315,126.900817,address
11440|망원동|456-9,37.554196,126.901037,address
11440|망원동|460-15,37.553268,126.900797,address
11440|망원동|463-2,37.559812,126.896568,address
11440|망원동|464-11,37.559944,126.897692,address
11440|망원동|464-5,37.560882,126.898756,address
11440|망원동|465-3,37.561106,126.900132,address
11440|망원동|465-32,37.560910,126.900267,address
11440|망원동|465-34,37.560969,126.899904,address
11440|망원동|468-18,37.561362,126.900998,address
11440|망원동|470-1,37.561334,126.902005,address
11440|망원동|470-2,37.561547,126.902478,address
11440|망원동|470-39,37.561648,126.902701,address
11440|망원동|471-3,37.561943,126.903620,address
11440|망원동|475-3,37.559970,126.904183,address
11440|망원동|476-3,37.560210,126.905192,address
11440|망원동|478-27,37.559438,126.906396,address
11440|망원동|483-3,37.558147,126.906772,address
11440|망원동|483-6,37.557950,126.906839,address
11440|망원동|489,37.556238,126.901423,address
11440|망원동|490,37.553883,126.899818,address
11440|망원동|491,37.559345,126.899560,address
11440|망원동|492,37.556156,126.905264,address
11440|망원동|493,37.557704,126.900632,address
11440|망원동|494,37.557440,126.906658,address
11440|망원동|495,37.560000,126.898016,address
11440|망원동|496,37.553434,126.904855,address
11440|망원동|497,37.557232,126.899356,address
11440|망원동|498,37.559771,126.901004,address
11440|망원동|499,37.555003,126.898486,address
11440|망원동|500,37.553535,126.900494,address
11440|망원동|501,37.555766,126.906706,address
11440|망원동|502,37.560420,126.904830,address
11440|망원동|503,37.555476,126.897764,address
11440|망원동|504,37.556205,126.906653,address
11440|망원동|505,37.559640,126.900220,address
11440|망원동|506,37.561168,126.899587,address
11440|망원동|507,37.559333,126.900523,address
11440|망원동|508,37.560580,126.898268,address
11440|망원동|509,37.558681,126.898743,address
11440|망원동|510,37.558382,126.899905,address
11440|망원동|511,37.554156,126.909377,address
11440|망원동|512,37.559596,126.896667,address
11440|망원동|513,37.562275,126.903065,address
11440|망원동|514,37.559139,126.906057,address
11440|망원동|515,37.560792,126.899703,address
11440|망원동|516,37.560366,126.900214,address
11440|망원동|517,37.558490,126.906302,address
11440|망원동|518,37.562077,126.902028,address
11440|망원동|521,37.552615,126.903090,address
11440|망원동|522,37.558907,126.899500,address
11440|망원동|523,37.562515,126.903728,address
11440|망원동|525,37.559569,126.898935,address
11440|상수동|353-4,37.545823,126.924599,address
11440|상수동|363,37.544722,126.923243,address
11440|상수동|394,37.544872,126.926425,address
11440|상수동|395,37.544586,126.922513,address
11440|상수동|396,37.546925,126.924362,address
11440|상수동|398,37.546675,126.927260,address
11440|상수동|402,37.546707,126.925566,address
11440|상암동|1618,37.574943,126.897151,address
11440|상암동|1630,37.574336,126.895972,address
11440|상암동|1637,37.574980,126.891449,address
11440|상암동|1643,37.572688,126.889780,address
11440|상암동|1655,37.577600,126.888840,address
11440|상암동|1658,37.580211,126.885971,address
11440|상암동|1660,37.581946,126.881734,address
11440|상암동|1689,37.579502,126.885260,address
11440|상암동|1736,37.585451,126.882106,address
11440|상암동|1741,37.587504,126.881417,address
11440|상암동|1743,37.586357,126.880247,address
11440|상암동|1752,37.583547,126.879166,address
11440|상암동|34-51,37.574594,126.894412,address
11440|서교동|247-112,37.558012,126.915971,address
11440|서교동|247-28,37.558088,126.916212,address
11440|서교동|247-72,37.557797,126.911575,address
11440|서교동|329-2,37.555795,126.929050,address
11440|서교동|371-7,37.553569,126.919927,address
11440|서교동|380-44,37.552896,126.915257,address
11440|서교동|381-4,37.553191,126.914984,address
11440|서교동|453-14,37.557784,126.915829,address
11440|서교동|453-15,37.557788,126.915665,address
11440|서교동|458-22,37.556166,126.915105,address
11440|서교동|458-6,37.556848,126.914821,address
11440|서교동|465-1,37.554738,126.916208,address
11440|서교동|470-20,37.557678,126.912066,address
11440|서교동|478-4,37.555324,126.914472,address
11440|서교동|486,37.553794,126.923694,address
11440|서교동|487,37.557371,126.916789,address
11440|서교동|488,37.557749,126.917828,address
11440|서교동|490,37.550747,126.913769,address
11440|성산동|114-3,37.562369,126.914805,address
11440|성산동|13-21,37.562225,126.916580,address
11440|성산동|142-9,37.568566,126.907463,address
11440|성산동|199-15,37.565215,126.906671,address
11440|성산동|199-53,37.565045,126.906376,address
11440|성산동|210-10,37.561224,126.916595,address
11440|성산동|214-15,37.562428,126.907933,address
11440|성산동|214-70,37.562320,126.908162,address
11440|성산동|23-1,37.565782,126.915059,address
11440|성산동|239-25,37.559784,126.915816,address
11440|성산동|240-5,37.559181,126.914689,address
11440|성산동|249-12,37.559411,126.909559,address
11440|성산동|249-21,37.559509,126.910126,address
11440|성산동|25-1,37.559388,126.911390,address
11440|성산동|254-28,37.559276,126.908858,address
11440|성산동|254-29,37.559235,126.908662,address
11440|성산동|254-7,37.559321,126.909060,address
11440|성산동|254-8,37.559192,126.908448,address
11440|성산동|255-11,37.559838,126.908938,address
11440|성산동|271-23,37.561601,126.906014,address
11440|성산동|446,37.572115,126.901892,address
11440|성산동|446#11440-109,37.569237,126.901910,keyword
11440|성산동|446#11440-168,37.569237,126.901910,keyword
11440|성산동|446#11440-169,37.569237,126.901910,keyword
11440|성산동|49-3,37.564925,126.913673,address
11440|성산동|50-1,37.565257,126.912827,address
11440|성산동|54-7,37.564220,126.912355,address
11440|성산동|596,37.564493,126.910257,address
11440|성산동|597,37.564859,126.905779,address
11440|성산동|600,37.568490,126.912389,address
11440|성산동|601,37.569344,126.908243,address
11440|성산동|604,37.569706,126.905347,address
11440|성산동|634-5,37.558473,126.915664,address
11440|성산동|646-2,37.558191,126.910117,address
11440|성산동|65-2,37.563099,126.911668,address
11440|성산동|650,37.559706,126.910652,address
11440|성산동|666,37.566952,126.913295,address
11440|성산동|667,37.567473,126.914480,address
11440|성산동|81-106,37.562998,126.911080,address
11440|신공덕동|13-15,37.545665,126.955787,address
11440|신공덕동|15-80,37.545022,126.955025,address
11440|신공덕동|155,37.543376,126.955640,address
11440|신공덕동|159,37.546442,126.957897,address
11440|신공덕동|161,37.545544,126.956827,address
11440|신공덕동|167,37.543495,126.952870,address
11440|신공덕동|168,37.541915,126.957076,address
11440|신공덕동|170,37.541536,126.955297,address
11440|신공덕동|171,37.542841,126.952464,address
11440|신공덕동|172,37.543391,126.954104,address
11440|신공덕동|173,37.542445,126.953369,address
11440|신공덕동|174,37.544674,126.956054,address
11440|신공덕동|5-5,37.547593,126.957279,address
11440|신수동|190,37.546839,126.937665,address
11440|신수동|22-35,37.548518,126.940019,address
11440|신수동|400-1,37.544875,126.935946,address
11440|신수동|445-5,37.543085,126.936979,address
11440|신수동|450,37.551271,126.935580,address
11440|신수동|451,37.547835,126.936805,address
11440|신수동|453,37.547977,126.933585,address
11440|신수동|455,37.549545,126.933851,address
11440|신수동|456,37.549059,126.934259,address
11440|신수동|457,37.549371,126.936052,address
11440|신수동|459,37.546635,126.936371,address
11440|신수동|462,37.551131,126.934179,address
11440|신수동|91-511,37.549707,126.935240,address
11440|신수동|91-90,37.548624,126.935532,address
11440|신정동|30,37.543977,126.931098,address
11440|신정동|74-1,37.543012,126.931437,address
11440|아현동|275-2,37.554430,126.955881,address
11440|아현동|371-1,37.554771,126.958022,address
11440|아현동|613-10,37.552694,126.955768,address
11440|아현동|692,37.556481,126.959256,address
11440|아현동|732,37.551258,126.954398,address
11440|아현동|738,37.552188,126.955532,address
11440|아현동|777,37.555514,126.953753,address
11440|아현동|777#11440-5406,37.554054,126.955329,keyword
11440|아현동|777#11440-5407,37.554940,126.953578,keyword
11440|아현동|777#11440-5408,37.553311,126.953006,keyword
11440|아현동|777#11440-5410,37.553358,126.952844,keyword
11440|아현동|780,37.553837,126.956009,address
11440|아현동|800,37.553036,126.958539,address
11440|아현동|802,37.555544,126.959183,address
11440|아현동|804,37.555162,126.950560,address
11440|연남동|244-15,37.565900,126.920488,address
11440|연남동|246-1,37.565500,126.920807,address
11440|연남동|249-1,37.564340,126.921739,address
11440|연남동|249-12,37.563762,126.921790,address
11440|연남동|249-3,37.564265,126.921588,address
11440|연남동|250-2,37.564377,126.922486,address
11440|연남동|250-8,37.564205,126.922221,address
11440|연남동|254-1,37.563768,126.923036,address
11440|연남동|259-1,37.561684,126.923702,address
11440|연남동|364-8,37.566115,126.918362,address
11440|연남동|478-12,37.564745,126.918558,address
11440|연남동|487-77,37.562673,126.917561,address
11440|연남동|493-27,37.561300,126.919673,address
11440|연남동|515-23,37.562025,126.921820,address
11440|연남동|564-35,37.558888,126.918919,address
11440|연남동|573,37.564699,126.920250,address
11440|염리동|10-54,37.554553,126.947502,address
11440|염리동|161-1,37.545116,126.945240,address
11440|염리동|27-126,37.549115,126.948286,address
11440|염리동|45-27,37.549781,126.948286,address
11440|염리동|515-1,37.551556,126.947976,address
11440|염리동|520,37.548909,126.946728,address
11440|염리동|521,37.543326,126.945184,address
11440|염리동|522,37.543063,126.946467,address
11440|염리동|532,37.552792,126.947756,address
11440|염리동|533,37.550889,126.948512,address
11440|용강동|118-3,37.541042,126.939645,address
11440|용강동|380,37.543325,126.941012,address
11440|용강동|494-8,37.542718,126.937654,address
11440|용강동|495-1,37.542043,126.937376,address
11440|용강동|495-3,37.541877,126.937768,address
11440|용강동|500,37.540163,126.941856,address
11440|용강동|501,37.540955,126.940722,address
11440|용강동|502,37.542247,126.941678,address
11440|용강동|508,37.541563,126.943717,address
11440|중동|30-28,37.570996,126.906129,address
11440|중동|36-29,37.570353,126.906875,address
11440|중동|39-9,37.569630,126.906476,address
11440|중동|390,37.574116,126.901933,address
11440|중동|391,37.570485,126.905937,address
11440|중동|392,37.571139,126.906885,address
11440|중동|393,37.568814,126.911757,address
11440|중동|395,37.570006,126.909831,address
11440|중동|398,37.571668,126.905565,address
11440|중동|40-12,37.570440,126.908597,address
11440|중동|58-39,37.573780,126.903020,address
11440|창전동|42-10,37.549472,126.927809,address
11440|창전동|42-7,37.549485,126.928286,address
11440|창전동|42-8,37.549736,126.928029,address
11440|창전동|42-9,37.549639,126.927848,address
11440|창전동|437,37.551231,126.930994,address
11440|창전동|438,37.552764,126.932179,address
11440|창전동|439,37.553387,126.931064,address
11440|창전동|440,37.551021,126.931850,address
11440|창전동|441,37.548015,126.932149,address
11440|창전동|442,37.546534,126.931723,address
11440|창전동|443,37.546249,126.929662,address
11440|창전동|444,37.548363,126.929439,address
11440|창전동|449,37.549961,126.930484,address
11440|창전동|6-31,37.553159,126.929573,address
11440|토정동|138,37.539552,126.941264,address
11440|하중동|101,37.544804,126.928015,address
11440|합정동|200-1,37.545399,126.914576,address
11440|합정동|355-1,37.547209,126.918600,address
11440|합정동|357-3,37.545703,126.918643,address
11440|합정동|357-5,37.545625,126.918303,address
11440|합정동|371-3,37.546995,126.913738,address
11440|합정동|375-2,37.548073,126.912993,address
11440|합정동|376-5,37.547048,126.912426,address
11440|합정동|381-16,37.548305,126.912097,address
11440|합정동|386-2,37.551494,126.910848,address
11440|합정동|386-9,37.550845,126.911057,address
11440|합정동|389-16,37.550413,126.910519,address
11440|합정동|390-5,37.550893,126.909572,address
11440|합정동|396-8,37.549018,126.908938,address
11440|합정동|400-20,37.549181,126.906783,address
11440|합정동|400-6,37.548785,126.907069,address
11440|합정동|450-11,37.551614,126.904181,address
11440|합정동|466,37.546199,126.918900,address
11440|합정동|467,37.544942,126.912532,address
11440|합정동|468,37.550035,126.906465,address
11440|합정동|469,37.548818,126.908519,address
11440|합정동|470,37.546026,126.917939,address
11440|합정동|472,37.549995,126.912195,address
11440|합정동|473,37.551053,126.911866,address
11440|합정동|474,37.550833,126.907863,address
11440|현석동|118,37.542123,126.935807,address
11440|현석동|220,37.542617,126.932640,address
11440|현석동|222,37.543331,126.933281,address
11440|현석동|223,37.541999,126.934469,address
11440|현석동|225,37.543145,126.935637,address
11470|목동|131-45,37.544024,126.881400,address
11470|목동|135-6,37.544849,126.882376,address
11470|목동|200,37.541299,126.875506,address
11470|목동|315-3,37.542292,126.868887,address
11470|목동|315-4,37.542302,126.868742,address
11470|목동|315-6,37.542293,126.868397,address
11470|목동|404-13,37.523727,126.876670,address
11470|목동|405,37.523441,126.874178,address
11470|목동|405-293,37.524401,126.872992,address
11470|목동|405-300,37.524244,126.873460,address
11470|목동|406-38,37.525898,126.869142,address
11470|목동|408-20,37.524941,126.868871,address
11470|목동|408-219,37.524720,126.868118,address
11470|목동|408-59,37.524769,126.867586,address
11470|목동|502-1,37.546956,126.869723,address
11470|목동|502-7,37.546876,126.868817,address
11470|목동|520-11,37.545827,126.880064,address
11470|목동|521-2,37.546244,126.877064,address
11470|목동|524,37.546133,126.875256,address
11470|목동|528-7,37.546127,126.872684,address
11470|목동|534,37.545104,126.872808,address
11470|목동|539-4,37.543976,126.876331,address
11470|목동|539-6,37.543709,126.876129,address
11470|목동|541,37.542938,126.874282,address
11470|목동|548,37.544607,126.868645,address
11470|목동|549,37.544996,126.868373,address
11470|목동|555-4,37.543466,126.870823,address
11470|목동|558-6,37.542547,126.873192,address
11470|목동|558-7,37.542572,126.873636,address
11470|목동|614-8,37.547854,126.863578,address
11470|목동|624-5,37.546642,126.864182,address
11470|목동|627-2,37.546668,126.866013,address
11470|목동|643-7,37.544828,126.863944,address
11470|목동|709-2,37.542755,126.863471,address
11470|목동|713-29,37.541459,126.864109,address
11470|목동|713-30,37.541673,126.863989,address
11470|목동|713-5,37.541370,126.863973,address
11470|목동|714-1,37.540892,126.864676,address
11470|목동|715-3,37.540971,126.865478,address
11470|목동|721-2,37.539984,126.864076,address
11470|목동|722-5,37.538561,126.864060,address
11470|목동|724-2,37.538607,126.865062,address
11470|목동|729-12,37.537569,126.864625,address
11470|목동|729-18,37.537581,126.864860,address
11470|목동|729-2,37.537854,126.864641,address
11470|목동|729-4,37.537821,126.864863,address
11470|목동|729-5,37.537814,126.865065,address
11470|목동|736-3,37.537233,126.866999,address
11470|목동|736-4,37.537373,126.867223,address
11470|목동|739-1,37.539154,126.866339,address
11470|목동|739-5,37.538832,126.866475,address
11470|목동|743-19,37.538662,126.867940,address
11470|목동|743-20,37.538941,126.868080,address
11470|목동|743-21,37.539109,126.868166,address
11470|목동|745-1,37.538678,126.868322,address
11470|목동|745-12,37.537868,126.868507,address
11470|목동|747-12,37.538813,126.869677,address
11470|목동|750-5,37.539393,126.869852,address
11470|목동|751-4,37.538880,126.870791,address
11470|목동|752-1,37.538534,126.871438,address
11470|목동|753-1,37.538178,126.871193,address
11470|목동|755-1,37.538221,126.870052,address
11470|목동|755-2,37.537890,126.870450,address
11470|목동|758-1,37.537022,126.871459,address
11470|목동|758-2,37.536720,126.870773,address
11470|목동|761-13,37.537133,126.868816,address
11470|목동|763-1,37.535848,126.869907,address
11470|목동|764-4,37.535618,126.869265,address
11470|목동|766-1,37.536712,126.868758,address
11470|목동|768-5,37.535870,126.866999,address
11470|목동|769-19,37.535413,126.867372,address
11470|목동|771-31,37.534659,126.868866,address
11470|목동|772-11,37.534236,126.869250,address
11470|목동|772-7,37.534864,126.869493,address
11470|목동|773-3,37.533538,126.869490,address
11470|목동|773-5,37.533318,126.869248,address
11470|목동|774-10,37.533313,126.868914,address
11470|목동|803-2,37.531381,126.866311,address
11470|목동|806-18,37.530193,126.864796,address
11470|목동|806-25,37.530279,126.865098,address
11470|목동|808-5,37.528580,126.864782,address
11470|목동|808-9,37.529606,126.865704,address
11470|목동|900-17,37.539795,126.882276,address
11470|목동|901,37.539736,126.877998,address
11470|목동|902,37.537715,126.877470,address
11470|목동|903,37.534347,126.872767,address
11470|목동|904,37.531858,126.872882,address
11470|목동|905-22,37.532181,126.876818,address
11470|목동|907-12,37.536201,126.880096,address
11470|목동|907-14,37.535864,126.879507,address
11470|목동|907-23,37.535866,126.880273,address
11470|목동|907-5,37.536153,126.878730,address
11470|목동|908-28,37.536354,126.881122,address
11470|목동|908-34,37.536731,126.882212,address
11470|목동|911,37.534642,126.884816,address
11470|목동|912,37.534116,126.882084,address
11470|목동|916,37.526854,126.875035,address
11470|목동|925,37.528823,126.867841,address
11470|목동|926-7,37.526523,126.868633,address
11470|목동|926-8,37.526398,126.869332,address
11470|목동|928,37.541862,126.872682,address
11470|목동|929,37.541458,126.881655,address
11470|목동|930,37.523467,126.871737,address
11470|목동|932,37.525986,126.872701,address
11470|목동|933,37.522835,126.876599,address
11470|목동|934,37.525362,126.874706,address
11470|목동|935,37.524446,126.868583,address
11470|목동|936,37.525663,126.873794,address
11470|목동|938,37.523183,126.872431,address
11470|목동|940,37.528993,126.864994,address
11470|목동|941,37.532115,126.866810,address
11470|목동|944,37.530968,126.867098,address
11470|목동|945,37.535941,126.868767,address
11470|목동|947,37.525325,126.876103,address
11470|목동|948,37.538495,126.870419,address
11470|목동|949,37.539948,126.869535,address
11470|목동|950,37.539142,126.871709,address
11470|목동|951,37.533682,126.867854,address
11470|목동|953,37.543340,126.869647,address
11470|목동|954,37.540122,126.869028,address
11470|목동|955,37.540951,126.870675,address
11470|목동|956,37.546825,126.867151,address
11470|목동|957,37.534301,126.867081,address
11470|목동|958,37.537872,126.867004,address
11470|목동|959,37.543456,126.875526,address
11470|목동|960,37.549027,126.864485,address
11470|목동|961,37.524348,126.869917,address
11470|목동|962,37.525994,126.870383,address
11470|목동|962-1,37.525855,126.871272,address
11470|목동|965,37.545462,126.866050,address
11470|목동|966,37.546573,126.870683,address
11470|신월동|1001-5,37.516515,126.839185,address
11470|신월동|1001-6,37.516443,126.838958,address
11470|신월동|1002-1,37.516127,126.837264,address
11470|신월동|1003-4,37.515915,126.836866,address
11470|신월동|1007-4,37.516150,126.839313,address
11470|신월동|1016,37.519751,126.840078,address
11470|신월동|1017,37.520464,126.838505,address
11470|신월동|1020,37.522637,126.846600,address
11470|신월동|1022,37.513640,126.842179,address
11470|신월동|1023,37.513624,126.841496,address
11470|신월동|1024,37.519964,126.846154,address
11470|신월동|1025,37.538400,126.827977,address
11470|신월동|1026,37.524351,126.839464,address
11470|신월동|1027,37.525028,126.838829,address
11470|신월동|1028,37.514278,126.842498,address
11470|신월동|1029,37.518048,126.846439,address
11470|신월동|1030,37.525063,126.842857,address
11470|신월동|1031,37.542100,126.827927,address
11470|신월동|1032,37.527427,126.835209,address
11470|신월동|1033,37.520548,126.840618,address
11470|신월동|1035,37.518937,126.839854,address
11470|신월동|1036,37.544557,126.828497,address
11470|신월동|1037,37.521541,126.844518,address
11470|신월동|1038,37.542249,126.827401,address
11470|신월동|1039,37.524623,126.837136,address
11470|신월동|1040,37.521623,126.845269,address
11470|신월동|1041,37.522803,126.838546,address
11470|신월동|1042,37.519561,126.842761,address
11470|신월동|1043,37.531609,126.835533,address
11470|신월동|1044,37.520488,126.839689,address
11470|신월동|1045,37.522920,126.841777,address
11470|신월동|1046,37.519150,126.840939,address
11470|신월동|1047,37.525474,126.842731,address
11470|신월동|1048,37.523831,126.838965,address
11470|신월동|1049,37.522309,126.845857,address
11470|신월동|1050,37.522997,126.828523,address
11470|신월동|1051,37.520399,126.839190,address
11470|신월동|1052,37.523743,126.846342,address
11470|신월동|1053,37.544053,126.829338,address
11470|신월동|1055,37.518993,126.845676,address
11470|신월동|1056,37.520828,126.844672,address
11470|신월동|1057,37.523328,126.840093,address
11470|신월동|1057-1,37.523619,126.840964,address
11470|신월동|1058,37.531513,126.828626,address
11470|신월동|1059,37.539826,126.831530,address
11470|신월동|1060,37.543226,126.828011,address
11470|신월동|1063,37.518533,126.847302,address
11470|신월동|1065,37.540848,126.827969,address
11470|신월동|1068,37.524106,126.836486,address
11470|신월동|1069,37.523135,126.842982,address
11470|신월동|1070,37.543490,126.828570,address
11470|신월동|1074,37.534600,126.834381,address
11470|신월동|1075,37.516622,126.841929,address
11470|신월동|1076,37.515328,126.842543,address
11470|신월동|1077,37.516539,126.845906,address
11470|신월동|1078,37.518018,126.844013,address
11470|신월동|1085,37.522879,126.843861,address
11470|신월동|109-1,37.533518,126.832803,address
11470|신월동|109-2,37.533671,126.833030,address
11470|신월동|110-1,37.532405,126.833505,address
11470|신월동|113-14,37.532623,126.835528,address
11470|신월동|12-4,37.540924,126.827052,address
11470|신월동|125,37.530279,126.834987,address
11470|신월동|127-1,37.530704,126.833889,address
11470|신월동|128,37.531115,126.833605,address
11470|신월동|13-3,37.541240,126.828157,address
11470|신월동|134-17,37.532768,126.832521,address
11470|신월동|136-8,37.532068,126.831589,address
11470|신월동|138-2,37.533110,126.830636,address
11470|신월동|140-23,37.533955,126.830924,address
11470|신월동|142-14,37.533783,126.823890,address
11470|신월동|145-9,37.534881,126.829663,address
11470|신월동|150-1,37.535163,126.825008,address
11470|신월동|151-6,37.535100,126.824579,address
11470|신월동|166-27,37.534744,126.828379,address
11470|신월동|18-17,37.541290,126.830982,address
11470|신월동|197-2,37.531725,126.829592,address
11470|신월동|20-28,37.540940,126.832924,address
11470|신월동|203-14,37.530052,126.829623,address
11470|신월동|203-16,37.530069,126.829880,address
11470|신월동|203-17,37.530089,126.830148,address
11470|신월동|203-18,37.530255,126.829698,address
11470|신월동|203-19,37.530272,126.829923,address
11470|신월동|203-20,37.530289,126.830150,address
11470|신월동|207-24,37.526940,126.833360,address
11470|신월동|207-43,37.527464,126.833417,address
11470|신월동|21-4,37.540218,126.831842,address
11470|신월동|217-2,37.527569,126.834360,address
11470|신월동|217-8,37.527104,126.834656,address
11470|신월동|218-12,37.526929,126.836077,address
11470|신월동|222-7,37.528216,126.833957,address
11470|신월동|24-5,37.539922,126.831995,address
11470|신월동|241-9,37.527321,126.838202,address
11470|신월동|29-2,37.540428,126.825849,address
11470|신월동|29-7,37.540131,126.825860,address
11470|신월동|331-101,37.523733,126.828644,address
11470|신월동|331-107,37.523405,126.828606,address
11470|신월동|341-1,37.523645,126.830909,address
11470|신월동|350-2,37.523377,126.829579,address
11470|신월동|350-3,37.522541,126.828977,address
11470|신월동|410-10,37.524889,126.836702,address
11470|신월동|411-3,37.525521,126.838092,address
11470|신월동|413-3,37.525517,126.839885,address
11470|신월동|416-1,37.524734,126.837810,address
11470|신월동|418-4,37.523398,126.836790,address
11470|신월동|422-7,37.524132,126.838640,address
11470|신월동|426-3,37.524762,126.840622,address
11470|신월동|429-1,37.524045,126.841072,address
11470|신월동|433-1,37.523526,126.839261,address
11470|신월동|438-4,37.521569,126.838066,address
11470|신월동|439-25,37.521833,126.839594,address
11470|신월동|440-10,37.521823,126.838782,address
11470|신월동|440-9,37.522008,126.839498,address
11470|신월동|444-7,37.522654,126.842431,address
11470|신월동|446-2,37.524260,126.842220,address
11470|신월동|446-5,37.523923,126.842582,address
11470|신월동|447-3,37.525314,126.841653,address
11470|신월동|45-1,37.537331,126.826598,address
11470|신월동|45-2,37.537433,126.826835,address
11470|신월동|45-3,37.537195,126.826986,address
11470|신월동|452-14,37.526491,126.843803,address
11470|신월동|452-2,37.526675,126.843691,address
11470|신월동|456-1,37.527026,126.848122,address
11470|신월동|457-15,37.526682,126.847521,address
11470|신월동|457-6,37.526620,126.847208,address
11470|신월동|458-1,37.526466,126.845102,address
11470|신월동|461-5,37.525946,126.843168,address
11470|신월동|465-5,37.525864,126.844502,address
11470|신월동|467-12,37.526150,126.846097,address
11470|신월동|467-2,37.526107,126.845840,address
11470|신월동|467-3,37.526187,126.846726,address
11470|신월동|470-1,37.526417,126.847856,address
11470|신월동|470-26,37.525875,126.848332,address
11470|신월동|475,37.525298,126.848650,address
11470|신월동|48-13,37.535675,126.825210,address
11470|신월동|480-4,37.524892,126.845925,address
11470|신월동|481-9,37.524421,126.845517,address
11470|신월동|485-11,37.524388,126.843925,address
11470|신월동|485-2,37.524349,126.843512,address
11470|신월동|485-3,37.524392,126.843762,address
11470|신월동|487-1,37.523927,126.842939,address
11470|신월동|488-3,37.523588,126.843667,address
11470|신월동|491-1,37.523712,126.844874,address
11470|신월동|492-1,37.524003,126.845588,address
11470|신월동|492-23,37.524043,126.845828,address
11470|신월동|492-24,37.523862,126.845878,address
11470|신월동|494-1,37.524171,126.846699,address
11470|신월동|494-4,37.523794,126.847058,address
11470|신월동|494-6,37.523978,126.846749,address
11470|신월동|494-8,37.523563,126.847002,address
11470|신월동|500-21,37.523796,126.850701,address
11470|신월동|506-1,37.522995,126.847577,address
11470|신월동|506-3,37.523058,126.848392,address
11470|신월동|507-1,37.522779,126.846197,address
11470|신월동|507-3,37.522911,126.847213,address
11470|신월동|510-3,37.522149,126.844450,address
11470|신월동|510-7,37.521983,126.844179,address
11470|신월동|512-8,37.520591,126.844580,address
11470|신월동|514-3,37.521774,126.843058,address
11470|신월동|516-7,37.521398,126.842616,address
11470|신월동|517-6,37.521615,126.842107,address
11470|신월동|518-2,37.521572,126.841137,address
11470|신월동|519-12,37.521128,126.840559,address
11470|신월동|519-25,37.521015,126.840758,address
11470|신월동|520-8,37.521317,126.839904,address
11470|신월동|529-2,37.519813,126.841296,address
11470|신월동|530-7,37.520682,126.841747,address
11470|신월동|533-1,37.520719,126.842309,address
11470|신월동|535-7,37.519529,126.843353,address
11470|신월동|538-1,37.519452,126.841360,address
11470|신월동|538-4,37.519265,126.841625,address
11470|신월동|538-6,37.519027,126.841637,address
11470|신월동|54-10,37.538983,126.827499,address
11470|신월동|541-1,37.519082,126.839570,address
11470|신월동|545-2,37.517796,126.840791,address
11470|신월동|547-1,37.518469,126.839164,address
11470|신월동|547-5,37.518234,126.839472,address
11470|신월동|547-7,37.517831,126.839541,address
11470|신월동|547-9,37.517656,126.839724,address
11470|신월동|548-1,37.516837,126.839912,address
11470|신월동|558-1,37.516406,126.840132,address
11470|신월동|558-3,37.516165,126.840237,address
11470|신월동|558-4,37.515987,126.840315,address
11470|신월동|558-7,37.515861,126.840670,address
11470|신월동|558-9,37.516448,126.840413,address
11470|신월동|559-5,37.514683,126.841200,address
11470|신월동|56-6,37.538733,126.829080,address
11470|신월동|57-5,37.538266,126.829182,address
11470|신월동|59-9,37.539027,126.830197,address
11470|신월동|591-1,37.516705,126.847584,address
11470|신월동|602-3,37.520193,126.845424,address
11470|신월동|604-4,37.519632,126.846509,address
11470|신월동|604-6,37.519860,126.845880,address
11470|신월동|607-1,37.521451,126.846469,address
11470|신월동|72-5,37.538323,126.832231,address
11470|신월동|8-2,37.543022,126.828528,address
11470|신월동|81-10,37.536560,126.830273,address
11470|신월동|81-5,37.536472,126.829547,address
11470|신월동|81-7,37.536613,126.829829,address
11470|신월동|87-21,37.537547,126.833966,address
11470|신월동|9-33,37.541731,126.828751,address
11470|신월동|91-10,37.535759,126.833854,address
11470|신월동|981-2,37.516743,126.837508,address
11470|신월동|981-4,37.516599,126.837042,address
11470|신월동|986-13,37.518760,126.836202,address
11470|신월동|986-8,37.518666,126.836896,address
11470|신월동|987-1,37.517095,126.832775,address
11470|신정동|1007-11,37.523181,126.864823,address
11470|신정동|1013-1,37.522495,126.860946,address
11470|신정동|1013-14,37.522531,126.861262,address
11470|신정동|1013-15,37.522566,126.861576,address
11470|신정동|1014-5,37.521515,126.862588,address
11470|신정동|1019-4,37.521213,126.860299,address
11470|신정동|1020-3,37.520866,126.860359,address
11470|신정동|1021-7,37.520453,126.860930,address
11470|신정동|1052-29,37.516179,126.855065,address
11470|신정동|1147-5,37.516031,126.854076,address
11470|신정동|1148-7,37.516877,126.853765,address
11470|신정동|118-19,37.522343,126.875402,address
11470|신정동|119-175,37.521452,126.876151,address
11470|신정동|1192-1,37.522121,126.849884,address
11470|신정동|1194-3,37.522072,126.847298,address
11470|신정동|1194-5,37.522128,126.848206,address
11470|신정동|1198-23,37.520448,126.849101,address
11470|신정동|1198-3,37.521015,126.848911,address
11470|신정동|1210-1,37.520021,126.849764,address
11470|신정동|1218-1,37.518322,126.848790,address
11470|신정동|1219-1,37.517543,126.848750,address
11470|신정동|1252,37.517142,126.874474,address
11470|신정동|1259,37.513737,126.853688,address
11470|신정동|1273,37.512290,126.854593,address
11470|신정동|1276,37.511900,126.852950,address
11470|신정동|1277,37.511387,126.850864,address
11470|신정동|1278,37.515765,126.876370,address
11470|신정동|1279,37.520389,126.877235,address
11470|신정동|1281,37.513551,126.835370,address
11470|신정동|1283,37.511425,126.836875,address
11470|신정동|1285,37.513360,126.838861,address
11470|신정동|1291,37.511422,126.846765,address
11470|신정동|1293,37.508150,126.844352,address
11470|신정동|1295,37.510495,126.868296,address
11470|신정동|1296,37.521648,126.872161,address
11470|신정동|1297,37.522480,126.871319,address
11470|신정동|1300,37.518805,126.872538,address
11470|신정동|1302,37.524684,126.858745,address
11470|신정동|1303,37.512545,126.843002,address
11470|신정동|1304,37.522146,126.848951,address
11470|신정동|1305,37.527644,126.850249,address
11470|신정동|1306,37.507153,126.863676,address
11470|신정동|1307,37.518191,126.871395,address
11470|신정동|1308,37.528750,126.862691,address
11470|신정동|1309,37.519845,126.874811,address
11470|신정동|1310,37.511870,126.839119,address
11470|신정동|1311,37.510831,126.840015,address
11470|신정동|1314,37.505822,126.863592,address
11470|신정동|1316,37.512510,126.830400,address
11470|신정동|1317,37.510927,126.830002,address
11470|신정동|1318,37.510756,126.833280,address
11470|신정동|1321,37.514826,126.826985,address
11470|신정동|1322,37.515774,126.830334,address
11470|신정동|1323,37.520196,126.856460,address
11470|신정동|1324,37.505787,126.834918,address
11470|신정동|1325,37.509402,126.868743,address
11470|신정동|1326,37.519173,126.851675,address
11470|신정동|1326#11470-5691,37.519173,126.851675,address
11470|신정동|1326#11470-5692,37.519173,126.851675,address
11470|신정동|1327,37.516495,126.853038,address
11470|신정동|201-1,37.508258,126.864549,address
11470|신정동|282-16,37.523661,126.864716,keyword
11470|신정동|294-70,37.517461,126.871772,address
11470|신정동|296-28,37.519260,126.872023,address
11470|신정동|311,37.517404,126.858683,address
11470|신정동|312,37.518554,126.862627,address
11470|신정동|314,37.521250,126.867550,address
11470|신정동|318-10,37.522663,126.870432,address
11470|신정동|318-12,37.521625,126.870444,address
11470|신정동|324-10,37.515055,126.860757,address
11470|신정동|324-7,37.515426,126.859603,address
11470|신정동|325,37.512056,126.858410,address
11470|신정동|326,37.513417,126.860794,address
11470|신정동|327,37.514191,126.865003,address
11470|신정동|329,37.516244,126.870785,address
11470|신정동|333,37.517713,126.873597,address
11470|신정동|334,37.517245,126.875554,address
11470|신정동|336,37.519049,126.875616,address
11470|신정동|337,37.507743,126.866511,address
11470|신정동|338,37.508358,126.865636,address
11470|신정동|339,37.520704,126.875431,address
11470|신정동|340,37.521498,126.874667,address
11470|신정동|733-31,37.512419,126.842002,address
11470|신정동|739-17,37.506617,126.843324,address
11470|신정동|743-2,37.508077,126.841476,address
11470|신정동|86-6,37.522513,126.873616,address
11470|신정동|87-39,37.521845,126.873337,address
11470|신정동|872-6,37.528001,126.854310,address
11470|신정동|879-18,37.527879,126.858519,address
11470|신정동|879-5,37.527850,126.858280,address
11470|신정동|879-6,37.527718,126.858549,address
11470|신정동|881-14,37.528224,126.859025,address
11470|신정동|881-16,37.528506,126.858808,address
11470|신정동|881-6,37.528821,126.859798,address
11470|신정동|881-8,37.528666,126.859350,address
11470|신정동|883,37.527952,126.859730,address
11470|신정동|884-6,37.527635,126.859526,address
11470|신정동|888-8,37.527164,126.862225,address
11470|신정동|889-15,37.527195,126.861457,address
11470|신정동|890-13,37.527677,126.862747,address
11470|신정동|891-1,37.528150,126.860298,address
11470|신정동|893-6,37.529131,126.862007,address
11470|신정동|893-9,37.528872,126.861256,address
11470|신정동|894-20,37.528772,126.862017,address
11470|신정동|895-3,37.528308,126.862198,address
11470|신정동|905-2,37.526627,126.859340,address
11470|신정동|906-4,37.526131,126.859144,address
11470|신정동|911-11,37.526686,126.858290,address
11470|신정동|911-4,37.526896,126.858007,address
11470|신정동|911-8,37.526618,126.858729,address
11470|신정동|911-9,37.526649,126.858534,address
11470|신정동|915-12,37.525786,126.856745,address
11470|신정동|916-15,37.525291,126.856618,address
11470|신정동|917-10,37.525416,126.855955,address
11470|신정동|918-1,37.526823,126.855664,address
11470|신정동|919-1,37.527388,126.854617,address
11470|신정동|921-11,37.525728,126.855537,address
11470|신정동|922-1,37.524976,126.853632,address
11470|신정동|926-4,37.527451,126.854255,address
11470|신정동|927-4,37.527012,126.853408,address
11470|신정동|927-9,37.526942,126.853645,address
11470|신정동|929-25,37.524658,126.852650,address
11470|신정동|929-26,37.524716,126.852425,address
11470|신정동|938-7,37.526804,126.849990,address
11470|신정동|948-24,37.524656,126.855231,address
11470|신정동|949-1,37.524774,126.855731,address
11470|신정동|952-1,37.524876,126.856537,address
11470|신정동|952-3,37.524920,126.856883,address
11470|신정동|955-13,37.524058,126.858036,address
11470|신정동|958-10,37.523251,126.857910,address
11470|신정동|958-12,37.522978,126.858147,address
11470|신정동|958-16,37.523281,126.858167,address
11470|신정동|962-18,37.523573,126.856233,address
11470|신정동|963-1,37.523805,126.855132,address
11470|신정동|972-2,37.521817,126.852487,address
11470|신정동|976-3,37.521827,126.855087,address
11470|신정동|979-34,37.522410,126.857998,address
11470|신정동|980-5,37.522499,126.858801,address
11470|신정동|982-1,37.522333,126.859797,address
11470|신정동|988-5,37.525430,126.861307,address
11470|신정동|990-15,37.525125,126.862589,address
11470|신정동|990-16,37.525114,126.862795,address
11470|신정동|992-1,37.525701,126.863032,address
11470|신정동|993-1,37.525194,126.863194,address
11470|신정동|995-3,37.524439,126.864207,address
11470|신정동|997-6,37.524245,126.863717,address
11500|가양동|14-3,37.562245,126.854103,address
11500|가양동|1459,37.572173,126.843357,address
11500|가양동|1460,37.571385,126.844987,address
11500|가양동|1461,37.570496,126.847174,address
11500|가양동|1462,37.569851,126.844048,address
11500|가양동|1467,37.569791,126.849264,address
11500|가양동|1474,37.566347,126.854031,address
11500|가양동|1475,37.565216,126.855668,address
11500|가양동|1485,37.563229,126.859294,address
11500|가양동|1490,37.558721,126.863533,address
11500|가양동|1495,37.568083,126.849069,address
11500|가양동|1496,37.568924,126.842232,address
11500|가양동|1497,37.567132,126.848570,address
11500|가양동|1500,37.566487,126.849145,address
11500|가양동|192-9,37.570944,126.841382,address
11500|가양동|235-4,37.572422,126.839591,address
11500|가양동|239-1,37.571865,126.839566,address
11500|가양동|239-36,37.571630,126.839896,address
11500|가양동|251-5,37.570895,126.840100,address
11500|가양동|448,37.561200,126.855786,address
11500|가양동|448-1,37.560756,126.856971,address
11500|가양동|448-10,37.560488,126.858327,address
11500|가양동|448-9,37.560107,126.857950,address
11500|공항동|1371,37.563762,126.815787,address
11500|공항동|1374,37.560624,126.808069,address
11500|공항동|1378,37.559665,126.809880,address
11500|공항동|1398,37.561394,126.815107,address
11500|공항동|14-10,37.562615,126.813785,address
11500|공항동|22-4,37.562680,126.812795,address
11500|공항동|42-12,37.560396,126.810994,address
11500|공항동|42-23,37.560192,126.810974,address
11500|공항동|50-5,37.560842,126.809471,address
11500|공항동|61-2,37.558707,126.808934,address
11500|내발산동|650-1,37.557306,126.842396,address
11500|내발산동|655-5,37.555511,126.836653,address
11500|내발산동|657,37.555862,126.840089,address
11500|내발산동|659-1,37.556865,126.843013,address
11500|내발산동|660-1,37.556510,126.843674,address
11500|내발산동|660-6,37.556104,126.843419,address
11500|내발산동|661-2,37.555135,126.843249,address
11500|내발산동|663-2,37.554812,126.840013,address
11500|내발산동|665-17,37.554776,126.838854,address
11500|내발산동|665-6,37.554925,126.839429,address
11500|내발산동|670-17,37.554322,126.838910,address
11500|내발산동|671-13,37.553393,126.839525,address
11500|내발산동|671-28,37.554171,126.840398,address
11500|내발산동|672-15,37.553609,126.840598,address
11500|내발산동|673-11,37.551206,126.839665,address
11500|내발산동|673-14,37.553086,126.841165,address
11500|내발산동|673-2,37.553375,126.841386,address
11500|내발산동|673-6,37.552501,126.840607,address
11500|내발산동|673-7,37.552342,126.840315,address
11500|내발산동|674-20,37.552517,126.840031,address
11500|내발산동|674-32,37.553138,126.840598,address
11500|내발산동|674-33,37.552859,126.840522,address
11500|내발산동|675,37.553576,126.837637,address
11500|내발산동|675-10,37.553299,126.838476,address
11500|내발산동|675-6,37.553462,126.838715,address
11500|내발산동|675-9,37.553265,126.838927,address
11500|내발산동|676-12,37.552753,126.837996,address
11500|내발산동|676-23,37.552905,126.838734,address
11500|내발산동|680-5,37.553047,126.835073,address
11500|내발산동|681-16,37.553130,126.834202,address
11500|내발산동|685,37.553683,126.832021,address
11500|내발산동|686-1,37.553307,126.831780,address
11500|내발산동|687-2,37.552784,126.832638,address
11500|내발산동|687-27,37.552662,126.832320,address
11500|내발산동|688-21,37.552239,126.832009,address
11500|내발산동|688-4,37.552701,126.831304,address
11500|내발산동|688-40,37.552905,126.831732,address
11500|내발산동|688-5,37.552885,126.831503,address
11500|내발산동|689-12,37.552192,126.831037,address
11500|내발산동|693,37.551479,126.830596,address
11500|내발산동|695,37.551487,126.831874,address
11500|내발산동|696-2,37.551760,126.832854,address
11500|내발산동|696-21,37.551583,126.833965,address
11500|내발산동|697-12,37.552049,126.833331,address
11500|내발산동|697-5,37.552205,126.833992,address
11500|내발산동|698-1,37.552769,126.833075,address
11500|내발산동|698-11,37.552465,126.833918,address
11500|내발산동|698-16,37.552553,126.833100,address
11500|내발산동|702-7,37.551633,126.836894,address
11500|내발산동|704-2,37.551931,126.838349,address
11500|내발산동|708-1,37.551586,126.835319,address
11500|내발산동|708-14,37.551010,126.834919,address
11500|내발산동|711-1,37.550725,126.832535,address
11500|내발산동|711-6,37.550316,126.832485,address
11500|내발산동|712-2,37.550231,126.832151,address
11500|내발산동|714-4,37.547779,126.832899,address
11500|내발산동|715-5,37.548714,126.833713,address
11500|내발산동|716,37.550140,126.833397,address
11500|내발산동|716-16,37.549679,126.833230,address
11500|내발산동|716-2,37.550133,126.833670,address
11500|내발산동|716-5,37.550144,126.833903,address
11500|내발산동|717-20,37.549880,126.834613,address
11500|내발산동|719,37.550657,126.835797,address
11500|내발산동|721-3,37.548715,126.835137,address
11500|내발산동|722-16,37.548262,126.835139,address
11500|내발산동|722-19,37.548343,126.834575,address
11500|내발산동|728,37.554108,126.841069,address
11500|내발산동|729,37.554711,126.842809,address
11500|내발산동|730,37.552093,126.839321,address
11500|내발산동|731,37.554806,126.840590,address
11500|내발산동|732,37.551364,126.831448,address
11500|내발산동|733,37.553451,126.837946,address
11500|내발산동|734,37.554384,126.838234,address
11500|내발산동|735,37.553740,126.839038,address
11500|내발산동|736,37.551671,126.833438,address
11500|내발산동|738,37.551938,126.839856,address
11500|내발산동|741,37.554528,126.827431,address
11500|내발산동|742,37.554378,126.830206,address
11500|내발산동|749,37.552067,126.827434,address
11500|내발산동|751,37.552819,126.824912,address
11500|내발산동|753,37.551181,126.823418,address
11500|내발산동|756,37.548149,126.822707,address
11500|내발산동|759,37.550371,126.825729,address
11500|내발산동|763,37.549651,126.832296,address
11500|내발산동|764,37.557169,126.844085,address
11500|내발산동|765,37.549574,126.833698,address
11500|내발산동|767,37.557836,126.841398,address
11500|등촌동|365-195,37.551264,126.857917,address
11500|등촌동|365-201,37.550714,126.861280,address
11500|등촌동|507-11,37.549575,126.863079,address
11500|등촌동|510-7,37.548018,126.862587,address
11500|등촌동|511-4,37.547305,126.862368,address
11500|등촌동|515-41,37.546962,126.858417,address
11500|등촌동|517-39,37.545980,126.859203,address
11500|등촌동|518-7,37.546670,126.858090,address
11500|등촌동|526-5,37.548675,126.861848,address
11500|등촌동|561-1,37.542137,126.862628,address
11500|등촌동|562-5,37.540480,126.863368,address
11500|등촌동|564-7,37.538265,126.863186,address
11500|등촌동|570-10,37.537678,126.861369,address
11500|등촌동|570-11,37.537643,126.861191,address
11500|등촌동|628-15,37.559197,126.856290,address
11500|등촌동|630-3,37.557513,126.859702,address
11500|등촌동|631-9,37.555920,126.862254,address
11500|등촌동|632-2,37.555703,126.864091,address
11500|등촌동|632-4,37.555201,126.863892,address
11500|등촌동|633-28,37.552941,126.866020,address
11500|등촌동|634-13,37.553869,126.863841,address
11500|등촌동|634-2,37.554613,126.864162,address
11500|등촌동|635-6,37.554619,126.862507,address
11500|등촌동|637-15,37.556368,126.858607,address
11500|등촌동|637-18,37.556255,126.858824,address
11500|등촌동|637-22,37.555930,126.859345,address
11500|등촌동|637-26,37.556357,126.859959,address
11500|등촌동|637-32,37.556167,126.858994,address
11500|등촌동|638,37.557877,126.857445,address
11500|등촌동|640,37.557990,126.854030,address
11500|등촌동|641,37.557100,126.856195,address
11500|등촌동|641-4,37.556427,126.857486,address
11500|등촌동|642,37.555978,126.858282,address
11500|등촌동|645-14,37.554245,126.861839,address
11500|등촌동|646-28,37.553018,126.863106,address
11500|등촌동|646-29,37.553158,126.863386,address
11500|등촌동|651,37.553862,126.859863,address
11500|등촌동|653-13,37.554605,126.858197,address
11500|등촌동|654-79,37.555428,126.857481,address
11500|등촌동|655-27,37.555904,126.855317,address
11500|등촌동|655-46,37.556305,126.855740,address
11500|등촌동|656-17,37.556815,126.853224,address
11500|등촌동|660-5,37.557454,126.849619,address
11500|등촌동|662-3,37.558466,126.847813,address
11500|등촌동|670-2,37.559029,126.843050,address
11500|등촌동|676,37.549653,126.860380,address
11500|등촌동|687,37.564986,126.842641,address
11500|등촌동|688,37.561642,126.841111,address
11500|등촌동|691-1,37.563870,126.845799,address
11500|등촌동|691-3,37.563558,126.843641,address
11500|등촌동|694,37.562646,126.846656,address
11500|등촌동|695,37.560452,126.844869,address
11500|등촌동|701,37.559838,126.847029,address
11500|등촌동|702,37.562351,126.848318,address
11500|등촌동|707,37.560804,126.851688,address
11500|등촌동|710,37.549652,126.862606,address
11500|등촌동|711,37.564605,126.847224,address
11500|등촌동|712,37.555730,126.860296,address
11500|등촌동|713,37.555177,126.862402,address
11500|등촌동|714,37.554326,126.860686,address
11500|등촌동|715,37.543901,126.859982,address
11500|등촌동|716,37.554108,126.862073,address
11500|등촌동|722,37.554840,126.858759,address
11500|등촌동|723,37.554957,126.858119,address
11500|등촌동|725,37.559050,126.842317,address
11500|등촌동|726,37.556523,126.854224,address
11500|등촌동|727,37.553915,126.866497,address
11500|등촌동|852,37.555650,126.856264,address
11500|마곡동|1168,37.573086,126.818153,address
11500|마곡동|1170,37.573071,126.818498,address
11500|마곡동|1171,37.573035,126.819062,address
11500|마곡동|1181,37.572953,126.821420,address
11500|마곡동|1252,37.572312,126.818702,address
11500|마곡동|1360,37.571361,126.817656,address
11500|마곡동|1391,37.571809,126.818616,address
11500|마곡동|1397,37.571465,126.818920,address
11500|마곡동|14-21,37.571746,126.838102,address
11500|마곡동|1454,37.571285,126.819988,address
11500|마곡동|1467,37.571793,126.821350,address
11500|마곡동|1478,37.572098,126.822168,address
11500|마곡동|1513,37.570246,126.820485,address
11500|마곡동|1525,37.569933,126.821678,address
11500|마곡동|1535,37.571052,126.822063,address
11500|마곡동|1565,37.568920,126.822243,address
11500|마곡동|1577,37.568098,126.822338,address
11500|마곡동|1589,37.564117,126.817888,address
11500|마곡동|422,37.568775,126.823374,address
11500|마곡동|429,37.575735,126.837836,address
11500|마곡동|716,37.569720,126.823314,address
11500|마곡동|717,37.574595,126.837613,address
11500|마곡동|734,37.568284,126.818610,address
11500|마곡동|735,37.569377,126.820607,address
11500|마곡동|736,37.568101,126.820144,address
11500|마곡동|738,37.569546,126.824403,address
11500|마곡동|740,37.565844,126.817856,address
11500|마곡동|741,37.563954,126.819605,address
11500|마곡동|743,37.565322,126.820481,address
11500|마곡동|743-4,37.564881,126.823377,address
11500|마곡동|744,37.562267,126.819206,address
11500|마곡동|746,37.559525,126.821123,address
11500|마곡동|746-1,37.558926,126.822886,address
11500|마곡동|747,37.559289,126.819325,address
11500|마곡동|748,37.557791,126.818288,address
11500|마곡동|750,37.556836,126.824617,address
11500|마곡동|751,37.556727,126.828076,address
11500|방화동|140-2,37.577564,126.819081,address
11500|방화동|286-1,37.573827,126.815134,address
11500|방화동|319-9,37.578149,126.816352,address
11500|방화동|450-1,37.573817,126.812313,address
11500|방화동|479-3,37.574987,126.810446,address
11500|방화동|537-1,37.571920,126.808055,address
11500|방화동|546-1,37.568273,126.808198,address
11500|방화동|547-11,37.569080,126.808461,address
11500|방화동|567-4,37.571975,126.811924,address
11500|방화동|579,37.571542,126.813365,address
11500|방화동|583-23,37.569613,126.809901,address
11500|방화동|585-4,37.567400,126.808438,address
11500|방화동|597-24,37.568316,126.812051,address
11500|방화동|597-38,37.568144,126.811996,address
11500|방화동|614-11,37.564811,126.808913,address
11500|방화동|615-103,37.565952,126.807963,address
11500|방화동|619-7,37.562697,126.807515,address
11500|방화동|647-20,37.567577,126.807603,address
11500|방화동|793,37.570374,126.814306,address
11500|방화동|796,37.570102,126.815960,address
11500|방화동|804,37.577043,126.808434,address
11500|방화동|814,37.577337,126.810381,address
11500|방화동|817,37.579603,126.812182,address
11500|방화동|819,37.580748,126.812568,address
11500|방화동|831,37.577001,126.814664,address
11500|방화동|832,37.575631,126.812965,address
11500|방화동|839,37.574665,126.819126,address
11500|방화동|841,37.574300,126.817494,address
11500|방화동|852,37.570674,126.807146,address
11500|방화동|858,37.572288,126.813437,address
11500|방화동|860,37.579310,126.819298,address
11500|방화동|861,37.573342,126.808301,address
11500|방화동|862,37.577249,126.817514,address
11500|방화동|866,37.574166,126.812000,address
11500|방화동|867,37.569183,126.816101,address
11500|방화동|868,37.571059,126.810175,address
11500|방화동|869,37.570240,126.809615,address
11500|방화동|870,37.573191,126.806127,address
11500|방화동|871,37.572022,126.810680,address
11500|방화동|872,37.570607,126.815035,address
11500|방화동|873,37.571872,126.815007,address
11500|방화동|874,37.570101,126.808183,address
11500|방화동|875,37.574722,126.814930,address
11500|방화동|877,37.566327,126.812069,address
11500|방화동|878,37.575089,126.809210,address
11500|방화동|879,37.574605,126.810195,address
11500|방화동|880,37.579253,126.815905,address
11500|방화동|881,37.574644,126.812182,address
11500|방화동|885,37.569083,126.807915,address
11500|방화동|887,37.571893,126.808517,address
11500|방화동|889,37.568031,126.808467,address
11500|방화동|891,37.571911,126.809357,address
11500|방화동|893,37.571866,126.816162,address
11500|방화동|894,37.571248,126.816128,address
11500|방화동|895,37.578809,126.816164,address
11500|방화동|898,37.571278,126.809541,address
11500|방화동|902,37.579564,126.814003,address
11500|방화동|903,37.571064,126.809177,address
11500|방화동|904,37.571290,126.808179,address
11500|방화동|906,37.572969,126.816060,address
11500|방화동|907,37.568723,126.812102,address
11500|염창동|240-1,37.557765,126.865376,address
11500|염창동|240-32,37.556348,126.865040,address
11500|염창동|241-24,37.555822,126.866091,address
11500|염창동|242-10,37.555240,126.867727,address
11500|염창동|242-8,37.555337,126.867408,address
11500|염창동|244-2,37.554433,126.868268,address
11500|염창동|245-1,37.554062,126.870404,address
11500|염창동|246-23,37.552948,126.871231,address
11500|염창동|248-3,37.551630,126.871907,address
11500|염창동|249-11,37.551041,126.872798,address
11500|염창동|250-1,37.550536,126.873695,address
11500|염창동|250-3,37.550301,126.874320,address
11500|염창동|254-2,37.550741,126.876382,address
11500|염창동|255,37.551395,126.876557,address
11500|염창동|257,37.550953,126.877154,address
11500|염창동|257-1,37.550660,126.877098,address
11500|염창동|257-4,37.550471,126.876962,address
11500|염창동|257-5,37.550826,126.877313,address
11500|염창동|258-1,37.550200,126.877425,address
11500|염창동|262-2,37.548226,126.875776,address
11500|염창동|263,37.549130,126.874025,address
11500|염창동|263-2,37.549518,126.874322,address
11500|염창동|263-7,37.549285,126.875382,address
11500|염창동|264-18,37.549494,126.872824,address
11500|염창동|264-27,37.550070,126.871602,address
11500|염창동|265-28,37.550935,126.871227,address
11500|염창동|266,37.551197,126.869978,address
11500|염창동|266-3,37.551049,126.870446,address
11500|염창동|267-4,37.551903,126.868923,address
11500|염창동|268,37.552592,126.869126,address
11500|염창동|270-1,37.553378,126.867212,address
11500|염창동|271-4,37.552569,126.866830,address
11500|염창동|271-5,37.552444,126.867304,address
11500|염창동|272-11,37.550759,126.868355,address
11500|염창동|272-28,37.551299,126.867425,address
11500|염창동|274-18,37.551134,126.865453,address
11500|염창동|275,37.549904,126.867618,address
11500|염창동|276-12,37.549874,126.869692,address
11500|염창동|280,37.548929,126.872117,address
11500|염창동|281-22,37.548266,126.873238,address
11500|염창동|282,37.547962,126.874651,address
11500|염창동|282-19,37.547544,126.875783,address
11500|염창동|283-15,37.547514,126.876757,address
11500|염창동|287-1,37.555724,126.869491,address
11500|염창동|288,37.552852,126.875104,address
11500|염창동|289,37.555129,126.869051,address
11500|염창동|290,37.558022,126.866239,address
11500|염창동|291,37.551982,126.876170,address
11500|염창동|292,37.554852,126.873119,address
11500|염창동|293,37.553954,126.874255,address
11500|염창동|294,37.555917,126.868031,address
11500|염창동|295,37.555580,126.872086,address
11500|염창동|296,37.552577,126.870827,address
11500|염창동|297,37.552754,126.872844,address
11500|염창동|298,37.552240,126.873492,address
11500|염창동|299,37.551238,126.874578,address
11500|염창동|300,37.556684,126.866552,address
11500|염창동|301,37.552877,126.873827,address
11500|염창동|302,37.551717,126.866856,address
11500|염창동|303,37.553298,126.873456,address
11500|염창동|304,37.552539,126.874102,address
11500|염창동|305,37.551629,126.870295,address
11500|염창동|306,37.551351,126.873555,address
11500|염창동|307,37.553537,126.870375,address
11500|염창동|308,37.555435,126.866515,address
11500|염창동|309,37.548952,126.870778,address
11500|염창동|311,37.549843,126.867951,address
11500|염창동|57,37.554997,126.870111,address
11500|염창동|66-9,37.555736,126.870260,address
11500|염창동|70-20,37.556604,126.871249,address
11500|화곡동|1009-6,37.547280,126.834313,address
11500|화곡동|1009-8,37.547229,126.834646,address
11500|화곡동|1011-6,37.546380,126.834015,address
11500|화곡동|1012-1,37.546749,126.835314,address
11500|화곡동|1014-12,37.544955,126.835310,address
11500|화곡동|1014-20,37.545129,126.835620,address
11500|화곡동|1018-32,37.543648,126.833081,address
11500|화곡동|1019-19,37.544016,126.835216,address
11500|화곡동|102-307,37.538496,126.844188,address
11500|화곡동|102-88,37.538664,126.846372,address
11500|화곡동|102-90,37.538571,126.846203,address
11500|화곡동|1021-2,37.544560,126.836017,address
11500|화곡동|1021-7,37.544405,126.835727,address
11500|화곡동|1024-23,37.545217,126.836360,address
11500|화곡동|1026-13,37.544609,126.838328,address
11500|화곡동|1026-18,37.544833,126.838153,address
11500|화곡동|1026-2,37.545142,126.837908,address
11500|화곡동|1026-27,37.544482,126.838542,address
11500|화곡동|1037-27,37.542752,126.835644,address
11500|화곡동|1039-2,37.543284,126.833286,address
11500|화곡동|1039-3,37.543379,126.833461,address
11500|화곡동|105-362,37.541399,126.842082,address
11500|화곡동|105-500,37.538660,126.843087,address
11500|화곡동|105-502,37.538556,126.842858,address
11500|화곡동|1055-11,37.543385,126.840918,address
11500|화곡동|1059-19,37.545051,126.842211,address
11500|화곡동|1061-34,37.543203,126.841844,address
11500|화곡동|1065-2,37.541618,126.838448,address
11500|화곡동|1065-4,37.541632,126.838632,address
11500|화곡동|1071-19,37.539106,126.835415,address
11500|화곡동|1072-22,37.539467,126.836065,address
11500|화곡동|1074-18,37.540968,126.839451,address
11500|화곡동|1075-31,37.540696,126.840485,address
11500|화곡동|1076-2,37.541510,126.841261,address
11500|화곡동|1076-9,37.540950,126.841689,address
11500|화곡동|1077-1,37.540244,126.840840,address
11500|화곡동|1087,37.538362,126.834993,address
11500|화곡동|1087-5,37.538530,126.835512,address
11500|화곡동|1088-8,37.537868,126.835659,address
11500|화곡동|1091,37.544510,126.831448,address
11500|화곡동|1095,37.554855,126.851250,address
11500|화곡동|1095-4,37.554284,126.850926,address
11500|화곡동|1101-3,37.554103,126.848575,address
11500|화곡동|1101-8,37.554264,126.848363,address
11500|화곡동|1103-3,37.552850,126.848867,address
11500|화곡동|111-149,37.545158,126.842570,address
11500|화곡동|1111-3,37.554300,126.851862,address
11500|화곡동|1122-4,37.551520,126.852453,address
11500|화곡동|1130-1,37.552207,126.854417,address
11500|화곡동|1131-11,37.552398,126.853803,address
11500|화곡동|1133-14,37.551503,126.853226,address
11500|화곡동|1133-7,37.551720,126.853340,address
11500|화곡동|1137,37.529622,126.857982,address
11500|화곡동|1138,37.529362,126.855799,address
11500|화곡동|1139,37.545684,126.833623,address
11500|화곡동|1140,37.537513,126.853718,address
11500|화곡동|1141,37.529444,126.851290,address
11500|화곡동|1142,37.534097,126.863077,address
11500|화곡동|1143,37.528909,126.852151,address
11500|화곡동|1144,37.545801,126.835146,address
11500|화곡동|1145,37.555637,126.848319,address
11500|화곡동|1146,37.537752,126.851115,address
11500|화곡동|1147,37.529839,126.859725,address
11500|화곡동|1148,37.552482,126.846440,address
11500|화곡동|1149,37.554039,126.854635,address
11500|화곡동|1150,37.536818,126.857816,address
11500|화곡동|1151,37.554008,126.847393,address
11500|화곡동|1152,37.527617,126.842132,address
11500|화곡동|1153,37.548613,126.843924,address
11500|화곡동|1154,37.555305,126.850894,address
11500|화곡동|1155,37.536259,126.846216,address
11500|화곡동|1156,37.547608,126.843788,address
11500|화곡동|1157,37.552301,126.845068,address
11500|화곡동|1158,37.548178,126.843036,address
11500|화곡동|1159,37.549355,126.838766,address
11500|화곡동|1160,37.534994,126.859679,address
11500|화곡동|1161,37.554682,126.852898,address
11500|화곡동|1165,37.546634,126.840034,address
11500|화곡동|1168,37.543927,126.836190,address
11500|화곡동|1173,37.544950,126.839296,address
11500|화곡동|1175,37.535501,126.839467,address
11500|화곡동|143-11,37.541286,126.841881,address
11500|화곡동|143-6,37.541464,126.841767,address
11500|화곡동|161-7,37.534572,126.853598,address
11500|화곡동|166-20,37.535961,126.851481,address
11500|화곡동|24-123,37.545907,126.846008,address
11500|화곡동|24-124,37.545976,126.845870,address
11500|화곡동|24-130,37.545836,126.845700,address
11500|화곡동|24-134,37.545686,126.845994,address
11500|화곡동|24-138,37.545534,126.846292,address
11500|화곡동|24-147,37.545307,126.846792,address
11500|화곡동|24-175,37.545034,126.847363,address
11500|화곡동|24-176,37.544895,126.847258,address
11500|화곡동|24-539,37.546406,126.846681,address
11500|화곡동|24-90,37.546471,126.845706,address
11500|화곡동|26-9,37.546935,126.847431,address
11500|화곡동|29-38,37.546866,126.847570,address
11500|화곡동|29-68,37.546434,126.848444,address
11500|화곡동|29-79,37.545748,126.848217,address
11500|화곡동|342-35,37.531394,126.847465,address
11500|화곡동|342-44,37.530974,126.848664,address
11500|화곡동|343-21,37.530637,126.845585,address
11500|화곡동|343-33,37.531816,126.845978,address
11500|화곡동|343-35,37.531552,126.846056,address
11500|화곡동|343-37,37.531255,126.846021,address
11500|화곡동|343-38,37.531147,126.846031,address
11500|화곡동|343-39,37.531000,126.846046,address
11500|화곡동|343-41,37.530661,126.846080,address
11500|화곡동|343-44,37.530830,126.846292,address
11500|화곡동|343-45,37.531150,126.846257,address
11500|화곡동|343-47,37.531271,126.846247,address
11500|화곡동|343-48,37.531457,126.846229,address
11500|화곡동|343-49,37.531582,126.846265,address
11500|화곡동|343-65,37.530909,126.846539,address
11500|화곡동|343-71,37.531682,126.846039,address
11500|화곡동|343-75,37.530849,126.846063,address
11500|화곡동|346-19,37.530993,126.845270,address
11500|화곡동|347-13,37.532274,126.842988,address
11500|화곡동|348-18,37.532460,126.844746,address
11500|화곡동|350-33,37.533735,126.844483,address
11500|화곡동|350-34,37.533809,126.844680,address
11500|화곡동|351-89,37.535717,126.843685,address
11500|화곡동|353-20,37.533665,126.842801,address
11500|화곡동|353-27,37.533438,126.842869,address
11500|화곡동|354-52,37.532584,126.840993,address
11500|화곡동|354-54,37.532625,126.840267,address
11500|화곡동|355-22,37.531328,126.839098,address
11500|화곡동|355-42,37.530936,126.839160,address
11500|화곡동|359-3,37.533086,126.837682,address
11500|화곡동|361-1,37.533646,126.837357,address
11500|화곡동|367-30,37.537651,126.840889,address
11500|화곡동|377-21,37.537215,126.835555,address
11500|화곡동|379-56,37.538058,126.838078,address
11500|화곡동|379-57,37.538120,126.838236,address
11500|화곡동|379-58,37.538181,126.838393,address
11500|화곡동|381-11,37.539089,126.839447,address
11500|화곡동|381-18,37.539269,126.839912,address
11500|화곡동|381-22,37.539151,126.839609,address
11500|화곡동|381-7,37.539335,126.840082,address
11500|화곡동|391-2,37.531987,126.849329,address
11500|화곡동|392-57,37.532205,126.849452,address
11500|화곡동|392-58,37.532195,126.849292,address
11500|화곡동|396-17,37.535320,126.849292,address
11500|화곡동|400-42,37.538524,126.841441,address
11500|화곡동|400-60,37.538093,126.840397,address
11500|화곡동|401-2,37.539801,126.841245,address
11500|화곡동|401-25,37.539588,126.841386,address
11500|화곡동|404-2,37.539057,126.842763,address
11500|화곡동|409-248,37.535751,126.844913,address
11500|화곡동|410-150,37.537925,126.850760,address
11500|화곡동|410-56,37.538264,126.849226,address
11500|화곡동|42-11,37.546474,126.853060,address
11500|화곡동|424-59,37.531647,126.839897,address
11500|화곡동|425-29,37.530356,126.840977,address
11500|화곡동|453-4,37.533609,126.852088,address
11500|화곡동|453-5,37.533802,126.852073,address
11500|화곡동|457-1,37.534916,126.853931,address
11500|화곡동|46-116,37.544712,126.847603,address
11500|화곡동|46-120,37.544915,126.847976,address
11500|화곡동|46-219,37.544911,126.847556,address
11500|화곡동|46-35,37.544688,126.849322,address
11500|화곡동|46-410,37.544962,126.848157,address
11500|화곡동|460-1,37.536320,126.853315,address
11500|화곡동|461-4,37.536708,126.853941,address
11500|화곡동|465-13,37.536244,126.855281,address
11500|화곡동|472-13,37.536434,126.857660,address
11500|화곡동|473-4,37.536834,126.856226,address
11500|화곡동|474-1,37.537460,126.855267,address
11500|화곡동|474-18,37.537525,126.855633,address
11500|화곡동|488-50,37.539639,126.858134,address
11500|화곡동|56-100,37.540014,126.851623,address
11500|화곡동|56-11,37.541811,126.850786,address
11500|화곡동|56-252,37.541694,126.850616,address
11500|화곡동|56-28,37.541538,126.850884,address
11500|화곡동|56-29,37.541410,126.850958,address
11500|화곡동|56-30,37.541225,126.850933,address
11500|화곡동|61-116,37.541914,126.847053,address
11500|화곡동|61-9,37.543601,126.845024,address
11500|화곡동|786-10,37.530055,126.861709,address
11500|화곡동|786-9,37.529999,126.861382,address
11500|화곡동|788-39,37.530276,126.861183,address
11500|화곡동|790-3,37.530291,126.860042,address
11500|화곡동|80-4,37.548291,126.843843,address
11500|화곡동|824-13,37.534510,126.858322,address
11500|화곡동|840-6,37.531415,126.858651,address
11500|화곡동|849-7,37.531023,126.855753,address
11500|화곡동|854-1,37.529265,126.855273,address
11500|화곡동|885-1,37.529147,126.854010,address
11500|화곡동|887-1,37.528782,126.851070,address
11500|화곡동|887-11,37.528838,126.851533,address
11500|화곡동|894-1,37.530221,126.849044,address
11500|화곡동|894-12,37.529929,126.848502,address
11500|화곡동|894-9,37.529995,126.848637,address
11500|화곡동|895-6,37.530046,126.849440,address
11500|화곡동|897-2,37.530387,126.849052,address
11500|화곡동|899-13,37.529970,126.846622,address
11500|화곡동|899-2,37.530260,126.846693,address
11500|화곡동|899-21,37.530179,126.846066,address
11500|화곡동|899-25,37.530134,126.845591,address
11500|화곡동|899-27,37.530368,126.845571,address
11500|화곡동|899-31,37.530420,126.846411,address
11500|화곡동|899-4,37.530075,126.846787,address
11500|화곡동|899-8,37.529712,126.846806,address
11500|화곡동|900-1,37.529984,126.846165,address
11500|화곡동|900-28,37.529707,126.845627,address
11500|화곡동|900-39,37.529601,126.845305,address
11500|화곡동|900-47,37.529937,126.844947,address
11500|화곡동|901-10,37.529130,126.845279,address
11500|화곡동|901-13,37.529263,126.845001,address
11500|화곡동|901-7,37.529157,126.845604,address
11500|화곡동|909-2,37.527878,126.845630,address
11500|화곡동|911-10,37.527594,126.843640,address
11500|화곡동|911-12,37.527512,126.843268,address
11500|화곡동|911-14,37.528120,126.843953,address
11500|화곡동|912-1,37.528113,126.843630,address
11500|화곡동|913-1,37.528681,126.843741,address
11500|화곡동|914-10,37.528870,126.844885,address
11500|화곡동|914-3,37.528794,126.845401,address
11500|화곡동|914-32,37.529104,126.844571,address
11500|화곡동|914-37,37.529238,126.844621,address
11500|화곡동|915-16,37.528863,126.843616,address
11500|화곡동|915-21,37.529119,126.843530,address
11500|화곡동|915-26,37.529060,126.843330,address
11500|화곡동|915-30,37.528902,126.843163,address
11500|화곡동|915-33,37.528909,126.843005,address
11500|화곡동|915-39,37.528844,126.843350,address
11500|화곡동|915-6,37.528845,126.844023,address
11500|화곡동|915-8,37.529017,126.844008,address
11500|화곡동|916-11,37.529831,126.843123,address
11500|화곡동|916-14,37.529624,126.843019,address
11500|화곡동|916-2,37.529756,126.843429,address
11500|화곡동|916-32,37.529367,126.843285,address
11500|화곡동|916-5,37.529547,126.843425,address
11500|화곡동|916-6,37.529394,126.842956,address
11500|화곡동|916-7,37.529587,126.843250,address
11500|화곡동|916-9,37.529750,126.843241,address
11500|화곡동|917-14,37.529392,126.843829,address
11500|화곡동|917-16,37.529720,126.844046,address
11500|화곡동|917-4,37.529840,126.843960,address
11500|화곡동|917-5,37.529573,126.843910,address
11500|화곡동|918-12,37.529869,126.844502,address
11500|화곡동|918-14,37.529702,126.844517,address
11500|화곡동|918-18,37.529902,126.844340,address
11500|화곡동|918-25,37.530332,126.845166,address
11500|화곡동|918-38,37.530162,126.844375,address
11500|화곡동|918-6,37.530090,126.845045,address
11500|화곡동|919-1,37.530165,126.843935,address
11500|화곡동|919-2,37.530057,126.844098,address
11500|화곡동|920-15,37.530017,126.841592,address
11500|화곡동|920-5,37.530144,126.842429,address
11500|화곡동|921-18,37.529915,126.840490,address
11500|화곡동|922-17,37.529656,126.840901,address
11500|화곡동|923-10,37.529101,126.840576,address
11500|화곡동|923-17,37.529226,126.840784,address
11500|화곡동|923-18,37.529233,126.840928,address
11500|화곡동|923-2,37.529139,126.841246,address
11500|화곡동|924-1,37.529697,126.842007,address
11500|화곡동|924-10,37.529521,126.841712,address
11500|화곡동|924-14,37.529146,126.841751,address
11500|화곡동|924-15,37.529116,126.841559,address
11500|화곡동|924-17,37.529241,126.841549,address
11500|화곡동|925-1,37.529820,126.842700,address
11500|화곡동|925-11,37.529541,126.842577,address
11500|화곡동|925-17,37.529627,126.842391,address
11500|화곡동|925-24,37.529350,126.842268,address
11500|화곡동|925-26,37.529531,126.842257,address
11500|화곡동|925-5,37.529394,126.842681,address
11500|화곡동|926-3,37.528817,126.842628,address
11500|화곡동|926-4,37.528794,126.842226,address
11500|화곡동|926-5,37.528851,126.841934,address
11500|화곡동|927-1,37.528577,126.842742,address
11500|화곡동|928-23,37.528745,126.840919,address
11500|화곡동|928-25,37.528805,126.840735,address
11500|화곡동|928-27,37.528644,126.840745,address
11500|화곡동|931-9,37.527360,126.842246,address
11500|화곡동|935-9,37.528667,126.839884,address
11500|화곡동|938-23,37.529961,126.839511,address
11500|화곡동|938-25,37.529992,126.839845,address
11500|화곡동|938-26,37.529985,126.839990,address
11500|화곡동|955-9,37.549522,126.853231,address
11500|화곡동|957-1,37.550757,126.852445,address
11500|화곡동|980-21,37.550540,126.849082,address
11500|화곡동|981-1,37.550303,126.848769,address
11500|화곡동|992-10,37.552047,126.844719,address
11500|화곡동|992-11,37.551967,126.845073,address
11500|화곡동|998-5,37.551755,126.849248,address
11530|가리봉동|137-7,37.479121,126.893964,address
11530|가리봉동|139,37.478896,126.895304,address
11530|가리봉동|779,37.483268,126.889413,address
11530|개봉동|170-30,37.496671,126.857892,address
11530|개봉동|171-2,37.495500,126.857689,address
11530|개봉동|175-8,37.495471,126.859743,address
11530|개봉동|179-11,37.495261,126.860488,address
11530|개봉동|199-4,37.493809,126.859765,address
11530|개봉동|20-1,37.504015,126.842687,address
11530|개봉동|270-80,37.489109,126.851039,address
11530|개봉동|304-12,37.493192,126.853841,address
11530|개봉동|304-16,37.493108,126.854577,address
11530|개봉동|306-3,37.493815,126.853322,address
11530|개봉동|312-38,37.483640,126.851147,address
11530|개봉동|313-32,37.482029,126.852111,address
11530|개봉동|318-1,37.493599,126.851191,address
11530|개봉동|318-36,37.493385,126.851218,address
11530|개봉동|322-12,37.491775,126.851985,address
11530|개봉동|333-3,37.491582,126.852665,address
11530|개봉동|333-6,37.491592,126.852153,address
11530|개봉동|335-1,37.493616,126.848820,address
11530|개봉동|346-33,37.488348,126.855183,address
11530|개봉동|361-1,37.485970,126.853443,address
11530|개봉동|366-1,37.485676,126.854984,address
11530|개봉동|367-2,37.484890,126.854345,address
11530|개봉동|469,37.504487,126.843698,address
11530|개봉동|47-1,37.501301,126.840767,address
11530|개봉동|470,37.494756,126.854451,address
11530|개봉동|471,37.494325,126.857267,address
11530|개봉동|472,37.495003,126.852653,address
11530|개봉동|473,37.493699,126.860970,address
11530|개봉동|475,37.496187,126.860006,address
11530|개봉동|476,37.495264,126.862502,address
11530|개봉동|477,37.482314,126.849782,address
11530|개봉동|478,37.484680,126.851940,address
11530|개봉동|479,37.490516,126.850885,address
11530|개봉동|480,37.491617,126.861624,address
11530|개봉동|481,37.492078,126.858324,address
11530|개봉동|483,37.494835,126.855663,address
11530|개봉동|484,37.498907,126.850717,address
11530|개봉동|486,37.505363,126.846264,address
11530|개봉동|487,37.493540,126.862140,address
11530|개봉동|488,37.482804,126.849247,address
11530|개봉동|489,37.490008,126.859819,address
11530|개봉동|491,37.493073,126.850097,address
11530|개봉동|492,37.500399,126.848148,address
11530|개봉동|493,37.495420,126.856869,address
11530|개봉동|501,37.499397,126.846902,address
11530|개봉동|503,37.492586,126.855614,address
11530|개봉동|60-101,37.500928,126.843493,address
11530|개봉동|60-82,37.500086,126.843543,address
11530|개봉동|63-15,37.501181,126.844693,address
11530|개봉동|70-12,37.498258,126.846722,address
11530|고척동|141-1,37.502640,126.860561,address
11530|고척동|167-102,37.505663,126.854899,address
11530|고척동|171-21,37.505337,126.859223,address
11530|고척동|171-31,37.505220,126.859556,address
11530|고척동|172-24,37.505184,126.859326,address
11530|고척동|215-3,37.507001,126.855316,address
11530|고척동|215-5,37.507090,126.855137,address
11530|고척동|227-1,37.508234,126.853772,address
11530|고척동|269-1,37.502017,126.851164,address
11530|고척동|296,37.503025,126.855477,address
11530|고척동|306,37.504335,126.856802,address
11530|고척동|320,37.504452,126.862302,address
11530|고척동|321,37.503158,126.866313,address
11530|고척동|322,37.501977,126.865712,address
11530|고척동|323,37.507656,126.847681,address
11530|고척동|324,37.499275,126.863619,address
11530|고척동|325,37.505349,126.862730,address
11530|고척동|326,37.501540,126.863838,address
11530|고척동|327,37.501028,126.864945,address
11530|고척동|328,37.504849,126.856599,address
11530|고척동|329,37.506212,126.859888,address
11530|고척동|330,37.508632,126.852971,address
11530|고척동|331,37.507532,126.852817,address
11530|고척동|333,37.506113,126.859468,address
11530|고척동|334,37.495648,126.864454,address
11530|고척동|335,37.506565,126.861060,address
11530|고척동|336,37.497885,126.857975,address
11530|고척동|337,37.507992,126.851155,address
11530|고척동|338,37.504303,126.864106,address
11530|고척동|339,37.507611,126.858113,address
11530|고척동|340,37.505600,126.861450,address
11530|고척동|340-1,37.506164,126.862138,address
11530|고척동|342,37.504788,126.859251,address
11530|고척동|343,37.502945,126.863147,address
11530|고척동|352,37.499196,126.856617,address
11530|고척동|52-332,37.501513,126.861322,address
11530|고척동|57-9,37.504735,126.866979,address
11530|고척동|76-55,37.498843,126.862794,address
11530|고척동|97-3,37.499396,126.855964,address
11530|구로동|100-8,37.495882,126.888724,address
11530|구로동|103-6,37.496446,126.890287,address
11530|구로동|104-3,37.496979,126.891005,address
11530|구로동|104-6,37.497174,126.891381,address
11530|구로동|104-8,37.497088,126.891720,address
11530|구로동|104-9,37.496900,126.891374,address
11530|구로동|1058,37.494800,126.872465,address
11530|구로동|106,37.498446,126.891286,address
11530|구로동|106-10,37.498007,126.891646,address
11530|구로동|106-2,37.498173,126.891985,address
11530|구로동|107-1,37.499437,126.890949,address
11530|구로동|107-4,37.498652,126.891117,address
11530|구로동|108,37.500368,126.889934,address
11530|구로동|108-2,37.499994,126.890315,address
11530|구로동|108-4,37.499614,126.890163,address
11530|구로동|110,37.501910,126.888460,address
11530|구로동|110-1,37.501994,126.888846,address
11530|구로동|110-10,37.501578,126.888718,address
11530|구로동|110-11,37.501741,126.888585,address
11530|구로동|110-4,37.501013,126.889640,address
11530|구로동|110-8,37.501254,126.888984,address
11530|구로동|110-9,37.501416,126.888851,address
11530|구로동|120,37.494134,126.893784,address
11530|구로동|1256,37.488458,126.896025,address
11530|구로동|1257,37.492011,126.894070,address
11530|구로동|1259,37.490284,126.876916,address
11530|구로동|1260,37.489836,126.893880,address
11530|구로동|1261,37.503740,126.885830,address
11530|구로동|1262,37.505551,126.875877,address
11530|구로동|1263,37.503498,126.884210,address
11530|구로동|1265,37.489384,126.889351,address
11530|구로동|1267,37.506195,126.888753,address
11530|구로동|1268,37.497038,126.874207,address
11530|구로동|1269,37.498845,126.880553,address
11530|구로동|1270,37.498873,126.883505,address
11530|구로동|1271,37.486672,126.897564,address
11530|구로동|1272,37.482706,126.899931,address
11530|구로동|1273,37.490518,126.895242,address
11530|구로동|1274,37.479458,126.896644,address
11530|구로동|1275,37.495635,126.892552,address
11530|구로동|1277,37.496529,126.881619,address
11530|구로동|1278,37.486100,126.890368,address
11530|구로동|1279,37.487996,126.894011,address
11530|구로동|1280,37.488453,126.890612,address
11530|구로동|1280-1,37.487814,126.889868,address
11530|구로동|1281,37.486474,126.876053,address
11530|구로동|1282,37.500847,126.884069,address
11530|구로동|1283,37.498158,126.875540,address
11530|구로동|1284,37.482379,126.898328,address
11530|구로동|1285,37.493359,126.893129,address
11530|구로동|1286,37.492254,126.888595,address
11530|구로동|1287,37.490637,126.886506,address
11530|구로동|1289,37.488788,126.877575,address
11530|구로동|145-23,37.488536,126.892998,address
11530|구로동|23,37.503969,126.889025,address
11530|구로동|256-1,37.487733,126.891899,address
11530|구로동|314,37.491070,126.889774,address
11530|구로동|317-213,37.492851,126.888760,address
11530|구로동|317-8,37.492830,126.888552,address
11530|구로동|415-37,37.492926,126.882140,address
11530|구로동|42,37.503557,126.892128,address
11530|구로동|43-1,37.503430,126.891447,address
11530|구로동|43-2,37.503236,126.891617,address
11530|구로동|43-4,37.502560,126.891952,address
11530|구로동|44-5,37.502150,126.891708,address
11530|구로동|44-8,37.502116,126.891391,address
11530|구로동|440,37.495108,126.885481,address
11530|구로동|446-54,37.494531,126.884731,address
11530|구로동|46,37.501153,126.891397,address
11530|구로동|46-4,37.500559,126.891980,address
11530|구로동|46-5,37.500445,126.891685,address
11530|구로동|468,37.495846,126.880822,address
11530|구로동|487-24,37.496309,126.882816,address
11530|구로동|49,37.499822,126.892259,address
11530|구로동|501,37.499894,126.884153,address
11530|구로동|560,37.504816,126.885764,address
11530|구로동|567-4,37.502548,126.882948,address
11530|구로동|642-33,37.498279,126.876105,address
11530|구로동|642-39,37.497837,126.875377,address
11530|구로동|642-46,37.497618,126.874702,address
11530|구로동|642-9,37.496498,126.873659,address
11530|구로동|685-124,37.496926,126.875930,address
11530|구로동|685-147,37.496052,126.875213,address
11530|구로동|685-154,37.495766,126.874447,address
11530|구로동|685-222,37.493424,126.875513,address
11530|구로동|685-223,37.491225,126.876747,address
11530|구로동|685-70,37.492986,126.877113,address
11530|구로동|701-76,37.486368,126.877325,address
11530|구로동|716-17,37.487529,126.884540,address
11530|구로동|716-18,37.487469,126.884538,address
11530|구로동|716-22,37.487531,126.884420,address
11530|구로동|716-25,37.487698,126.884422,address
11530|구로동|717-10,37.487325,126.884042,address
11530|구로동|717-11,37.487397,126.884045,address
11530|구로동|717-15,37.487639,126.884086,address
11530|구로동|717-20,37.487641,126.883910,address
11530|구로동|717-21,37.487580,126.883909,address
11530|구로동|717-22,37.487521,126.883908,address
11530|구로동|717-23,37.487462,126.883905,address
11530|구로동|717-5,37.487517,126.884227,address
11530|구로동|718-10,37.487334,126.883285,address
11530|구로동|718-11,37.487407,126.883289,address
11530|구로동|718-12,37.487468,126.883291,address
11530|구로동|718-17,37.487765,126.883302,address
11530|구로동|718-18,37.487746,126.883173,address
11530|구로동|718-22,37.487590,126.883150,address
11530|구로동|718-24,37.487471,126.883146,address
11530|구로동|718-28,37.487337,126.882965,address
11530|구로동|718-29,37.487411,126.882967,address
11530|구로동|730-2,37.490319,126.887725,address
11530|구로동|738-27,37.487688,126.885623,address
11530|구로동|738-39,37.487558,126.885551,address
11530|구로동|739-19,37.488399,126.886123,address
11530|구로동|739-29,37.488208,126.885847,address
11530|구로동|739-43,37.488576,126.885933,address
11530|구로동|74-30,37.496110,126.893059,address
11530|구로동|740-1,37.489212,126.886785,address
11530|구로동|740-107,37.488886,126.886262,address
11530|구로동|740-11,37.488591,126.886381,address
11530|구로동|740-2,37.489030,126.886669,address
11530|구로동|740-21,37.488784,126.886206,address
11530|구로동|740-23,37.488803,126.886382,address
11530|구로동|740-24,37.488833,126.886237,address
11530|구로동|740-29,37.489126,126.886564,address
11530|구로동|740-33,37.489217,126.886591,address
11530|구로동|740-42,37.489028,126.886230,address
11530|구로동|740-5,37.488887,126.886568,address
11530|구로동|740-56,37.488948,126.886001,address
11530|구로동|740-7,37.488786,126.886504,address
11530|구로동|740-79,37.489052,126.886396,address
11530|구로동|740-9,37.488665,126.886427,address
11530|구로동|740-95,37.488993,126.886504,address
11530|구로동|741-7,37.489390,126.886910,address
11530|구로동|742-57,37.489088,126.887497,address
11530|구로동|742-58,37.489151,126.887526,address
11530|구로동|742-64,37.489252,126.887300,address
11530|구로동|742-66,37.489189,126.887197,address
11530|구로동|742-68,37.489223,126.887108,address
11530|구로동|743-10,37.488635,126.887255,address
11530|구로동|743-18,37.488297,126.886961,address
11530|구로동|743-19,37.488372,126.887005,address
11530|구로동|743-26,37.488818,126.887162,address
11530|구로동|743-27,37.488947,126.887178,address
11530|구로동|743-31,37.488958,126.887064,address
11530|구로동|743-32,37.488839,126.887041,address
11530|구로동|743-33,37.488743,126.886985,address
11530|구로동|743-35,37.488610,126.886949,address
11530|구로동|743-37,37.488505,126.886896,address
11530|구로동|743-39,37.488409,126.886833,address
11530|구로동|743-5,37.488976,126.887387,address
11530|구로동|743-52,37.488977,126.886958,address
11530|구로동|743-55,37.489141,126.886976,address
11530|구로동|743-6,37.488976,126.887303,address
11530|구로동|743-60,37.488850,126.886716,address
11530|구로동|743-72,37.488753,126.887233,address
11530|구로동|743-8,37.488763,126.887317,address
11530|구로동|744-13,37.487818,126.886599,address
11530|구로동|744-14,37.487875,126.886631,address
11530|구로동|744-15,37.487982,126.886656,address
11530|구로동|744-16,37.487959,126.886748,address
11530|구로동|744-18,37.488092,126.886814,address
11530|구로동|744-19,37.488167,126.886718,address
11530|구로동|744-21,37.488145,126.886853,address
11530|구로동|744-23,37.488251,126.886763,address
11530|구로동|744-3,37.488049,126.886922,address
11530|구로동|744-45,37.488066,126.886413,address
11530|구로동|744-5,37.487937,126.886849,address
11530|구로동|745-14,37.487628,126.886089,address
11530|구로동|745-15,37.487568,126.886241,address
11530|구로동|745-16,37.487492,126.886340,address
11530|구로동|745-28,37.487409,126.886286,address
11530|구로동|745-38,37.487411,126.885950,address
11530|구로동|745-40,37.487303,126.886215,address
11530|구로동|745-43,37.487165,126.886363,address
11530|구로동|745-57,37.487119,126.885865,address
11530|구로동|745-60,37.487020,126.885777,address
11530|구로동|745-73,37.486837,126.886022,address
11530|구로동|745-8,37.487540,126.886473,address
11530|구로동|746-14,37.486760,126.886356,address
11530|구로동|746-17,37.486885,126.886552,address
11530|구로동|746-3,37.487405,126.886725,address
11530|구로동|746-49,37.486991,126.886611,address
11530|구로동|747-10,37.487269,126.887027,address
11530|구로동|747-17,37.487182,126.886875,address
11530|구로동|747-19,37.487050,126.886985,address
11530|구로동|747-26,37.487062,126.886897,address
11530|구로동|747-33,37.486974,126.886744,address
11530|구로동|747-34,37.486943,126.886823,address
11530|구로동|747-35,37.486921,126.886907,address
11530|구로동|747-51,37.486700,126.886793,address
11530|구로동|747-52,37.486731,126.886710,address
11530|구로동|747-53,37.486761,126.886629,address
11530|구로동|748-14,37.486985,126.887500,address
11530|구로동|748-20,37.486916,126.887455,address
11530|구로동|748-24,37.486827,126.887525,address
11530|구로동|748-32,37.486715,126.887325,address
11530|구로동|748-43,37.486475,126.887256,address
11530|구로동|748-48,37.486477,126.887103,address
11530|구로동|748-5,37.487174,126.887444,address
11530|구로동|748-51,37.486363,126.887157,address
11530|구로동|749-1,37.488008,126.887410,address
11530|구로동|749-11,37.487698,126.887236,address
11530|구로동|749-13,37.487573,126.887157,address
11530|구로동|749-21,37.487660,126.887335,address
11530|구로동|749-29,37.487710,126.887405,address
11530|구로동|749-30,37.487626,126.887502,address
11530|구로동|749-35,37.487486,126.887519,address
11530|구로동|749-39,37.487706,126.887623,address
11530|구로동|749-4,37.487878,126.887437,address
11530|구로동|749-44,37.487896,126.887674,address
11530|구로동|749-46,37.487792,126.887774,address
11530|구로동|749-48,37.487677,126.887776,address
11530|구로동|749-49,37.487551,126.887700,address
11530|구로동|749-5,37.487912,126.887352,address
11530|구로동|749-51,37.487446,126.887632,address
11530|구로동|749-57,37.487824,126.887570,address
11530|구로동|749-8,37.487785,126.887406,address
11530|구로동|749-96,37.487968,126.887515,address
11530|구로동|749-99,37.487652,126.887156,address
11530|구로동|750-13,37.487764,126.886943,address
11530|구로동|750-15,37.487872,126.887010,address
11530|구로동|750-6,37.487774,126.887086,address
11530|구로동|750-7,37.487720,126.887052,address
11530|구로동|750-8,37.487665,126.887019,address
11530|구로동|751-3,37.488173,126.887918,address
11530|구로동|751-37,37.488302,126.887329,address
11530|구로동|751-4,37.488107,126.887905,address
11530|구로동|751-5,37.488056,126.887933,address
11530|구로동|752-10,37.488480,126.887896,address
11530|구로동|752-13,37.488356,126.887886,address
11530|구로동|752-15,37.488395,126.887965,address
11530|구로동|752-17,37.488452,126.888092,address
11530|구로동|752-19,37.488490,126.888168,address
11530|구로동|752-37,37.488537,126.887700,address
11530|구로동|752-45,37.488502,126.887416,address
11530|구로동|752-6,37.488594,126.888107,address
11530|구로동|762-11,37.486754,126.887171,address
11530|구로동|768-2,37.488109,126.888178,address
11530|구로동|770-16,37.488117,126.888473,address
11530|구로동|770-29,37.487914,126.888617,address
11530|구로동|770-39,37.487846,126.888401,address
11530|구로동|770-4,37.488260,126.888263,address
11530|구로동|770-40,37.487798,126.888333,address
11530|구로동|770-50,37.487901,126.888344,address
11530|구로동|770-52,37.487974,126.888317,address
11530|구로동|770-54,37.487923,126.888225,address
11530|구로동|770-56,37.487865,126.888039,address
11530|구로동|770-59,37.488011,126.888216,address
11530|구로동|770-8,37.488192,126.888300,address
11530|구로동|771-2,37.487681,126.888000,address
11530|구로동|771-28,37.487313,126.887839,address
11530|구로동|771-30,37.487386,126.887873,address
11530|구로동|771-42,37.487321,126.887723,address
11530|구로동|777-3,37.487135,126.889790,address
11530|구로동|779-13,37.487537,126.889113,address
11530|구로동|779-2,37.487416,126.889854,address
11530|구로동|779-24,37.487380,126.889311,address
11530|구로동|779-26,37.487332,126.889432,address
11530|구로동|779-3,37.487382,126.889774,address
11530|구로동|779-64,37.487633,126.889648,address
11530|구로동|779-65,37.487547,126.889734,address
11530|구로동|779-66,37.487454,126.889413,address
11530|구로동|780-15,37.487145,126.889275,address
11530|구로동|780-19,37.487244,126.889024,address
11530|구로동|780-31,37.487200,126.888872,address
11530|구로동|780-41,37.486994,126.889403,address
11530|구로동|780-48,37.487124,126.888866,address
11530|구로동|780-50,37.487203,126.888675,address
11530|구로동|780-55,37.487163,126.888563,address
11530|구로동|780-58,37.487076,126.888787,address
11530|구로동|780-60,37.487036,126.888885,address
11530|구로동|780-62,37.486957,126.889084,address
11530|구로동|780-67,37.486847,126.889087,address
11530|구로동|780-72,37.486968,126.888787,address
11530|구로동|780-86,37.486882,126.888783,address
11530|구로동|781-12,37.486978,126.889802,address
11530|구로동|781-26,37.486891,126.889853,address
11530|구로동|781-6,37.486649,126.889661,address
11530|구로동|791-11,37.486346,126.889157,address
11530|구로동|791-16,37.486186,126.889041,address
11530|구로동|791-19,37.486056,126.889106,address
11530|구로동|791-2,37.486214,126.889462,address
11530|구로동|791-21,37.485885,126.889220,address
11530|구로동|791-22,37.485925,126.889096,address
11530|구로동|791-28,37.485736,126.888888,address
11530|구로동|791-4,37.486297,126.889273,address
11530|구로동|791-47,37.485968,126.889366,address
11530|구로동|791-62,37.486077,126.889366,address
11530|구로동|792-102,37.486487,126.888292,address
11530|구로동|792-103,37.486565,126.888345,address
11530|구로동|792-17,37.486568,126.888862,address
11530|구로동|792-2,37.486768,126.888488,address
11530|구로동|792-29,37.486438,126.888786,address
11530|구로동|792-33,37.486227,126.888789,address
11530|구로동|792-42,37.486021,126.888565,address
11530|구로동|792-50,37.486155,126.888480,address
11530|구로동|792-54,37.486357,126.888610,address
11530|구로동|792-58,37.486509,126.888615,address
11530|구로동|792-6,37.486745,126.888570,address
11530|구로동|792-62,37.486307,126.888484,address
11530|구로동|792-78,37.486475,126.888498,address
11530|구로동|792-86,37.486370,126.888328,address
11530|구로동|792-9,37.486727,126.888708,address
11530|구로동|792-98,37.486288,126.888151,address
11530|구로동|792-99,37.486350,126.888194,address
11530|구로동|793-13,37.486729,126.888292,address
11530|구로동|793-16,37.486661,126.888253,address
11530|구로동|793-24,37.486592,126.888200,address
11530|구로동|793-34,37.486465,126.888096,address
11530|구로동|793-44,37.486335,126.887996,address
11530|구로동|793-46,37.486271,126.887941,address
11530|구로동|793-54,37.486208,126.887898,address
11530|구로동|794-12,37.485714,126.888342,address
11530|구로동|794-13,37.485673,126.888316,address
11530|구로동|794-17,37.485718,126.888207,address
11530|구로동|794-22,37.485710,126.888071,address
11530|구로동|795-6,37.485558,126.887684,address
11530|구로동|796-11,37.485375,126.888860,address
11530|구로동|796-12,37.485406,126.888987,address
11530|구로동|796-13,37.485351,126.889068,address
11530|구로동|796-14,37.485316,126.889162,address
11530|구로동|796-16,37.485281,126.889252,address
11530|구로동|796-22,37.485387,126.888764,address
11530|구로동|796-25,37.485265,126.889016,address
11530|구로동|796-26,37.485232,126.889109,address
11530|구로동|796-35,37.485232,126.888766,address
11530|구로동|796-37,37.485093,126.888909,address
11530|구로동|796-39,37.485071,126.889124,address
11530|구로동|796-51,37.484983,126.889068,address
11530|구로동|796-60,37.485172,126.888612,address
11530|구로동|796-61,37.485196,126.888556,address
11530|구로동|796-65,37.485374,126.888574,address
11530|구로동|796-72,37.485252,126.888665,address
11530|구로동|797-15,37.484601,126.889385,address
11530|구로동|797-19,37.484675,126.889177,address
11530|구로동|797-22,37.484726,126.889072,address
11530|구로동|797-25,37.484849,126.888746,address
11530|구로동|797-26,37.484874,126.888679,address
11530|구로동|797-37,37.484795,126.888530,address
11530|구로동|797-38,37.484759,126.888627,address
11530|구로동|797-43,37.484574,126.889119,address
11530|구로동|797-5,37.485009,126.888637,address
11530|구로동|797-57,37.484810,126.888422,address
11530|구로동|797-8,37.484946,126.888804,address
11530|구로동|798-11,37.485111,126.888140,address
11530|구로동|798-18,37.485307,126.887658,address
11530|구로동|798-2,37.485326,126.887830,address
11530|구로동|798-21,37.485143,126.887527,address
11530|구로동|798-22,37.485131,126.887702,address
11530|구로동|798-24,37.485103,126.887823,address
11530|구로동|798-27,37.485033,126.888033,address
11530|구로동|798-55,37.485060,126.887573,address
11530|구로동|799-1,37.485648,126.887886,address
11530|구로동|799-11,37.485402,126.888364,address
11530|구로동|799-18,37.485473,126.888022,address
11530|구로동|799-20,37.485390,126.887942,address
11530|구로동|799-23,37.485514,126.887909,address
11530|구로동|799-24,37.485530,126.887779,address
11530|구로동|799-5,37.485583,126.888073,address
11530|구로동|800-19,37.485710,126.887330,address
11530|구로동|800-2,37.485854,126.887402,address
11530|구로동|800-22,37.485648,126.887483,address
11530|구로동|800-27,37.485556,126.887510,address
11530|구로동|800-29,37.485588,126.887422,address
11530|구로동|800-30,37.485632,126.887314,address
11530|구로동|800-9,37.485678,126.887628,address
11530|구로동|801-14,37.485503,126.887131,address
11530|구로동|801-26,37.485251,126.887376,address
11530|구로동|801-9,37.485373,126.887463,address
11530|구로동|803-13,37.486057,126.886887,address
11530|구로동|803-29,37.486296,126.887098,address
11530|구로동|804-4,37.486358,126.886832,address
11530|구로동|805-14,37.485350,126.886158,address
11530|구로동|805-16,37.485545,126.886204,address
11530|구로동|806-14,37.485661,126.886409,address
11530|구로동|806-15,37.485666,126.886350,address
11530|구로동|806-29,37.486497,126.886561,address
11530|구로동|806-33,37.486288,126.886435,address
11530|구로동|806-41,37.485748,126.886333,address
11530|구로동|806-46,37.485895,126.886271,address
11530|구로동|806-62,37.486483,126.886303,address
11530|구로동|806-63,37.486381,126.886242,address
11530|구로동|806-64,37.486419,126.886140,address
11530|구로동|806-83,37.486275,126.886190,address
11530|구로동|806-9,37.486020,126.886464,address
11530|구로동|807-1,37.486675,126.886121,address
11530|구로동|807-16,37.486349,126.885631,address
11530|구로동|807-17,37.486299,126.885754,address
11530|구로동|807-19,37.486402,126.885820,address
11530|구로동|807-2,37.486567,126.886047,address
11530|구로동|807-21,37.486504,126.885884,address
11530|구로동|807-23,37.486607,126.885948,address
11530|구로동|807-26,37.486745,126.885958,address
11530|구로동|807-29,37.486594,126.885825,address
11530|구로동|807-30,37.486542,126.885793,address
11530|구로동|807-37,37.486593,126.885668,address
11530|구로동|807-41,37.486804,126.885818,address
11530|구로동|97,37.496001,126.891031,address
11530|구로동|97-10,37.496127,126.891965,address
11530|구로동|97-2,37.496238,126.891463,address
11530|구로동|97-4,37.496476,126.891921,address
11530|구로동|97-5,37.496602,126.892174,address
11530|구로동|97-8,37.496244,126.892190,address
11530|구로동|98,37.495146,126.889416,address
11530|구로동|98-10,37.495337,126.890445,address
11530|구로동|98-12,37.495220,126.890220,address
11530|구로동|98-14,37.495116,126.890019,address
11530|구로동|98-4,37.495583,126.890344,address
11530|구로동|98-8,37.495483,126.890725,address
11530|궁동|112-10,37.500179,126.829879,address
11530|궁동|112-9,37.500389,126.829958,address
11530|궁동|143,37.500486,126.830942,address
11530|궁동|143-1,37.500139,126.830931,address
11530|궁동|178-1,37.497682,126.831169,address
11530|궁동|178-13,37.497185,126.831086,address
11530|궁동|178-5,37.497624,126.831458,address
11530|궁동|178-7,37.497372,126.831400,address
11530|궁동|182,37.497965,126.830791,address
11530|궁동|182-10,37.498152,126.831136,address
11530|궁동|182-11,37.497943,126.831184,address
11530|궁동|182-4,37.498385,126.831084,address
11530|궁동|184-20,37.497054,126.831583,address
11530|궁동|184-6,37.496824,126.831605,address
11530|궁동|190-121,37.495810,126.832431,address
11530|궁동|198-39,37.493464,126.836981,address
11530|궁동|211-1,37.495125,126.831703,address
11530|궁동|236-4,37.496473,126.825844,address
11530|궁동|290,37.493558,126.829751,address
11530|궁동|293,37.496675,126.835792,address
11530|신도림동|290,37.507406,126.876557,address
11530|신도림동|312-17,37.511634,126.886073,address
11530|신도림동|338,37.510495,126.889453,address
11530|신도림동|412-3,37.503956,126.881857,address
11530|신도림동|432-1,37.507044,126.886499,address
11530|신도림동|435-10,37.506845,126.884119,address
11530|신도림동|637,37.513019,126.884348,address
11530|신도림동|638,37.512627,126.884179,address
11530|신도림동|639,37.512177,126.885481,address
11530|신도림동|640,37.507831,126.887382,address
11530|신도림동|641,37.511972,126.884254,address
11530|신도림동|642,37.505845,126.880591,address
11530|신도림동|642#11530-127,37.505846,126.880591,keyword
11530|신도림동|642#11530-128,37.505846,126.880591,keyword
11530|신도림동|643,37.511042,126.882952,address
11530|신도림동|644,37.508546,126.885892,address
11530|신도림동|645,37.509610,126.883909,address
11530|신도림동|646,37.510639,126.887018,address
11530|신도림동|647,37.507038,126.880726,address
11530|신도림동|648,37.505683,126.882823,address
11530|신도림동|649,37.508552,126.882793,address
11530|신도림동|691,37.506851,126.877955,address
11530|신도림동|692,37.508585,126.888898,address
11530|신도림동|695,37.507316,126.887541,address
11530|오류동|1-7,37.497824,126.835666,address
11530|오류동|108-35,37.489115,126.826696,address
11530|오류동|108-40,37.488793,126.826682,address
11530|오류동|108-42,37.488857,126.826380,address
11530|오류동|108-43,37.489326,126.826949,address
11530|오류동|108-76,37.488374,126.825988,address
11530|오류동|11-82,37.496018,126.842103,address
11530|오류동|12-2,37.495871,126.842161,address
11530|오류동|150-42,37.490552,126.843828,address
11530|오류동|193-16,37.490759,126.838727,address
11530|오류동|193-17,37.490966,126.839067,address
11530|오류동|235-2,37.489487,126.832888,address
11530|오류동|241-2,37.488719,126.831008,address
11530|오류동|292-10,37.486764,126.830026,address
11530|오류동|31-4,37.497755,126.845910,address
11530|오류동|334,37.496657,126.847068,address
11530|오류동|335,37.492993,126.847647,address
11530|오류동|336,37.497003,126.847882,address
11530|오류동|337,37.489624,126.830180,address
11530|오류동|338,37.499151,126.839280,address
11530|오류동|339,37.497073,126.848727,address
11530|오류동|34-13,37.497054,126.844749,address
11530|오류동|340,37.492564,126.839371,address
11530|오류동|341,37.498398,126.840975,address
11530|오류동|342,37.491506,126.838425,address
11530|오류동|343,37.488146,126.832130,address
11530|오류동|344,37.490478,126.839790,address
11530|오류동|345,37.493722,126.839457,address
11530|오류동|346,37.491633,126.841611,address
11530|오류동|347,37.498448,126.839113,address
11530|오류동|348,37.493943,126.846593,address
11530|오류동|349,37.488969,126.827170,address
11530|오류동|350,37.487987,126.830113,address
11530|오류동|351,37.486919,126.829415,address
11530|오류동|356,37.490412,126.838161,address
11530|오류동|360,37.490479,126.829806,address
11530|오류동|362,37.487598,126.837193,address
11530|오류동|44-10,37.494425,126.841073,address
11530|오류동|46-1,37.494828,126.842025,address
11530|오류동|51-31,37.495418,126.843374,address
11530|오류동|6-1,37.496352,126.839777,address
11530|오류동|6-63,37.495218,126.840533,address
11530|오류동|63-4,37.496306,126.847088,address
11530|오류동|75-2,37.493998,126.840795,address
11530|오류동|81-24,37.494191,126.838840,address
11530|오류동|9-231,37.495538,126.841756,address
11530|오류동|9-3,37.495391,126.841063,address
11530|온수동|141,37.496937,126.822123,address
11530|온수동|154,37.495866,126.817576,address
11530|온수동|155,37.496752,126.821334,address
11530|온수동|157,37.492257,126.821210,address
11530|온수동|83,37.495823,126.818558,address
11530|온수동|97-2,37.495218,126.815769,address
11530|온수동|99-1,37.495224,126.816540,address
11530|천왕동|273,37.480607,126.837972,address
11530|천왕동|275,37.478381,126.841304,address
11530|천왕동|277,37.480149,126.841569,address
11530|천왕동|278,37.482563,126.839984,address
11530|천왕동|279-2,37.484709,126.838501,address
11530|천왕동|280,37.486384,126.840082,address
11530|천왕동|281,37.483308,126.844803,address
11530|천왕동|282,37.486099,126.837388,address
11530|항동|16-18,37.485973,126.821209,address
11530|항동|16-33,37.485959,126.821007,address
11530|항동|16-36,37.485572,126.820868,address
11530|항동|233,37.484266,126.820244,address
11530|항동|234,37.485472,126.819849,address
11530|항동|236,37.481037,126.820791,address
11530|항동|237,37.482038,126.822262,address
11530|항동|241,37.477994,126.826049,address
11530|항동|242,37.479338,126.824182,address
11530|항동|244,37.477150,126.820677,address
11530|항동|246,37.475494,126.816123,address
11530|항동|가-238,37.481405,126.826150,keyword
11545|가산동|139-15,37.479108,126.889078,address
11545|가산동|140-36,37.478125,126.889804,address
11545|가산동|140-9,37.478386,126.890498,address
11545|가산동|141-2,37.478892,126.891153,address
11545|가산동|143-20,37.477257,126.890329,address
11545|가산동|143-3,37.477896,126.890913,address
11545|가산동|143-6,37.477444,126.890893,address
11545|가산동|145-29,37.477399,126.892283,address
11545|가산동|145-42,37.477312,126.892405,address
11545|가산동|148-1,37.476782,126.896027,address
11545|가산동|153-9,37.473796,126.894019,address
11545|가산동|234-46,37.472897,126.892996,address
11545|가산동|235-13,37.473144,126.891311,address
11545|가산동|235-57,37.473116,126.890884,address
11545|가산동|237-81,37.472512,126.889652,address
11545|가산동|238-4,37.472715,126.888222,address
11545|가산동|239-22,37.473982,126.887146,address
11545|가산동|769,37.476040,126.891720,address
11545|가산동|772,37.475498,126.893705,address
11545|가산동|774,37.473886,126.886915,address
11545|독산동|1002,37.467790,126.890708,address
11545|독산동|1003-21,37.466206,126.890477,address
11545|독산동|1006-132,37.465785,126.892211,address
11545|독산동|1006-139,37.464901,126.892630,address
11545|독산동|1007-13,37.465815,126.896309,address
11545|독산동|1017-24,37.468506,126.901203,address
11545|독산동|1017-8,37.468518,126.900997,address
11545|독산동|1028,37.467314,126.899107,address
11545|독산동|1037-31,37.465485,126.901929,address
11545|독산동|1052-5,37.464383,126.899077,address
11545|독산동|1069,37.461168,126.900279,address
11545|독산동|1088,37.460085,126.886484,address
11545|독산동|1093-4,37.456521,126.888031,address
11545|독산동|1093-5,37.455992,126.887025,address
11545|독산동|1131,37.461107,126.892269,address
11545|독산동|1132,37.476695,126.904692,address
11545|독산동|1133,37.470010,126.892218,address
11545|독산동|1135,37.464654,126.893128,address
11545|독산동|1136,37.468343,126.893292,address
11545|독산동|1138,37.472084,126.902236,address
11545|독산동|1139,37.471246,126.894132,address
11545|독산동|1140,37.464813,126.888560,address
11545|독산동|1141,37.470546,126.899548,address
11545|독산동|1142,37.467014,126.894103,address
11545|독산동|1143,37.460950,126.892928,address
11545|독산동|1144,37.475917,126.899315,address
11545|독산동|1147,37.459752,126.894460,address
11545|독산동|1150,37.458262,126.894071,address
11545|독산동|1155,37.459919,126.897250,address
11545|독산동|1159,37.471540,126.892433,address
11545|독산동|1161,37.475402,126.905562,address
11545|독산동|1162,37.473016,126.902825,address
11545|독산동|147-1,37.475212,126.896068,address
11545|독산동|181-139,37.471050,126.906348,address
11545|독산동|182-1,37.470755,126.906456,address
11545|독산동|183-1,37.469949,126.906325,address
11545|독산동|184-3,37.469318,126.905200,address
11545|독산동|184-4,37.469076,126.904902,address
11545|독산동|293-10,37.467457,126.895006,address
11545|독산동|303-1,37.472138,126.891423,address
11545|독산동|332-14,37.467149,126.892786,address
11545|독산동|333-24,37.469228,126.891787,address
11545|독산동|378-77,37.465577,126.906683,address
11545|독산동|711-2,37.462267,126.890337,address
11545|독산동|883-10,37.477334,126.907026,address
11545|독산동|883-21,37.477305,126.906801,address
11545|독산동|883-22,37.477276,126.906576,address
11545|독산동|887-1,37.476133,126.904592,address
11545|독산동|887-2,37.476156,126.904776,address
11545|독산동|887-5,37.476217,126.905257,address
11545|독산동|887-54,37.476101,126.904383,address
11545|독산동|887-7,37.476231,126.905634,address
11545|독산동|888-18,37.476625,126.905304,address
11545|독산동|889-26,37.476805,126.906621,address
11545|독산동|889-36,37.476829,126.906804,address
11545|독산동|894-20,37.476980,126.908083,address
11545|독산동|894-3,37.477165,126.907908,address
11545|독산동|894-5,37.477199,126.908176,address
11545|독산동|907-21,37.476709,126.910285,address
11545|독산동|917-3,37.469138,126.906718,address
11545|독산동|955,37.477400,126.900238,address
11545|독산동|956,37.478189,126.900810,address
11545|독산동|957,37.478063,126.901419,address
11545|독산동|958,37.478549,126.901461,address
11545|독산동|961-13,37.476765,126.904108,address
11545|독산동|962-32,37.476942,126.903343,address
11545|독산동|965-1,37.476688,126.900446,address
11545|독산동|974-2,37.476065,126.904158,address
11545|독산동|976-37,37.473958,126.904709,address
11545|독산동|976-6,37.473994,126.904401,address
11545|독산동|987-11,37.473437,126.900250,address
11545|독산동|987-21,37.473255,126.899984,address
11545|독산동|987-22,37.473452,126.900004,address
11545|독산동|989,37.472820,126.901183,address
11545|독산동|990-3,37.473599,126.903020,address
11545|독산동|992,37.473736,126.904255,address
11545|독산동|992-37,37.473714,126.904802,address
11545|독산동|992-42,37.473702,126.905087,address
11545|독산동|992-43,37.473725,126.904547,address
11545|독산동|993-25,37.472887,126.904984,address
11545|독산동|993-36,37.473171,126.905011,address
11545|독산동|994-33,37.472186,126.905629,address
11545|독산동|994-73,37.472138,126.906028,address
11545|독산동|994-76,37.472601,126.904347,address
11545|시흥동|1002-1,37.450476,126.899440,address
11545|시흥동|1006,37.453133,126.917764,address
11545|시흥동|1008,37.463102,126.908005,address
11545|시흥동|1009,37.454535,126.897596,address
11545|시흥동|1010,37.451951,126.919034,address
11545|시흥동|1011,37.449378,126.913440,address
11545|시흥동|1012,37.451480,126.911863,address
11545|시흥동|1013,37.447916,126.918442,address
11545|시흥동|1014,37.451011,126.911592,address
11545|시흥동|1015,37.457536,126.897580,address
11545|시흥동|1016,37.460350,126.907870,address
11545|시흥동|1017,37.447938,126.910621,address
11545|시흥동|1018,37.453498,126.909866,address
11545|시흥동|1026,37.447787,126.900967,address
11545|시흥동|1033,37.435845,126.905962,address
11545|시흥동|1035,37.435393,126.906634,address
11545|시흥동|109-1,37.456050,126.898351,address
11545|시흥동|200-4,37.452765,126.911078,address
11545|시흥동|209,37.454003,126.910649,address
11545|시흥동|220-2,37.453583,126.913651,address
11545|시흥동|266-2745,37.450599,126.913576,address
11545|시흥동|268-46,37.448750,126.915868,address
11545|시흥동|3-28,37.461548,126.913527,address
11545|시흥동|3-3,37.462382,126.912813,address
11545|시흥동|384-12,37.449285,126.910793,address
11545|시흥동|5-13,37.463379,126.909414,address
11545|시흥동|558-17,37.450585,126.897431,address
11545|시흥동|791-40,37.445938,126.902368,address
11545|시흥동|793-6,37.461807,126.907541,address
11545|시흥동|795-5,37.462028,126.909477,address
11545|시흥동|796-7,37.461868,126.909751,address
11545|시흥동|797-2,37.461411,126.910420,address
11545|시흥동|798-64,37.460957,126.908424,address
11545|시흥동|806,37.459703,126.907119,address
11545|시흥동|817-29,37.455839,126.907818,address
11545|시흥동|818-14,37.455289,126.907237,address
11545|시흥동|820-12,37.454649,126.906624,address
11545|시흥동|823,37.454215,126.907404,address
11545|시흥동|882-11,37.456401,126.900316,address
11545|시흥동|882-3,37.456412,126.900626,address
11545|시흥동|882-61,37.455018,126.900994,address
11545|시흥동|883-11,37.453925,126.901308,address
11545|시흥동|898-17,37.450990,126.904647,address
11545|시흥동|902-7,37.450521,126.903281,address
11545|시흥동|912-20,37.450392,126.909512,address
11545|시흥동|920-35,37.450308,126.906919,address
11545|시흥동|929-33,37.446796,126.909682,address
11545|시흥동|946-2,37.442309,126.906566,address
11545|시흥동|948,37.441218,126.906319,address
11545|시흥동|948-9,37.441215,126.906766,address
11545|시흥동|949-18,37.440787,126.907278,address
11545|시흥동|949-6,37.440798,126.906999,address
11545|시흥동|952,37.441671,126.904856,address
11545|시흥동|953-5,37.442265,126.905513,address
11545|시흥동|956-6,37.440077,126.905358,address
11545|시흥동|959-11,37.439536,126.905747,address
11545|시흥동|960-5,37.439258,126.905705,address
11545|시흥동|960-6,37.439158,126.905395,address
11545|시흥동|961-4,37.438850,126.905013,address
11545|시흥동|962-8,37.438722,126.903807,address
11545|시흥동|977-1,37.434644,126.904582,address
11545|시흥동|977-11,37.434446,126.905206,address
11545|시흥동|977-2,37.434431,126.904868,address
11545|시흥동|989-11,37.448998,126.900334,address
11545|시흥동|989-9,37.449532,126.900296,address
11545|시흥동|992-12,37.453076,126.900251,address
11545|시흥동|992-2,37.452849,126.898715,address
11545|시흥동|992-20,37.452567,126.900457,address
11545|시흥동|992-8,37.453280,126.900088,address
11545|시흥동|999-1,37.456186,126.899528,address
11545|시흥동|산173-8,37.450853,126.897924,address
11560|당산동1가|16-1,37.520653,126.896336,address
11560|당산동1가|457,37.519773,126.900423,address
11560|당산동1가|9-1,37.519985,126.899261,address
11560|당산동2가|16-1,37.521169,126.893017,address
11560|당산동2가|164,37.523601,126.894917,address
11560|당산동3가|2-6,37.525366,126.900557,address
11560|당산동3가|394,37.527951,126.895343,address
11560|당산동3가|559,37.527561,126.893636,address
11560|당산동3가|561,37.524451,126.900362,address
11560|당산동3가|563,37.526420,126.894394,address
11560|당산동3가|564,37.525052,126.899250,address
11560|당산동3가|565,37.524607,126.899144,address
11560|당산동3가|566,37.524161,126.899038,address
11560|당산동4가|29,37.527962,126.902744,address
11560|당산동4가|30-1,37.529748,126.900573,address
11560|당산동4가|88,37.531060,126.896383,address
11560|당산동4가|91,37.529885,126.896132,address
11560|당산동4가|92,37.528946,126.896122,address
11560|당산동4가|94-1,37.527854,126.898432,address
11560|당산동4가|95,37.528449,126.901243,address
11560|당산동4가|96,37.527370,126.901102,address
11560|당산동4가|97,37.530222,126.898264,address
11560|당산동4가|98,37.527529,126.902001,address
11560|당산동4가|99,37.528661,126.902942,address
11560|당산동5가|11-33,37.533235,126.902268,address
11560|당산동5가|12,37.530620,126.901773,address
11560|당산동5가|13,37.531049,126.900673,address
11560|당산동5가|40,37.534439,126.899501,address
11560|당산동5가|41,37.533707,126.900065,address
11560|당산동5가|42,37.531903,126.903241,address
11560|당산동5가|43,37.529977,126.903129,address
11560|당산동5가|7-2,37.533058,126.898554,address
11560|당산동6가|336-4,37.535674,126.901363,address
11560|당산동|121-108,37.527571,126.907961,address
11560|당산동|121-130,37.526880,126.908337,address
11560|당산동|121-132,37.526454,126.908498,address
11560|당산동|121-134,37.526592,126.908146,address
11560|당산동|121-136,37.527014,126.907973,address
11560|당산동|121-140,37.526725,126.909214,address
11560|당산동|121-19,37.527927,126.907230,address
11560|당산동|121-200,37.528512,126.908246,address
11560|당산동|121-215,37.525833,126.907632,address
11560|당산동|121-41,37.530943,126.907598,address
11560|당산동|171-19,37.528173,126.906705,address
11560|당산동|374,37.534155,126.905810,address
11560|당산동|376,37.529825,126.908237,address
11560|당산동|378,37.531147,126.908010,address
11560|대림동|1061,37.489765,126.897109,address
11560|대림동|1101-1,37.486919,126.900555,address
11560|대림동|1101-7,37.486591,126.900183,address
11560|대림동|1115-1,37.492724,126.905467,address
11560|대림동|1119,37.495674,126.903697,address
11560|대림동|1120,37.495395,126.904471,address
11560|대림동|1121,37.486569,126.902455,address
11560|대림동|1122,37.485948,126.902237,address
11560|대림동|1123,37.487387,126.899433,address
11560|대림동|1124,37.495084,126.902793,address
11560|대림동|1125,37.493105,126.905388,address
11560|대림동|1127,37.494393,126.906779,address
11560|대림동|1132,37.488313,126.904851,address
11560|대림동|607-1,37.506964,126.894914,address
11560|대림동|608-1,37.505533,126.895613,address
11560|대림동|650,37.503841,126.896608,address
11560|대림동|687,37.500290,126.899357,address
11560|대림동|687-1,37.499735,126.899373,address
11560|대림동|687-3,37.500070,126.899173,address
11560|대림동|695,37.495628,126.900011,address
11560|대림동|696,37.495536,126.900587,address
11560|대림동|717,37.495296,126.898076,address
11560|대림동|739-4,37.497079,126.898616,address
11560|대림동|777-1,37.497062,126.894673,address
11560|대림동|778-43,37.498555,126.894537,address
11560|대림동|785,37.502766,126.894615,address
11560|대림동|785-1,37.502142,126.894898,address
11560|대림동|887-1,37.494692,126.903541,address
11560|대림동|897-1,37.494771,126.904367,address
11560|대림동|946-1,37.493027,126.908176,address
11560|대림동|974-1,37.490993,126.905944,address
11560|대림동|993-8,37.487394,126.903887,address
11560|도림동|165-1,37.509151,126.898724,address
11560|도림동|221-1,37.509167,126.895343,address
11560|도림동|231-1,37.507548,126.897497,address
11560|도림동|231-8,37.507343,126.897900,address
11560|도림동|251-2,37.506633,126.900310,address
11560|도림동|821,37.510196,126.900273,address
11560|문래동2가|35,37.512589,126.891601,address
11560|문래동3가|13,37.517198,126.901390,address
11560|문래동3가|54,37.516144,126.896778,address
11560|문래동3가|76-1,37.516377,126.892756,address
11560|문래동3가|77-2,37.517584,126.892998,address
11560|문래동3가|78,37.515579,126.892963,address
11560|문래동3가|93-1,37.518290,126.892468,address
11560|문래동3가|94,37.518360,126.890864,address
11560|문래동3가|95,37.517275,126.892004,address
11560|문래동3가|96,37.519543,126.897297,address
11560|문래동3가|97,37.519067,126.897621,address
11560|문래동3가|99,37.520225,126.892056,address
11560|문래동4가|43,37.513770,126.889498,address
11560|문래동4가|67,37.514182,126.888574,address
11560|문래동4가|68,37.513266,126.890304,address
11560|문래동5가|1,37.517016,126.888063,address
11560|문래동5가|14,37.516848,126.885797,address
11560|문래동5가|21,37.516107,126.884440,address
11560|문래동5가|22,37.517174,126.884786,address
11560|문래동5가|23-1,37.517574,126.883189,address
11560|문래동5가|67,37.517022,126.887044,address
11560|문래동6가|11-1,37.520965,126.887945,address
11560|문래동6가|38-1,37.519129,126.885238,address
11560|문래동6가|43,37.519310,126.884043,address
11560|문래동6가|45,37.520442,126.882861,address
11560|문래동6가|46,37.519521,126.882811,address
11560|문래동6가|47-1,37.518617,126.882777,address
11560|문래동6가|54,37.519886,126.886402,address
11560|문래동6가|55-1,37.518431,126.883825,address
11560|문래동6가|56-1,37.518318,126.888680,address
11560|문래동6가|58,37.520014,126.885451,address
11560|신길동|1-8,37.514705,126.924570,address
11560|신길동|102-8,37.513807,126.917564,address
11560|신길동|1119,37.506874,126.922580,address
11560|신길동|1343,37.514485,126.925406,address
11560|신길동|1515-2,37.499791,126.917971,address
11560|신길동|2-3,37.514321,126.923858,address
11560|신길동|2363,37.500267,126.916617,address
11560|신길동|255-9,37.506613,126.910095,address
11560|신길동|261-22,37.505613,126.908364,address
11560|신길동|3002,37.502271,126.912374,address
11560|신길동|340-1,37.501345,126.907361,address
11560|신길동|364,37.505744,126.901289,address
11560|신길동|365,37.505328,126.900417,address
11560|신길동|389,37.501710,126.903030,address
11560|신길동|401,37.501645,126.904056,address
11560|신길동|425-8,37.499612,126.908227,address
11560|신길동|4312,37.498026,126.917636,address
11560|신길동|4497,37.497263,126.914426,address
11560|신길동|4501,37.497248,126.912273,address
11560|신길동|4518,37.498217,126.912565,address
11560|신길동|454-4,37.510394,126.922410,address
11560|신길동|456-14,37.509629,126.921452,address
11560|신길동|456-19,37.509434,126.921931,address
11560|신길동|456-93,37.509492,126.921630,address
11560|신길동|4656,37.497238,126.908755,address
11560|신길동|4759,37.496360,126.911248,address
11560|신길동|4780,37.494880,126.909889,address
11560|신길동|480,37.499048,126.919160,address
11560|신길동|4933,37.506773,126.903492,address
11560|신길동|4934,37.505366,126.915348,address
11560|신길동|4935,37.508406,126.914921,address
11560|신길동|4937,37.502963,126.909608,address
11560|신길동|4938,37.506398,126.916549,address
11560|신길동|4942,37.516213,126.921218,address
11560|신길동|4943,37.511156,126.910602,address
11560|신길동|4944,37.496030,126.910178,address
11560|신길동|4945,37.504829,126.908013,address
11560|신길동|4950,37.501123,126.913909,address
11560|신길동|4955,37.504157,126.904601,address
11560|신길동|4958,37.502943,126.917367,address
11560|신길동|496,37.499733,126.918881,address
11560|신길동|4964,37.503118,126.907745,address
11560|신길동|4967,37.502798,126.913456,address
11560|신길동|4969,37.504071,126.912153,address
11560|신길동|4974,37.507699,126.916453,address
11560|신길동|499,37.499504,126.919069,address
11560|신길동|507,37.500333,126.918850,address
11560|신길동|65-21,37.513310,126.921287,address
11560|신길동|67-1,37.515695,126.918490,address
11560|신길동|69-20,37.513662,126.922099,address
11560|신길동|769-1,37.504677,126.919327,address
11560|신길동|897-1,37.508051,126.919306,address
11560|양평동1가|14-1,37.521637,126.888118,address
11560|양평동1가|147,37.523606,126.889528,address
11560|양평동1가|20,37.522151,126.886540,address
11560|양평동1가|245,37.523024,126.887286,address
11560|양평동1가|265-1,37.524803,126.886877,keyword
11560|양평동1가|269,37.524112,126.888905,address
11560|양평동1가|270,37.524917,126.889115,address
11560|양평동1가|271,37.523473,126.886288,address
11560|양평동2가|23,37.522280,126.882986,address
11560|양평동2가|30-5,37.523997,126.885612,address
11560|양평동2가|38-1,37.524396,126.882571,address
11560|양평동2가|39-1,37.523055,126.882171,address
11560|양평동2가|45,37.523777,126.883540,address
11560|양평동3가|101,37.531849,126.893511,address
11560|양평동3가|102,37.526619,126.888022,address
11560|양평동3가|103,37.526563,126.887120,address
11560|양평동3가|104,37.530804,126.894590,address
11560|양평동3가|105,37.530505,126.894196,address
11560|양평동3가|106,37.526180,126.884647,address
11560|양평동3가|19,37.525998,126.886712,address
11560|양평동3가|24,37.526133,126.885582,address
11560|양평동3가|55-1,37.527217,126.888343,address
11560|양평동3가|66,37.528321,126.892778,address
11560|양평동3가|79,37.531321,126.895013,address
11560|양평동3가|79-4,37.532066,126.895595,address
11560|양평동3가|90-1,37.531499,126.891879,address
11560|양평동4가|12,37.534294,126.893936,address
11560|양평동4가|160-2,37.536711,126.897912,address
11560|양평동4가|196,37.538024,126.895142,address
11560|양평동4가|261,37.537728,126.897149,address
11560|양평동4가|324,37.537080,126.898149,address
11560|양평동4가|51-1,37.535665,126.896222,address
11560|양평동4가|94,37.536871,126.893750,address
11560|양평동5가|76,37.540115,126.892104,address
11560|양평동5가|9-1,37.537974,126.890945,address
11560|양평동6가|100,37.542095,126.889774,address
11560|양평동6가|101,37.543680,126.888731,address
11560|양평동6가|95-4,37.544791,126.887721,address
11560|양평동6가|99,37.544407,126.887861,address
11560|여의도동|11-1,37.530836,126.923937,address
11560|여의도동|21-1,37.526914,126.931162,address
11560|여의도동|21-2,37.526516,126.929838,address
11560|여의도동|28,37.520815,126.920914,address
11560|여의도동|30,37.526002,126.932633,address
11560|여의도동|30-2,37.524936,126.932098,address
11560|여의도동|32,37.523105,126.930795,address
11560|여의도동|36,37.520203,126.926412,address
11560|여의도동|37,37.520416,126.924041,address
11560|여의도동|38-1,37.519893,126.922114,address
11560|여의도동|40,37.523432,126.934250,address
11560|여의도동|40-4,37.522160,126.935565,address
11560|여의도동|41,37.522152,126.933685,address
11560|여의도동|42,37.521475,126.932503,address
11560|여의도동|43-4,37.520195,126.931744,address
11560|여의도동|47,37.518172,126.926054,address
11560|여의도동|48,37.517425,126.927065,address
11560|여의도동|50,37.520670,126.938204,address
11560|여의도동|51,37.519741,126.934235,address
11560|여의도동|52,37.518750,126.935206,address
11560|여의도동|525,37.524074,126.929840,address
11560|여의도동|54,37.518735,126.932727,address
11560|여의도동|55-1,37.517549,126.932337,address
11560|여의도동|61,37.518673,126.939698,address
11560|여의도동|61-4,37.518976,126.938919,address
11560|여의도동|61-5,37.519409,126.938627,address
11560|영등포동1가|113-1,37.517501,126.910729,address
11560|영등포동1가|144,37.517240,126.913534,address
11560|영등포동1가|145,37.517200,126.912719,address
11560|영등포동1가|28,37.518245,126.914634,address
11560|영등포동1가|29,37.518321,126.914377,address
11560|영등포동1가|40-1,37.517342,126.914329,address
11560|영등포동1가|75-4,37.517719,126.913474,address
11560|영등포동1가|92-3,37.518398,126.913505,address
11560|영등포동1가|94-2,37.517753,126.913137,address
11560|영등포동2가|139,37.519275,126.912156,address
11560|영등포동2가|28-117,37.520398,126.911203,address
11560|영등포동2가|28-138,37.521967,126.910660,address
11560|영등포동2가|467,37.521747,126.909338,address
11560|영등포동2가|94-129,37.522942,126.910373,address
11560|영등포동3가|19-2,37.517872,126.907115,address
11560|영등포동4가|103,37.518493,126.903235,address
11560|영등포동5가|24,37.520600,126.905665,address
11560|영등포동5가|49-1,37.522220,126.906688,address
11560|영등포동7가|202,37.524225,126.911295,address
11560|영등포동7가|203,37.524380,126.906871,address
11560|영등포동7가|208,37.523361,126.905606,address
11560|영등포동7가|29-130,37.523230,126.908966,address
11560|영등포동7가|46-1,37.524043,126.902729,address
11560|영등포동7가|94-41,37.526061,126.909956,address
11560|영등포동7가|94-51,37.525831,126.908828,address
11560|영등포동7가|94-83,37.524097,126.910805,address
11560|영등포동7가|94-99,37.524161,126.909869,address
11560|영등포동8가|45-8,37.526448,126.906046,address
11560|영등포동8가|51-1,37.526945,126.905889,address
11560|영등포동8가|76-1,37.529457,126.905088,address
11560|영등포동8가|91,37.530055,126.906342,address
11560|영등포동|585-25,37.516105,126.912754,address
11560|영등포동|618-83,37.513862,126.906413,address
11560|영등포동|647,37.511534,126.902390,address
11560|영등포동|648,37.516537,126.913300,address
11560|영등포동|649,37.514860,126.913004,address
11560|영등포동|651,37.515943,126.909735,address
11590|노량진동|227-5,37.507650,126.941849,address
11590|노량진동|228-7,37.507263,126.941462,address
11590|노량진동|314-37,37.506625,126.938147,address
11590|노량진동|314-86,37.506837,126.937343,address
11590|노량진동|315-13,37.506572,126.938499,address
11590|노량진동|323,37.509629,126.947804,address
11590|노량진동|324,37.507687,126.949258,address
11590|노량진동|325,37.507321,126.945288,address
11590|노량진동|330,37.510929,126.945132,address
11590|노량진동|331,37.507734,126.948274,address
11590|노량진동|332,37.509995,126.943520,address
11590|노량진동|336,37.505587,126.940510,address
11590|노량진동|39-20,37.512673,126.937915,address
11590|노량진동|57-1,37.512938,126.941693,address
11590|대방동|11-1,37.507829,126.932411,address
11590|대방동|375-14,37.502930,126.927723,address
11590|대방동|375-16,37.502945,126.927466,address
11590|대방동|375-22,37.502954,126.926895,address
11590|대방동|375-37,37.505670,126.925080,address
11590|대방동|377-1,37.503941,126.924375,address
11590|대방동|381-3,37.504972,126.924393,address
11590|대방동|381-35,37.504759,126.923743,address
11590|대방동|381-6,37.504833,126.924203,address
11590|대방동|383-17,37.506059,126.923069,address
11590|대방동|385-11,37.504341,126.922656,address
11590|대방동|391-225,37.502561,126.926308,address
11590|대방동|393-26,37.501405,126.928602,address
11590|대방동|393-71,37.500575,126.927688,address
11590|대방동|394-2,37.499968,126.927555,address
11590|대방동|403-16,37.499653,126.924659,address
11590|대방동|41,37.511821,126.933161,address
11590|대방동|43-9,37.511754,126.933527,address
11590|대방동|500,37.509367,126.925936,address
11590|대방동|501,37.507295,126.924712,address
11590|대방동|502,37.512676,126.930822,address
11590|대방동|503,37.509890,126.930148,address
11590|대방동|504,37.514158,126.928536,address
11590|대방동|505,37.514215,126.929703,address
11590|대방동|506,37.510772,126.931308,address
11590|대방동|507,37.512063,126.930954,address
11590|대방동|508,37.512139,126.928968,address
11590|대방동|509,37.498509,126.923180,address
11590|대방동|510,37.514105,126.927718,address
11590|대방동|512,37.511458,126.925701,address
11590|대방동|515,37.512687,126.928912,address
11590|대방동|522,37.504672,126.922611,address
11590|대방동|99-1,37.513834,126.929081,address
11590|동작동|102,37.496927,126.981672,address
11590|동작동|329,37.497147,126.980917,address
11590|동작동|331,37.493987,126.978411,address
11590|동작동|332,37.497667,126.981033,address
11590|동작동|333,37.494927,126.978541,address
11590|본동|148-2,37.511525,126.951940,address
11590|본동|150,37.512223,126.953068,address
11590|본동|481,37.509687,126.951811,address
11590|본동|482,37.515029,126.950717,address
11590|본동|484,37.509824,126.954520,address
11590|본동|487,37.509059,126.949799,address
11590|본동|492,37.510141,126.950126,address
11590|본동|494,37.514079,126.950834,address
11590|봉천동|1000,37.482597,126.945494,keyword
11590|사당동|1008-1,37.482603,126.981167,address
11590|사당동|1016-42,37.481431,126.977985,address
11590|사당동|1037-9,37.478035,126.977642,address
11590|사당동|1048-8,37.477375,126.973509,address
11590|사당동|105,37.489695,126.975650,address
11590|사당동|105#11590-38,37.492198,126.973784,keyword
11590|사당동|105#11590-47,37.490269,126.977281,keyword
11590|사당동|105#11590-49,37.487347,126.977589,keyword
11590|사당동|105#11590-89,37.489968,126.975898,keyword
11590|사당동|1051-6,37.475977,126.971481,address
11590|사당동|1131,37.485393,126.971280,address
11590|사당동|1132,37.490811,126.972455,address
11590|사당동|1133,37.489099,126.970474,address
11590|사당동|1134,37.488247,126.967806,address
11590|사당동|1135,37.487399,126.967730,address
11590|사당동|1136,37.488810,126.977418,address
11590|사당동|1137,37.491023,126.976867,address
11590|사당동|1138,37.486048,126.965319,address
11590|사당동|1139,37.488696,126.962571,address
11590|사당동|1140,37.493390,126.979252,address
11590|사당동|1141,37.478400,126.973741,address
11590|사당동|1142,37.480261,126.969141,address
11590|사당동|1143,37.487063,126.965614,address
11590|사당동|1145,37.491889,126.963365,address
11590|사당동|1147,37.486920,126.968371,address
11590|사당동|1149,37.490193,126.971479,address
11590|사당동|1150,37.477299,126.969271,address
11590|사당동|1151,37.482471,126.966365,address
11590|사당동|1152,37.486013,126.961859,address
11590|사당동|1153,37.481297,126.973696,address
11590|사당동|1154,37.478931,126.969982,address
11590|사당동|1155,37.493320,126.975332,address
11590|사당동|1156,37.486041,126.972180,address
11590|사당동|1157,37.489381,126.973933,address
11590|사당동|1158,37.489387,126.965322,address
11590|사당동|1159,37.488512,126.973323,address
11590|사당동|1160,37.491797,126.962169,address
11590|사당동|1161,37.492414,126.980201,address
11590|사당동|120,37.488641,126.977792,address
11590|사당동|138-3,37.486326,126.980251,address
11590|사당동|147-29,37.484509,126.980303,address
11590|사당동|169-32,37.488126,126.970397,address
11590|사당동|169-8,37.486231,126.973195,address
11590|사당동|180-26,37.491374,126.969592,address
11590|사당동|196,37.489506,126.964936,address
11590|사당동|205,37.486083,126.965934,address
11590|사당동|205-5,37.485920,126.964514,address
11590|사당동|206-127,37.487378,126.966756,address
11590|사당동|212-3,37.486746,126.967233,address
11590|사당동|235-62,37.483121,126.967099,address
11590|사당동|235-76,37.483100,126.967524,address
11590|사당동|238-6,37.481766,126.966192,address
11590|사당동|240-15,37.482926,126.969554,address
11590|사당동|278-8,37.482057,126.971083,address
11590|사당동|288-34,37.480311,126.967920,address
11590|사당동|303-109,37.476875,126.970048,address
11590|사당동|303-60,37.476970,126.970376,address
11590|사당동|428-3,37.480191,126.976273,address
11590|사당동|43-71,37.492502,126.979350,address
11590|사당동|449-10,37.477554,126.972295,address
11590|사당동|449-28,37.476973,126.971536,address
11590|사당동|64-128,37.490546,126.978756,address
11590|사당동|64-264,37.490376,126.978963,address
11590|사당동|산25-2,37.488322,126.969452,address
11590|상도1동|311-1,37.500593,126.952775,address
11590|상도1동|317-1,37.501513,126.953018,address
11590|상도1동|328-11,37.502160,126.952614,address
11590|상도1동|328-18,37.501921,126.952216,address
11590|상도1동|428-7,37.501804,126.950544,address
11590|상도1동|441-2,37.502765,126.951636,address
11590|상도1동|441-5,37.502597,126.951315,address
11590|상도1동|466,37.502834,126.950389,address
11590|상도1동|488-8,37.504312,126.951873,address
11590|상도1동|501-3,37.505236,126.952805,address
11590|상도1동|505,37.507340,126.951991,address
11590|상도1동|564,37.505558,126.951683,address
11590|상도동|1-38,37.508573,126.953024,address
11590|상도동|1-7,37.507574,126.952079,address
11590|상도동|126-17,37.492598,126.955704,address
11590|상도동|126-18,37.492458,126.955667,address
11590|상도동|126-31,37.492178,126.955303,address
11590|상도동|126-32,37.492046,126.954893,address
11590|상도동|159-28,37.500305,126.949448,address
11590|상도동|159-41,37.500893,126.948930,address
11590|상도동|181-2,37.503540,126.939864,address
11590|상도동|183-26,37.503705,126.937535,address
11590|상도동|210-250,37.499133,126.941342,address
11590|상도동|211-1,37.498488,126.944316,address
11590|상도동|212-99,37.498764,126.945475,address
11590|상도동|256-206,37.497520,126.932490,address
11590|상도동|256-28,37.498458,126.933683,address
11590|상도동|263-2,37.497298,126.935680,address
11590|상도동|279-515,37.495723,126.935233,address
11590|상도동|283-68,37.494230,126.936302,address
11590|상도동|283-73,37.493920,126.936456,address
11590|상도동|283-75,37.494000,126.936577,address
11590|상도동|299-63,37.495020,126.929682,address
11590|상도동|301-226,37.493677,126.933521,address
11590|상도동|301-4,37.493439,126.933322,address
11590|상도동|323-4,37.498830,126.929687,address
11590|상도동|335-140,37.500991,126.929904,address
11590|상도동|350-5,37.502078,126.932099,address
11590|상도동|36-1,,,miss
11590|상도동|363-164,37.504987,126.937943,address
11590|상도동|375-5,37.494478,126.935350,address
11590|상도동|380-1,37.493781,126.935855,address
11590|상도동|407,37.492485,126.957508,address
11590|상도동|408,37.493530,126.957431,address
11590|상도동|409,37.496248,126.940045,address
11590|상도동|409-3,37.496297,126.939574,address
11590|상도동|410,37.493109,126.961353,address
11590|상도동|411,37.492995,126.953478,address
11590|상도동|412,37.494007,126.959411,address
11590|상도동|413,37.497144,126.944720,address
11590|상도동|414,37.507168,126.949774,address
11590|상도동|415,37.499068,126.949748,address
11590|상도동|416,37.500752,126.942703,address
11590|상도동|418,37.501554,126.931806,address
11590|상도동|420,37.505452,126.949235,address
11590|상도동|421,37.498056,126.958276,address
11590|상도동|431,37.499352,126.954733,address
11590|상도동|445,37.495297,126.941935,address
11590|상도동|450,37.504791,126.933985,address
11590|상도동|458,37.493608,126.934078,address
11590|상도동|459,37.493597,126.935211,address
11590|상도동|460,37.503522,126.953971,address
11590|상도동|466,37.499172,126.952562,address
11590|상도동|472-24,37.496660,126.952075,address
11590|상도동|473,37.496306,126.952376,address
11590|상도동|488,37.496943,126.953539,address
11590|상도동|520,37.498265,126.956465,address
11590|상도동|521,37.502077,126.942974,address
11590|상도동|527,37.506005,126.943824,address
11590|상도동|528,37.502927,126.944410,address
11590|상도동|529,37.504633,126.943325,address
11590|상도동|530,37.496825,126.943580,address
11590|상도동|531,37.495496,126.950605,address
11590|상도동|532,37.497406,126.951414,address
11590|상도동|533,37.496715,126.949171,address
11590|상도동|534,37.502592,126.943453,address
11590|상도동|535,37.503874,126.942779,address
11590|상도동|536,37.505793,126.942150,address
11590|상도동|56-45,37.500793,126.952504,address
11590|상도동|7-71,37.508024,126.953520,address
11590|상도동|7-92,37.507038,126.953909,address
11590|상도동|7-98,37.506744,126.954100,address
11590|상도동|77-21,37.499359,126.953050,address
11590|상도동|900,37.505699,126.938365,address
11590|상도동|903,37.505336,126.947798,address
11590|상도동|904,37.500777,126.946560,address
11590|상도동|906,37.497451,126.939200,address
11590|신대방동|344-179,37.493673,126.925955,address
11590|신대방동|351-5,37.498707,126.927800,address
11590|신대방동|360-17,37.496580,126.924007,address
11590|신대방동|364-55,37.496195,126.922626,address
11590|신대방동|366-176,37.495324,126.924991,address
11590|신대방동|395-62,37.492589,126.923632,address
11590|신대방동|395-65,37.492155,126.923531,address
11590|신대방동|395-66,37.491456,126.923372,address
11590|신대방동|395-67,37.490782,126.923220,address
11590|신대방동|395-68,37.490691,126.923952,address
11590|신대방동|395-69,37.491332,126.924105,address
11590|신대방동|395-73,37.491879,126.925037,address
11590|신대방동|470-8,37.495568,126.915240,address
11590|신대방동|565,37.492345,126.911835,address
11590|신대방동|565-21,37.492968,126.910433,address
11590|신대방동|686-48,37.486326,126.905217,address
11590|신대방동|705,37.496725,126.927228,address
11590|신대방동|706,37.492311,126.925147,address
11590|신대방동|707,37.494748,126.911840,address
11590|신대방동|708,37.491250,126.924797,address
11590|신대방동|709,37.497390,126.921704,address
11590|신대방동|710,37.495979,126.913552,address
11590|신대방동|711,37.494412,126.915532,address
11590|신대방동|712,37.489488,126.908593,address
11590|신대방동|713,37.494401,126.913581,address
11590|신대방동|716,37.485948,126.907034,address
11590|신대방동|717,37.491726,126.914514,address
11590|신대방동|719,37.487522,126.906847,address
11590|신대방동|720,37.495377,126.928478,address
11590|신대방동|724,37.498559,126.926049,address
11590|흑석동|10,37.507836,126.966996,address
11590|흑석동|172-8,37.511546,126.960492,address
11590|흑석동|191-8,37.508252,126.958956,address
11590|흑석동|257-8,,,miss
11590|흑석동|28,37.507008,126.969729,address
11590|흑석동|327,37.501322,126.963093,address
11590|흑석동|328,37.500462,126.958578,address
11590|흑석동|329,37.500712,126.959671,address
11590|흑석동|332,37.506667,126.962189,address
11590|흑석동|335,37.505745,126.965342,address
11590|흑석동|336,37.503280,126.965618,address
11590|흑석동|339,37.502276,126.958629,address
11590|흑석동|340,37.504333,126.959656,address
11590|흑석동|341,37.510666,126.959686,address
11590|흑석동|343,37.501371,126.961331,address
11590|흑석동|38-58,37.504894,126.966559,address
11590|흑석동|97-2,37.507338,126.962312,address
11620|남현동|1053-14,37.473517,126.972039,address
11620|남현동|1053-4,37.474908,126.971660,address
11620|남현동|1053-5,37.474735,126.971686,address
11620|남현동|1053-9,37.474357,126.971847,address
11620|남현동|1054-42,37.474966,126.972629,address
11620|남현동|1058-7,37.476006,126.977967,address
11620|남현동|1059-1,37.476334,126.978556,address
11620|남현동|1066-13,37.474840,126.977552,address
11620|남현동|1071-3,37.474099,126.972429,address
11620|남현동|1071-40,37.475385,126.973734,address
11620|남현동|1072-46,37.472580,126.972991,address
11620|남현동|1072-47,37.472743,126.973141,address
11620|남현동|1072-49,37.472986,126.973363,address
11620|남현동|1072-50,37.473133,126.973501,address
11620|남현동|1072-57,37.472456,126.972507,address
11620|남현동|1072-60,37.472826,126.972831,address
11620|남현동|1072-63,37.473218,126.972696,address
11620|남현동|1077-1,37.472089,126.974618,address
11620|남현동|1079-3,37.472885,126.974400,address
11620|남현동|1081-4,37.474574,126.975501,address
11620|남현동|1084-1,37.473255,126.976755,address
11620|남현동|1085-17,37.473903,126.977602,address
11620|남현동|1086-7,37.473990,126.977878,address
11620|남현동|1132,37.471211,126.973036,address
11620|남현동|1133,37.471210,126.973864,address
11620|남현동|1134,37.473545,126.976281,address
11620|남현동|1135,37.472634,126.975455,address
11620|남현동|1136,37.471697,126.973562,address
11620|남현동|1137,37.471543,126.972487,address
11620|남현동|1138,37.473198,126.978223,address
11620|남현동|1139,37.471815,126.972173,address
11620|남현동|602-110,37.471692,126.977425,address
11620|남현동|602-150,37.472249,126.979603,address
11620|남현동|602-153,37.472059,126.979105,address
11620|남현동|602-154,37.472514,126.979632,address
11620|남현동|602-163,37.472612,126.979389,address
11620|남현동|602-17,37.474610,126.980832,address
11620|남현동|602-188,37.473131,126.980100,address
11620|남현동|602-189,37.473030,126.979833,address
11620|남현동|602-192,37.472773,126.979807,address
11620|남현동|602-199,37.473174,126.980840,address
11620|남현동|602-200,37.473021,126.980936,address
11620|남현동|602-201,37.472812,126.981066,address
11620|남현동|602-210,37.472488,126.980737,address
11620|남현동|602-212,37.472647,126.981164,address
11620|남현동|602-216,37.472159,126.980550,address
11620|남현동|602-218,37.472013,126.980251,address
11620|남현동|602-27,37.474002,126.980827,address
11620|남현동|602-28,37.473858,126.980849,address
11620|남현동|602-283,37.471534,126.978950,address
11620|남현동|602-284,37.471456,126.978744,address
11620|남현동|602-323,37.471205,126.977973,address
11620|남현동|602-329,37.471920,126.981073,address
11620|남현동|602-378,37.471793,126.980711,address
11620|봉천동|100-20,37.482057,126.959237,address
11620|봉천동|100-519,37.481969,126.959860,address
11620|봉천동|1000,37.492245,126.958568,address
11620|봉천동|1021,37.488907,126.954727,address
11620|봉천동|148-129,37.479309,126.963731,address
11620|봉천동|148-139,37.479065,126.963739,address
11620|봉천동|15-5,37.487019,126.959304,address
11620|봉천동|1500,37.493120,126.928821,address
11620|봉천동|1511-29,37.489627,126.934385,address
11620|봉천동|1519-3,37.483721,126.951896,address
11620|봉천동|1522-28,37.482045,126.940289,address
11620|봉천동|1522-29,37.481934,126.940582,address
11620|봉천동|1522-30,37.481827,126.940880,address
11620|봉천동|1522-31,37.481577,126.940755,address
11620|봉천동|1522-32,37.481690,126.940450,address
11620|봉천동|1522-33,37.481803,126.940141,address
11620|봉천동|1526-16,37.480810,126.941124,address
11620|봉천동|1531-34,37.480965,126.938490,address
11620|봉천동|1531-39,37.481249,126.938653,address
11620|봉천동|1536-2,37.478963,126.940449,address
11620|봉천동|1536-4,37.478790,126.940207,address
11620|봉천동|1560-61,37.478323,126.945028,address
11620|봉천동|1560-62,37.478280,126.946061,address
11620|봉천동|1568-1,37.479107,126.950341,address
11620|봉천동|1574-1,37.478919,126.947724,address
11620|봉천동|1591-2,37.476152,126.952078,address
11620|봉천동|1593-14,37.474304,126.952457,address
11620|봉천동|1594-4,37.474363,126.953447,address
11620|봉천동|1595-12,37.474737,126.953600,address
11620|봉천동|1595-14,37.475044,126.953488,address
11620|봉천동|1597-10,37.477975,126.953274,address
11620|봉천동|1598-49,37.478579,126.953175,address
11620|봉천동|1605-1,37.477901,126.953658,address
11620|봉천동|1605-39,37.477785,126.953838,address
11620|봉천동|1605-40,37.477414,126.953688,address
11620|봉천동|1608-23,37.476143,126.954368,address
11620|봉천동|1608-27,37.476048,126.954093,address
11620|봉천동|1608-28,37.475885,126.954018,address
11620|봉천동|1615-17,37.475922,126.954744,address
11620|봉천동|1616-11,37.475175,126.954622,address
11620|봉천동|1617-44,37.475512,126.955584,address
11620|봉천동|1618-24,37.477301,126.956227,address
11620|봉천동|1618-27,37.477043,126.956132,address
11620|봉천동|1619-27,37.477588,126.956484,address
11620|봉천동|1629-2,37.476946,126.961233,address
11620|봉천동|1630-7,37.476453,126.962092,address
11620|봉천동|1644-26,37.474480,126.968823,address
11620|봉천동|1644-31,37.474210,126.968554,address
11620|봉천동|1653-1,37.475022,126.970151,address
11620|봉천동|1653-10,37.474804,126.970167,address
11620|봉천동|1653-3,37.475057,126.970360,address
11620|봉천동|1654-14,37.474950,126.969910,address
11620|봉천동|1672-10,37.480476,126.958054,address
11620|봉천동|1690-158,37.476053,126.966958,address
11620|봉천동|1690-159,37.476008,126.967083,address
11620|봉천동|1690-162,37.476380,126.966730,address
11620|봉천동|1690-163,37.476325,126.966966,address
11620|봉천동|1690-164,37.476259,126.967183,address
11620|봉천동|1690-168,37.476561,126.967143,address
11620|봉천동|1690-170,37.476483,126.967456,address
11620|봉천동|1690-171,37.476706,126.967508,address
11620|봉천동|1696,37.492302,126.925562,address
11620|봉천동|1697,37.479809,126.949106,address
11620|봉천동|1698-1,37.494105,126.928177,address
11620|봉천동|1699-10,37.491559,126.946786,address
11620|봉천동|1700,37.475110,126.952120,address
11620|봉천동|1701,37.477064,126.951890,address
11620|봉천동|1702,37.487731,126.936491,address
11620|봉천동|1703,37.489592,126.955555,address
11620|봉천동|1705,37.484973,126.949811,address
11620|봉천동|1706,37.484805,126.959848,address
11620|봉천동|1707,37.471390,126.964854,address
11620|봉천동|1707-1,37.469939,126.964574,address
11620|봉천동|1708,37.484545,126.942647,address
11620|봉천동|1712,37.489711,126.950950,address
11620|봉천동|1712#11620-4,37.489711,126.950950,address
11620|봉천동|1712#11620-5,37.490208,126.950247,keyword
11620|봉천동|1713,37.480663,126.963489,address
11620|봉천동|1715,37.474840,126.954442,address
11620|봉천동|1716,37.492511,126.946041,address
11620|봉천동|1717,37.487467,126.960959,address
11620|봉천동|1718,37.489385,126.944912,address
11620|봉천동|1718-6,37.492338,126.945486,address
11620|봉천동|1719,37.487205,126.950991,address
11620|봉천동|1720,37.488422,126.944434,address
11620|봉천동|1721,37.487812,126.957234,address
11620|봉천동|1722,37.475851,126.968717,address
11620|봉천동|1723,37.468637,126.965807,address
11620|봉천동|1724,37.483396,126.958896,address
11620|봉천동|1725,37.467996,126.962597,address
11620|봉천동|1726,37.487401,126.944369,address
11620|봉천동|1727,37.486897,126.950571,address
11620|봉천동|1728,37.482774,126.961294,address
11620|봉천동|1729,37.488639,126.959452,address
11620|봉천동|1730,37.478051,126.943356,address
11620|봉천동|1730-1,37.476273,126.942527,address
11620|봉천동|1733,37.478390,126.941752,address
11620|봉천동|1737,37.479566,126.939864,address
11620|봉천동|1738,37.485919,126.957266,address
11620|봉천동|179-2,37.472908,126.966133,address
11620|봉천동|179-58,37.472391,126.966366,address
11620|봉천동|180-261,37.468343,126.968998,address
11620|봉천동|180-374,37.469197,126.966708,address
11620|봉천동|180-376,37.469313,126.966595,address
11620|봉천동|180-380,37.469556,126.966151,address
11620|봉천동|180-381,37.469445,126.966224,address
11620|봉천동|180-422,37.469284,126.965648,address
11620|봉천동|196-215,37.472747,126.964858,address
11620|봉천동|24-14,37.484334,126.959197,address
11620|봉천동|296,37.475006,126.959465,address
11620|봉천동|30-8,37.483990,126.955962,address
11620|봉천동|39-13,37.487093,126.955588,address
11620|봉천동|41-253,37.485774,126.953629,address
11620|봉천동|41-258,37.485932,126.953014,address
11620|봉천동|41-259,37.485964,126.952855,address
11620|봉천동|41-261,37.485747,126.952813,address
11620|봉천동|41-265,37.485623,126.953438,address
11620|봉천동|41-274,37.485543,126.953245,address
11620|봉천동|41-346,37.485956,126.952529,address
11620|봉천동|457-146,37.485176,126.950367,address
11620|봉천동|463-1,37.486705,126.947486,address
11620|봉천동|464-41,37.486310,126.947899,address
11620|봉천동|466-1,37.487378,126.949599,address
11620|봉천동|622-3,37.486416,126.942234,address
11620|봉천동|63-45,37.482189,126.955575,address
11620|봉천동|635-457,37.489609,126.939412,address
11620|봉천동|645,37.487189,126.937404,address
11620|봉천동|645-87,37.488226,126.938248,address
11620|봉천동|673-82,37.490301,126.934238,address
11620|봉천동|685-100,37.492879,126.933929,address
11620|봉천동|685-103,37.492869,126.934140,address
11620|봉천동|7-312,37.488907,126.957192,address
11620|봉천동|729-22,37.490532,126.924994,address
11620|봉천동|729-24,37.491815,126.925432,address
11620|봉천동|729-32,37.491168,126.925099,address
11620|봉천동|856-1,37.480268,126.953142,address
11620|봉천동|856-5,37.479647,126.952851,address
11620|봉천동|859-17,37.482716,126.953230,address
11620|봉천동|863-9,37.479910,126.951790,address
11620|봉천동|867-12,37.479681,126.950448,address
11620|봉천동|867-9,37.479780,126.950770,address
11620|봉천동|869-3,37.480886,126.951308,address
11620|봉천동|869-6,37.481091,126.950660,address
11620|봉천동|870-13,37.481735,126.951446,address
11620|봉천동|875-1,37.481278,126.950333,address
11620|봉천동|893-1,37.482444,126.947673,address
11620|봉천동|893-12,37.482230,126.947375,address
11620|봉천동|905-10,37.485289,126.941928,address
11620|봉천동|916-22,37.480092,126.945422,address
11620|봉천동|917-1,37.479792,126.945720,address
11620|봉천동|926-2,37.482829,126.942383,address
11620|봉천동|934-4,37.484850,126.941140,address
11620|봉천동|941-2,37.485960,126.940335,address
11620|봉천동|957-6,37.486111,126.936766,address
11620|사당동|1152,37.485923,126.961813,keyword
11620|신림동|10-10,37.481842,126.933577,address
11620|신림동|10-622,37.483656,126.937344,address
11620|신림동|1421-1,37.485586,126.932054,address
11620|신림동|1424-28,37.485517,126.929978,address
11620|신림동|1425-4,37.487427,126.929494,address
11620|신림동|1433-29,37.484799,126.928306,address
11620|신림동|1433-55,37.484805,126.928086,address
11620|신림동|1463-11,37.485676,126.924968,address
11620|신림동|1474-6,37.481021,126.913168,address
11620|신림동|1478-37,37.478198,126.913488,address
11620|신림동|1484-10,37.480972,126.911652,address
11620|신림동|1484-9,37.480940,126.911477,address
11620|신림동|1559-15,37.468155,126.932377,address
11620|신림동|1559-19,37.467907,126.932243,address
11620|신림동|1563-2,37.474269,126.913941,address
11620|신림동|1563-78,37.474216,126.915514,address
11620|신림동|1563-82,37.473014,126.915040,address
11620|신림동|1563-85,37.474369,126.915940,address
11620|신림동|1568-21,37.480467,126.915311,address
11620|신림동|1580-3,37.482618,126.923570,address
11620|신림동|1639-51,37.483391,126.927468,address
11620|신림동|1644,37.481585,126.911708,keyword
11620|신림동|1655-17,37.482782,126.901967,address
11620|신림동|1656,37.482510,126.903436,address
11620|신림동|1665-9,37.480221,126.900842,address
11620|신림동|1684-7,37.473460,126.912387,address
11620|신림동|1684-9,37.473212,126.911988,address
11620|신림동|1686,37.472146,126.911763,address
11620|신림동|1693,37.460837,126.927805,address
11620|신림동|1694,37.474994,126.932281,address
11620|신림동|1695,37.480526,126.929237,address
11620|신림동|1696,37.476330,126.935803,address
11620|신림동|1698,37.465993,126.931029,address
11620|신림동|1699,37.464372,126.930770,address
11620|신림동|1700,37.476997,126.913160,address
11620|신림동|1702-1,37.480369,126.933101,address
11620|신림동|1703-1,37.466846,126.942587,address
11620|신림동|1704-1,37.465916,126.927697,address
11620|신림동|1705,37.465161,126.937737,address
11620|신림동|1706,37.468250,126.944283,address
11620|신림동|1712,37.473398,126.914130,address
11620|신림동|1714,37.462600,126.926491,address
11620|신림동|1715,37.488936,126.918798,address
11620|신림동|1716,37.467617,126.941958,address
11620|신림동|1717,37.474799,126.913909,address
11620|신림동|1718,37.489073,126.921967,address
11620|신림동|1719,37.484181,126.907536,address
11620|신림동|1720,37.479668,126.923553,address
11620|신림동|1721,37.471646,126.929357,address
11620|신림동|1722,37.483710,126.911418,address
11620|신림동|1724,37.463817,126.932047,address
11620|신림동|1725,37.484395,126.935247,address
11620|신림동|1726,37.470754,126.927232,address
11620|신림동|1727,37.469772,126.919150,address
11620|신림동|1728,37.484716,126.910495,address
11620|신림동|1729,37.463637,126.932619,address
11620|신림동|1730,37.479122,126.910484,address
11620|신림동|1731,37.487966,126.924476,address
11620|신림동|1732,37.469084,126.941309,address
11620|신림동|1733,37.463890,126.931179,address
11620|신림동|1734,37.473188,126.916319,address
11620|신림동|1735,37.459244,126.920074,address
11620|신림동|1735-1,37.461657,126.921209,address
11620|신림동|1736,37.461344,126.919909,address
11620|신림동|1737,37.484149,126.936333,address
11620|신림동|1738,37.464517,126.919605,address
11620|신림동|1739,37.487637,126.924733,address
11620|신림동|1743,37.474701,126.936632,address
11620|신림동|1744,37.474772,126.935346,address
11620|신림동|1746,37.484002,126.905607,address
11620|신림동|233-11,37.468156,126.941824,address
11620|신림동|244,37.468234,126.939354,address
11620|신림동|244-21,37.469246,126.940408,address
11620|신림동|255-189,37.463888,126.937289,address
11620|신림동|316-55,37.460690,126.932627,keyword
11620|신림동|406-69,37.474490,126.934427,address
11620|신림동|412-137,37.475325,126.929599,address
11620|신림동|412-363,37.475650,126.930505,address
11620|신림동|460-19,37.487555,126.921365,address
11620|신림동|497-5,37.488791,126.916704,address
11620|신림동|518-19,37.486048,126.912270,address
11620|신림동|534-1,37.485798,126.911833,address
11620|신림동|538-39,37.482169,126.913448,address
11620|신림동|546-7,37.482968,126.909486,address
11620|신림동|551-42,37.484750,126.909560,address
11620|신림동|551-9,37.484479,126.908958,address
11620|신림동|569-5,37.482793,126.907537,address
11620|신림동|587-97,37.476779,126.916643,address
11620|신림동|587-98,37.476620,126.916437,address
11620|신림동|610-265,37.473809,126.924075,address
11620|신림동|626-11,37.472165,126.921608,address
11620|신림동|667-16,37.463158,126.919702,address
11620|신림동|715-32,37.470331,126.917235,address
11620|신림동|721-2,37.470848,126.916923,address
11620|신림동|739,37.470627,126.911135,address
11620|신림동|746-43,37.476314,126.912322,address
11620|신림동|763,37.476542,126.915152,address
11620|신림동|86-3,37.482603,126.930386,address
11620|신림동|98-401,37.475549,126.942346,address
11620|신림동|산28-9,37.464236,126.940686,address
11650|내곡동|384,37.455381,127.060992,address
11650|내곡동|411,37.452000,127.063784,address
11650|반포동|1,37.507061,126.997969,address
11650|반포동|1-1,37.504931,126.999494,address
11650|반포동|1-15,,,miss
11650|반포동|1-8,37.506948,126.996120,address
11650|반포동|10,37.503889,126.996454,address
11650|반포동|100-1,37.496033,126.996554,address
11650|반포동|100-3,37.495829,126.996608,address
11650|반포동|100-8,37.495001,126.996445,address
11650|반포동|101-10,37.496011,126.997313,address
11650|반포동|103-1,37.496899,126.997009,address
11650|반포동|103-3,37.496537,126.996870,address
11650|반포동|105-14,37.498236,126.997183,address
11650|반포동|107-19,37.498490,126.996298,address
11650|반포동|107-52,37.497416,126.995672,address
11650|반포동|110-6,37.497227,126.994679,address
11650|반포동|111-1,37.498231,126.994561,address
11650|반포동|111-11,37.498047,126.995114,address
11650|반포동|112-15,37.497519,126.993788,address
11650|반포동|114-1,37.498779,126.992555,address
11650|반포동|12,37.504005,126.993478,address
11650|반포동|1341,37.501525,127.013261,address
11650|반포동|1342,37.501784,127.018034,address
11650|반포동|1343,37.500692,127.013988,address
11650|반포동|1344,37.503309,127.016251,address
11650|반포동|16-6,37.501191,126.996824,address
11650|반포동|18-1,37.502602,127.000668,address
11650|반포동|2-12,37.505457,126.992772,address
11650|반포동|20-43,37.506352,127.011035,address
11650|반포동|3-3,37.505737,126.995286,address
11650|반포동|30-1,37.503945,127.011488,address
11650|반포동|30-26,37.503746,127.013533,address
11650|반포동|46,37.499201,127.010261,address
11650|반포동|47-4,37.498545,127.009779,address
11650|반포동|48-2,37.500187,127.009713,address
11650|반포동|48-7,37.499755,127.009699,address
11650|반포동|49-6,37.499921,127.010164,address
11650|반포동|50-2,37.500422,127.010849,address
11650|반포동|50-6,37.499833,127.011377,address
11650|반포동|50-8,37.500733,127.011174,address
11650|반포동|53-2,37.501494,127.010588,address
11650|반포동|54-5,37.501362,127.009971,address
11650|반포동|550,37.498009,127.001149,address
11650|반포동|550-27,37.497410,127.001233,address
11650|반포동|550-34,37.497232,127.001426,address
11650|반포동|551,37.498258,127.000688,address
11650|반포동|551-42,37.496596,127.001210,address
11650|반포동|551-67,37.496733,127.001549,address
11650|반포동|577-3,37.494809,126.999220,address
11650|반포동|577-35,37.493991,127.000598,address
11650|반포동|577-4,37.494774,126.999440,address
11650|반포동|577-46,37.493508,127.000930,address
11650|반포동|577-47,37.493667,127.000820,address
11650|반포동|577-5,37.494740,126.999669,address
11650|반포동|60-4,37.501066,127.008311,address
11650|반포동|60-5,37.502188,127.007489,address
11650|반포동|612-115,37.496294,126.993547,address
11650|반포동|612-138,37.497509,126.991947,address
11650|반포동|612-2,37.497319,126.992794,address
11650|반포동|612-28,37.496919,126.992966,address
11650|반포동|612-31,37.496949,126.993687,address
11650|반포동|612-32,37.496780,126.994005,address
11650|반포동|612-33,37.496577,126.994165,address
11650|반포동|612-49,37.496451,126.993134,address
11650|반포동|64-5,37.500497,127.002104,address
11650|반포동|65-1,37.500432,127.000714,address
11650|반포동|70,37.498912,126.999919,address
11650|반포동|70-1,37.499104,127.000884,address
11650|반포동|701-1,37.509189,127.016910,address
11650|반포동|701-31,37.509118,127.017600,address
11650|반포동|701-4,37.509278,127.017235,address
11650|반포동|701-59,37.509325,127.018437,address
11650|반포동|702-1,37.508807,127.017225,address
11650|반포동|71-1,37.498462,126.999736,address
11650|반포동|71-3,37.498444,127.000078,address
11650|반포동|712-19,37.507911,127.017522,address
11650|반포동|713-1,37.507664,127.017648,address
11650|반포동|726-16,37.506468,127.020376,address
11650|반포동|728-7,37.506137,127.018649,address
11650|반포동|73-10,37.497829,127.000192,address
11650|반포동|73-2,37.498013,127.000196,address
11650|반포동|741-5,37.504556,127.021042,address
11650|반포동|742-10,37.504107,127.019664,address
11650|반포동|757,37.505354,126.989036,address
11650|반포동|76-2,37.497193,126.999964,address
11650|반포동|77-1,37.496604,126.999187,address
11650|반포동|78-1,37.496713,126.999796,address
11650|반포동|78-11,37.496118,126.999924,address
11650|반포동|79-1,37.496650,127.000312,address
11650|반포동|79-5,37.496344,127.000270,address
11650|반포동|81-8,37.495678,127.001141,address
11650|반포동|82-19,37.494816,127.000688,address
11650|반포동|82-7,37.495048,127.001689,address
11650|반포동|84-2,37.494542,127.001049,address
11650|반포동|85-1,37.495649,127.000144,address
11650|반포동|86-10,37.495362,126.999673,address
11650|반포동|86-2,37.495650,126.999699,address
11650|반포동|86-5,37.494993,126.999515,address
11650|반포동|87-5,37.495347,126.999180,address
11650|반포동|87-7,37.495061,126.999183,address
11650|반포동|88-4,37.495179,126.998510,address
11650|반포동|885,37.502172,126.987727,address
11650|반포동|95-1,37.498546,126.997847,address
11650|반포동|968,37.500674,126.991234,address
11650|반포동|98-4,37.495453,126.997821,address
11650|반포동|99-1,37.494702,126.996899,address
11650|반포동|99-2,37.494701,126.996462,address
11650|반포동|99-3,37.494457,126.996601,address
11650|방배동|1-106,37.494040,126.994325,address
11650|방배동|1-11,37.495927,126.994007,address
11650|방배동|1-119,37.495724,126.993877,address
11650|방배동|1-15,37.495312,126.994238,address
11650|방배동|1-18,37.494956,126.993978,address
11650|방배동|1-21,37.494585,126.994384,address
11650|방배동|1-35,37.495524,126.993526,address
11650|방배동|1-39,37.494771,126.993575,address
11650|방배동|1-40,37.494966,126.993558,address
11650|방배동|1-43,37.494728,126.993204,address
11650|방배동|1-56,37.495482,126.992761,address
11650|방배동|1-57,37.495328,126.993080,address
11650|방배동|1-62,37.495601,126.994518,address
11650|방배동|1-7,37.494035,126.993951,address
11650|방배동|1002-10,37.479962,127.005503,address
11650|방배동|1002-11,37.479802,127.005580,address
11650|방배동|1002-21,37.480851,127.005073,address
11650|방배동|1002-22,37.480701,127.005145,address
11650|방배동|1002-7,37.481000,127.005000,address
11650|방배동|1002-8,37.480463,127.005260,address
11650|방배동|1002-9,37.480170,127.005402,address
11650|방배동|1006-1,37.478930,127.005885,address
11650|방배동|1008-2,37.477677,127.005115,address
11650|방배동|1010-1,37.476322,127.003324,address
11650|방배동|1015,37.477049,127.002708,address
11650|방배동|1018-1,37.478877,127.001590,address
11650|방배동|1019-3,37.477767,127.001238,address
11650|방배동|1020-1,37.479019,127.000310,address
11650|방배동|1021-9,37.479542,127.000184,address
11650|방배동|1025-2,37.476162,127.001598,address
11650|방배동|1026-1,37.475288,127.000463,address
11650|방배동|1026-14,37.475313,127.001128,address
11650|방배동|1027-1,37.475010,126.999922,address
11650|방배동|1029-1,37.477547,126.998513,address
11650|방배동|1030-1,37.477757,126.998922,address
11650|방배동|1038,37.479561,126.993899,address
11650|방배동|12-1,37.496136,126.992815,address
11650|방배동|12-36,37.494920,126.992037,address
11650|방배동|12-5,37.495777,126.992680,address
11650|방배동|12-60,37.495626,126.990260,address
11650|방배동|1344,37.488433,126.983911,address
11650|방배동|169-24,37.484893,126.998726,address
11650|방배동|2001,37.490182,126.983903,address
11650|방배동|2233,37.491486,126.983721,address
11650|방배동|2525,37.474451,126.982521,address
11650|방배동|2626,37.472702,126.984008,address
11650|방배동|3000-1,37.486646,126.982935,address
11650|방배동|3001-1,37.486038,126.982623,address
11650|방배동|3001-2,37.485982,126.983064,address
11650|방배동|3275,37.497625,126.988055,address
11650|방배동|3276,37.486809,126.983504,address
11650|방배동|3277,37.491604,126.984838,address
11650|방배동|3278,37.479789,127.002524,address
11650|방배동|3279,37.486081,126.997499,address
11650|방배동|3281,37.489232,126.991375,address
11650|방배동|3282,37.493257,126.986728,address
11650|방배동|3283,37.476475,126.999785,address
11650|방배동|3284,37.482641,126.995784,address
11650|방배동|3288,37.482320,126.995649,address
11650|방배동|421-1,37.485035,126.983693,address
11650|방배동|424-28,37.483779,126.984372,address
11650|방배동|425-1,37.484553,126.983412,address
11650|방배동|434-3,37.481785,126.985657,address
11650|방배동|444-3,37.477667,126.982231,address
11650|방배동|449-1,37.477498,126.984029,address
11650|방배동|449-2,37.477509,126.984322,address
11650|방배동|459-1,37.481579,126.987193,address
11650|방배동|473-1,37.477975,126.985467,address
11650|방배동|474-9,37.477641,126.986235,address
11650|방배동|477-7,37.476980,126.987554,address
11650|방배동|478-8,37.476717,126.987103,address
11650|방배동|479-11,37.476042,126.987329,address
11650|방배동|481-11,37.475876,126.987961,address
11650|방배동|482-4,37.475341,126.989408,address
11650|방배동|483-1,37.475890,126.989093,address
11650|방배동|484-2,37.475513,126.990393,address
11650|방배동|484-5,37.475410,126.990765,address
11650|방배동|484-6,37.475303,126.991157,address
11650|방배동|485-3,37.475048,126.990469,address
11650|방배동|486-1,37.475189,126.991615,address
11650|방배동|486-4,37.475094,126.991910,address
11650|방배동|486-8,37.474989,126.992292,address
11650|방배동|488-2,37.474393,126.993312,address
11650|방배동|537-9,37.478590,126.989907,address
11650|방배동|562-1,37.476269,126.991095,address
11650|방배동|593-19,37.475668,126.994908,address
11650|방배동|593-24,37.475894,126.994276,address
11650|방배동|593-32,37.476015,126.993810,address
11650|방배동|593-45,37.475744,126.993704,address
11650|방배동|593-64,37.475244,126.993984,address
11650|방배동|725,37.497139,126.989739,address
11650|방배동|733,37.497006,126.991949,address
11650|방배동|734,37.496739,126.992594,address
11650|방배동|752-36,37.497781,126.984543,address
11650|방배동|754-1,37.496941,126.984307,address
11650|방배동|755-14,37.497281,126.985708,address
11650|방배동|756-4,37.497172,126.986177,address
11650|방배동|758-4,37.496516,126.987429,address
11650|방배동|759-3,37.496606,126.986581,address
11650|방배동|761-5,37.495650,126.985247,address
11650|방배동|763-12,37.495645,126.984016,address
11650|방배동|764,37.496146,126.991275,address
11650|방배동|770-1,37.495209,126.987127,address
11650|방배동|772-13,37.495176,126.988366,address
11650|방배동|775-1,37.494032,126.988294,address
11650|방배동|776-3,37.493612,126.987614,address
11650|방배동|790-26,37.492314,126.986428,address
11650|방배동|791-10,37.492773,126.987177,address
11650|방배동|797-1,37.493410,126.991359,address
11650|방배동|797-22,37.494012,126.993436,address
11650|방배동|797-30,37.494291,126.991987,address
11650|방배동|798-1,37.493756,126.995818,address
11650|방배동|798-10,37.493760,126.996730,address
11650|방배동|798-11,37.493802,126.996943,address
11650|방배동|798-5,37.493916,126.996183,address
11650|방배동|799-5,37.493092,126.997291,address
11650|방배동|799-8,37.492909,126.997436,address
11650|방배동|799-9,37.492881,126.997236,address
11650|방배동|800-1,37.493478,126.996459,address
11650|방배동|800-3,37.493365,126.996793,address
11650|방배동|800-5,37.493164,126.996529,address
11650|방배동|800-9,37.492803,126.996612,address
11650|방배동|801-1,37.493364,126.995948,address
11650|방배동|801-5,37.493068,126.995859,address
11650|방배동|801-7,37.492928,126.996047,address
11650|방배동|802-10,37.492642,126.995226,address
11650|방배동|802-2,37.493269,126.995281,address
11650|방배동|802-4,37.493070,126.995476,address
11650|방배동|802-8,37.492696,126.995605,address
11650|방배동|803-4,37.493760,126.995043,address
11650|방배동|803-8,37.493493,126.994815,address
11650|방배동|803-9,37.493452,126.994539,address
11650|방배동|804-1,37.493143,126.994347,address
11650|방배동|804-5,37.492950,126.994667,address
11650|방배동|804-9,37.492748,126.994886,address
11650|방배동|805-14,37.492287,126.994181,address
11650|방배동|806-1,37.492951,126.992968,address
11650|방배동|806-13,37.492049,126.993522,address
11650|방배동|806-3,37.492904,126.993358,address
11650|방배동|806-9,37.492403,126.993339,address
11650|방배동|807-11,37.493319,126.993636,address
11650|방배동|807-5,37.493448,126.992867,address
11650|방배동|808-10,37.492118,126.993098,address
11650|방배동|808-11,37.491953,126.993263,address
11650|방배동|808-3,37.492648,126.992752,address
11650|방배동|808-8,37.492175,126.992694,address
11650|방배동|809-17,37.492508,126.992053,address
11650|방배동|809-22,37.492202,126.992253,address
11650|방배동|809-26,37.491894,126.992455,address
11650|방배동|810-14,37.492763,126.991693,address
11650|방배동|812-1,37.491898,126.990282,address
11650|방배동|814-31,37.492221,126.989486,address
11650|방배동|815-22,37.491156,126.990066,address
11650|방배동|816-1,37.491269,126.989305,address
11650|방배동|816-3,37.490960,126.989673,address
11650|방배동|823-14,37.490175,126.985614,address
11650|방배동|825-12,37.490115,126.984926,address
11650|방배동|831-6,37.489411,126.988364,address
11650|방배동|836-1,37.490549,126.991073,address
11650|방배동|836-4,37.490266,126.991311,address
11650|방배동|838-1,37.491406,126.992763,address
11650|방배동|840-1,37.491317,126.994020,address
11650|방배동|840-10,37.491378,126.995118,address
11650|방배동|840-12,37.491288,126.994719,address
11650|방배동|840-4,37.491542,126.994662,address
11650|방배동|841-12,37.491798,126.994459,address
11650|방배동|841-2,37.491722,126.993733,address
11650|방배동|843-1,37.492245,126.995032,address
11650|방배동|843-10,37.492195,126.996414,address
11650|방배동|843-11,37.492159,126.996164,address
11650|방배동|843-13,37.492115,126.995862,address
11650|방배동|843-3,37.492312,126.995354,address
11650|방배동|843-6,37.492399,126.995955,address
11650|방배동|844-27,37.491716,126.995839,address
11650|방배동|845-14,37.492279,126.996925,address
11650|방배동|846-1,37.491939,126.996943,address
11650|방배동|846-4,37.491735,126.997177,address
11650|방배동|846-5,37.492070,126.997558,address
11650|방배동|847-25,37.491443,126.996723,address
11650|방배동|847-34,37.491138,126.996942,address
11650|방배동|848-1,37.491195,126.995794,address
11650|방배동|849-1,37.490682,126.994600,address
11650|방배동|849-2,37.490847,126.994447,address
11650|방배동|849-24,37.490794,126.995412,address
11650|방배동|849-30,37.489881,126.994565,address
11650|방배동|853-19,37.488808,126.991818,address
11650|방배동|864-7,37.486824,126.985447,address
11650|방배동|865-24,37.486475,126.984441,address
11650|방배동|866-10,37.485963,126.983883,address
11650|방배동|866-20,37.486044,126.984201,address
11650|방배동|877-4,37.489119,126.994698,address
11650|방배동|877-6,37.488819,126.994892,address
11650|방배동|878-16,37.489682,126.995880,address
11650|방배동|878-26,37.489713,126.995304,address
11650|방배동|878-27,37.489763,126.995430,address
11650|방배동|881-26,37.489912,126.996649,address
11650|방배동|883-9,37.488836,126.999302,address
11650|방배동|884-21,37.487732,126.998893,address
11650|방배동|888-34,37.486699,126.999698,address
11650|방배동|888-38,37.486332,126.999744,address
11650|방배동|888-40,37.486020,126.999632,address
11650|방배동|888-53,37.486431,126.999052,address
11650|방배동|889-5,37.486358,126.998204,address
11650|방배동|889-6,37.486227,126.998201,address
11650|방배동|890-8,37.487055,126.998042,address
11650|방배동|899-16,37.486791,126.995143,address
11650|방배동|906-13,37.483908,126.998323,address
11650|방배동|912-13,37.481404,126.995612,address
11650|방배동|915-16,37.481058,126.994604,address
11650|방배동|917-4,37.480758,126.993951,address
11650|방배동|917-5,37.480899,126.993869,address
11650|방배동|918-14,37.481698,126.993320,address
11650|방배동|923-6,37.483149,126.995283,address
11650|방배동|926-7,37.484737,126.994093,address
11650|방배동|929-4,37.483881,126.992272,address
11650|방배동|930-1,37.483485,126.991973,address
11650|방배동|932-34,37.484778,126.992799,address
11650|방배동|939-9,37.486451,126.991371,address
11650|방배동|940-8,37.485960,126.991252,address
11650|방배동|956-8,37.483144,126.986189,address
11650|방배동|957-7,37.483013,126.986772,address
11650|방배동|961-3,37.484371,126.989052,address
11650|방배동|963-16,37.484259,126.990730,address
11650|방배동|970-13,37.481697,126.987653,address
11650|방배동|971-1,37.481169,126.988051,address
11650|방배동|971-7,37.480650,126.987900,address
11650|방배동|971-8,37.480718,126.988218,address
11650|방배동|976-15,37.481913,126.991554,address
11650|방배동|978-2,37.481201,126.992364,address
11650|방배동|980-25,37.478863,126.988922,address
11650|방배동|980-41,37.479777,126.990860,address
11650|방배동|980-45,37.479746,126.991390,address
11650|방배동|980-48,37.479943,126.992039,address
11650|방배동|981-40,37.479834,126.995601,address
11650|방배동|982-1,37.480158,126.997969,address
11650|방배동|985-15,37.480934,126.999770,address
11650|방배동|987-1,37.480514,126.999994,address
11650|방배동|987-3,37.480448,127.000374,address
11650|방배동|987-6,37.480085,127.000352,address
11650|방배동|988-1,37.480870,127.000945,address
11650|방배동|992-8,37.480474,127.002638,address
11650|방배동|998,37.478107,127.003649,address
11650|방배동|999,37.478441,127.004473,address
11650|방배동|999-2,37.478767,127.005318,address
11650|서초동|1301-6,37.502295,127.020505,address
11650|서초동|1303-10,37.503222,127.023569,address
11650|서초동|1303-35,37.502848,127.024544,address
11650|서초동|1310-4,37.500496,127.023168,address
11650|서초동|1310-9,37.499979,127.024360,address
11650|서초동|1311-10,37.501162,127.020830,address
11650|서초동|1312-3,37.500013,127.021441,address
11650|서초동|1315,37.497346,127.022614,address
11650|서초동|1316-15,37.498472,127.024250,address
11650|서초동|1316-31,37.498691,127.025049,address
11650|서초동|1319-13,37.496440,127.027807,address
11650|서초동|1321-6,37.496017,127.025277,address
11650|서초동|1326,37.494134,127.026245,address
11650|서초동|1326-17,37.494850,127.026669,address
11650|서초동|1327,37.495630,127.027093,address
11650|서초동|1327-23,37.495436,127.027571,address
11650|서초동|1327-29,37.494943,127.027421,address
11650|서초동|1330,37.493960,127.027881,address
11650|서초동|1330-16,37.493752,127.028473,address
11650|서초동|1332-13,37.492813,127.025162,address
11650|서초동|1333,37.492149,127.023903,address
11650|서초동|1334-1,37.490438,127.026115,address
11650|서초동|1337-22,37.491580,127.029973,address
11650|서초동|1337-3,37.491649,127.028955,address
11650|서초동|1338,37.490895,127.029485,address
11650|서초동|1338-1,37.490416,127.029709,address
11650|서초동|1343-9,37.487177,127.026434,address
11650|서초동|1344-13,37.486823,127.028382,address
11650|서초동|1344-2,37.487468,127.027305,address
11650|서초동|1344-22,37.487242,127.027736,address
11650|서초동|1344-23,37.487185,127.027549,address
11650|서초동|1344-4,37.487540,127.027585,address
11650|서초동|1346,37.486790,127.025676,address
11650|서초동|1347-20,37.485813,127.026034,address
11650|서초동|1350-13,37.485430,127.026505,address
11650|서초동|1355-24,37.484657,127.028567,address
11650|서초동|1357-25,37.488373,127.031087,address
11650|서초동|1357-44,37.487981,127.031281,address
11650|서초동|1359,37.486753,127.029640,address
11650|서초동|1359-50,37.486661,127.030394,address
11650|서초동|1362,37.486151,127.032612,address
11650|서초동|1362-10,37.485626,127.032516,address
11650|서초동|1363-25,37.485713,127.032129,address
11650|서초동|1364-26,37.485783,127.029999,address
11650|서초동|1364-51,37.485139,127.031379,address
11650|서초동|1420-18,37.484509,127.024429,address
11650|서초동|1427-7,37.483664,127.019817,address
11650|서초동|1428-1,37.484035,127.020062,address
11650|서초동|1434-2,37.484505,127.023631,address
11650|서초동|1435-2,37.484667,127.024016,address
11650|서초동|1436-14,37.485325,127.023415,address
11650|서초동|1444-19,37.484302,127.019689,address
11650|서초동|1444-3,37.484990,127.019219,address
11650|서초동|1444-7,37.484932,127.020267,address
11650|서초동|1445-13,37.484054,127.017338,address
11650|서초동|1445-14,37.483542,127.017676,address
11650|서초동|1445-4,37.484698,127.016967,address
11650|서초동|1446-11,37.483110,127.016112,address
11650|서초동|1450-1,37.481553,127.013987,address
11650|서초동|1451-89,37.481556,127.013402,address
11650|서초동|1454-29,37.482873,127.014318,address
11650|서초동|1455-9,37.483344,127.014110,address
11650|서초동|1456-1,37.483805,127.013551,address
11650|서초동|1456-2,37.483822,127.014233,address
11650|서초동|1458-6,37.484197,127.013701,address
11650|서초동|1464-4,37.481379,127.011744,address
11650|서초동|1465-7,37.480315,127.011078,address
11650|서초동|1466-17,37.480688,127.009736,address
11650|서초동|1466-2,37.480683,127.009492,address
11650|서초동|1466-3,37.480696,127.010022,address
11650|서초동|1466-4,37.480702,127.010341,address
11650|서초동|1467-3,37.479647,127.006359,address
11650|서초동|1467-37,37.478658,127.007703,address
11650|서초동|1467-62,37.479722,127.007279,address
11650|서초동|1467-97,37.478654,127.006914,address
11650|서초동|1471-3,37.481143,127.009564,address
11650|서초동|1471-5,37.481150,127.009862,address
11650|서초동|1472-1,37.481543,127.009201,address
11650|서초동|1472-21,37.481384,127.009833,address
11650|서초동|1473-2,37.481073,127.010952,address
11650|서초동|1476-18,37.481864,127.009456,address
11650|서초동|1477-1,37.481366,127.008206,address
11650|서초동|1483-18,37.482561,127.009656,address
11650|서초동|1484-7,37.482730,127.010664,address
11650|서초동|1484-8,37.482568,127.010701,address
11650|서초동|1486-17,37.482941,127.007961,address
11650|서초동|1487-1,37.482802,127.006059,address
11650|서초동|1487-115,37.481424,127.005601,address
11650|서초동|1487-121,37.480993,127.005680,address
11650|서초동|1487-144,37.480506,127.006713,address
11650|서초동|1487-145,37.480558,127.007215,address
11650|서초동|1487-63,37.481148,127.006788,address
11650|서초동|1488-5,37.481973,127.005766,address
11650|서초동|1490-1,37.482877,127.002313,address
11650|서초동|1490-36,37.482962,127.002618,address
11650|서초동|1491-1,37.483392,127.002433,address
11650|서초동|1491-14,37.483380,127.002825,address
11650|서초동|1491-3,37.483708,127.003305,address
11650|서초동|1491-31,37.483554,127.002857,address
11650|서초동|1491-8,37.483547,127.003774,address
11650|서초동|1492-1,37.484678,127.003065,address
11650|서초동|1492-13,37.484208,127.003250,address
11650|서초동|1492-4,37.484733,127.003534,address
11650|서초동|1492-5,37.484500,127.003504,address
11650|서초동|1494-4,37.485306,127.003305,address
11650|서초동|1495-1,37.485468,127.001895,address
11650|서초동|1495-2,37.485777,127.002276,address
11650|서초동|1496-24,37.486202,127.002921,address
11650|서초동|1496-6,37.486031,127.003186,address
11650|서초동|1497-12,37.487068,127.003809,address
11650|서초동|1497-18,37.486324,127.003621,address
11650|서초동|1498-5,37.490301,127.005813,address
11650|서초동|1506-42,37.488402,127.007073,address
11650|서초동|1506-46,37.488160,127.007105,address
11650|서초동|1506-47,37.487927,127.007362,address
11650|서초동|1506-88,37.488498,127.005151,address
11650|서초동|1507-38,37.487043,127.004678,address
11650|서초동|1507-61,37.486693,127.005993,address
11650|서초동|1508-39,37.486962,127.006661,address
11650|서초동|1509-1,37.488104,127.007924,address
11650|서초동|1510-15,37.487369,127.008486,address
11650|서초동|1511-3,37.487434,127.007727,address
11650|서초동|1511-6,37.487068,127.007618,address
11650|서초동|1511-9,37.486758,127.007862,address
11650|서초동|1513-2,37.486578,127.006495,address
11650|서초동|1513-5,37.486296,127.006405,address
11650|서초동|1514-6,37.486097,127.005578,address
11650|서초동|1517-1,37.485866,127.004732,address
11650|서초동|1517-6,37.485167,127.004749,address
11650|서초동|1518-2,37.485490,127.005448,address
11650|서초동|1518-6,37.485138,127.005445,address
11650|서초동|1520-9,37.485730,127.006956,address
11650|서초동|1521-8,37.486157,127.007331,address
11650|서초동|1522-1,37.485800,127.007886,address
11650|서초동|1523-17,37.486189,127.008241,address
11650|서초동|1523-9,37.486673,127.008554,address
11650|서초동|1527-1,37.484629,127.008413,address
11650|서초동|1527-10,37.484414,127.008577,address
11650|서초동|1527-13,37.484204,127.008494,address
11650|서초동|1527-14,37.484009,127.008550,address
11650|서초동|1529,37.486264,127.008975,address
11650|서초동|1531-6,37.484578,127.009731,address
11650|서초동|1532-10,37.484306,127.009351,address
11650|서초동|1533,37.484203,127.009966,address
11650|서초동|1542-1,37.491599,127.008363,address
11650|서초동|1542-6,37.491070,127.008573,address
11650|서초동|1549-3,37.490185,127.010444,address
11650|서초동|1559-1,37.490099,127.011381,address
11650|서초동|1560-9,37.489754,127.011210,address
11650|서초동|1566-19,37.489852,127.013316,address
11650|서초동|1566-9,37.489596,127.013327,address
11650|서초동|1568-1,37.490703,127.012810,address
11650|서초동|1582-16,37.486684,127.010754,address
11650|서초동|1582-3,37.486981,127.011547,address
11650|서초동|1583-10,37.485688,127.011530,address
11650|서초동|1584-6,37.485137,127.012014,address
11650|서초동|1588-5,37.485748,127.013874,address
11650|서초동|1593-7,37.486539,127.012934,address
11650|서초동|1597-6,37.487928,127.013824,address
11650|서초동|1600-11,37.485785,127.015447,address
11650|서초동|1604-19,37.486543,127.020648,address
11650|서초동|1607-15,37.487740,127.023681,address
11650|서초동|1607-6,37.487979,127.023591,address
11650|서초동|1608-8,37.488535,127.023369,address
11650|서초동|1609-1,37.490120,127.022769,address
11650|서초동|1609-6,37.489693,127.022932,address
11650|서초동|1612-2,37.488911,127.020618,address
11650|서초동|1615-10,37.488781,127.022926,address
11650|서초동|1616-10,37.487866,127.023026,address
11650|서초동|1617-13,37.487866,127.022272,address
11650|서초동|1617-21,37.487610,127.020936,address
11650|서초동|1617-26,37.487511,127.021877,address
11650|서초동|1619-2,37.488074,127.017529,address
11650|서초동|1620-20,37.487344,127.017003,address
11650|서초동|1625-7,37.487908,127.016070,address
11650|서초동|1627-3,37.488666,127.017318,address
11650|서초동|1630-4,37.489914,127.020447,address
11650|서초동|1631-8,37.490193,127.022129,address
11650|서초동|1633-1,37.491707,127.022167,address
11650|서초동|1634-9,37.492164,127.021994,address
11650|서초동|1636-1,37.494726,127.021007,address
11650|서초동|1640-3,37.493656,127.018902,address
11650|서초동|1641-1,37.493672,127.020156,address
11650|서초동|1641-13,37.492822,127.020699,address
11650|서초동|1641-3,37.493860,127.020818,address
11650|서초동|1642-14,37.492492,127.018264,address
11650|서초동|1642-34,37.492034,127.017523,address
11650|서초동|1642-4,37.491585,127.017145,address
11650|서초동|1644,37.492563,127.021309,address
11650|서초동|1647-1,37.490817,127.021325,address
11650|서초동|1648-2,37.490989,127.020166,address
11650|서초동|1656-4,37.491551,127.014504,address
11650|서초동|1666-14,37.492562,127.017260,address
11650|서초동|1667-2,37.493677,127.017719,address
11650|서초동|1667-3,37.493463,127.017791,address
11650|서초동|1668-1,37.493787,127.018103,address
11650|서초동|1671-5,37.493473,127.015440,address
11650|서초동|1673-3,37.493714,127.014991,address
11650|서초동|1675-10,37.493993,127.017742,address
11650|서초동|1675-11,37.494272,127.017538,address
11650|서초동|1677-1,37.494721,127.018280,address
11650|서초동|1677-11,37.494899,127.018900,address
11650|서초동|1678-1,37.495155,127.019403,address
11650|서초동|1678-2,37.495240,127.019681,address
11650|서초동|1679-6,37.494987,127.020909,address
11650|서초동|1681-8,37.496863,127.019673,address
11650|서초동|1682,37.498556,127.018887,address
11650|서초동|1684,37.500349,127.017839,address
11650|서초동|1685,37.498732,127.015602,address
11650|서초동|1685-3,37.498200,127.013315,address
11650|서초동|1686-9,37.496459,127.016712,address
11650|서초동|1687,37.496300,127.018266,address
11650|서초동|1754,37.493008,127.027109,address
11650|서초동|1755,37.490906,127.028095,address
11650|서초동|1757,37.488931,127.026057,address
11650|서초동|1758,37.482569,127.013405,address
11650|신원동|557,37.456159,127.057437,address
11650|신원동|568,37.454792,127.058784,address
11650|신원동|579,37.451588,127.057222,address
11650|신원동|615,37.448539,127.056696,address
11650|신원동|619,37.449935,127.055830,address
11650|양재동|10-13,37.483006,127.037114,address
11650|양재동|11-11,37.484245,127.036202,address
11650|양재동|11-120,37.483312,127.036798,address
11650|양재동|11-17,37.484457,127.036687,address
11650|양재동|11-74,37.483481,127.037169,address
11650|양재동|119-3,37.474783,127.036530,address
11650|양재동|12-10,37.484111,127.034998,address
11650|양재동|122-2,37.475830,127.037265,address
11650|양재동|137-1,37.475197,127.032792,address
11650|양재동|15-11,37.481091,127.038656,address
11650|양재동|15-12,37.481272,127.038525,address
11650|양재동|15-9,37.480719,127.038724,address
11650|양재동|154-2,37.476618,127.029457,address
11650|양재동|16-21,37.480767,127.039710,address
11650|양재동|16-22,37.480901,127.039944,address
11650|양재동|16-28,37.480435,127.039716,address
11650|양재동|160-2,37.477541,127.029053,address
11650|양재동|17-33,37.481155,127.039585,address
11650|양재동|17-35,37.481361,127.039766,address
11650|양재동|19,37.481036,127.040383,address
11650|양재동|19-1,37.480857,127.040468,address
11650|양재동|20-18,37.479356,127.039239,address
11650|양재동|203-11,37.466478,127.034586,address
11650|양재동|203-2,37.466664,127.034765,address
11650|양재동|206-7,37.465468,127.035265,address
11650|양재동|206-8,37.465633,127.035368,address
11650|양재동|27,37.480902,127.036907,address
11650|양재동|286-6,37.473545,127.047195,address
11650|양재동|292,37.473298,127.045157,address
11650|양재동|3-1,37.484145,127.041363,address
11650|양재동|302,37.474652,127.044973,address
11650|양재동|306-11,37.473843,127.044328,address
11650|양재동|312-3,37.471673,127.040704,address
11650|양재동|317-4,37.469797,127.040198,address
11650|양재동|322,37.470757,127.040708,address
11650|양재동|325-1,37.469887,127.040578,address
11650|양재동|333-9,37.470574,127.043113,address
11650|양재동|340-8,37.469425,127.043950,address
11650|양재동|352-11,37.467120,127.044276,address
11650|양재동|352-13,37.467389,127.044647,address
11650|양재동|352-7,37.466699,127.043694,address
11650|양재동|359,37.468502,127.044566,address
11650|양재동|362-6,37.468189,127.045752,address
11650|양재동|363-3,37.468850,127.046664,address
11650|양재동|370,37.470351,127.044194,address
11650|양재동|376-4,37.470801,127.045138,address
11650|양재동|378-1,37.471470,127.045747,address
11650|양재동|379-3,37.471308,127.046214,address
11650|양재동|382,37.470580,127.046358,address
11650|양재동|385-11,37.470320,127.048703,address
11650|양재동|385-9,37.470113,127.048428,address
11650|양재동|389-2,37.470956,127.047331,address
11650|양재동|391-12,37.471475,127.047144,address
11650|양재동|401,37.472197,127.049464,address
11650|양재동|402-10,37.471176,127.049895,address
11650|양재동|402-13,37.470881,127.049458,address
11650|양재동|402-15,37.470681,127.049167,address
11650|양재동|402-6,37.471577,127.050471,address
11650|양재동|402-8,37.471368,127.050187,address
11650|양재동|6-11,37.482514,127.041398,address
11650|양재동|6-13,37.482383,127.041829,address
11650|양재동|6-19,37.481966,127.041712,address
11650|양재동|6-29,37.482050,127.041309,address
11650|양재동|6-31,37.482278,127.041279,address
11650|양재동|6-36,37.481842,127.041091,address
11650|양재동|66-3,37.478613,127.037513,address
11650|양재동|7-17,37.483966,127.040336,address
11650|양재동|7-39,37.483289,127.040410,address
11650|양재동|7-45,37.483195,127.040769,address
11650|양재동|8-24,37.483802,127.039098,address
11650|양재동|8-36,37.483627,127.039313,address
11650|양재동|8-37,37.483605,127.039161,address
11650|양재동|9-38,37.482513,127.039661,address
11650|양재동|90,37.479034,127.041499,address
11650|양재동|91,37.478553,127.040753,address
11650|우면동|57,37.472715,127.022969,address
11650|우면동|59,37.471322,127.023698,address
11650|우면동|67,37.471531,127.025891,address
11650|우면동|70,37.472596,127.027657,address
11650|우면동|707,37.463607,127.019939,address
11650|우면동|712,37.462806,127.021707,address
11650|우면동|717,37.464095,127.028118,address
11650|우면동|720,37.463634,127.026233,address
11650|우면동|735,37.461923,127.023124,address
11650|우면동|737,37.461450,127.026491,address
11650|우면동|753,37.456436,127.013252,address
11650|우면동|764,37.456461,127.016237,address
11650|우면동|773,37.457400,127.018071,address
11650|우면동|788,37.458462,127.023655,address
11650|우면동|789,37.458969,127.025049,address
11650|잠원동|157,37.508744,127.010214,address
11650|잠원동|158,37.514859,127.012330,address
11650|잠원동|159,37.514573,127.007080,address
11650|잠원동|160,37.510137,127.008362,address
11650|잠원동|161,37.518692,127.013638,address
11650|잠원동|162,37.506864,127.001841,address
11650|잠원동|163,37.507676,127.002785,address
11650|잠원동|164,37.508346,127.002135,address
11650|잠원동|165,37.516896,127.013649,address
11650|잠원동|19-4,37.515163,127.017980,address
11650|잠원동|31-14,37.512945,127.017036,address
11650|잠원동|32-22,37.512298,127.016010,address
11650|잠원동|33-11,37.512623,127.016517,address
11650|잠원동|33-7,37.512095,127.016395,address
11650|잠원동|34-1,37.511679,127.016518,address
11650|잠원동|42-13,37.511349,127.018356,address
11650|잠원동|48-5,37.511277,127.016231,address
11650|잠원동|49-17,37.520025,127.013347,address
11650|잠원동|49-37,37.522562,127.016236,address
11650|잠원동|49-5,37.522365,127.016029,address
11650|잠원동|49-7,37.522061,127.016065,address
11650|잠원동|49-8,37.521318,127.015131,address
11650|잠원동|50,37.520184,127.016436,address
11650|잠원동|50-1,37.519041,127.015940,address
11650|잠원동|50-5,37.516160,127.014709,address
11650|잠원동|51,37.519214,127.014658,address
11650|잠원동|52-2,,,miss
11650|잠원동|53,37.518461,127.012715,address
11650|잠원동|53-15,37.517750,127.012288,address
11650|잠원동|54,37.517526,127.011154,address
11650|잠원동|54-7,37.515685,127.013422,address
11650|잠원동|55-12,37.516890,127.009599,address
11650|잠원동|55-7,37.518805,127.011581,address
11650|잠원동|56-2,37.515778,127.009830,address
11650|잠원동|56-3,37.515969,127.010782,address
11650|잠원동|58,37.514617,127.014147,address
11650|잠원동|58-16,37.512538,127.014015,address
11650|잠원동|58-22,37.510798,127.014201,address
11650|잠원동|58-24,37.509889,127.013845,address
11650|잠원동|59-10,37.509129,127.013594,address
11650|잠원동|59-12,37.509666,127.015178,address
11650|잠원동|59-3,37.508837,127.012542,address
11650|잠원동|60-3,37.511847,127.012424,address
11650|잠원동|60-3#11650-129,37.514072,127.006583,keyword
11650|잠원동|60-3#11650-6434,37.511846,127.012424,keyword
11650|잠원동|60-4,37.509487,127.011421,address
11650|잠원동|60-6,37.511454,127.010479,address
11650|잠원동|60-7,37.511767,127.011185,address
11650|잠원동|60-78,37.510142,127.011730,address
11650|잠원동|61,37.515094,127.008887,address
11650|잠원동|61-1,37.514851,127.009340,address
11650|잠원동|61-2,37.514217,127.010171,address
11650|잠원동|62-4,37.513058,127.009672,address
11650|잠원동|62-6,37.512413,127.009771,address
11650|잠원동|63-2,37.514199,127.008410,address
11650|잠원동|63-34,37.513581,127.009313,address
11650|잠원동|65-32,37.512449,127.007897,address
11650|잠원동|65-33,37.511667,127.007248,address
11650|잠원동|65-8,37.513361,127.007871,address
11650|잠원동|67-1,37.508494,127.008720,address
11650|잠원동|67-2,37.508245,127.009026,address
11650|잠원동|70,37.508353,127.005980,address
11650|잠원동|71,37.512241,127.005901,address
11650|잠원동|71-1,37.511923,127.005978,address
11650|잠원동|71-11,37.510927,127.005987,address
11650|잠원동|71-12,37.510844,127.006489,address
11650|잠원동|71-15,37.510239,127.005401,address
11650|잠원동|71-17,37.510199,127.004848,address
11650|잠원동|71-8,37.511837,127.005336,address
11650|잠원동|71-9,37.511523,127.005493,address
11650|잠원동|73,37.510699,127.002864,address
11650|잠원동|74,,,miss
11650|잠원동|76-2,37.506801,127.000648,address
11650|잠원동|8-27,37.517712,127.018325,address
11680|개포동|1164-12,37.473188,127.052952,address
11680|개포동|1164-13,37.473283,127.053096,address
11680|개포동|1164-14,37.473378,127.053240,address
11680|개포동|1164-20,37.473947,127.054106,address
11680|개포동|1164-25,37.474393,127.054819,address
11680|개포동|1164-28,37.474625,127.055195,address
11680|개포동|1164-30,37.474820,127.054793,address
11680|개포동|1164-7,37.472715,127.052232,address
11680|개포동|1165,37.474096,127.053756,address
11680|개포동|1167,37.473211,127.052379,address
11680|개포동|12,37.494185,127.075215,address
11680|개포동|12#11680-279,37.494987,127.077138,keyword
11680|개포동|12#11680-280,37.494641,127.075385,keyword
11680|개포동|12-2,37.496296,127.076625,address
11680|개포동|1204-5,37.477350,127.050374,address
11680|개포동|1242-2,37.479875,127.046060,address
11680|개포동|1260-11,37.479366,127.048893,address
11680|개포동|1260-2,37.479509,127.048781,address
11680|개포동|1260-4,37.479546,127.049130,address
11680|개포동|1280,37.481171,127.064887,address
11680|개포동|1281,37.483988,127.067392,address
11680|개포동|1282,37.478384,127.054257,address
11680|개포동|1283,37.478494,127.055445,address
11680|개포동|1284,37.485563,127.071783,address
11680|개포동|141,37.478489,127.061614,address
11680|개포동|166-4,37.482914,127.061290,address
11680|개포동|172-3,37.484308,127.059965,address
11680|개포동|176-1,37.487299,127.060268,address
11680|개포동|176-2,37.487331,127.060656,address
11680|개포동|177,37.487892,127.060956,address
11680|개포동|179,37.488185,127.062388,address
11680|개포동|185,37.489075,127.071512,address
11680|개포동|185#11680-290,37.488688,127.070794,keyword
11680|개포동|185#11680-578,37.489525,127.072384,keyword
11680|개포동|187,37.487623,127.068504,address
11680|개포동|189,37.485187,127.071464,keyword
11680|개포동|649,37.484515,127.054174,address
11680|개포동|649#11680-277,37.484506,127.053089,keyword
11680|개포동|649#11680-278,37.484514,127.054172,keyword
11680|개포동|651-1,37.484830,127.057251,address
11680|개포동|651-1#11680-286,37.484830,127.057251,address
11680|개포동|651-1#11680-5015,37.484830,127.057251,keyword
11680|개포동|652,37.483973,127.056014,address
11680|개포동|653,37.482670,127.054426,address
11680|개포동|654,37.482478,127.051253,address
11680|개포동|655-1,37.481693,127.052680,address
11680|개포동|655-2,37.481456,127.053099,address
11680|개포동|658-1,37.476156,127.057212,address
11680|개포동|660-4,37.480723,127.058351,address
11680|논현동|102-9,37.519264,127.039927,address
11680|논현동|103,37.519630,127.038131,address
11680|논현동|103-11,37.519677,127.038856,address
11680|논현동|104-23,37.519052,127.038729,address
11680|논현동|105,37.519354,127.036575,address
11680|논현동|105-3,37.518781,127.037507,address
11680|논현동|105-4,37.520717,127.037147,address
11680|논현동|106,37.518096,127.035885,address
11680|논현동|107-44,37.517834,127.037354,address
11680|논현동|108,37.518453,127.038030,address
11680|논현동|108-2,37.518048,127.037938,address
11680|논현동|109-9,37.518731,127.038679,address
11680|논현동|114-23,37.517176,127.036867,address
11680|논현동|118-8,37.517191,127.039686,address
11680|논현동|122-25,37.510410,127.024280,address
11680|논현동|138-9,37.510238,127.026107,address
11680|논현동|16-42,37.514936,127.021235,address
11680|논현동|180-6,37.507567,127.027989,address
11680|논현동|192-3,37.508177,127.032832,address
11680|논현동|194-22,37.507207,127.030696,address
11680|논현동|194-23,37.507685,127.030729,address
11680|논현동|195-1,37.506862,127.028750,address
11680|논현동|196,37.506370,127.027637,address
11680|논현동|196-4,37.506714,127.028320,address
11680|논현동|205-2,37.506823,127.030395,address
11680|논현동|211-21,37.513835,127.034969,address
11680|논현동|212-13,37.513519,127.034141,address
11680|논현동|212-20,37.513022,127.034163,address
11680|논현동|214-2,37.512747,127.032723,address
11680|논현동|215-14,37.512472,127.032275,address
11680|논현동|216-1,37.512178,127.032382,address
11680|논현동|217-34,37.512606,127.033808,address
11680|논현동|22,37.514716,127.022669,address
11680|논현동|221-7,37.509716,127.033524,address
11680|논현동|222-18,37.510253,127.034152,address
11680|논현동|225-6,37.510542,127.035945,address
11680|논현동|228-9,37.508963,127.033824,address
11680|논현동|241-1,37.516553,127.040139,address
11680|논현동|245,37.514747,127.038137,address
11680|논현동|249-9,37.512216,127.036183,address
11680|논현동|252,37.514042,127.038773,address
11680|논현동|252-1,37.513547,127.038775,address
11680|논현동|258,37.512535,127.038369,address
11680|논현동|261,37.511624,127.036311,address
11680|논현동|261-7,37.511855,127.036582,address
11680|논현동|261-8,37.511587,127.036769,address
11680|논현동|267-23,37.512383,127.042351,address
11680|논현동|268-12,37.511273,127.042826,address
11680|논현동|271-6,37.511249,127.040216,address
11680|논현동|274,37.510682,127.038199,address
11680|논현동|275,37.510357,127.037652,address
11680|논현동|276-1,37.509525,127.038955,address
11680|논현동|39-10,37.514837,127.027326,address
11680|논현동|40,37.514257,127.026539,address
11680|논현동|43-3,37.513300,127.024198,address
11680|논현동|44-6,37.513152,127.023918,address
11680|논현동|44-8,37.513554,127.023728,address
11680|논현동|44-9,37.513729,127.023644,address
11680|논현동|46-2,37.513258,127.022903,address
11680|논현동|46-3,37.513048,127.022957,address
11680|논현동|47-11,37.512911,127.022639,address
11680|논현동|53-1,37.512462,127.023123,address
11680|논현동|55,37.512603,127.023887,address
11680|논현동|55-12,37.512763,127.024435,address
11680|논현동|58-2,37.513886,127.028885,address
11680|논현동|62-3,37.520289,127.032216,address
11680|논현동|79-5,37.516455,127.031313,address
11680|논현동|79-7,37.517041,127.031301,address
11680|논현동|80-13,37.516226,127.030587,address
11680|논현동|9-2,37.517673,127.026882,address
11680|대치동|1007-1,37.504669,127.066666,address
11680|대치동|1007-2,37.504252,127.066698,address
11680|대치동|1009-4,37.501581,127.068103,address
11680|대치동|1014-1,37.497025,127.057527,address
11680|대치동|1014-3,37.496387,127.058402,address
11680|대치동|1015-6,37.497050,127.058493,address
11680|대치동|1016-2,37.497571,127.060117,address
11680|대치동|1017-1,37.497390,127.060428,address
11680|대치동|1025,37.496246,127.053993,address
11680|대치동|1027,37.494298,127.058003,address
11680|대치동|1029,37.495770,127.060351,address
11680|대치동|1030,37.501571,127.064072,address
11680|대치동|1031,37.497297,127.060895,address
11680|대치동|1032,37.501558,127.061706,address
11680|대치동|316,37.497540,127.065444,address
11680|대치동|500,37.490825,127.057166,address
11680|대치동|503,37.491125,127.059896,address
11680|대치동|506,37.492127,127.062565,address
11680|대치동|506#11680-211,37.492127,127.062565,address
11680|대치동|506#11680-3559,37.492127,127.062565,address
11680|대치동|511,37.493393,127.067350,address
11680|대치동|511#11680-222,37.493393,127.067353,keyword
11680|대치동|511#11680-481,37.494983,127.066850,keyword
11680|대치동|602,37.494178,127.060948,address
11680|대치동|63,37.500234,127.069139,address
11680|대치동|65,37.499473,127.070483,address
11680|대치동|650,37.492450,127.057178,address
11680|대치동|66,37.498067,127.071072,address
11680|대치동|670,37.492793,127.055745,address
11680|대치동|888,37.495057,127.054563,address
11680|대치동|889-74,37.503371,127.050529,address
11680|대치동|890-42,37.504315,127.052556,address
11680|대치동|890-49,37.504496,127.051555,address
11680|대치동|890-54,37.504255,127.051459,address
11680|대치동|891-23,37.505081,127.053522,address
11680|대치동|891-26,37.504633,127.053752,address
11680|대치동|891-28,37.504544,127.054209,address
11680|대치동|891-6,37.505688,127.054004,address
11680|대치동|893,37.504756,127.056449,address
11680|대치동|894,37.504302,127.054809,address
11680|대치동|901-51,37.502971,127.055465,address
11680|대치동|902,37.503959,127.057042,address
11680|대치동|904-10,37.502768,127.056191,address
11680|대치동|907-12,37.501114,127.051786,address
11680|대치동|907-2,37.501387,127.051593,address
11680|대치동|910-3,37.501532,127.054568,address
11680|대치동|910-4,37.501611,127.054813,address
11680|대치동|910-5,37.501706,127.055065,address
11680|대치동|910-6,37.501389,127.055005,address
11680|대치동|914-8,37.501727,127.058002,address
11680|대치동|915-13,37.501139,127.058316,address
11680|대치동|920-32,37.499727,127.052602,address
11680|대치동|929-8,37.500089,127.058485,address
11680|대치동|933,37.498991,127.057111,address
11680|대치동|933-35,37.499051,127.057287,address
11680|대치동|934-1,37.498523,127.055901,address
11680|대치동|938-11,37.497798,127.055456,address
11680|대치동|938-13,37.498014,127.055872,address
11680|대치동|938-16,37.497596,127.055761,address
11680|대치동|941-13,37.499182,127.059738,address
11680|대치동|950,37.506883,127.062278,address
11680|대치동|950-3,37.506614,127.062423,address
11680|대치동|974,37.500931,127.060970,address
11680|대치동|975-20,37.500797,127.062142,address
11680|대치동|985,37.501045,127.065487,address
11680|대치동|986,37.500392,127.063400,address
11680|대치동|986-14,37.500553,127.063847,address
11680|대치동|988-4,37.499929,127.061182,address
11680|대치동|992,37.499896,127.065297,address
11680|도곡동|153-2,37.488584,127.045746,address
11680|도곡동|161,37.488712,127.046430,address
11680|도곡동|162-4,37.487719,127.046771,address
11680|도곡동|164-6,37.487909,127.047612,address
11680|도곡동|183,37.487722,127.045970,address
11680|도곡동|183-7,37.487524,127.045607,address
11680|도곡동|183-8,37.487949,127.045569,address
11680|도곡동|184-3,37.487692,127.045372,address
11680|도곡동|190-3,37.488774,127.044777,address
11680|도곡동|192-2,37.487634,127.044568,address
11680|도곡동|193-1,37.488056,127.045003,address
11680|도곡동|193-42,37.486683,127.044596,address
11680|도곡동|193-45,37.486993,127.044310,address
11680|도곡동|193-67,37.487569,127.044148,address
11680|도곡동|194,37.486406,127.044033,address
11680|도곡동|199-1,37.486808,127.043642,address
11680|도곡동|199-4,37.486347,127.043607,address
11680|도곡동|200-1,37.487128,127.043592,address
11680|도곡동|200-5,37.486928,127.043928,address
11680|도곡동|201,37.487339,127.043428,address
11680|도곡동|202,37.487829,127.043827,address
11680|도곡동|462,37.486168,127.046278,address
11680|도곡동|462-1,37.485816,127.046799,address
11680|도곡동|462-2,37.485480,127.046411,address
11680|도곡동|463-1,37.485971,127.047581,address
11680|도곡동|464,37.486890,127.048897,address
11680|도곡동|465,37.485443,127.049474,address
11680|도곡동|467,37.488223,127.054439,address
11680|도곡동|467-10,37.488445,127.052560,address
11680|도곡동|467-17,37.489711,127.054491,address
11680|도곡동|467-18,37.487081,127.051053,address
11680|도곡동|467-19,37.487362,127.051325,address
11680|도곡동|467-24,37.486517,127.051883,address
11680|도곡동|467-29,37.487336,127.052830,address
11680|도곡동|467-6,37.488121,127.051078,address
11680|도곡동|467-7,37.488673,127.052102,address
11680|도곡동|514-3,37.484122,127.042508,address
11680|도곡동|527,37.493542,127.050547,address
11680|도곡동|538-3,37.495087,127.050531,address
11680|도곡동|543-7,37.492275,127.043512,address
11680|도곡동|550-1,37.489842,127.037030,address
11680|도곡동|551-28,37.490246,127.036716,address
11680|도곡동|869,37.490793,127.042278,address
11680|도곡동|895-8,37.487852,127.040227,address
11680|도곡동|91-5,37.489818,127.050629,address
11680|도곡동|919-3,37.485930,127.037565,address
11680|도곡동|933,37.487980,127.038116,address
11680|도곡동|934-10,37.488198,127.037115,address
11680|도곡동|941-1,37.490065,127.034386,address
11680|도곡동|944-5,37.489292,127.034158,address
11680|도곡동|944-6,37.489120,127.034294,address
11680|도곡동|949-1,37.488046,127.033143,address
11680|도곡동|949-2,37.487804,127.032894,address
11680|도곡동|950-19,37.487014,127.035116,address
11680|도곡동|952,37.486477,127.033528,address
11680|도곡동|952-14,37.486240,127.034031,address
11680|도곡동|953-1,37.485309,127.034403,address
11680|도곡동|954-17,37.485585,127.035640,address
11680|도곡동|955,37.486141,127.035826,address
11680|도곡동|957-11,37.485145,127.035757,address
11680|도곡동|960,37.486402,127.039846,address
11680|도곡동|961,37.488964,127.038017,address
11680|도곡동|963,37.490450,127.039997,address
11680|도곡동|964,37.488967,127.039576,address
11680|도곡동|965,37.485925,127.038942,address
11680|도곡동|966,37.489154,127.048786,address
11680|도곡동|967,37.488873,127.040804,address
11680|도곡동|968,37.488764,127.035100,address
11680|도곡동|969,37.489182,127.037102,address
11680|도곡동|970,37.489845,127.037810,address
11680|도곡동|972,37.487736,127.039178,address
11680|도곡동|973,37.488413,127.039599,address
11680|삼성동|100-14,37.516250,127.065771,address
11680|삼성동|101,37.516372,127.064999,address
11680|삼성동|102,37.516596,127.064084,address
11680|삼성동|102-2,37.516867,127.064770,address
11680|삼성동|103-22,37.517135,127.063973,address
11680|삼성동|104,37.516148,127.062207,address
11680|삼성동|104-10,37.516248,127.062850,address
11680|삼성동|105,37.515709,127.062723,address
11680|삼성동|106,37.515601,127.061739,address
11680|삼성동|107,37.514886,127.060412,address
11680|삼성동|108-1,37.515141,127.062089,address
11680|삼성동|108-2,37.515171,127.062263,address
11680|삼성동|109-21,37.515517,127.064001,address
11680|삼성동|11,37.515274,127.044744,address
11680|삼성동|110-2,37.515563,127.065758,address
11680|삼성동|114-11,37.511453,127.048839,address
11680|삼성동|117,37.512318,127.051830,address
11680|삼성동|117-18,37.512059,127.051624,address
11680|삼성동|121-38,37.510389,127.053406,address
11680|삼성동|122-7,37.510383,127.052337,address
11680|삼성동|126,37.509234,127.053837,address
11680|삼성동|127-5,37.509604,127.054378,address
11680|삼성동|129,37.508500,127.054054,address
11680|삼성동|129-20,37.508025,127.054307,address
11680|삼성동|129-5,37.508806,127.054425,address
11680|삼성동|130,37.508589,127.053406,address
11680|삼성동|130-2,37.508417,127.053627,address
11680|삼성동|130-6,37.508147,127.053832,address
11680|삼성동|14-1,37.515992,127.046228,address
11680|삼성동|142-16,37.506290,127.051780,address
11680|삼성동|142-3,37.506168,127.050929,address
11680|삼성동|142-7,37.506558,127.050853,address
11680|삼성동|143-37,37.506165,127.052987,address
11680|삼성동|144-10,37.507056,127.054832,address
11680|삼성동|144-14,37.508014,127.055396,address
11680|삼성동|146,37.513055,127.054630,address
11680|삼성동|147-2,37.513259,127.055979,address
11680|삼성동|16-2,37.516312,127.048473,address
11680|삼성동|17,37.517676,127.048702,address
11680|삼성동|188,37.515420,127.051131,address
11680|삼성동|189,37.517709,127.049865,address
11680|삼성동|2,37.517030,127.042745,address
11680|삼성동|29-11,37.513370,127.045838,address
11680|삼성동|29-19,37.514338,127.045811,address
11680|삼성동|3-1,37.517433,127.044098,address
11680|삼성동|3-2,37.517485,127.044379,address
11680|삼성동|3-3,37.517448,127.044848,address
11680|삼성동|3-8,37.517182,127.044329,address
11680|삼성동|33-20,37.513146,127.044213,address
11680|삼성동|33-22,37.512864,127.044015,address
11680|삼성동|33-24,37.512855,127.044321,address
11680|삼성동|37,37.510960,127.043967,address
11680|삼성동|4-3,37.517794,127.046080,address
11680|삼성동|4-6,37.517389,127.045504,address
11680|삼성동|42-4,37.512280,127.047290,address
11680|삼성동|43,37.513121,127.047796,address
11680|삼성동|45-5,37.512626,127.049629,address
11680|삼성동|47-18,37.513462,127.049537,address
11680|삼성동|47-20,37.513060,127.049672,address
11680|삼성동|48,37.513982,127.049876,address
11680|삼성동|5-3,37.516978,127.046438,address
11680|삼성동|50,37.513859,127.051486,address
11680|삼성동|52-9,37.518530,127.051129,address
11680|삼성동|53-2,37.518714,127.052121,address
11680|삼성동|57-9,37.519103,127.054999,address
11680|삼성동|6,37.516788,127.044681,address
11680|삼성동|64-4,37.517419,127.052253,address
11680|삼성동|64-5,37.517035,127.052426,address
11680|삼성동|64-7,37.517434,127.052868,address
11680|삼성동|65-4,37.516816,127.051719,address
11680|삼성동|66-1,37.516394,127.052191,address
11680|삼성동|7-3,37.516135,127.043524,address
11680|삼성동|71-16,37.514409,127.053328,address
11680|삼성동|75-3,37.513819,127.054114,address
11680|삼성동|78-4,37.519777,127.058363,address
11680|삼성동|79,37.519973,127.059783,keyword
11680|삼성동|79#11680-200,37.519973,127.059783,keyword
11680|삼성동|79#11680-6669,37.519973,127.059783,keyword
11680|삼성동|8-2,37.515556,127.042367,address
11680|삼성동|82-1,37.519445,127.061035,address
11680|삼성동|82-4,37.519149,127.061327,address
11680|삼성동|87,37.518108,127.059421,address
11680|삼성동|90,37.516758,127.059424,address
11680|삼성동|91-16,37.516149,127.061585,address
11680|삼성동|97,37.519008,127.063944,address
11680|삼성동|97-2,37.518769,127.064256,address
11680|삼성동|98-11,37.517856,127.064140,address
11680|삼성동|98-18,37.518130,127.064571,address
11680|삼성동|99,37.517438,127.064865,address
11680|삼성동|99-11,37.517371,127.065337,address
11680|삼성동|99-12,37.517064,127.065529,address
11680|삼성동|99-13,37.516994,127.065139,address
11680|삼성동|99-3,37.517848,127.064673,address
11680|세곡동|508,37.464230,127.100503,address
11680|세곡동|511,37.464169,127.102754,address
11680|세곡동|516,37.463780,127.104410,address
11680|세곡동|525,37.460341,127.101161,address
11680|세곡동|533,37.466779,127.092967,address
11680|세곡동|579,37.466911,127.102826,address
11680|수서동|708,37.489161,127.100946,address
11680|수서동|712,37.489470,127.103576,address
11680|수서동|736,37.487073,127.098443,address
11680|수서동|738,37.485322,127.096513,address
11680|수서동|746,37.484734,127.087618,address
11680|수서동|747,37.484896,127.090678,address
11680|수서동|795,37.480983,127.090877,address
11680|수서동|799,37.481253,127.094874,address
11680|신사동|506-9,37.520130,127.019621,address
11680|신사동|510-11,37.518772,127.020669,address
11680|신사동|522,37.520734,127.019970,address
11680|신사동|523-4,37.521059,127.020664,address
11680|신사동|524-8,37.521467,127.021609,address
11680|신사동|540-2,37.519482,127.024363,address
11680|신사동|547-7,37.523391,127.023011,address
11680|신사동|547-8,37.523058,127.023062,address
11680|신사동|550-20,37.523700,127.023847,address
11680|신사동|550-5,37.523566,127.023652,address
11680|신사동|550-7,37.523804,127.024080,address
11680|신사동|551-5,37.521844,127.023781,address
11680|신사동|555-11,37.520664,127.024727,address
11680|신사동|562,37.520276,127.026242,address
11680|신사동|562-24,37.520403,127.026535,address
11680|신사동|569-1,37.523758,127.026301,address
11680|신사동|588-16,37.521105,127.031391,address
11680|신사동|590-7,37.521517,127.029241,address
11680|신사동|591-11,37.521765,127.029070,address
11680|신사동|593-32,37.522233,127.029763,address
11680|신사동|606-2,37.524894,127.030721,address
11680|신사동|622,37.526238,127.031909,address
11680|신사동|622-1,37.526127,127.032438,address
11680|신사동|626,37.523749,127.030717,address
11680|신사동|626-1,37.523790,127.031007,address
11680|신사동|632,37.523776,127.033706,address
11680|신사동|634-14,37.526004,127.034359,address
11680|신사동|635-14,37.526555,127.034624,address
11680|신사동|649-5,37.525323,127.035169,address
11680|신사동|658,37.526978,127.037238,address
11680|신사동|659,37.527448,127.037241,address
11680|압구정동|369-1,37.532784,127.027335,address
11680|압구정동|369-1#11680-415,37.532784,127.027335,address
11680|압구정동|369-1#11680-416,37.532784,127.027335,address
11680|압구정동|397,37.523947,127.018254,address
11680|압구정동|414,37.525306,127.020095,address
11680|압구정동|426,37.526223,127.024479,address
11680|압구정동|433,37.527556,127.024420,address
11680|압구정동|434,37.528929,127.024109,address
11680|압구정동|436,37.531092,127.025074,address
11680|압구정동|443,37.531261,127.026959,address
11680|압구정동|444,37.530886,127.027117,address
11680|압구정동|446,37.530468,127.027258,address
11680|압구정동|447,37.530625,127.026137,address
11680|압구정동|448,37.530234,127.027337,address
11680|압구정동|455,37.531976,127.028563,address
11680|압구정동|456,37.529934,127.028905,address
11680|압구정동|456#11680-420,37.529934,127.028905,address
11680|압구정동|456#11680-421,37.529934,127.028905,address
11680|압구정동|456#11680-475,37.531494,127.032280,keyword
11680|압구정동|462,37.532377,127.030655,address
11680|압구정동|481,37.531215,127.035439,address
11680|압구정동|484,37.529794,127.036052,address
11680|압구정동|486,37.530908,127.036865,address
11680|압구정동|489,37.529156,127.038167,address
11680|압구정동|490,37.530315,127.038801,address
11680|압구정동|493,37.529822,127.040501,address
11680|압구정동|510,37.529968,127.041761,address
11680|압구정동|513,37.528939,127.042075,address
11680|압구정동|528,37.529127,127.044063,address
11680|역삼동|604,37.505426,127.030051,address
11680|역삼동|606-18,37.506487,127.033791,address
11680|역삼동|607-17,37.504693,127.034492,address
11680|역삼동|628-1,37.504295,127.034562,address
11680|역삼동|633,37.502802,127.030475,address
11680|역삼동|633-11,37.502003,127.031115,address
11680|역삼동|633-22,37.502594,127.031139,address
11680|역삼동|635-5,37.500859,127.029054,address
11680|역삼동|636,37.501315,127.031281,address
11680|역삼동|636-33,37.501282,127.031080,address
11680|역삼동|644-6,37.501521,127.034531,address
11680|역삼동|653-4,37.507919,127.038176,address
11680|역삼동|656-30,37.506671,127.038641,address
11680|역삼동|656-31,37.506728,127.038833,address
11680|역삼동|656-32,37.506786,127.039025,address
11680|역삼동|664-5,37.504980,127.038449,address
11680|역삼동|667-1,37.504708,127.035628,address
11680|역삼동|678-27,37.502244,127.039105,address
11680|역삼동|681-26,37.509171,127.041310,address
11680|역삼동|681-46,37.509165,127.042146,address
11680|역삼동|682-1,37.509341,127.042807,address
11680|역삼동|685-19,37.507973,127.042972,address
11680|역삼동|706-10,37.502144,127.043554,address
11680|역삼동|706-11,37.502197,127.043726,address
11680|역삼동|706-20,37.501956,127.044242,address
11680|역삼동|706-24,37.501773,127.043957,address
11680|역삼동|707-15,37.502503,127.045191,address
11680|역삼동|707-18,37.502692,127.045842,address
11680|역삼동|708-31,37.503120,127.048337,address
11680|역삼동|709-5,37.502353,127.046728,address
11680|역삼동|710,37.501352,127.044952,address
11680|역삼동|711-3,37.500070,127.044638,address
11680|역삼동|712-5,37.499999,127.046469,address
11680|역삼동|713-11,37.499305,127.045779,address
11680|역삼동|713-7,37.500600,127.047422,address
11680|역삼동|716,37.502438,127.049360,address
11680|역삼동|716-3,37.501413,127.049868,address
11680|역삼동|720-25,37.501456,127.042689,address
11680|역삼동|722,37.500572,127.042311,address
11680|역삼동|723-16,37.499914,127.041303,address
11680|역삼동|723-21,37.499548,127.041184,address
11680|역삼동|727-11,37.497334,127.039398,address
11680|역삼동|727-2,37.497947,127.039108,address
11680|역삼동|727-9,37.497538,127.039302,address
11680|역삼동|728-10,37.498193,127.040087,address
11680|역삼동|728-45,37.498493,127.041066,address
11680|역삼동|728-52,37.497995,127.041419,address
11680|역삼동|728-6,37.497686,127.039648,address
11680|역삼동|729-37,37.498518,127.042509,address
11680|역삼동|732-25,37.497661,127.042307,address
11680|역삼동|735-15,37.498528,127.033482,address
11680|역삼동|741-22,37.497328,127.035010,address
11680|역삼동|745-13,37.497009,127.037248,address
11680|역삼동|747,37.496092,127.037344,address
11680|역삼동|747-1,37.495857,127.037337,address
11680|역삼동|747-5,37.495705,127.037862,address
11680|역삼동|754,37.498571,127.046419,address
11680|역삼동|754-1,37.497753,127.046781,address
11680|역삼동|755-1,37.499722,127.049979,address
11680|역삼동|755-4,37.498778,127.049878,address
11680|역삼동|757,37.497516,127.050048,address
11680|역삼동|759-1,37.497172,127.047659,address
11680|역삼동|760-7,37.496660,127.047267,address
11680|역삼동|761,37.496760,127.045969,address
11680|역삼동|761-10,37.496268,127.046375,address
11680|역삼동|761-3,37.496694,127.046403,address
11680|역삼동|761-9,37.496562,127.046062,address
11680|역삼동|762-3,37.495165,127.047245,address
11680|역삼동|763-16,37.496500,127.048147,address
11680|역삼동|765-32,37.496754,127.051497,address
11680|역삼동|766-8,37.496133,127.050400,address
11680|역삼동|771-4,37.497309,127.042837,address
11680|역삼동|775-14,37.496154,127.041969,address
11680|역삼동|775-15,37.496294,127.042098,address
11680|역삼동|777-2,37.495199,127.040914,address
11680|역삼동|777-49,37.495260,127.041119,address
11680|역삼동|778,37.495835,127.042828,address
11680|역삼동|778-5,37.495671,127.042904,address
11680|역삼동|783-28,37.494265,127.043749,address
11680|역삼동|783-3,37.494421,127.043393,address
11680|역삼동|783-30,37.494202,127.043532,address
11680|역삼동|787-4,37.493613,127.042671,address
11680|역삼동|789-29,37.494160,127.035665,address
11680|역삼동|791-23,37.494187,127.038793,address
11680|역삼동|794-19,37.492809,127.037785,address
11680|역삼동|794-24,37.492568,127.037794,address
11680|역삼동|794-28,37.492194,127.037526,address
11680|역삼동|795-41,37.492757,127.038428,address
11680|역삼동|796-29,37.493002,127.039117,address
11680|역삼동|797-12,37.494394,127.039172,address
11680|역삼동|823-7,37.498406,127.032264,address
11680|역삼동|824-25,37.497583,127.031110,address
11680|역삼동|826-29,37.496304,127.030170,address
11680|역삼동|826-37,37.495400,127.030406,address
11680|역삼동|828-11,37.496419,127.033113,address
11680|역삼동|828-21,37.497579,127.033013,address
11680|역삼동|828-28,37.497202,127.033626,address
11680|역삼동|828-46,37.496565,127.034045,address
11680|역삼동|828-76,37.497413,127.033091,address
11680|역삼동|831-45,37.493661,127.031016,address
11680|역삼동|832-5,37.492220,127.030884,address
11680|역삼동|835-12,37.491785,127.035331,address
11680|역삼동|835-67,37.492085,127.034890,address
11680|역삼동|835-68,37.492309,127.035776,address
11680|역삼동|836,37.491975,127.033000,address
11680|역삼동|836-35,37.492050,127.034026,address
11680|역삼동|838-10,37.490186,127.032841,address
11680|역삼동|900,37.507400,127.039162,address
11680|역삼동|901,37.507184,127.039374,address
11680|역삼동|902,37.500491,127.045688,address
11680|역삼동|905,37.505349,127.034067,address
11680|율현동|365,37.467663,127.105382,address
11680|율현동|513,37.470092,127.110505,address
11680|일원동|614,37.490968,127.077719,address
11680|일원동|615,37.492293,127.078327,address
11680|일원동|615-1,37.491270,127.079307,address
11680|일원동|626,37.492986,127.083731,address
11680|일원동|679,37.490620,127.083060,address
11680|일원동|711,37.492634,127.090284,address
11680|일원동|716,37.484718,127.085672,address
11680|일원동|718,37.484275,127.082613,address
11680|일원동|719,37.483870,127.080871,address
11680|일원동|731,37.482020,127.077849,address
11680|일원동|734,37.481550,127.082090,address
11680|일원동|735,37.482435,127.085380,address
11680|일원동|741,37.489386,127.079882,address
11680|일원동|742,37.490234,127.078730,address
11680|일원동|743,37.490812,127.075204,address
11680|자곡동|602,37.474698,127.101686,address
11680|자곡동|611,37.474193,127.093788,address
11680|자곡동|618,37.472611,127.090992,address
11680|자곡동|619,37.471280,127.088688,address
11680|자곡동|686,37.475380,127.112497,address
11680|자곡동|687,37.474781,127.110119,address
11680|청담동|10,37.521786,127.047587,address
11680|청담동|101,37.528265,127.046284,address
11680|청담동|101-1,37.527958,127.046062,address
11680|청담동|101-17,37.527955,127.046495,address
11680|청담동|102,37.528891,127.046648,address
11680|청담동|102-1,37.528667,127.046561,address
11680|청담동|102-13,37.528617,127.047059,address
11680|청담동|102-2,37.528489,127.047369,address
11680|청담동|102-5,37.528396,127.047786,address
11680|청담동|102-6,37.528618,127.047867,address
11680|청담동|102-7,37.528669,127.047651,address
11680|청담동|104,37.528472,127.048119,address
11680|청담동|104-13,37.528383,127.048776,address
11680|청담동|104-19,37.528302,127.049123,address
11680|청담동|104-5,37.528122,127.048869,address
11680|청담동|105-6,37.528073,127.049859,address
11680|청담동|106,37.528058,127.050155,address
11680|청담동|106-1,37.527792,127.050242,address
11680|청담동|106-17,37.527956,127.050589,address
11680|청담동|106-7,37.527684,127.051200,address
11680|청담동|108,37.527456,127.052237,address
11680|청담동|109-16,37.526733,127.051746,address
11680|청담동|11-25,37.521721,127.046818,address
11680|청담동|110,37.527361,127.050894,address
11680|청담동|110-11,37.526651,127.051046,address
11680|청담동|110-13,37.526665,127.050598,address
11680|청담동|110-3,37.527161,127.051190,address
11680|청담동|110-4,37.527067,127.050781,address
11680|청담동|110-7,37.526869,127.051079,address
11680|청담동|111-11,37.526811,127.049714,address
11680|청담동|113,37.527771,127.048613,address
11680|청담동|113-16,37.527273,127.048768,address
11680|청담동|113-23,37.527694,127.048927,address
11680|청담동|114,37.527977,127.048143,address
11680|청담동|114-18,37.527723,127.048049,address
11680|청담동|114-9,37.527307,127.047683,address
11680|청담동|115-17,37.526789,127.047124,address
11680|청담동|115-6,37.527785,127.047036,address
11680|청담동|115-6#11680-451,37.527589,127.046963,keyword
11680|청담동|115-6#11680-5042,37.527589,127.046963,keyword
11680|청담동|116-10,37.526924,127.047904,address
11680|청담동|116-5,37.526058,127.047556,address
11680|청담동|117-22,37.526682,127.048525,address
11680|청담동|117-3,37.526291,127.048207,address
11680|청담동|117-6,37.525906,127.048092,address
11680|청담동|121,37.526694,127.048945,address
11680|청담동|121-14,37.525707,127.048574,address
11680|청담동|122-1,37.526049,127.049527,address
11680|청담동|122-15,37.526148,127.049974,address
11680|청담동|122-35,37.526433,127.049667,address
11680|청담동|125,37.525274,127.050860,address
11680|청담동|127-16,37.526076,127.052470,address
11680|청담동|127-31,37.526924,127.053071,address
11680|청담동|127-37,37.526342,127.052300,address
11680|청담동|128-1,37.526684,127.053903,address
11680|청담동|128-18,37.526408,127.054147,address
11680|청담동|129,37.526064,127.054267,address
11680|청담동|129-16,37.525344,127.053406,address
11680|청담동|129-7,37.525604,127.053667,address
11680|청담동|130,37.525242,127.055218,address
11680|청담동|130-10,37.524176,127.055767,address
11680|청담동|130-6,37.524829,127.055251,address
11680|청담동|130-7,37.524574,127.055333,address
11680|청담동|134,37.524764,127.056116,address
11680|청담동|134-15,37.523319,127.059177,address
11680|청담동|134-16,37.522974,127.058766,address
11680|청담동|134-38,37.523311,127.057347,address
11680|청담동|14,37.521403,127.045391,address
11680|청담동|141-1,37.527574,127.044142,address
11680|청담동|141-6,37.527361,127.044706,address
11680|청담동|15,37.520624,127.044958,address
11680|청담동|15-21,37.520771,127.046182,address
11680|청담동|23,37.521440,127.040600,address
11680|청담동|28-13,37.519908,127.046932,address
11680|청담동|28-20,37.520416,127.046924,address
11680|청담동|30-33,37.520505,127.047836,address
11680|청담동|32,37.519786,127.048177,address
11680|청담동|33,37.519435,127.047840,address
11680|청담동|34-13,37.519255,127.047330,address
11680|청담동|35-47,37.519282,127.045573,address
11680|청담동|35-48,37.518895,127.045339,address
11680|청담동|36,37.519186,127.044565,address
11680|청담동|42,37.517916,127.042754,address
11680|청담동|43,37.518143,127.043997,address
11680|청담동|43-1,37.518382,127.044475,address
11680|청담동|44-21,37.518576,127.045647,address
11680|청담동|46-12,37.519070,127.048697,address
11680|청담동|46-5,37.519117,127.049136,address
11680|청담동|5-25,37.523702,127.046053,address
11680|청담동|50-5,37.523737,127.049807,address
11680|청담동|54-5,37.523346,127.053555,address
11680|청담동|59-16,37.522622,127.052065,address
11680|청담동|59-2,37.522613,127.051471,address
11680|청담동|59-21,37.522347,127.051486,address
11680|청담동|60,37.522420,127.050536,address
11680|청담동|62-6,37.522885,127.049195,address
11680|청담동|64-1,37.520936,127.050462,address
11680|청담동|65,37.520126,127.051407,address
11680|청담동|67-1,37.522911,127.053667,address
11680|청담동|69-18,37.521641,127.054415,address
11680|청담동|75-1,37.519506,127.051680,address
11680|청담동|76-12,37.519738,127.050492,address
11680|청담동|89-12,37.525379,127.042158,address
11680|청담동|90-10,37.525358,127.042847,address
11680|청담동|90-13,37.525196,127.042541,address
11680|청담동|90-17,37.524845,127.042769,address
11680|청담동|94,37.525542,127.043558,address
11710|가락동|1-10,37.503905,127.124128,address
11710|가락동|1-7,37.503742,127.123710,address
11710|가락동|101-3,37.490397,127.120775,address
11710|가락동|101-4,37.490276,127.120837,address
11710|가락동|101-5,37.490155,127.120899,address
11710|가락동|102,37.489679,127.121736,address
11710|가락동|11-3,37.501864,127.126214,address
11710|가락동|111-12,37.492272,127.122951,address
11710|가락동|111-13,37.492143,127.123099,address
11710|가락동|120-4,37.491879,127.125513,address
11710|가락동|123-12,37.494272,127.124232,address
11710|가락동|126-2,37.492475,127.126752,address
11710|가락동|130-14,37.494230,127.126245,address
11710|가락동|130-3,37.494231,127.125848,address
11710|가락동|137-3,37.492809,127.128148,address
11710|가락동|138,37.493795,127.128586,address
11710|가락동|140,37.495543,127.128118,address
11710|가락동|141-7,37.494550,127.126556,address
11710|가락동|142,37.495546,127.126379,address
11710|가락동|142-1,37.495894,127.126470,address
11710|가락동|147-2,37.497663,127.125738,address
11710|가락동|149-5,37.496315,127.126461,address
11710|가락동|15,37.500951,127.125440,address
11710|가락동|15-11,37.500557,127.125671,address
11710|가락동|15-4,37.500771,127.125710,address
11710|가락동|16-12,37.499935,127.125662,address
11710|가락동|16-21,37.500672,127.124695,address
11710|가락동|160-1,37.501243,127.128739,address
11710|가락동|161-1,37.500318,127.129814,address
11710|가락동|161-2,37.500041,127.130249,address
11710|가락동|164-1,37.496375,127.130822,address
11710|가락동|165,37.498192,127.132097,address
11710|가락동|166-10,37.497347,127.133375,address
11710|가락동|166-15,37.496920,127.133050,address
11710|가락동|166-2,37.497959,127.134311,address
11710|가락동|166-6,37.497726,127.133835,address
11710|가락동|168-1,37.496637,127.135167,address
11710|가락동|169-13,37.497129,127.134978,address
11710|가락동|171,37.497606,127.134410,address
11710|가락동|171-5,37.496946,127.133590,address
11710|가락동|173-4,37.496561,127.134021,address
11710|가락동|173-6,37.496590,127.134313,address
11710|가락동|176,37.495357,127.136773,address
11710|가락동|177-10,37.494313,127.137662,address
11710|가락동|177-7,37.494059,127.137351,address
11710|가락동|177-8,37.494160,127.137485,address
11710|가락동|183,37.493839,127.135859,address
11710|가락동|192,37.495697,127.132677,address
11710|가락동|196,37.494007,127.132660,address
11710|가락동|196-1,37.493664,127.132254,address
11710|가락동|196-3,37.493327,127.131846,address
11710|가락동|197-12,37.493024,127.132239,address
11710|가락동|198-13,37.492085,127.131860,address
11710|가락동|198-7,37.492450,127.132030,address
11710|가락동|198-9,37.492213,127.131740,address
11710|가락동|199,37.491970,127.133521,address
11710|가락동|21-6,37.501536,127.122291,address
11710|가락동|29-16,37.500360,127.123185,address
11710|가락동|34-1,37.499148,127.124629,address
11710|가락동|46-3,37.499115,127.121696,address
11710|가락동|478,37.500255,127.108816,address
11710|가락동|51-1,37.498370,127.122461,address
11710|가락동|52,37.498129,127.122780,address
11710|가락동|53,37.497710,127.123475,address
11710|가락동|54,37.497449,127.123213,address
11710|가락동|55,37.497226,127.122624,address
11710|가락동|6-8,37.502716,127.123582,address
11710|가락동|70-19,37.499493,127.118580,address
11710|가락동|77-7,37.495360,127.121439,address
11710|가락동|78-1,37.494826,127.121928,address
11710|가락동|79,37.494419,127.121576,address
11710|가락동|8,37.502881,127.126107,address
11710|가락동|8-1,37.502635,127.125780,address
11710|가락동|80,37.495064,127.120436,address
11710|가락동|913,37.497420,127.107103,address
11710|가락동|92-3,37.498087,127.117418,address
11710|가락동|93-4,37.498518,127.117203,address
11710|가락동|95,37.497893,127.116289,address
11710|가락동|95-1,37.496363,127.116362,address
11710|가락동|96-1,37.496623,127.117797,address
11710|가락동|97-8,37.494865,127.118421,address
11710|가락동|98,37.494594,127.119155,address
11710|가락동|99-6,37.493398,127.119703,address
11710|거여동|127-1,37.498246,127.143642,address
11710|거여동|129,37.498093,127.145206,address
11710|거여동|136,37.496586,127.143651,address
11710|거여동|258-7,37.490283,127.148839,address
11710|거여동|27-5,37.492616,127.145536,address
11710|거여동|28,37.491903,127.146614,address
11710|거여동|290,37.490975,127.144586,address
11710|거여동|291,37.490249,127.146222,address
11710|거여동|291#11710-134,37.490313,127.146239,keyword
11710|거여동|291#11710-135,37.490313,127.146239,keyword
11710|거여동|293,37.489322,127.143844,address
11710|거여동|294,37.488842,127.145300,address
11710|거여동|33-2,37.492649,127.149898,address
11710|거여동|356,37.492753,127.142182,address
11710|거여동|362,37.492850,127.141032,address
11710|거여동|44,37.494631,127.146402,address
11710|거여동|45-1,37.493726,127.147430,address
11710|거여동|46,37.496950,127.145041,address
11710|거여동|551-11,37.490960,127.149410,address
11710|거여동|593,37.492202,127.143335,address
11710|거여동|597,37.484545,127.138843,address
11710|거여동|606,37.485985,127.144019,address
11710|거여동|607,37.483397,127.141527,address
11710|거여동|651,37.485783,127.148777,address
11710|거여동|654,37.484364,127.146190,address
11710|거여동|696,37.493902,127.150147,address
11710|거여동|697,37.495995,127.147460,address
11710|거여동|698,37.496767,127.143115,address
11710|거여동|9-6,37.497983,127.142171,address
11710|마천동|10,37.501012,127.145738,address
11710|마천동|175,37.497337,127.151921,address
11710|마천동|181,37.495183,127.150958,address
11710|마천동|188-2,37.496736,127.153783,address
11710|마천동|191-17,37.497328,127.152488,address
11710|마천동|197-9,37.498614,127.154032,address
11710|마천동|20,37.500426,127.144773,address
11710|마천동|200-75,37.497880,127.153993,address
11710|마천동|21,37.500020,127.145544,address
11710|마천동|22,37.499688,127.145120,address
11710|마천동|22-1,37.499535,127.145012,address
11710|마천동|271-17,37.492777,127.158377,address
11710|마천동|30-2,37.499513,127.143039,address
11710|마천동|304,37.494706,127.153313,address
11710|마천동|31-1,37.499932,127.143318,address
11710|마천동|31-2,37.499865,127.143550,address
11710|마천동|319,37.493245,127.155368,address
11710|마천동|32-1,37.499514,127.143639,address
11710|마천동|5,37.501862,127.148152,address
11710|마천동|50,37.501633,127.148687,address
11710|마천동|573,37.498938,127.153614,address
11710|마천동|574,37.498581,127.153227,address
11710|마천동|575,37.498241,127.154816,address
11710|마천동|576,37.500322,127.152039,address
11710|마천동|582,37.499042,127.159020,address
11710|마천동|607,37.495781,127.158848,address
11710|마천동|68-5,37.502074,127.153523,address
11710|마천동|9,37.500524,127.145987,address
11710|문정동|1,37.490622,127.130293,address
11710|문정동|104,37.485769,127.130316,address
11710|문정동|106-15,37.486314,127.129352,address
11710|문정동|106-23,37.486410,127.129501,address
11710|문정동|110-7,37.486724,127.132056,address
11710|문정동|112,37.485679,127.132314,address
11710|문정동|112-19,37.485540,127.132125,address
11710|문정동|113-3,37.486361,127.133475,address
11710|문정동|114,37.486791,127.132658,address
11710|문정동|117,37.487114,127.133279,address
11710|문정동|128-10,,,miss
11710|문정동|140,,,miss
11710|문정동|145,37.490608,127.135334,address
11710|문정동|146,37.492425,127.137020,address
11710|문정동|15,37.487655,127.128467,address
11710|문정동|150,37.488520,127.114377,address
11710|문정동|18,37.486878,127.128105,address
11710|문정동|19,37.486840,127.127290,address
11710|문정동|3,37.491568,127.128143,address
11710|문정동|4-1,37.490793,127.126877,address
11710|문정동|4-2,37.490862,127.126675,address
11710|문정동|55-14,37.486587,127.122721,address
11710|문정동|55-3,37.486776,127.122625,address
11710|문정동|56-6,37.484916,127.123575,address
11710|문정동|58,37.484067,127.124628,address
11710|문정동|58-17,37.484105,127.124326,address
11710|문정동|61-11,37.485660,127.124146,address
11710|문정동|618,37.480605,127.123666,address
11710|문정동|62-5,37.485668,127.125888,address
11710|문정동|63-8,37.485379,127.125887,address
11710|문정동|656,37.489103,127.134170,address
11710|문정동|67-14,37.483739,127.125419,address
11710|문정동|68-1,37.483453,127.124790,address
11710|문정동|68-15,37.483362,127.125615,address
11710|문정동|68-17,37.483321,127.125142,address
11710|문정동|68-5,37.483504,127.125370,address
11710|문정동|69-3,37.483044,127.124532,address
11710|문정동|70-16,37.482894,127.125129,address
11710|문정동|72-3,37.481670,127.125713,address
11710|문정동|74,37.480265,127.125974,address
11710|문정동|81-1,37.482384,127.128083,address
11710|문정동|88-11,37.483701,127.127018,address
11710|문정동|89-15,37.484327,127.126438,address
11710|문정동|89-6,37.483514,127.126770,address
11710|문정동|91-19,37.485940,127.128135,address
11710|문정동|94-9,37.484007,127.128547,address
11710|문정동|96-12,37.483790,127.129376,address
11710|방이동|103-24,37.513030,127.112164,address
11710|방이동|104-4,37.512021,127.111649,address
11710|방이동|107-18,37.512609,127.113046,address
11710|방이동|107-2,37.512898,127.113226,address
11710|방이동|120-2,37.509872,127.115646,address
11710|방이동|124-18,37.508936,127.116714,address
11710|방이동|126-12,37.509560,127.118394,address
11710|방이동|126-5,37.508848,127.117624,address
11710|방이동|130-19,37.509844,127.120450,address
11710|방이동|134,37.510787,127.119541,address
11710|방이동|134-1,37.510301,127.119236,address
11710|방이동|134-17,37.510491,127.119355,address
11710|방이동|134-22,37.510501,127.119645,address
11710|방이동|134-5,37.510654,127.119738,address
11710|방이동|134-8,37.510130,127.119130,address
11710|방이동|148-7,37.512569,127.114731,address
11710|방이동|154-1,37.513843,127.116325,address
11710|방이동|154-10,37.513654,127.116201,address
11710|방이동|154-21,37.513509,127.117170,address
11710|방이동|154-3,37.513619,127.116891,address
11710|방이동|157,37.512519,127.118251,address
11710|방이동|168,37.514206,127.120365,address
11710|방이동|169-1,37.513654,127.119461,address
11710|방이동|169-2,37.513475,127.119257,address
11710|방이동|171,37.514767,127.118945,address
11710|방이동|173-1,37.514466,127.118303,address
11710|방이동|177,37.515600,127.116874,address
11710|방이동|177-2,37.515402,127.117146,address
11710|방이동|177-4,37.515205,127.117739,address
11710|방이동|177-6,37.515004,127.118307,address
11710|방이동|179-1,37.515097,127.116079,address
11710|방이동|180-8,37.515794,127.116335,address
11710|방이동|181,37.513348,127.123016,address
11710|방이동|182,37.513015,127.123889,address
11710|방이동|182-2,37.512895,127.124155,address
11710|방이동|185,37.511393,127.126916,address
11710|방이동|185-5,37.510748,127.126649,address
11710|방이동|186-12,37.510829,127.125838,address
11710|방이동|191,37.512226,127.124789,address
11710|방이동|193-37,37.512176,127.123592,address
11710|방이동|197,37.511390,127.122327,address
11710|방이동|197-4,37.510946,127.121930,address
11710|방이동|198,37.510758,127.122314,address
11710|방이동|198-10,37.510875,127.122626,address
11710|방이동|198-3,37.510629,127.122745,address
11710|방이동|198-9,37.510954,127.123018,address
11710|방이동|205-6,37.509829,127.126069,address
11710|방이동|208-19,37.509981,127.123931,address
11710|방이동|211-1,37.509949,127.122181,address
11710|방이동|211-7,37.510121,127.121252,address
11710|방이동|212-3,37.509797,127.122608,address
11710|방이동|212-8,37.508611,127.122376,address
11710|방이동|217,37.507541,127.124169,address
11710|방이동|222,37.507580,127.121054,address
11710|방이동|223-13,37.507325,127.121528,address
11710|방이동|225,37.506137,127.122657,address
11710|방이동|39-2,37.515637,127.110586,address
11710|방이동|40,37.516532,127.110798,address
11710|방이동|454,37.511626,127.118416,address
11710|방이동|455,37.512990,127.116067,address
11710|방이동|456,37.512746,127.116686,address
11710|방이동|46-1,37.516376,127.112536,address
11710|방이동|47-2,37.516158,127.112972,address
11710|방이동|48-3,37.515772,127.113303,address
11710|방이동|48-5,37.515476,127.113114,address
11710|방이동|50-10,37.515496,127.114511,address
11710|방이동|51,37.515534,127.114989,address
11710|방이동|51-4,37.514923,127.114486,address
11710|방이동|89,37.517562,127.136372,address
11710|방이동|89#11710-102,37.514554,127.135253,keyword
11710|방이동|89#11710-5714,37.514554,127.135253,keyword
11710|방이동|89#11710-5715,37.514554,127.135253,keyword
11710|방이동|98-9,37.514107,127.111364,address
11710|삼전동|164-5,37.500983,127.094780,address
11710|삼전동|166-10,37.500412,127.093639,address
11710|삼전동|38-11,37.500670,127.087287,address
11710|삼전동|38-12,37.500598,127.087516,address
11710|삼전동|38-19,37.500974,127.086542,address
11710|삼전동|38-26,37.501791,127.086437,address
11710|삼전동|39,37.500068,127.088826,address
11710|삼전동|69-5,37.498763,127.092608,address
11710|삼전동|7-16,37.504745,127.088957,address
11710|삼전동|72-9,37.502344,127.093807,address
11710|삼전동|8,37.505008,127.089577,address
11710|석촌동|1-1,37.506242,127.097716,address
11710|석촌동|158-5,37.507404,127.102411,address
11710|석촌동|173-1,37.504442,127.104343,address
11710|석촌동|216-4,37.500172,127.098073,address
11710|석촌동|222-7,37.497723,127.098247,address
11710|석촌동|224-2,37.498032,127.099254,address
11710|석촌동|224-3,37.498093,127.099454,address
11710|석촌동|226-2,37.499064,127.099848,address
11710|석촌동|227-10,37.499241,127.099444,address
11710|석촌동|227-11,37.499155,127.099283,address
11710|석촌동|227-12,37.499131,127.099102,address
11710|석촌동|24-3,37.506563,127.100372,address
11710|석촌동|251-16,37.500295,127.103691,address
11710|석촌동|253-2,37.499330,127.103493,address
11710|석촌동|282-12,37.503015,127.106363,address
11710|석촌동|285,37.503615,127.104643,address
11710|석촌동|297-28,37.501160,127.109779,address
11710|석촌동|54-31,37.504409,127.100248,address
11710|석촌동|60-2,37.503339,127.100462,address
11710|석촌동|77-7,37.504047,127.103309,address
11710|송파동|100,37.503508,127.115594,address
11710|송파동|104,37.503863,127.113392,address
11710|송파동|104-1,37.503795,127.113562,address
11710|송파동|118-2,37.507025,127.112817,address
11710|송파동|119,37.505647,127.114037,address
11710|송파동|12-2,37.508107,127.106740,address
11710|송파동|132-4,37.507554,127.111598,address
11710|송파동|139-4,37.508188,127.114491,address
11710|송파동|14,37.506862,127.106438,address
11710|송파동|151,37.505088,127.116178,address
11710|송파동|161,37.505945,127.119255,address
11710|송파동|162,37.504724,127.118675,address
11710|송파동|163-14,37.503479,127.117799,address
11710|송파동|164,37.502981,127.117373,address
11710|송파동|166,37.503928,127.121096,address
11710|송파동|167-1,37.503204,127.119024,address
11710|송파동|170,37.500659,127.118035,address
11710|송파동|171,37.500140,127.117029,address
11710|송파동|171#11710-13145,37.500206,127.117409,keyword
11710|송파동|171#11710-28,37.500248,127.115381,keyword
11710|송파동|173-1,37.502098,127.116884,address
11710|송파동|173-12,37.501786,127.115915,address
11710|송파동|180-7,37.500786,127.115144,address
11710|송파동|187-5,37.499555,127.114428,address
11710|송파동|194-1,37.500469,127.112701,address
11710|송파동|20-10,37.507932,127.109570,address
11710|송파동|243,37.502677,127.120006,address
11710|송파동|244,37.507648,127.115203,address
11710|송파동|245,37.502934,127.114422,address
11710|송파동|246,37.509141,127.109133,address
11710|송파동|31,37.510325,127.106349,address
11710|송파동|31-2,37.510694,127.106960,address
11710|송파동|32-1,37.509710,127.105711,address
11710|송파동|33,37.510354,127.107151,address
11710|송파동|38,37.510138,127.108433,address
11710|송파동|58-1,37.511549,127.108189,address
11710|송파동|58-15,37.511080,127.107588,address
11710|송파동|58-4,37.511361,127.108796,address
11710|송파동|7-1,37.509089,127.104911,address
11710|신천동|11,37.520031,127.102617,address
11710|신천동|11#11710-171,37.517797,127.097998,keyword
11710|신천동|11#11710-177,37.517204,127.098206,keyword
11710|신천동|11-10,37.516736,127.105397,address
11710|신천동|11-4,37.517439,127.103578,address
11710|신천동|11-8,37.518003,127.104407,address
11710|신천동|11-9,37.516567,127.104184,address
11710|신천동|17,37.520442,127.106284,address
11710|신천동|17-6,37.517514,127.107038,address
11710|신천동|17-6#11710-13191,37.517696,127.107115,keyword
11710|신천동|17-6#11710-166,37.514339,127.109736,keyword
11710|신천동|17-6#11710-173,37.513043,127.115428,keyword
11710|신천동|20-4,37.518379,127.110741,address
11710|신천동|7,37.518873,127.099138,address
11710|신천동|7-14,37.516979,127.102280,address
11710|신천동|7-17,37.515350,127.099567,address
11710|신천동|7-18,37.514454,127.100735,address
11710|신천동|7-19,37.514622,127.102520,address
11710|신천동|7-28,37.515155,127.102501,address
11710|오금동|1-6,37.510673,127.127870,address
11710|오금동|11,37.509391,127.129260,address
11710|오금동|113-2,37.501568,127.142230,address
11710|오금동|114-29,37.502393,127.140595,address
11710|오금동|118-23,37.504073,127.140626,address
11710|오금동|119-27,37.503326,127.139334,address
11710|오금동|130-3,37.503142,127.138539,address
11710|오금동|133-16,37.501557,127.141000,address
11710|오금동|134-29,37.501266,127.141484,address
11710|오금동|135,37.500488,127.141109,address
11710|오금동|138,37.501425,127.139584,address
11710|오금동|160,37.496454,127.139060,address
11710|오금동|164,37.499257,127.136905,address
11710|오금동|165,37.497939,127.136727,address
11710|오금동|166,37.498554,127.135338,address
11710|오금동|2,37.510236,127.129150,address
11710|오금동|26-2,37.507130,127.130852,address
11710|오금동|26-3,37.506998,127.131110,address
11710|오금동|29,37.507915,127.131056,address
11710|오금동|29-5,37.507628,127.131968,address
11710|오금동|30-2,37.507153,127.132166,address
11710|오금동|31,37.506771,127.131906,address
11710|오금동|31-2,37.506594,127.131800,address
11710|오금동|4-7,37.509428,127.132611,address
11710|오금동|43,37.506547,127.126833,address
11710|오금동|45,37.503448,127.126663,address
11710|오금동|49-3,37.503498,127.128907,address
11710|오금동|54-1,37.501990,127.132081,address
11710|오금동|54-4,37.501757,127.131937,address
11710|오금동|55-3,37.502071,127.132660,address
11710|오금동|55-8,37.501583,127.132970,address
11710|오금동|615,37.510288,127.127737,address
11710|오금동|616,37.507477,127.135500,address
11710|오금동|617,37.506472,127.138052,address
11710|오금동|619,37.505228,127.139684,address
11710|오금동|64,37.502404,127.134268,address
11710|오금동|67,37.502687,127.135842,address
11710|오금동|69-9,37.503708,127.135214,address
11710|오금동|71-8,37.503275,127.134031,address
11710|오금동|75,37.504891,127.136084,address
11710|오금동|76,37.505742,127.136059,address
11710|오금동|80-14,37.505440,127.133177,address
11710|오금동|80-15,37.505402,127.133423,address
11710|오금동|81-1,37.506297,127.132478,address
11710|오금동|81-2,37.506403,127.132547,address
11710|오금동|85-4,37.505504,127.134412,address
11710|오금동|9-7,37.509956,127.130591,address
11710|잠실동|101-1,37.506865,127.073142,address
11710|잠실동|175-4,37.511303,127.078769,address
11710|잠실동|183-12,37.510929,127.083644,address
11710|잠실동|19,37.514135,127.079325,address
11710|잠실동|22,37.514377,127.086005,address
11710|잠실동|239-6,37.506916,127.087099,address
11710|잠실동|250-5,37.504761,127.087745,address
11710|잠실동|27,37.515339,127.092942,address
11710|잠실동|305,37.505361,127.078225,address
11710|잠실동|307-2,37.503656,127.080470,address
11710|잠실동|320,37.502819,127.082933,address
11710|잠실동|331,37.504002,127.085306,address
11710|잠실동|336-5,37.504170,127.087290,address
11710|잠실동|35,37.509917,127.091144,address
11710|잠실동|40,37.511104,127.093919,address
11710|잠실동|44,37.509268,127.094277,address
11710|잠실동|86,37.508141,127.076721,address
11710|장지동|833,37.487007,127.134811,address
11710|장지동|835,37.484035,127.131152,address
11710|장지동|837,37.481803,127.129615,address
11710|장지동|842,37.479301,127.128572,address
11710|장지동|842-1,37.479401,127.127380,address
11710|장지동|843,37.478187,127.128795,address
11710|장지동|844,37.479161,127.130760,address
11710|장지동|845,37.480042,127.129956,address
11710|장지동|847,37.480303,127.131935,address
11710|장지동|849,37.483885,127.132939,address
11710|장지동|854,37.479643,127.133173,address
11710|장지동|855,37.478534,127.132007,address
11710|장지동|856,37.477623,127.130520,address
11710|장지동|857,37.477093,127.128634,address
11710|장지동|878,37.480930,127.140764,address
11710|장지동|879,37.479359,127.140185,address
11710|장지동|883,37.479600,127.142446,address
11710|장지동|884,37.479567,127.143715,address
11710|장지동|894,37.476177,127.141966,address
11710|장지동|895,37.476389,127.143452,address
11710|장지동|896,37.474730,127.142814,address
11710|장지동|897,37.474605,127.141545,address
11710|장지동|901,37.475888,127.139307,address
11710|풍납동|163,37.533434,127.118213,address
11710|풍납동|172,37.535311,127.116981,address
11710|풍납동|214-6,37.535147,127.112570,address
11710|풍납동|219,37.534180,127.113753,address
11710|풍납동|220-2,37.533493,127.114600,address
11710|풍납동|224-1,37.533953,127.115164,address
11710|풍납동|251-2,37.532616,127.116258,address
11710|풍납동|254,37.532437,127.115021,address
11710|풍납동|254-2,37.532135,127.114702,address
11710|풍납동|260,37.530833,127.115348,address
11710|풍납동|261,37.532140,127.116831,address
11710|풍납동|271-3,37.531350,127.112529,address
11710|풍납동|281-4,37.532766,127.114314,address
11710|풍납동|299-1,37.534015,127.111581,address
11710|풍납동|391,37.526602,127.116716,address
11710|풍납동|398-16,37.527670,127.115636,address
11710|풍납동|400-5,37.527954,127.117021,address
11710|풍납동|401-1,37.527252,127.117703,address
11710|풍납동|413-1,37.529386,127.118902,address
11710|풍납동|506,37.537479,127.115622,address
11710|풍납동|508,37.529558,127.112886,address
11710|풍납동|509,37.539608,127.118208,address
11710|풍납동|510,37.538565,127.116704,address
11710|풍납동|511,37.531025,127.118533,address
11710|풍납동|512,37.529945,127.117120,address
11710|풍납동|513,37.535679,127.118939,address
11710|풍납동|514,37.525769,127.114558,address
11710|풍납동|515,37.529059,127.117508,address
11740|강일동|114,37.573810,127.172679,address
11740|강일동|66,37.571528,127.176199,keyword
11740|강일동|665,37.567640,127.172116,address
11740|강일동|668,37.569202,127.176135,address
11740|강일동|670,37.567509,127.178203,address
11740|강일동|673,37.567144,127.176394,address
11740|강일동|674,37.566787,127.174602,address
11740|강일동|684,37.563944,127.176396,address
11740|강일동|686,37.564820,127.178926,address
11740|강일동|695,37.560071,127.180715,address
11740|강일동|699,37.560068,127.178795,address
11740|강일동|701,37.561442,127.176978,address
11740|강일동|707,37.561181,127.171665,address
11740|강일동|717,37.559780,127.173177,address
11740|강일동|72,37.572875,127.174231,keyword
11740|고덕동|210-1,37.557609,127.170103,address
11740|고덕동|312,37.556517,127.152197,address
11740|고덕동|470,37.558805,127.144938,address
11740|고덕동|486,37.557887,127.145974,address
11740|고덕동|499,37.558462,127.155119,address
11740|고덕동|688,37.558946,127.147074,address
11740|고덕동|693,37.558069,127.163466,address
11740|고덕동|BL-3-1,37.563705,127.168600,keyword
11740|길동|100,37.539733,127.147696,address
11740|길동|103-5,37.538695,127.145818,address
11740|길동|106,37.538467,127.146557,address
11740|길동|107,37.538959,127.147668,address
11740|길동|143-4,37.536908,127.145606,address
11740|길동|146-1,37.536316,127.145072,address
11740|길동|152-3,37.535490,127.143173,address
11740|길동|152-9,37.535303,127.143120,address
11740|길동|160,37.541501,127.147514,keyword
11740|길동|184,37.538190,127.148624,address
11740|길동|228,37.535109,127.143449,address
11740|길동|228-11,37.535023,127.143240,address
11740|길동|229-3,37.534740,127.141654,address
11740|길동|237,37.534465,127.141911,address
11740|길동|241-5,37.534612,127.140328,address
11740|길동|242-6,37.535121,127.140832,address
11740|길동|247,37.534858,127.140006,address
11740|길동|320-9,37.544372,127.142999,address
11740|길동|323-1,37.544068,127.144213,address
11740|길동|324-6,37.543591,127.145270,address
11740|길동|332,37.543353,127.144169,address
11740|길동|334-3,37.543417,127.143049,address
11740|길동|334-6,37.543159,127.142890,address
11740|길동|337-19,37.542655,127.142808,address
11740|길동|339-1,37.542613,127.143643,address
11740|길동|343-1,37.541067,127.145467,address
11740|길동|343-2,37.541175,127.146005,address
11740|길동|344-5,37.541164,127.144758,address
11740|길동|346-1,37.541820,127.143128,address
11740|길동|347-20,37.541921,127.142577,address
11740|길동|347-27,37.541552,127.142722,address
11740|길동|348-4,37.540452,127.141601,address
11740|길동|349-1,37.540665,127.142548,address
11740|길동|350-9,37.540438,127.143685,address
11740|길동|351-2,37.540563,127.144662,address
11740|길동|352-3,37.540359,127.145588,address
11740|길동|352-4,37.540521,127.145946,address
11740|길동|353-40,37.539899,127.145787,address
11740|길동|355-2,37.540039,127.144570,address
11740|길동|356-8,37.539725,127.143521,address
11740|길동|357-7,37.539988,127.141994,address
11740|길동|358-1,37.539692,127.141636,address
11740|길동|358-3,37.539667,127.142221,address
11740|길동|358-7,37.539479,127.142214,address
11740|길동|360-5,37.538966,127.144146,address
11740|길동|361-14,37.538970,127.145528,address
11740|길동|361-18,37.538754,127.145235,address
11740|길동|365-1,37.539242,127.141474,address
11740|길동|370-3,37.540523,127.138964,address
11740|길동|371-9,37.540558,127.138388,address
11740|길동|373-7,37.539943,127.136847,address
11740|길동|378-1,37.538564,127.139692,address
11740|길동|379,37.538627,127.138982,address
11740|길동|380-1,37.539020,127.138403,address
11740|길동|380-18,37.538537,127.138543,address
11740|길동|380-6,37.538823,127.138650,address
11740|길동|382-6,37.538864,127.137328,address
11740|길동|383-6,37.539232,127.136816,address
11740|길동|383-7,37.539321,127.136557,address
11740|길동|383-8,37.539034,127.136607,address
11740|길동|384-1,37.538532,127.136374,address
11740|길동|384-2,37.538507,127.136069,address
11740|길동|384-4,37.538228,127.136185,address
11740|길동|384-5,37.538030,127.136054,address
11740|길동|385-1,37.538523,127.136874,address
11740|길동|385-3,37.538203,127.136715,address
11740|길동|385-4,37.537899,127.136521,address
11740|길동|385-6,37.538430,127.137133,address
11740|길동|386-4,37.537927,127.137529,address
11740|길동|387-2,37.538100,127.138057,address
11740|길동|387-4,37.538162,127.138400,address
11740|길동|387-5,37.538010,127.138345,address
11740|길동|388-2,37.537646,127.138615,address
11740|길동|388-4,37.537835,127.139033,address
11740|길동|388-5,37.537474,127.138898,address
11740|길동|388-7,37.537981,127.138740,address
11740|길동|389-9,37.537654,127.139350,address
11740|길동|394-17,37.536940,127.140773,address
11740|길동|396-1,37.536796,127.142035,address
11740|길동|400,37.537165,127.144179,address
11740|길동|401-1,37.536168,127.144176,address
11740|길동|410-3,37.536484,127.141171,address
11740|길동|413-11,37.536448,127.138085,address
11740|길동|413-8,37.536721,127.138255,address
11740|길동|414-10,37.536102,127.137478,address
11740|길동|414-4,37.536490,127.137446,address
11740|길동|414-5,37.537224,127.137990,address
11740|길동|414-6,37.536965,127.137966,address
11740|길동|414-9,37.536440,127.137788,address
11740|길동|415-11,37.537221,127.136383,address
11740|길동|415-13,37.536633,127.136153,address
11740|길동|415-16,37.536375,127.136451,address
11740|길동|415-5,37.537348,127.137091,address
11740|길동|416-17,37.536971,127.135792,address
11740|길동|416-3,37.537429,127.135637,address
11740|길동|445-1,37.535549,127.134922,address
11740|길동|45,37.542271,127.148513,address
11740|길동|456-2,37.535574,127.137296,address
11740|길동|456-3,37.535437,127.137101,address
11740|길동|456-4,37.535293,127.137047,address
11740|길동|457,37.535130,127.136944,address
11740|길동|457-1,37.535053,127.137267,address
11740|길동|470,37.536574,127.147383,address
11740|길동|472,37.539385,127.139468,address
11740|길동|474,37.537684,127.149122,address
11740|길동|475,37.540091,127.143341,address
11740|길동|477,37.541346,127.148205,address
11740|길동|480,37.538863,127.141439,address
11740|길동|481,37.539993,127.138286,address
11740|길동|483,37.539549,127.149449,address
11740|길동|53,37.543530,127.148591,address
11740|길동|74,37.542990,127.147973,address
11740|길동|83-2,37.542355,127.148094,address
11740|길동|92,37.541628,127.147553,address
11740|길동|97-6,37.540002,127.146217,address
11740|길동|99-1,37.539870,127.146989,address
11740|둔촌동|104-3,37.526839,127.146061,address
11740|둔촌동|134-10,37.527334,127.143664,address
11740|둔촌동|135-1,37.527364,127.144873,address
11740|둔촌동|170-1,37.527476,127.137046,address
11740|둔촌동|170-1#11740-211,37.527476,127.137046,address
11740|둔촌동|170-1#11740-75,37.527476,127.137046,address
11740|둔촌동|174-1,,,miss
11740|둔촌동|174-1#11740-209,,,miss
11740|둔촌동|174-1#11740-76,,,miss
11740|둔촌동|30-4,37.531833,127.146602,address
11740|둔촌동|31-1,37.532488,127.145710,address
11740|둔촌동|425-3,37.532955,127.140051,address
11740|둔촌동|426,37.533295,127.140583,address
11740|둔촌동|435-2,37.532769,127.139376,address
11740|둔촌동|435-3,37.532832,127.139039,address
11740|둔촌동|435-4,37.533390,127.139259,address
11740|둔촌동|435-5,37.533375,127.139594,address
11740|둔촌동|435-7,37.533133,127.139327,address
11740|둔촌동|435-8,37.532972,127.139267,address
11740|둔촌동|446-4,37.532130,127.140691,address
11740|둔촌동|46-20,37.532468,127.144462,address
11740|둔촌동|46-41,37.532600,127.145250,address
11740|둔촌동|488,37.530994,127.138445,address
11740|둔촌동|490-3,37.530442,127.138994,address
11740|둔촌동|490-9,37.530209,127.139152,address
11740|둔촌동|511-2,37.528496,127.138935,address
11740|둔촌동|518-1,37.528863,127.138234,address
11740|둔촌동|518-13,37.528936,127.137968,address
11740|둔촌동|518-2,37.528998,127.137743,address
11740|둔촌동|518-6,37.528570,127.138267,address
11740|둔촌동|544,37.529555,127.139574,address
11740|둔촌동|545,37.529527,127.142400,address
11740|둔촌동|546,37.527854,127.142828,address
11740|둔촌동|555,37.529139,127.141703,address
11740|둔촌동|556,37.528864,127.143075,address
11740|둔촌동|603,37.535401,127.148242,address
11740|둔촌동|61-12,37.532926,127.143002,address
11740|둔촌동|61-8,37.532642,127.142676,address
11740|둔촌동|61-9,37.532629,127.142864,address
11740|둔촌동|611,37.533930,127.148126,address
11740|둔촌동|613,37.532868,127.147883,address
11740|둔촌동|62,37.532759,127.141790,address
11740|둔촌동|621,37.533197,127.145805,address
11740|둔촌동|622-12,37.533070,127.144818,address
11740|둔촌동|630,37.534145,127.146518,address
11740|둔촌동|631,37.529227,127.138532,address
11740|둔촌동|632,37.532822,127.145605,address
11740|둔촌동|633,37.523817,127.138938,address
11740|둔촌동|64,37.533564,127.141968,address
11740|둔촌동|65-4,37.533525,127.142642,address
11740|둔촌동|654,37.529833,127.144871,address
11740|둔촌동|67,37.533135,127.141343,address
11740|둔촌동|70-5,37.529365,127.140556,address
11740|둔촌동|89,37.529574,127.143839,address
11740|둔촌동|90,37.531747,127.143362,address
11740|둔촌동|94-16,37.528779,127.144214,address
11740|명일동|15,37.553295,127.148459,address
11740|명일동|251-1,37.548503,127.148820,address
11740|명일동|257,37.547907,127.151658,address
11740|명일동|270,37.547216,127.147148,address
11740|명일동|312-16,37.552920,127.143102,address
11740|명일동|312-165,37.552632,127.141984,address
11740|명일동|312-256,37.551406,127.141492,address
11740|명일동|312-257,37.553187,127.142217,address
11740|명일동|326-9,37.549901,127.145217,address
11740|명일동|332,37.549017,127.145666,address
11740|명일동|335-7,37.548092,127.144028,address
11740|명일동|336-12,37.548233,127.144400,address
11740|명일동|343-10,37.546938,127.145385,address
11740|명일동|344-16,37.546677,127.144679,address
11740|명일동|346-10,37.545957,127.143920,address
11740|명일동|346-12,37.545972,127.144190,address
11740|명일동|348-1,37.545775,127.145215,address
11740|명일동|348-4,37.545627,127.145425,address
11740|명일동|351-11,37.545053,127.144516,address
11740|명일동|351-5,37.545201,127.144908,address
11740|명일동|352-18,37.545009,127.144004,address
11740|명일동|352-5,37.545737,127.144631,address
11740|명일동|352-8,37.545277,127.143989,address
11740|명일동|354,37.547055,127.144432,address
11740|명일동|355,37.545463,127.144270,address
11740|명일동|356,37.552862,127.142004,address
11740|명일동|357,37.545302,127.145674,address
11740|명일동|358,37.551170,127.140826,address
11740|명일동|359,37.552480,127.145209,address
11740|명일동|360,37.545684,127.145862,address
11740|명일동|38,37.551867,127.150495,address
11740|명일동|41,37.549489,127.151841,address
11740|명일동|42,37.551154,127.151919,address
11740|명일동|44,37.553739,127.152109,address
11740|명일동|47,37.553697,127.153819,address
11740|명일동|47-12,37.553242,127.154778,address
11740|명일동|48-12,37.552065,127.154073,address
11740|명일동|54,37.550461,127.155150,address
11740|명일동|56,37.550504,127.153526,address
11740|상일동|28,37.551590,127.180765,address
11740|상일동|473,37.546145,127.167487,address
11740|상일동|476,37.550650,127.159798,address
11740|상일동|490,37.552833,127.175023,address
11740|상일동|513,37.552248,127.166786,address
11740|상일동|514,37.548594,127.167801,address
11740|상일동|515,37.551416,127.161623,address
11740|상일동|519,37.555537,127.164446,address
11740|상일동|521,37.552367,127.170869,address
11740|상일동|555,37.549937,127.156955,address
11740|성내동|111-64,37.532949,127.122530,address
11740|성내동|111-66,37.533136,127.122729,address
11740|성내동|111-67,37.533337,127.122815,address
11740|성내동|13-15,37.536599,127.127717,address
11740|성내동|137,37.534434,127.126405,address
11740|성내동|164-1,37.535822,127.131268,address
11740|성내동|194,37.535157,127.132727,address
11740|성내동|196-8,37.534377,127.132406,address
11740|성내동|199-18,37.534268,127.134528,address
11740|성내동|199-19,37.534460,127.134627,address
11740|성내동|199-4,37.534771,127.133447,address
11740|성내동|203-5,37.533483,127.131874,address
11740|성내동|244-12,37.534444,127.135625,address
11740|성내동|244-5,37.534185,127.135777,address
11740|성내동|244-6,37.534228,127.135643,address
11740|성내동|244-8,37.534344,127.135267,address
11740|성내동|25-1,37.535453,127.127917,address
11740|성내동|295,37.531728,127.124559,address
11740|성내동|30-2,37.535244,127.126481,address
11740|성내동|320-1,37.531957,127.121667,address
11740|성내동|378-6,37.533537,127.136698,address
11740|성내동|382-1,37.533387,127.134107,address
11740|성내동|382-16,37.533554,127.134188,address
11740|성내동|383-11,37.533296,127.132958,address
11740|성내동|386,37.532703,127.134209,address
11740|성내동|386-6,37.532211,127.134310,address
11740|성내동|386-74,37.532359,127.134324,address
11740|성내동|386-82,37.532499,127.134103,address
11740|성내동|386-83,37.532033,127.134224,address
11740|성내동|387-48,37.532525,127.137453,address
11740|성내동|396-10,37.531413,127.136266,address
11740|성내동|405-5,37.531239,127.133460,address
11740|성내동|405-9,37.531088,127.133760,address
11740|성내동|407-2,37.531374,127.133066,address
11740|성내동|409-8,37.530621,127.132676,address
11740|성내동|410-15,37.530282,127.132955,address
11740|성내동|410-16,37.530178,127.133336,address
11740|성내동|410-2,37.530528,127.133544,address
11740|성내동|410-43,37.529754,127.133821,address
11740|성내동|412,37.529735,127.134495,address
11740|성내동|412-1,37.529688,127.135046,address
11740|성내동|413-6,37.529557,127.135587,address
11740|성내동|416-11,37.528358,127.135086,address
11740|성내동|417-1,37.529256,127.134173,address
11740|성내동|419,37.529665,127.132617,address
11740|성내동|419-1,37.529411,127.133155,address
11740|성내동|419-11,37.529210,127.132391,address
11740|성내동|419-13,37.528848,127.132955,address
11740|성내동|419-46,37.529099,127.132559,address
11740|성내동|420-16,37.529639,127.131302,address
11740|성내동|420-2,37.529380,127.131729,address
11740|성내동|420-20,37.529892,127.131147,address
11740|성내동|420-9,37.529344,127.132059,address
11740|성내동|422,37.528323,127.131216,address
11740|성내동|423-15,37.528074,127.131882,address
11740|성내동|423-64,37.527920,127.131808,address
11740|성내동|424-12,37.528245,127.133194,address
11740|성내동|427-74,37.527976,127.134630,address
11740|성내동|428-2,37.526926,127.134715,address
11740|성내동|429-6,37.525879,127.134161,address
11740|성내동|433-12,37.526803,127.131581,address
11740|성내동|434-13,37.526995,127.130018,address
11740|성내동|434-32,37.527639,127.130041,address
11740|성내동|434-4,37.526883,127.130873,address
11740|성내동|435-10,37.525932,127.130129,address
11740|성내동|435-2,37.526377,127.129324,address
11740|성내동|435-5,37.526179,127.129201,address
11740|성내동|435-7,37.525850,127.129463,address
11740|성내동|437-26,37.525101,127.131983,address
11740|성내동|438,37.525770,127.132767,address
11740|성내동|438-2,37.525287,127.132585,address
11740|성내동|438-56,37.525575,127.132693,address
11740|성내동|438-6,37.525224,127.132848,address
11740|성내동|439-2,37.525194,127.133904,address
11740|성내동|440-27,37.523791,127.133378,address
11740|성내동|443-21,37.524324,127.132225,address
11740|성내동|443-24,37.523977,127.132103,address
11740|성내동|443-26,37.524136,127.132441,address
11740|성내동|444,37.524731,127.131617,address
11740|성내동|444-4,37.524787,127.131907,address
11740|성내동|446-11,37.524444,127.130444,address
11740|성내동|446-12,37.524785,127.130609,address
11740|성내동|446-17,37.525381,127.129765,address
11740|성내동|447-2,37.525424,127.128978,address
11740|성내동|447-5,37.525144,127.128410,address
11740|성내동|448-14,37.524038,127.130003,address
11740|성내동|448-17,37.523764,127.130620,address
11740|성내동|448-18,37.523641,127.130900,address
11740|성내동|448-5,37.524659,127.128642,address
11740|성내동|452-2,37.527687,127.120964,address
11740|성내동|452-3,37.527505,127.121334,address
11740|성내동|454-1,37.528522,127.121316,address
11740|성내동|454-15,37.528431,127.121084,address
11740|성내동|455-3,37.528572,127.121785,address
11740|성내동|456-8,37.527705,127.123750,address
11740|성내동|457-4,37.527460,127.123502,address
11740|성내동|459-2,37.527058,127.122388,address
11740|성내동|459-9,37.526756,127.123291,address
11740|성내동|460,37.526539,127.123781,address
11740|성내동|460-1,37.526193,127.124346,address
11740|성내동|463-1,37.527193,127.124305,address
11740|성내동|465-1,37.526545,127.126830,address
11740|성내동|466-1,37.525732,127.127635,address
11740|성내동|467-1,37.525292,127.127616,address
11740|성내동|468,37.525485,127.125956,address
11740|성내동|468-3,37.524899,127.127494,address
11740|성내동|468-6,37.525254,127.126472,address
11740|성내동|508-2,37.532286,127.129132,address
11740|성내동|51,37.536720,127.124841,address
11740|성내동|510-1,37.531760,127.129023,address
11740|성내동|513,37.531389,127.130381,address
11740|성내동|542,37.528208,127.127343,address
11740|성내동|542-1,37.528119,127.127512,address
11740|성내동|545-7,37.527421,127.128974,address
11740|성내동|545-8,37.527504,127.128746,address
11740|성내동|548-4,37.527745,127.126855,address
11740|성내동|549-5,37.528206,127.125855,address
11740|성내동|551-4,37.528708,127.122973,address
11740|성내동|552-1,37.529732,127.122656,address
11740|성내동|565,37.527200,127.126616,address
11740|성내동|590,37.530761,127.125988,address
11740|성내동|592,37.533345,127.127771,address
11740|성내동|593,37.527168,127.123145,address
11740|성내동|594,37.524886,127.129905,address
11740|성내동|595,37.532488,127.121761,address
11740|성내동|596,37.531141,127.135398,address
11740|성내동|597,37.528968,127.134209,address
11740|성내동|598,37.533295,127.130952,address
11740|성내동|599,37.532905,127.135289,address
11740|성내동|600,37.535274,127.128437,address
11740|성내동|601,37.525343,127.131546,address
11740|성내동|602,37.526006,127.127011,address
11740|성내동|603,37.523161,127.133362,address
11740|성내동|604,37.535250,127.127572,address
11740|성내동|605,37.531868,127.122788,address
11740|성내동|606,37.526747,127.128195,address
11740|성내동|607,37.533086,127.123971,address
11740|성내동|608,37.524112,127.132958,address
11740|성내동|611,37.536399,127.128223,address
11740|암사동|400,37.556579,127.138852,address
11740|암사동|413,37.553527,127.139501,address
11740|암사동|414-2,37.556623,127.143040,address
11740|암사동|419,37.552076,127.140302,address
11740|암사동|422-26,37.551282,127.138884,address
11740|암사동|440-4,37.555712,127.130562,address
11740|암사동|440-7,37.555715,127.130916,address
11740|암사동|441-1,37.555376,127.130021,address
11740|암사동|441-10,37.555047,127.130468,address
11740|암사동|441-2,37.555375,127.130388,address
11740|암사동|441-3,37.555316,127.130718,address
11740|암사동|442,37.555214,127.131295,address
11740|암사동|442-1,37.555210,127.131924,address
11740|암사동|445,37.556238,127.134243,address
11740|암사동|446-21,37.555192,127.134955,address
11740|암사동|446-3,37.555311,127.134070,address
11740|암사동|447-8,37.555258,127.135762,address
11740|암사동|449,37.556674,127.136780,address
11740|암사동|450-10,37.556151,127.137133,address
11740|암사동|454-10,37.553239,127.135748,address
11740|암사동|459-1,37.554514,127.132342,address
11740|암사동|461,37.554579,127.130560,address
11740|암사동|463-18,37.553414,127.129603,address
11740|암사동|466-3,37.553594,127.130763,address
11740|암사동|472-18,37.552080,127.133245,address
11740|암사동|474-10,37.552101,127.135967,address
11740|암사동|474-21,37.552365,127.136438,address
11740|암사동|485-2,37.550057,127.134387,address
11740|암사동|487-37,37.549273,127.136366,address
11740|암사동|488-10,37.547811,127.134497,address
11740|암사동|488-3,37.548331,127.135004,address
11740|암사동|492-28,37.550260,127.131591,address
11740|암사동|492-45,37.550204,127.131779,address
11740|암사동|493-14,37.551212,127.132024,address
11740|암사동|497-6,37.551186,127.130098,address
11740|암사동|501-4,37.550169,127.128214,address
11740|암사동|503-31,37.551896,127.127335,address
11740|암사동|503-6,37.552066,127.127396,address
11740|암사동|504-8,37.552844,127.127677,address
11740|암사동|508,37.554037,127.127101,address
11740|암사동|509,37.552396,127.125814,address
11740|암사동|510-10,37.551132,127.124056,address
11740|암사동|513-4,37.548977,127.126191,address
11740|암사동|516-2,37.550719,127.123834,address
11740|암사동|518,37.549636,127.123569,address
11740|암사동|670,37.554066,127.131101,address
11740|암사동|671,37.553014,127.141526,address
11740|암사동|672,37.551428,127.134266,address
11740|암사동|675,37.548820,127.125370,address
11740|천호동|121-32,37.540458,127.136479,address
11740|천호동|155-5,37.537225,127.134763,address
11740|천호동|163-14,37.537952,127.133257,address
11740|천호동|163-34,37.537943,127.133566,address
11740|천호동|164-70,37.537174,127.133250,address
11740|천호동|166-106,37.538275,127.131012,address
11740|천호동|166-109,37.538092,127.130932,address
11740|천호동|168-6,37.538427,127.132779,address
11740|천호동|170-2,37.538711,127.133598,address
11740|천호동|19-1,37.549768,127.138816,address
11740|천호동|217-132,37.544713,127.134420,address
11740|천호동|22-11,37.550017,127.141269,address
11740|천호동|22-17,37.549783,127.141026,address
11740|천호동|22-23,37.550295,127.141296,address
11740|천호동|22-6,37.550317,127.141048,address
11740|천호동|22-9,37.550062,127.140814,address
11740|천호동|237,37.545826,127.134867,address
11740|천호동|26-12,37.548917,127.142577,address
11740|천호동|27-41,37.548900,127.140970,address
11740|천호동|27-6,37.549272,127.140843,address
11740|천호동|28,37.547622,127.140477,address
11740|천호동|28-32,37.547654,127.140830,address
11740|천호동|287-16,37.548282,127.127405,address
11740|천호동|287-25,37.548241,127.127798,address
11740|천호동|287-9,37.548765,127.127839,address
11740|천호동|288-29,37.548720,127.129050,address
11740|천호동|288-5,37.548576,127.128469,address
11740|천호동|291-50,37.547371,127.132592,address
11740|천호동|293-8,37.546811,127.133788,address
11740|천호동|302-3,37.546369,127.131441,address
11740|천호동|305,37.547511,127.129982,address
11740|천호동|313,37.546316,127.127491,address
11740|천호동|315-3,37.546786,127.126871,address
11740|천호동|317-3,37.548168,127.124925,address
11740|천호동|317-31,37.547826,127.125271,address
11740|천호동|317-4,37.548116,127.125153,address
11740|천호동|32-2,37.547762,127.142153,address
11740|천호동|320,37.547643,127.123673,address
11740|천호동|328-1,37.545827,127.122437,address
11740|천호동|33-7,37.547740,127.141548,address
11740|천호동|333-55,37.544281,127.124337,address
11740|천호동|334,37.543488,127.124488,address
11740|천호동|334-2,37.543131,127.124698,address
11740|천호동|338-20,37.542798,127.122342,address
11740|천호동|34-1,37.546578,127.141547,address
11740|천호동|340-6,37.542438,127.123601,address
11740|천호동|35-12,37.546437,127.140810,address
11740|천호동|35-4,37.546940,127.140702,address
11740|천호동|35-8,37.546751,127.141071,address
11740|천호동|358-4,37.543041,127.125668,address
11740|천호동|36-9,37.547178,127.140054,address
11740|천호동|361-1,37.544432,127.127549,address
11740|천호동|362,37.543894,127.127359,address
11740|천호동|37-24,37.547008,127.138955,address
11740|천호동|39-6,37.545616,127.139497,address
11740|천호동|39-7,37.545636,127.139634,address
11740|천호동|40-9,37.545314,127.139831,address
11740|천호동|410-100,37.539195,127.128283,address
11740|천호동|410-105,37.539258,127.129113,address
11740|천호동|414,37.539415,127.126996,address
11740|천호동|416-12,37.540322,127.126309,address
11740|천호동|423-200,37.541322,127.127612,keyword
11740|천호동|425-5,37.540611,127.124922,address
11740|천호동|427-3,37.540163,127.124518,address
11740|천호동|432-7,37.540768,127.123859,address
11740|천호동|437-22,37.542382,127.126276,address
11740|천호동|44,37.544816,127.142188,address
11740|천호동|447-15,37.536187,127.132764,address
11740|천호동|447-17,37.536499,127.133224,address
11740|천호동|450,37.537022,127.130436,address
11740|천호동|450-38,37.537836,127.131067,address
11740|천호동|452-15,37.538401,127.128252,address
11740|천호동|46,37.543863,127.140448,address
11740|천호동|46-5,37.544173,127.141202,address
11740|천호동|462-35,37.541082,127.119458,address
11740|천호동|467-11,37.542180,127.120815,address
11740|천호동|47-24,37.544119,127.139692,address
11740|천호동|49-16,37.542839,127.140139,address
11740|천호동|49-4,37.543164,127.139109,address
11740|천호동|49-8,37.543466,127.140027,address
11740|천호동|50,37.543066,127.140645,address
11740|천호동|50-11,37.542799,127.141210,address
11740|천호동|50-32,37.542656,127.140838,address
11740|천호동|50-7,37.542923,127.140939,address
11740|천호동|52-1,37.542501,127.139693,address
11740|천호동|52-16,37.542199,127.140668,address
11740|천호동|52-17,37.541918,127.140547,address
11740|천호동|52-3,37.542007,127.139507,address
11740|천호동|52-6,37.542290,127.139950,address
11740|천호동|528,37.538718,127.135229,address
11740|천호동|53-32,37.542546,127.138813,address
11740|천호동|53-6,37.542780,127.138915,address
11740|천호동|53-9,37.542643,127.139255,address
11740|천호동|54-12,37.541908,127.137986,address
11740|천호동|54-13,37.541874,127.138277,address
11740|천호동|54-25,37.541843,127.138534,address
11740|천호동|54-4,37.542129,127.138216,address
11740|천호동|54-7,37.541983,127.139026,address
11740|천호동|55-25,37.541421,127.140207,address
11740|천호동|55-4,37.541606,127.138241,address
11740|천호동|563,37.541280,127.125969,address
11740|천호동|564,37.538684,127.134210,address
11740|천호동|565,37.536089,127.133764,address
11740|천호동|566,37.538213,127.129963,address
11740|천호동|567,37.548262,127.140819,address
11740|천호동|568,37.548335,127.123335,address
11740|천호동|570,37.546638,127.122632,address
11740|천호동|571,37.537222,127.131975,address
11740|천호동|578,37.541882,127.126125,address
41111|송죽동|190-2,37.306261,127.003034,address
41111|송죽동|395-1,37.296608,127.005479,address
41111|송죽동|395-14,37.296379,127.005151,address
41111|송죽동|444-5,37.304293,127.000308,address
41111|송죽동|458-3,37.302094,127.004132,address
41111|송죽동|461,37.301709,127.004985,address
41111|송죽동|462,37.301108,127.004981,address
41111|송죽동|496-24,37.302867,127.005210,address
41111|송죽동|498-3,37.302599,127.006744,address
41111|송죽동|499-3,37.301939,127.007825,address
41111|송죽동|513,37.307206,127.004841,address
41111|송죽동|514,37.296131,127.007302,address
41111|송죽동|517,37.297238,127.006646,address
41111|송죽동|65,37.307905,127.004043,address
41111|연무동|10,37.298532,127.029497,address
41111|연무동|18-2,37.298049,127.027820,address
41111|연무동|193-1,37.289004,127.020467,address
41111|연무동|21,37.297969,127.028446,address
41111|연무동|21-5,37.297897,127.029039,address
41111|연무동|214,37.296833,127.029879,address
41111|연무동|221-2,37.321202,127.014879,address
41111|연무동|223-1,37.293536,127.025980,keyword
41111|연무동|224-1,37.320972,127.016755,address
41111|연무동|226-1,37.279218,127.015137,keyword
41111|연무동|244-1,37.293892,127.032421,address
41111|연무동|248-17,37.292745,127.027615,address
41111|연무동|251,37.294130,127.024136,address
41111|연무동|252,37.293552,127.023704,address
41111|연무동|252-4,37.292716,127.023505,address
41111|연무동|257,37.293175,127.024318,address
41111|연무동|258-43,37.292622,127.025791,address
41111|연무동|300,37.294817,127.031508,address
41111|연무동|4-20,37.300404,127.031321,address
41111|연무동|9-4,37.299494,127.029165,address
41111|영화동|101-7,37.293295,127.017588,address
41111|영화동|272-7,37.292958,127.012290,address
41111|영화동|308-1,37.291282,127.011906,address
41111|영화동|31,37.294227,127.022242,address
41111|영화동|334-5,37.289672,127.011812,address
41111|영화동|342-7,37.291175,127.011371,address
41111|영화동|389-4,37.291549,127.006668,address
41111|영화동|405-3,37.289721,127.005588,address
41111|영화동|418,37.289057,127.008006,address
41111|영화동|430-1,37.288891,127.009284,address
41111|율전동|109,37.304897,126.970916,address
41111|율전동|142-5,37.304545,126.968255,address
41111|율전동|161-9,37.301840,126.968212,address
41111|율전동|163-2,37.303522,126.968055,address
41111|율전동|168-2,37.302614,126.967334,address
41111|율전동|276-3,37.298401,126.973670,address
41111|율전동|319,37.299716,126.967194,address
41111|율전동|322,37.298947,126.966891,address
41111|율전동|334-13,37.300214,126.964381,address
41111|율전동|375-2,37.296729,126.966985,address
41111|율전동|408-9,37.296435,126.968967,address
41111|율전동|419,37.294912,126.969159,address
41111|율전동|439-8,37.297236,126.973509,address
41111|율전동|468,37.292007,126.969071,address
41111|율전동|543,37.304391,126.966060,address
41111|율전동|544,37.307575,126.966973,address
41111|율전동|546,37.306330,126.968379,address
41111|율전동|560,37.304506,126.966986,address
41111|율전동|561,37.305288,126.966418,address
41111|율전동|562,37.304637,126.967575,address
41111|율전동|600,37.297836,126.965887,address
41111|이목동|916,37.312448,126.984214,address
41111|이목동|917,37.314247,126.981414,address
41111|이목동|918,37.314564,126.982973,address
41111|정자동|1-10,37.294749,127.009173,address
41111|정자동|11-1,37.295338,127.006626,address
41111|정자동|13,37.294389,127.007417,address
41111|정자동|2-1,37.294113,127.009801,address
41111|정자동|23-7,37.296673,126.997404,address
41111|정자동|24-1,37.296242,126.997912,address
41111|정자동|29-1,37.295153,126.998077,address
41111|정자동|297-2,37.302272,126.996747,address
41111|정자동|30-1,37.294128,126.998710,address
41111|정자동|303,37.301053,126.995745,address
41111|정자동|31-3,37.294279,127.000078,address
41111|정자동|313-1,37.300467,126.993401,address
41111|정자동|36-20,37.295240,127.005459,address
41111|정자동|36-21,37.295498,127.005353,address
41111|정자동|36-23,37.295533,127.005892,address
41111|정자동|378,37.302570,126.992348,address
41111|정자동|390,37.304753,126.993092,address
41111|정자동|395,37.303922,126.993731,address
41111|정자동|41-12,37.293270,127.000873,address
41111|정자동|417,37.304660,126.995634,address
41111|정자동|423-1,37.304360,126.994671,address
41111|정자동|45-2,37.292227,126.999771,address
41111|정자동|45-8,37.292087,127.000822,address
41111|정자동|534-2,37.307138,126.990970,address
41111|정자동|69-2,37.293268,127.004865,address
41111|정자동|69-45,37.292631,127.005230,address
41111|정자동|74-7,37.290291,126.999489,address
41111|정자동|80-18,37.292542,127.006473,address
41111|정자동|840-98,37.302041,126.990124,address
41111|정자동|870-1,37.296349,126.987939,address
41111|정자동|871-4,37.296147,126.990593,address
41111|정자동|872-1,37.298049,126.993358,address
41111|정자동|873-3,37.298656,126.995816,address
41111|정자동|879-1,37.294689,126.991884,address
41111|정자동|880-2,37.294087,126.990391,address
41111|정자동|880-3,37.293772,126.989260,address
41111|정자동|881-4,37.291289,126.988997,address
41111|정자동|882-5,37.292217,126.990745,address
41111|정자동|883-6,37.293149,126.993207,address
41111|정자동|884-4,37.294833,126.996184,address
41111|정자동|886-1,37.293442,126.997056,address
41111|정자동|887-1,37.290595,126.997401,address
41111|정자동|888-2,37.292409,126.994063,address
41111|정자동|9-2,37.295293,127.007830,address
41111|정자동|900-1,37.290701,126.990242,address
41111|정자동|913,37.300235,126.985957,address
41111|정자동|914,37.300487,126.988751,address
41111|정자동|918,37.294503,126.985790,address
41111|정자동|919,37.294173,126.983716,address
41111|정자동|922,37.292448,126.985492,address
41111|정자동|945,37.307511,126.985455,address
41111|정자동|950,37.289972,126.994589,address
41111|정자동|961,37.288468,126.990620,address
41111|정자동|964,37.305100,126.990422,address
41111|조원동|459-11,37.300559,127.019750,address
41111|조원동|510,37.297857,127.021321,address
41111|조원동|664-8,37.295566,127.010353,address
41111|조원동|668-4,37.295089,127.011005,address
41111|조원동|675-4,37.295165,127.009914,address
41111|조원동|676-8,37.293898,127.010970,address
41111|조원동|676-9,37.294148,127.010929,address
41111|조원동|745,37.302054,127.014132,address
41111|조원동|749,37.302367,127.011439,address
41111|조원동|756-5,37.300889,127.012607,address
41111|조원동|761-5,37.299462,127.013102,address
41111|조원동|778,37.296831,127.012924,address
41111|조원동|855,37.304714,127.016105,address
41111|조원동|861,37.303303,127.019155,address
41111|조원동|881,37.305493,127.007315,address
41111|조원동|881#41111-72,37.304509,127.011382,keyword
41111|조원동|881#41111-93,37.304892,127.007643,keyword
41111|조원동|881#41111-94,37.299331,127.018847,keyword
41111|조원동|881#41111-95,37.304892,127.007643,keyword
41111|조원동|908,37.307642,127.008970,address
41111|조원동|910,37.306654,127.012334,address
41111|조원동|912,37.307720,127.012675,address
41111|조원동|925,37.298271,127.017622,address
41111|천천동|333,37.291636,126.980498,address
41111|천천동|482,37.302018,126.981543,address
41111|천천동|511,37.298045,126.980873,address
41111|천천동|514,37.298487,126.983497,address
41111|천천동|531,37.296999,126.984465,address
41111|천천동|544,37.297576,126.976277,address
41111|천천동|563,37.302054,126.975390,address
41111|천천동|565,37.302014,126.977440,address
41111|천천동|566,37.302674,126.979072,address
41111|천천동|569,37.301090,126.979805,address
41111|파장동|199,37.312218,126.994997,address
41111|파장동|212-5,37.310688,126.992905,address
41111|파장동|213-5,37.311390,126.993238,address
41111|파장동|281,37.310490,126.996467,address
41111|파장동|422-1,37.308898,127.000585,address
41111|파장동|422-2,37.308982,126.999933,address
41111|파장동|470,37.309165,126.998051,address
41111|파장동|560,37.309247,126.990665,address
41111|파장동|569-3,37.309448,126.990063,address
41111|파장동|572-2,37.307940,126.991087,address
41111|파장동|577-2,37.308427,126.994250,address
41111|파장동|582-3,37.306949,126.993635,address
41111|파장동|597-18,37.306377,126.997515,address
41111|파장동|622,37.307819,127.000589,address
41111|파장동|632,37.311485,126.991219,address
41111|파장동|640,37.313557,126.994523,address
41113|고색동|287-4,37.248318,126.985648,address
41113|고색동|291,37.248503,126.984203,address
41113|고색동|306-1,37.247911,126.986124,address
41113|고색동|368-1,37.246183,126.979404,address
41113|고색동|5-4,37.253398,126.984641,address
41113|고색동|7-114,37.253036,126.984851,address
41113|고색동|886-83,37.250883,126.977006,address
41113|고색동|887-56,37.251824,126.979949,address
41113|고색동|915,37.247793,126.978251,address
41113|곡반정동|548,37.240169,127.029916,address
41113|곡반정동|578,37.237023,127.027820,address
41113|곡반정동|579,37.235877,127.027133,address
41113|곡반정동|580,37.235469,127.028679,address
41113|곡반정동|652,37.243122,127.035726,address
41113|곡반정동|654,37.239794,127.035040,address
41113|구운동|300,37.275849,126.969943,address
41113|구운동|462,37.284007,126.978874,address
41113|구운동|463,37.281354,126.976134,address
41113|구운동|466,37.279017,126.977718,address
41113|구운동|889,37.285668,126.977650,address
41113|구운동|890,37.284688,126.975020,address
41113|구운동|893,37.283226,126.976114,address
41113|구운동|902-5,37.283683,126.971885,address
41113|구운동|902-7,37.283452,126.971704,address
41113|구운동|933-1,37.280203,126.970452,address
41113|구운동|933-12,37.279877,126.970453,address
41113|구운동|933-13,37.280182,126.970261,address
41113|구운동|933-14,37.279877,126.970261,address
41113|구운동|944-10,37.279663,126.971288,address
41113|구운동|971,37.275590,126.969455,address
41113|구운동|973,37.277074,126.969824,address
41113|권선동|1010-4,37.262341,127.025303,address
41113|권선동|1011-15,37.261277,127.025430,address
41113|권선동|1011-18,37.260912,127.025446,address
41113|권선동|1011-9,37.262162,127.025785,address
41113|권선동|1013-12,37.261068,127.030036,address
41113|권선동|1015,37.260018,127.030240,address
41113|권선동|1018-8,37.260233,127.026112,address
41113|권선동|1020-3,37.259585,127.027374,address
41113|권선동|1035,37.257702,127.025961,address
41113|권선동|1044-1,37.255437,127.027951,address
41113|권선동|1050,37.255871,127.025381,address
41113|권선동|1059-6,37.255106,127.022325,address
41113|권선동|1063-1,37.254496,127.024813,address
41113|권선동|1185,37.254026,127.021568,address
41113|권선동|1185-1,37.253493,127.023223,address
41113|권선동|1186,37.251974,127.024142,address
41113|권선동|1187-1,37.251174,127.026975,address
41113|권선동|1188,37.252501,127.021047,address
41113|권선동|1188-1,37.252195,127.022250,address
41113|권선동|1199-1,37.249387,127.025420,address
41113|권선동|1235,37.254014,127.033694,address
41113|권선동|1238,37.254253,127.037903,address
41113|권선동|1240,37.253312,127.036681,address
41113|권선동|1263,37.251299,127.028511,address
41113|권선동|1265,37.248932,127.028075,address
41113|권선동|1267,37.249890,127.030291,address
41113|권선동|1267#41113-46,37.249852,127.030275,keyword
41113|권선동|1267#41113-60,37.249852,127.030275,keyword
41113|권선동|1270,37.250693,127.033032,address
41113|권선동|1274,37.248528,127.032042,address
41113|권선동|1298,37.249898,127.036355,address
41113|권선동|1303,37.250793,127.038406,address
41113|권선동|1304,37.250239,127.039596,address
41113|권선동|1305,37.249080,127.038753,address
41113|권선동|1306,37.249390,127.037409,address
41113|권선동|1312,37.248492,127.034100,address
41113|권선동|1315,37.247333,127.033630,address
41113|권선동|1320,37.247773,127.036569,address
41113|권선동|1321,37.247706,127.037984,address
41113|권선동|1323,37.246427,127.037499,address
41113|권선동|1330,37.253131,127.026411,address
41113|권선동|1337,37.246534,127.020124,address
41113|권선동|1340,37.243500,127.018401,address
41113|권선동|1355,37.238884,127.024991,address
41113|권선동|1356,37.238325,127.026386,address
41113|권선동|1357,37.242077,127.028065,address
41113|권선동|1359,37.242388,127.025955,address
41113|권선동|1360,37.245648,127.026814,address
41113|권선동|1361,37.245118,127.029402,address
41113|권선동|1362,37.247292,127.027544,address
41113|권선동|1364,37.246681,127.030297,address
41113|권선동|944-13,37.262871,127.023763,address
41113|금곡동|104-3,37.277613,126.952956,address
41113|금곡동|1076,37.275493,126.942729,address
41113|금곡동|1077,37.275539,126.940441,address
41113|금곡동|1078,37.275803,126.938052,address
41113|금곡동|1081,37.272339,126.939521,address
41113|금곡동|1100,37.269173,126.939806,address
41113|금곡동|1146,37.271573,126.953824,address
41113|금곡동|1147,37.270462,126.951466,address
41113|금곡동|241,37.269762,126.956701,address
41113|금곡동|243,37.270870,126.956357,address
41113|금곡동|243-1,37.270565,126.957265,address
41113|금곡동|252,37.270442,126.954702,address
41113|금곡동|262-10,37.269597,126.952828,address
41113|금곡동|520,37.275134,126.933839,address
41113|금곡동|530,37.272876,126.936855,address
41113|금곡동|530#41113-86,37.271341,126.937712,keyword
41113|금곡동|530#41113-87,37.273388,126.934709,keyword
41113|금곡동|648,37.269422,126.937398,address
41113|금곡동|66,37.278689,126.952433,address
41113|금곡동|79,37.277411,126.954347,address
41113|당수동|218-1,37.290504,126.942777,address
41113|당수동|287,37.291738,126.937737,address
41113|당수동|333,37.287755,126.940800,address
41113|당수동|336-1,37.287697,126.943287,address
41113|당수동|742,37.293042,126.938663,address
41113|당수동|743,37.290437,126.938563,address
41113|당수동|744,37.292785,126.937242,address
41113|당수동|745,37.292015,126.936493,address
41113|서둔동|361,37.282650,126.979559,address
41113|서둔동|361-1,37.281109,126.979011,address
41113|서둔동|371,37.268146,126.995232,address
41113|서둔동|374,37.271404,126.984215,address
41113|서둔동|375,37.275636,126.979334,address
41113|서둔동|377,37.274829,126.979501,address
41113|서둔동|418,37.264970,126.994880,address
41113|서둔동|421,37.264864,126.995642,address
41113|서둔동|465,37.273590,126.979994,address
41113|세류동|1010-1,37.254430,127.014907,address
41113|세류동|1021-4,37.254732,127.012938,address
41113|세류동|1076-1,37.256539,127.019555,address
41113|세류동|1138-1,37.251233,127.014116,address
41113|세류동|1248,37.255380,127.015414,address
41113|세류동|1249,37.258149,127.008694,address
41113|세류동|1255,37.259980,127.009918,address
41113|세류동|1260,37.264565,127.009494,address
41113|세류동|1270,37.262823,127.006575,address
41113|세류동|1280,37.260653,127.006704,address
41113|세류동|141,37.263482,127.015673,address
41113|세류동|456-8,37.255311,127.009536,address
41113|세류동|462-13,37.256280,127.009311,address
41113|세류동|526,37.258409,127.012387,address
41113|세류동|530-3,37.257023,127.012523,address
41113|세류동|840,37.261219,127.017370,address
41113|세류동|846-1,37.260429,127.017329,address
41113|오목천동|1170,37.247702,126.963013,address
41113|오목천동|1192,37.243518,126.965537,address
41113|오목천동|314-34,37.245533,126.965879,address
41113|오목천동|323-2,37.246360,126.962994,address
41113|오목천동|381,37.243498,126.961743,address
41113|오목천동|542,37.240596,126.967721,address
41113|오목천동|951,37.246067,126.967168,address
41113|오목천동|956,37.244194,126.968004,address
41113|오목천동|960,37.241945,126.968676,address
41113|오목천동|961,37.241143,126.969061,address
41113|오목천동|962,37.245104,126.965470,address
41113|입북동|150-1,37.297232,126.957296,address
41113|입북동|810,37.296854,126.959492,address
41113|입북동|814,37.300050,126.953031,address
41113|입북동|815,37.298480,126.952891,address
41113|탑동|1-24,37.274406,126.978015,address
41113|탑동|1-27,37.274422,126.978332,address
41113|탑동|1-28,37.274523,126.978602,address
41113|탑동|30-9,37.273349,126.977108,address
41113|탑동|314,37.271069,126.978000,address
41113|탑동|316-25,37.271363,126.978246,address
41113|탑동|5-4,37.275352,126.977405,address
41113|탑동|744-7,37.274122,126.971023,address
41113|탑동|759-17,37.275222,126.976043,address
41113|탑동|759-22,37.275111,126.975455,address
41113|탑동|763,37.274426,126.974934,address
41113|탑동|771-4,37.271383,126.971276,address
41113|탑동|772-1,37.271954,126.971446,address
41113|탑동|783-10,37.272014,126.973703,address
41113|탑동|797-4,37.272231,126.976494,address
41113|탑동|797-6,37.272082,126.976538,address
41113|탑동|803-1,37.271425,126.971530,address
41113|탑동|805-5,37.271270,126.972995,address
41113|탑동|811-1,37.271383,126.974874,address
41113|탑동|815-3,37.270526,126.972634,address
41113|탑동|816-1,37.270118,126.971564,address
41113|탑동|816-2,37.269997,126.971594,address
41113|탑동|816-3,37.269815,126.971634,address
41113|탑동|816-4,37.269647,126.971671,address
41113|탑동|817-1,37.269315,126.971746,address
41113|탑동|817-2,37.269014,126.971812,address
41113|탑동|820-7,37.268779,126.972208,address
41113|탑동|822-11,37.269786,126.972506,address
41113|탑동|827-5,37.269105,126.973654,address
41113|탑동|833-6,37.269358,126.974152,address
41113|탑동|849-11,37.270985,126.975758,address
41113|탑동|849-2,37.271182,126.975892,address
41113|탑동|849-3,37.271199,126.976097,address
41113|탑동|849-8,37.271001,126.976287,address
41113|탑동|850-1,37.269946,126.976854,address
41113|탑동|854-5,37.269906,126.978121,address
41113|탑동|854-7,37.269955,126.978388,address
41113|탑동|855-11,37.270961,126.978327,address
41113|탑동|855-7,37.270768,126.977751,address
41113|탑동|856-2,37.270369,126.977619,address
41113|탑동|860,37.267715,126.974233,address
41113|탑동|869-13,37.266481,126.975076,address
41113|탑동|869-6,37.267037,126.975691,address
41113|탑동|874-4,37.267888,126.976719,address
41113|탑동|875-3,37.267716,126.976962,address
41113|탑동|876-1,37.267397,126.977060,address
41113|탑동|876-3,37.267574,126.977209,address
41113|탑동|880-1,37.267924,126.977180,address
41113|탑동|880-2,37.268097,126.977327,address
41113|탑동|884-3,37.268762,126.977579,address
41113|탑동|888-4,37.269376,126.978966,address
41113|탑동|896,37.272297,126.978285,address
41113|탑동|920,37.271412,126.978691,address
41113|평동|151,37.262359,127.000448,address
41113|호매실동|1352,37.270239,126.945968,address
41113|호매실동|1361,37.264602,126.951304,address
41113|호매실동|1371,37.264943,126.959609,address
41113|호매실동|1380,37.262983,126.960063,address
41113|호매실동|1388,37.260320,126.952320,address
41113|호매실동|1394,37.259901,126.961186,address
41113|호매실동|1408,37.254319,126.959403,address
41113|호매실동|1414,37.257575,126.961102,address
41113|호매실동|1420,37.258306,126.952744,address
41113|호매실동|377,37.267521,126.958867,address
41113|호매실동|452,37.267865,126.953483,address
41113|호매실동|453-6,37.268045,126.952490,address
41113|호매실동|82-5,37.268862,126.957482,address
41115|고등동|116,37.270034,127.004288,address
41115|고등동|305-10,37.270481,127.003003,address
41115|고등동|305-7,37.270284,127.002961,address
41115|고등동|310,37.274983,126.998890,address
41115|고등동|67-19,37.272866,127.006021,address
41115|고등동|94-1,37.271731,127.002658,address
41115|교동|155-40,37.279140,127.005672,keyword
41115|교동|185-7,37.270199,127.012301,address
41115|매교동|142-1,37.269987,127.017161,address
41115|매교동|158-6,37.267393,127.015938,address
41115|매교동|24-6,37.270588,127.016026,address
41115|매교동|25-4,37.271270,127.015572,address
41115|매교동|292,37.268333,127.011749,address
41115|매교동|300,37.267737,127.020431,address
41115|매교동|65-13,37.269391,127.015344,address
41115|매교동|77-67,37.270975,127.014433,address
41115|매교동|77-75,37.269280,127.014189,address
41115|매산로1가|111-2,37.269574,126.999590,address
41115|매산로2가|11-2,37.269504,127.005290,address
41115|매산로2가|84-5,37.266124,127.004921,address
41115|매산로2가|90,37.265812,127.004550,address
41115|매산로3가|16-24,37.271459,127.009716,address
41115|매산로3가|32-1,37.270091,127.009328,address
41115|매산로3가|35-6,37.270327,127.009847,address
41115|우만동|129-1,37.281077,127.037940,address
41115|우만동|138,37.277792,127.037237,address
41115|우만동|139-18,37.276940,127.038570,address
41115|우만동|28,37.281825,127.038409,address
41115|우만동|28#41115-30,37.278655,127.041688,keyword
41115|우만동|28#41115-35,37.281755,127.039702,keyword
41115|우만동|300,37.291288,127.030655,address
41115|우만동|477,37.289020,127.028717,address
41115|우만동|479-1,37.289725,127.029854,address
41115|우만동|494,37.286858,127.030127,address
41115|우만동|496,37.287357,127.031164,address
41115|우만동|499-6,37.287069,127.032921,address
41115|우만동|517,37.286192,127.033091,address
41115|우만동|526-12,37.283223,127.030742,address
41115|우만동|533-1,37.283990,127.035829,address
41115|우만동|58-1,37.279418,127.042890,address
41115|우만동|600,37.280781,127.034865,address
41115|우만동|606,37.278471,127.036569,address
41115|우만동|607,37.279294,127.036825,address
41115|우만동|76-7,37.276490,127.043250,address
41115|우만동|85-3,37.275743,127.042058,address
41115|우만동|98,37.276529,127.039992,address
41115|인계동|1019-6,37.267378,127.029063,address
41115|인계동|1022-3,37.267029,127.028934,address
41115|인계동|1034-11,37.266600,127.029569,address
41115|인계동|1035-7,37.266991,127.030519,address
41115|인계동|1036-13,37.266840,127.031173,address
41115|인계동|1043,37.264095,127.030535,address
41115|인계동|1114-5,37.265214,127.034175,address
41115|인계동|1122-10,37.261325,127.035142,address
41115|인계동|1125-2,37.260505,127.031854,address
41115|인계동|1127-1,37.260083,127.034446,address
41115|인계동|1131,37.259889,127.031614,address
41115|인계동|1132-1,37.258833,127.032424,address
41115|인계동|1132-18,37.258775,127.031443,address
41115|인계동|1135,37.258243,127.031756,address
41115|인계동|1168,37.276658,127.027944,address
41115|인계동|1169,37.276941,127.035495,address
41115|인계동|1170,37.275992,127.025557,address
41115|인계동|1171,37.275714,127.038998,address
41115|인계동|1173,37.272154,127.021056,address
41115|인계동|158-30,37.275584,127.037781,address
41115|인계동|159,37.275284,127.036011,address
41115|인계동|163,37.276132,127.036461,address
41115|인계동|209-7,37.276657,127.028659,address
41115|인계동|245-3,37.275276,127.027585,address
41115|인계동|247-9,37.275531,127.026761,address
41115|인계동|261-1,37.273641,127.026969,address
41115|인계동|303-3,37.273259,127.030651,address
41115|인계동|319-6,37.274595,127.032083,address
41115|인계동|371-1,37.272379,127.036655,address
41115|인계동|373-2,37.272899,127.036862,address
41115|인계동|374-14,37.273021,127.037417,address
41115|인계동|384,37.269356,127.036652,address
41115|인계동|465,37.268664,127.033848,address
41115|인계동|740-10,37.275646,127.024280,address
41115|인계동|865-10,37.270501,127.022689,address
41115|인계동|867-1,37.264017,127.027765,keyword
41115|인계동|899-1,37.265648,127.021461,keyword
41115|인계동|939-5,37.277101,127.031259,address
41115|인계동|945,37.273166,127.029796,address
41115|인계동|953-2,37.275917,127.029675,address
41115|인계동|956-1,37.274683,127.027884,address
41115|인계동|960-4,37.273184,127.027970,address
41115|인계동|968-6,37.270888,127.026179,address
41115|인계동|975-10,37.268603,127.024264,address
41115|인계동|975-15,37.268795,127.023463,address
41115|인계동|997,37.266004,127.024179,address
41115|지동|138-24,37.280027,127.025052,address
41115|지동|138-3,37.280214,127.025826,address
41115|지동|138-6,37.280615,127.025488,address
41115|지동|312-1,37.279300,127.022685,address
41115|지동|349-1,37.276922,127.021904,address
41115|지동|354-35,37.277686,127.022435,address
41115|지동|365-20,37.275957,127.023254,address
41115|화서동|11-11,37.284976,127.004474,address
41115|화서동|11-41,37.283717,127.003429,address
41115|화서동|151-7,37.277839,126.995157,address
41115|화서동|206-8,37.281168,126.997122,address
41115|화서동|212-1,37.281783,126.996347,address
41115|화서동|212-5,37.281820,126.996747,address
41115|화서동|212-6,37.281940,126.996962,address
41115|화서동|213-27,37.281526,126.995922,address
41115|화서동|220-3,37.280228,126.994056,address
41115|화서동|250-4,37.282548,126.999474,address
41115|화서동|646,37.285965,126.992255,address
41115|화서동|650,37.284058,126.992368,address
41115|화서동|650#41115-20,37.284699,126.992930,keyword
41115|화서동|650#41115-24,37.284235,126.991006,keyword
41115|화서동|656,37.281291,126.993480,address
41115|화서동|674-1,37.289083,126.987929,address
41115|화서동|684-2,37.287035,126.986599,address
41115|화서동|700,37.287217,126.985287,address
41115|화서동|703,37.285511,126.985060,address
41115|화서동|706,37.288946,126.983961,address
41115|화서동|709,37.288224,126.982575,address
41115|화서동|71-21,37.279700,127.003659,address
41115|화서동|71-6,37.279510,127.004389,address
41115|화서동|713,37.288104,126.980515,address
41115|화서동|730,37.284661,126.982151,address
41115|화서동|743,37.288533,127.000624,address
41115|화서동|761,37.284851,126.994753,address
41115|화서동|769,37.287303,127.002182,address
41115|화서동|79-30,37.282291,127.003913,address
41115|화서동|84-1,37.281377,127.003636,address
41117|망포동|291,37.242235,127.052016,address
41117|망포동|295-3,37.241544,127.053839,address
41117|망포동|298-2,37.242511,127.053736,address
41117|망포동|488,37.239790,127.061140,address
41117|망포동|509-1,37.241756,127.062531,address
41117|망포동|509-2,37.240783,127.062757,address
41117|망포동|683,37.240245,127.051108,address
41117|망포동|686,37.236759,127.053560,address
41117|망포동|690,37.240454,127.052498,address
41117|망포동|691,37.242973,127.052103,address
41117|망포동|693,37.243980,127.056998,address
41117|망포동|696,37.237006,127.047058,address
41117|망포동|698,37.236616,127.056653,address
41117|망포동|700,37.239411,127.047652,address
41117|망포동|702,37.233889,127.053302,address
41117|망포동|704,37.241896,127.050116,address
41117|망포동|707,37.242378,127.065519,address
41117|망포동|716,37.237433,127.046363,address
41117|망포동|717,37.238501,127.061265,address
41117|망포동|718,37.242606,127.059271,address
41117|망포동|720,37.244364,127.054556,address
41117|망포동|722,37.242206,127.056200,address
41117|망포동|723,37.240552,127.057329,address
41117|망포동|725,37.242769,127.062489,address
41117|망포동|726,37.240167,127.064359,address
41117|망포동|727,37.240632,127.066293,address
41117|망포동|728,37.243264,127.049000,address
41117|망포동|760,37.242989,127.042285,address
41117|망포동|766,37.243106,127.045067,address
41117|망포동|790,37.240285,127.041371,address
41117|망포동|800,37.234285,127.054870,address
41117|망포동|805,37.242917,127.040431,address
41117|망포동|810,37.240083,127.039074,address
41117|매탄동|110-14,37.272066,127.048473,address
41117|매탄동|1162,37.257340,127.038570,address
41117|매탄동|1199,37.270695,127.056100,address
41117|매탄동|1209,37.269679,127.053480,address
41117|매탄동|1211,37.268988,127.056464,address
41117|매탄동|1211-1,37.268138,127.055650,address
41117|매탄동|1217,37.267460,127.051119,address
41117|매탄동|1217-5,37.266911,127.053984,address
41117|매탄동|1217-7,37.265653,127.050164,address
41117|매탄동|1230,37.266064,127.055953,address
41117|매탄동|1258,37.260952,127.044746,address
41117|매탄동|1260,37.260501,127.047121,address
41117|매탄동|1274,37.257836,127.043222,address
41117|매탄동|1277,37.256947,127.044823,address
41117|매탄동|1280,37.255595,127.043734,address
41117|매탄동|1282,37.254928,127.041107,address
41117|매탄동|1352,37.262038,127.040455,address
41117|매탄동|164-10,37.273243,127.038040,address
41117|매탄동|172-181,37.273300,127.039583,address
41117|매탄동|176,37.271055,127.039601,address
41117|매탄동|194-4,37.272156,127.043075,address
41117|매탄동|50,37.269903,127.051880,address
41117|매탄동|810,37.269525,127.043632,address
41117|매탄동|810-1,37.268231,127.043043,address
41117|매탄동|810-2,37.266922,127.042984,address
41117|매탄동|810-3,37.265976,127.042072,address
41117|매탄동|810-4,37.265319,127.044066,address
41117|매탄동|897,37.267961,127.036416,address
41117|매탄동|897#41117-6,37.268528,127.040327,keyword
41117|매탄동|897#41117-7,37.254927,127.041108,keyword
41117|신동|939,37.245963,127.043046,address
41117|신동|940,37.246859,127.046330,address
41117|영통동|1025-6,37.248698,127.079563,address
41117|영통동|1025-7,37.248442,127.079484,address
41117|영통동|1046-1,37.255733,127.079321,address
41117|영통동|1047-1,37.256335,127.077986,address
41117|영통동|1048-2,37.258303,127.079558,address
41117|영통동|1052-2,37.263312,127.083162,address
41117|영통동|1053-2,37.265742,127.083632,address
41117|영통동|1053-2#41117-61,37.249576,127.067808,keyword
41117|영통동|1053-2#41117-78,37.265742,127.083632,address
41117|영통동|1054-3,37.268433,127.084408,address
41117|영통동|1054-3#41117-63,37.267108,127.082904,keyword
41117|영통동|1054-3#41117-67,37.267108,127.082904,keyword
41117|영통동|1093,37.244487,127.066194,address
41117|영통동|1153,37.266211,127.071353,address
41117|영통동|1154,37.244442,127.063597,address
41117|영통동|1166,37.265136,127.075809,address
41117|영통동|948-4,37.265892,127.079700,address
41117|영통동|955-1,37.262434,127.079691,address
41117|영통동|956-2,37.259554,127.076515,address
41117|영통동|956-2#41117-58,37.259870,127.075466,keyword
41117|영통동|956-2#41117-59,37.259643,127.077592,keyword
41117|영통동|957-6,37.257725,127.074864,address
41117|영통동|957-6#41117-45,37.257725,127.074864,address
41117|영통동|957-6#41117-80,37.257725,127.074864,address
41117|영통동|958-3,37.255111,127.073919,address
41117|영통동|963-2,37.254665,127.065505,address
41117|영통동|963-2#41117-49,37.254390,127.065527,keyword
41117|영통동|963-2#41117-50,37.254390,127.065527,keyword
41117|영통동|963-2#41117-51,37.254390,127.065527,keyword
41117|영통동|963-2#41117-53,37.254390,127.065527,keyword
41117|영통동|964-5,37.252140,127.063222,address
41117|영통동|965-2,37.252129,127.066724,address
41117|영통동|965-2#41117-35,37.252198,127.066513,keyword
41117|영통동|965-2#41117-55,37.252198,127.066513,keyword
41117|영통동|966-2,37.251119,127.069362,address
41117|영통동|967-2,37.249461,127.067802,address
41117|영통동|967-2#41117-34,37.249576,127.067808,keyword
41117|영통동|967-2#41117-54,37.249576,127.067808,keyword
41117|영통동|968,37.250946,127.065285,address
41117|영통동|968#41117-47,37.250959,127.065303,keyword
41117|영통동|968#41117-48,37.250959,127.065303,keyword
41117|영통동|969-1,37.249125,127.063755,address
41117|영통동|969-1#41117-44,37.249262,127.063760,keyword
41117|영통동|969-1#41117-79,37.249262,127.063760,keyword
41117|영통동|970-3,37.247349,127.065306,address
41117|영통동|971-1,37.247210,127.062478,address
41117|영통동|972-2,37.250347,127.061716,address
41117|영통동|973-3,37.248007,127.059166,address
41117|영통동|973-3#41117-36,37.247647,127.059226,keyword
41117|영통동|973-3#41117-37,37.247647,127.059226,keyword
41117|영통동|973-3#41117-39,37.247647,127.059226,keyword
41117|영통동|987-1,37.245882,127.068215,address
41117|영통동|988-2,37.247836,127.070387,address
41117|영통동|989-2,37.249879,127.071605,address
41117|영통동|996-3,37.255000,127.075622,address
41117|원천동|30-5,37.278063,127.045109,address
41117|원천동|300-3,37.266504,127.067649,address
41117|원천동|333-3,37.264609,127.062648,address
41117|원천동|35,37.277012,127.046691,address
41117|원천동|548,37.268200,127.061309,address
41117|원천동|589,37.282504,127.058202,address
41117|원천동|593,37.273727,127.060945,address
41117|원천동|604,37.271463,127.061991,address
41117|원천동|606,37.272394,127.057410,address
41117|원천동|628,37.263580,127.067149,address
41117|원천동|632,37.264732,127.063885,address
41117|원천동|71-1,37.275220,127.046324,address
41117|원천동|96-1,37.273667,127.052606,address
41117|이의동|1182,37.307368,127.040779,address
41117|이의동|1184,37.306950,127.043751,address
41117|이의동|1200,37.306640,127.046440,address
41117|이의동|1211,37.304720,127.048897,address
41117|이의동|1226,37.307151,127.053326,address
41117|이의동|1229,37.303496,127.049896,address
41117|이의동|1252,37.302275,127.039454,address
41117|이의동|1253,37.301549,127.041749,address
41117|이의동|1303,37.292373,127.059300,address
41117|이의동|1304,37.291375,127.061420,address
41117|이의동|1326,37.291723,127.054232,address
41117|이의동|1331,37.291916,127.048382,address
41117|이의동|1332,37.290667,127.050519,address
41117|이의동|1334,37.289136,127.059104,address
41117|이의동|1339,37.284868,127.054375,address
41117|이의동|1344,37.287624,127.051019,address
41117|이의동|1353,37.287384,127.048345,address
41117|이의동|1358,37.286273,127.044434,address
41117|이의동|1367,37.285324,127.050705,address
41117|이의동|1370,37.283724,127.053112,address
41117|하동|1001,37.295582,127.084697,address
41117|하동|1013,37.289246,127.063503,address
41117|하동|1021,37.285515,127.064175,address
41117|하동|1027,37.280525,127.071161,address
41117|하동|1028,37.279894,127.069353,address
41117|하동|1032,37.277519,127.068105,address
41117|하동|994,37.290809,127.072866,address
41131|고등동|582,37.429386,127.101287,address
41131|고등동|585,37.427355,127.101274,address
41131|고등동|590,37.427258,127.099232,address
41131|고등동|592,37.428506,127.096326,address
41131|고등동|601,37.426140,127.101446,address
41131|단대동|100,37.450001,127.157254,address
41131|단대동|124,37.450929,127.156227,address
41131|단대동|127,37.450115,127.154981,address
41131|단대동|182,37.446864,127.155903,address
41131|단대동|185-13,37.447747,127.154727,address
41131|단대동|3,37.462269,127.158435,address
41131|단대동|6,37.461961,127.157454,address
41131|단대동|66-1,37.455161,127.160198,address
41131|단대동|6986,37.452160,127.157496,address
41131|단대동|78,37.452130,127.156570,address
41131|산성동|848,37.455943,127.150792,address
41131|수진동|1-5,37.441489,127.136024,address
41131|수진동|2220,37.436948,127.138717,address
41131|수진동|2934,37.440319,127.130817,address
41131|수진동|2965,37.439943,127.129553,address
41131|수진동|3016,37.437994,127.128543,address
41131|수진동|3029,37.438586,127.128732,address
41131|수진동|3379,37.439903,127.131632,address
41131|수진동|3991,37.436688,127.128792,address
41131|수진동|4002,37.436242,127.128875,address
41131|수진동|4539,37.439234,127.127047,address
41131|수진동|4557,37.438129,127.127443,address
41131|수진동|4569,37.437970,127.126854,address
41131|수진동|4660,37.439227,127.125488,address
41131|수진동|4663,37.438607,127.124485,address
41131|수진동|4678,37.438838,127.121125,address
41131|수진동|4763-1,37.433995,127.126522,address
41131|수진동|4809,37.434621,127.127978,address
41131|신흥동|125-2,37.451816,127.149339,address
41131|신흥동|1741-8,,,miss
41131|신흥동|179,37.451512,127.148873,address
41131|신흥동|188,37.446616,127.136366,keyword
41131|신흥동|2024,37.445070,127.149547,address
41131|신흥동|2463-1,37.444803,127.151995,address
41131|신흥동|2464-1,37.444150,127.150846,address
41131|신흥동|2465-7,37.443481,127.151898,address
41131|신흥동|2476,37.442583,127.150728,address
41131|신흥동|2565,37.442336,127.148386,address
41131|신흥동|3765,37.442723,127.143530,address
41131|신흥동|4512,37.441130,127.143615,address
41131|신흥동|4535,37.441084,127.143437,address
41131|신흥동|5180,37.442736,127.142739,address
41131|신흥동|5518,37.442872,127.139689,address
41131|신흥동|5519,37.442820,127.139514,address
41131|신흥동|5542-3,37.441688,127.136579,address
41131|신흥동|65,37.448727,127.145086,address
41131|신흥동|6947,37.438095,127.140838,address
41131|신흥동|6951,37.453075,127.146997,address
41131|신흥동|6961,37.447131,127.146752,address
41131|신흥동|6963,37.449511,127.148255,address
41131|신흥동|6971,37.449494,127.151829,address
41131|신흥동|72,37.448460,127.144933,address
41131|신흥동|859,37.450749,127.147765,address
41131|신흥동|950,37.449542,127.146523,address
41131|양지동|1021,37.456666,127.160218,address
41131|양지동|1022,37.458036,127.160095,address
41131|양지동|6,37.463312,127.169333,address
41131|양지동|743-1,37.456858,127.159868,address
41131|양지동|89,37.463450,127.167898,address
41131|양지동|93,37.463231,127.166493,address
41131|양지동|94,37.463338,127.167192,address
41131|창곡동|504,37.473245,127.139090,address
41131|창곡동|507,37.471588,127.141359,address
41131|창곡동|512,37.472486,127.148447,address
41131|창곡동|515,37.472674,127.152387,address
41131|창곡동|519,37.470871,127.152705,address
41131|창곡동|521,37.470023,127.154960,address
41131|창곡동|528,37.470078,127.144474,address
41131|창곡동|529,37.470407,127.142492,address
41131|창곡동|530,37.470233,127.141275,address
41131|창곡동|531,37.470313,127.138908,address
41131|창곡동|563,37.466139,127.142219,address
41131|창곡동|564,37.466549,127.141025,address
41131|창곡동|565,37.467878,127.141130,address
41131|창곡동|567,37.466948,127.146570,address
41131|창곡동|572,37.465411,127.144527,address
41131|창곡동|597,37.461734,127.145510,address
41131|태평동|2991-2,37.446868,127.135871,address
41131|태평동|3505,37.442157,127.135200,address
41131|태평동|3649-2,37.442138,127.133831,address
41131|태평동|3659,37.442077,127.134697,address
41131|태평동|3737,37.442861,127.131133,address
41131|태평동|5113-3,37.448231,127.127443,address
41131|태평동|5113-7,37.448362,127.127163,address
41131|태평동|6146,37.441693,127.127873,address
41131|태평동|6455,37.440456,127.129325,address
41131|태평동|6513,37.440316,127.128146,address
41131|태평동|7288-11,37.443953,127.139578,address
41131|태평동|7306,37.446837,127.142794,address
41131|태평동|7330,37.445330,127.142275,address
41131|태평동|7336,37.444231,127.141383,address
41131|태평동|7337,37.444903,127.142588,address
41131|태평동|7341,37.446602,127.140822,address
41131|태평동|7342,37.448472,127.127845,address
41131|태평동|7343,37.448194,127.130396,address
41131|태평동|7344,37.447785,127.129144,address
41131|태평동|7346,37.450064,127.133791,address
41133|금광동|1001,37.443623,127.160288,address
41133|금광동|1003,37.442745,127.162533,address
41133|금광동|1008,37.443228,127.164208,address
41133|금광동|1016,37.445096,127.166010,address
41133|금광동|1020,37.443752,127.168127,address
41133|금광동|2450-1,37.444290,127.169915,address
41133|금광동|2500,37.450149,127.172867,address
41133|금광동|2600,37.448324,127.172356,address
41133|금광동|2627,37.448029,127.170497,address
41133|금광동|2892,37.450095,127.165420,address
41133|금광동|3950,37.449665,127.161629,address
41133|금광동|4464,37.447392,127.158528,address
41133|금광동|4622,37.450210,127.159916,address
41133|금광동|4863,37.446636,127.165523,address
41133|금광동|91,,,miss
41133|금광동|92,37.442211,127.160256,address
41133|도촌동|700,37.413641,127.147749,address
41133|도촌동|702,37.415284,127.153815,address
41133|도촌동|704,37.416180,127.156953,address
41133|도촌동|706,37.413312,127.160254,address
41133|상대원동|152-3,37.437534,127.167979,address
41133|상대원동|174,37.442437,127.178554,address
41133|상대원동|1761,37.436212,127.161523,address
41133|상대원동|178-6,37.440907,127.180296,address
41133|상대원동|179,37.440279,127.179957,address
41133|상대원동|195-5,37.439358,127.179088,address
41133|상대원동|197-1,37.438876,127.178985,address
41133|상대원동|279-1,37.440503,127.169312,address
41133|상대원동|2986-20,37.435293,127.158356,address
41133|상대원동|2986-22,37.435186,127.158362,address
41133|상대원동|2993-3,37.439329,127.161046,address
41133|상대원동|2997-15,37.438271,127.159891,address
41133|상대원동|2997-22,37.438647,127.159982,address
41133|상대원동|5026,37.434683,127.158085,address
41133|상대원동|산19-4,37.440867,127.181063,address
41133|성남동|2163,37.436511,127.141190,address
41133|성남동|2258,37.434717,127.137604,address
41133|성남동|2292,37.434257,127.135205,address
41133|성남동|2334,37.434476,127.138398,address
41133|성남동|2339,37.434449,127.138726,address
41133|성남동|2396,37.435071,127.139968,address
41133|성남동|2487,37.435240,127.140419,address
41133|성남동|2493,37.435667,127.140648,address
41133|성남동|2508,37.436035,127.141325,address
41133|성남동|2624,37.437052,127.143416,address
41133|성남동|2992,37.434062,127.141540,address
41133|성남동|3121,37.429625,127.139860,address
41133|성남동|3126,37.430638,127.138467,address
41133|성남동|3137,37.434216,127.133954,address
41133|성남동|3141,37.434116,127.133761,address
41133|성남동|3166,37.433788,127.132460,address
41133|성남동|3219,37.432727,127.129651,address
41133|성남동|3264,37.433258,127.132354,address
41133|성남동|3279,37.433190,127.133112,address
41133|성남동|3283,37.433399,127.133310,address
41133|성남동|3287,37.433424,127.133587,address
41133|성남동|3300,37.433293,127.134999,address
41133|성남동|3301,37.432990,127.135143,address
41133|성남동|3747,37.431913,127.134750,address
41133|성남동|3753,37.432316,127.135216,address
41133|성남동|3754,37.432385,127.135483,address
41133|성남동|3755,37.432141,127.135455,address
41133|성남동|3757,37.431991,127.135530,address
41133|성남동|4031,37.430536,127.132429,address
41133|성남동|4105,37.429767,127.130485,address
41133|성남동|4117,37.430586,127.130901,address
41133|성남동|4117-1,37.430609,127.131210,address
41133|성남동|4859,37.431311,127.127448,address
41133|여수동|600,37.417931,127.131443,address
41133|여수동|601,37.417725,127.135447,address
41133|여수동|602,37.419273,127.136483,address
41133|은행동|1740,37.455443,127.164195,address
41133|은행동|1932-6,37.451929,127.163447,address
41133|은행동|550,37.459055,127.169644,address
41133|은행동|550#41133-7,37.459061,127.169646,keyword
41133|은행동|550#41133-8,37.461266,127.171868,keyword
41133|중앙동|3001,37.438113,127.147331,address
41133|중앙동|3006,37.438651,127.150549,address
41133|중앙동|3007,37.440723,127.151555,address
41133|중앙동|515,37.441499,127.150665,address
41133|중앙동|577,37.436153,127.148285,address
41133|중앙동|578,37.436931,127.149852,address
41133|중앙동|710,37.442883,127.157788,address
41133|하대원동|100-3,37.428756,127.130186,address
41133|하대원동|103-17,37.428331,127.132847,address
41133|하대원동|104-13,37.428454,127.133935,address
41133|하대원동|105-2,37.428977,127.135871,address
41133|하대원동|105-7,37.428574,127.135077,address
41133|하대원동|111,37.429390,127.137654,address
41133|하대원동|111-7,37.429148,127.138995,address
41133|하대원동|115-3,37.429714,127.146127,address
41133|하대원동|117,37.428733,127.140052,address
41133|하대원동|119,37.446616,127.136366,keyword
41133|하대원동|120-1,37.428769,127.142963,keyword
41133|하대원동|127-4,37.429092,127.145745,address
41133|하대원동|137-5,37.430892,127.151775,address
41133|하대원동|143-1,37.428814,127.148881,address
41133|하대원동|147-5,37.427670,127.144413,address
41133|하대원동|155-2,37.428169,127.149546,address
41133|하대원동|156-16,37.427627,127.151121,address
41133|하대원동|160-2,37.426859,127.149454,address
41133|하대원동|161-9,37.426840,127.148565,address
41133|하대원동|173-2,37.432271,127.150538,address
41133|하대원동|176,37.432980,127.150875,address
41133|하대원동|190,37.432746,127.151595,address
41133|하대원동|249,37.428795,127.151918,address
41133|하대원동|539,37.433366,127.156435,address
41133|하대원동|545,37.429338,127.141953,address
41133|하대원동|546,37.429254,127.142548,address
41135|구미동|110,37.345609,127.117234,address
41135|구미동|201,37.339095,127.114851,address
41135|구미동|201#41135-178,37.339093,127.114852,keyword
41135|구미동|201#41135-184,37.339093,127.114852,keyword
41135|구미동|202,37.336665,127.114606,address
41135|구미동|211,37.335181,127.116766,address
41135|구미동|212,37.335227,127.119373,address
41135|구미동|213,37.336525,127.118016,address
41135|구미동|220,37.339293,127.116924,address
41135|구미동|221,37.339252,127.118811,address
41135|구미동|222,37.338203,127.120939,address
41135|구미동|222#41135-183,37.338204,127.120940,keyword
41135|구미동|222#41135-218,37.338204,127.120940,keyword
41135|구미동|225,37.340252,127.120928,address
41135|구미동|240,37.340752,127.123729,address
41135|구미동|242,37.342076,127.123216,address
41135|구미동|243,37.341731,127.124690,address
41135|구미동|63,37.347046,127.113447,address
41135|구미동|63#41135-164,37.346883,127.113361,keyword
41135|구미동|63#41135-231,37.346883,127.113361,keyword
41135|구미동|66,37.349185,127.113999,address
41135|구미동|77,37.350276,127.117242,address
41135|구미동|88,37.347558,127.117288,address
41135|금곡동|125,37.355488,127.112041,address
41135|금곡동|132,37.353327,127.115505,address
41135|금곡동|133,37.352525,127.114208,address
41135|금곡동|141,37.351267,127.112946,address
41135|금곡동|143,37.352441,127.110134,address
41135|금곡동|176,37.352876,127.107307,address
41135|금곡동|177,37.352014,127.107455,address
41135|금곡동|177#41135-154,37.352093,127.107323,keyword
41135|금곡동|177#41135-156,37.352093,127.107323,keyword
41135|금곡동|180,37.354219,127.107297,address
41135|금곡동|181,37.355776,127.107233,address
41135|금곡동|192,37.355338,127.105205,address
41135|금곡동|201,37.352969,127.104962,address
41135|금곡동|202,37.351977,127.104915,address
41135|금곡동|208,37.351686,127.105739,address
41135|대장동|591,37.375206,127.069190,address
41135|대장동|592,37.374293,127.070706,address
41135|대장동|595,37.372810,127.068709,address
41135|대장동|621,37.369678,127.067607,address
41135|대장동|623,37.366863,127.067446,address
41135|대장동|634,37.365873,127.070044,address
41135|대장동|638,37.367683,127.073559,address
41135|대장동|641,37.364682,127.072578,address
41135|대장동|642,37.363745,127.070455,address
41135|백현동|525,37.384577,127.107736,address
41135|백현동|530,37.393590,127.108437,address
41135|백현동|531,37.395523,127.108187,address
41135|백현동|542,37.393314,127.114965,address
41135|백현동|545,37.393199,127.118606,address
41135|백현동|554,37.389970,127.111968,address
41135|백현동|555,37.390686,127.110379,address
41135|백현동|556,37.388923,127.109843,address
41135|백현동|558,37.387364,127.109787,address
41135|백현동|608,37.383348,127.094816,address
41135|분당동|34,37.373633,127.130145,address
41135|분당동|35,37.372166,127.132066,address
41135|분당동|38,37.371947,127.127719,address
41135|분당동|39,37.371289,127.129423,address
41135|분당동|66,37.370126,127.139342,address
41135|삼평동|705,37.406021,127.113715,address
41135|삼평동|717,37.406901,127.117407,address
41135|삼평동|718,37.403508,127.117947,address
41135|삼평동|722,37.402635,127.114983,address
41135|삼평동|738,37.397126,127.115494,address
41135|삼평동|740,37.397284,127.113533,address
41135|삼평동|741,37.395523,127.113649,address
41135|삼평동|742,37.395522,127.115378,address
41135|삼평동|744,37.396548,127.118498,address
41135|서현동|291,37.377777,127.135547,address
41135|서현동|292,37.376395,127.137547,address
41135|서현동|299,37.375922,127.132807,address
41135|서현동|301,37.373626,127.134310,address
41135|서현동|307,37.373194,127.137987,address
41135|서현동|308,37.372363,127.136129,address
41135|서현동|308#41135-104,37.370965,127.137631,keyword
41135|서현동|308#41135-107,37.372362,127.136128,keyword
41135|서현동|308#41135-112,37.372362,127.136128,keyword
41135|서현동|310,37.370974,127.137625,address
41135|서현동|87,37.383411,127.128473,address
41135|서현동|87#41135-102,37.383515,127.128633,keyword
41135|서현동|87#41135-98,37.383515,127.128633,keyword
41135|서현동|91,37.381042,127.125475,address
41135|서현동|92,37.377856,127.129560,address
41135|서현동|96,37.380227,127.132552,address
41135|수내동|1-1,37.381597,127.117497,address
41135|수내동|24,37.375158,127.114716,address
41135|수내동|24#41135-248,37.375158,127.114716,address
41135|수내동|24#41135-73,37.375158,127.114716,address
41135|수내동|27,37.373354,127.117091,address
41135|수내동|29,37.374776,127.118446,address
41135|수내동|32,37.376324,127.116703,address
41135|수내동|34,37.377992,127.118200,address
41135|수내동|36,37.375735,127.119786,address
41135|수내동|51,37.373935,127.121884,address
41135|수내동|52,37.372029,127.123647,address
41135|수내동|54,37.370328,127.120912,address
41135|수내동|55,37.371850,127.118814,address
41135|수내동|71,37.370726,127.125041,address
41135|수내동|73,37.368844,127.127047,address
41135|수내동|75,37.369130,127.124299,address
41135|야탑동|147,37.406101,127.154419,address
41135|야탑동|156,37.405935,127.147092,address
41135|야탑동|162,37.406482,127.144478,address
41135|야탑동|163,37.406994,127.143243,address
41135|야탑동|188,37.412686,127.145790,address
41135|야탑동|190,37.413288,127.144834,address
41135|야탑동|201,37.415994,127.135208,address
41135|야탑동|205,37.415759,127.137886,address
41135|야탑동|211,37.413448,127.141800,address
41135|야탑동|215,37.414063,127.135780,address
41135|야탑동|330,37.415425,127.124418,address
41135|야탑동|330#41135-137,37.415480,127.127507,keyword
41135|야탑동|330#41135-138,37.415426,127.124417,keyword
41135|야탑동|334,37.415572,127.130000,address
41135|야탑동|391,37.410180,127.132487,address
41135|야탑동|510,37.408631,127.125920,address
41135|야탑동|511,37.408726,127.127548,address
41135|야탑동|511#41135-142,37.408726,127.127548,address
41135|야탑동|511#41135-146,37.408726,127.127548,address
41135|야탑동|517,37.408743,127.132260,address
41135|야탑동|518,37.408772,127.135156,address
41135|야탑동|519,37.409046,127.136442,address
41135|야탑동|525,37.407302,127.131915,address
41135|야탑동|530,37.406476,127.127269,address
41135|야탑동|535,37.406388,127.121067,address
41135|야탑동|536,37.407837,127.121244,address
41135|운중동|899,37.390823,127.068955,address
41135|운중동|916,37.384143,127.072495,address
41135|운중동|918,37.386276,127.072503,address
41135|운중동|921,37.389067,127.071789,address
41135|운중동|922,37.388916,127.074090,address
41135|운중동|949,37.391003,127.074931,address
41135|운중동|956,37.392460,127.071989,address
41135|운중동|958,37.392555,127.075064,address
41135|운중동|988,37.393650,127.074500,address
41135|운중동|989,37.393815,127.072142,address
41135|이매동|100,37.402952,127.126832,address
41135|이매동|110,37.398112,127.127233,address
41135|이매동|111,37.395996,127.126957,address
41135|이매동|116,37.394023,127.126683,address
41135|이매동|117,37.389778,127.127031,address
41135|이매동|121,37.391156,127.124945,address
41135|이매동|122,37.390266,127.123931,address
41135|이매동|123,37.392371,127.126985,address
41135|이매동|124,37.388599,127.125931,address
41135|이매동|132,37.403808,127.121440,address
41135|이매동|132#41135-81,37.404380,127.122396,keyword
41135|이매동|132#41135-85,37.404738,127.120601,keyword
41135|이매동|132#41135-87,37.402718,127.121063,keyword
41135|이매동|133,37.400800,127.121517,address
41135|이매동|133#41135-82,37.400800,127.121515,keyword
41135|이매동|133#41135-83,37.400800,127.121515,keyword
41135|이매동|140,37.397959,127.121793,address
41135|이매동|142,37.395390,127.121916,address
41135|이매동|143,37.394017,127.122076,address
41135|이매동|99,37.404440,127.126803,address
41135|정자동|10-1,37.370785,127.104851,address
41135|정자동|102,37.368368,127.118233,address
41135|정자동|107,37.366935,127.120623,address
41135|정자동|11,37.368927,127.105147,address
41135|정자동|110,37.364853,127.122566,address
41135|정자동|111,37.364894,127.120242,address
41135|정자동|112,37.364906,127.117799,address
41135|정자동|117,37.364819,127.115919,address
41135|정자동|12-2,37.370309,127.105593,address
41135|정자동|12-3,37.369615,127.105596,address
41135|정자동|121,37.364857,127.113565,address
41135|정자동|124,37.362536,127.111104,address
41135|정자동|125,37.362544,127.112790,address
41135|정자동|13-1,37.370565,127.106495,address
41135|정자동|14-1,37.369641,127.106499,address
41135|정자동|14-3,37.368830,127.106503,address
41135|정자동|15-4,37.369521,127.107498,address
41135|정자동|169-1,37.360862,127.107540,address
41135|정자동|170-1,37.360793,127.106544,address
41135|정자동|174-1,37.360983,127.105161,address
41135|정자동|180,37.359092,127.106996,address
41135|정자동|181,37.357478,127.107065,address
41135|정자동|181#41135-59,37.357478,127.107065,keyword
41135|정자동|181#41135-61,37.357478,127.107065,keyword
41135|정자동|191,37.362706,127.115875,address
41135|정자동|192,37.362262,127.117797,address
41135|정자동|192#41135-229,37.360265,127.117846,keyword
41135|정자동|192#41135-63,37.362283,127.117776,keyword
41135|정자동|194,37.360528,127.115920,address
41135|정자동|197,37.362769,127.120238,address
41135|정자동|198,37.362275,127.122072,address
41135|정자동|198#41135-227,37.362982,127.121925,keyword
41135|정자동|198#41135-62,37.360633,127.121361,keyword
41135|정자동|200,37.360199,127.120137,address
41135|정자동|215,37.355056,127.117241,address
41135|정자동|28-1,37.375197,127.110763,address
41135|정자동|6,37.374981,127.106449,address
41135|정자동|88,37.367597,127.111285,address
41135|정자동|9,37.371663,127.105142,address
41135|정자동|90,37.367346,127.113554,address
41135|판교동|494,37.399910,127.092811,address
41135|판교동|513,37.398094,127.094701,address
41135|판교동|585,37.390012,127.096287,address
41135|판교동|622,37.391375,127.087102,address
41135|판교동|623,37.389630,127.086417,address
41135|판교동|629,37.387855,127.085928,address
41135|판교동|634,37.387565,127.088490,address
41135|판교동|635,37.387320,127.090200,address
41135|판교동|637,37.387503,127.092450,address
41150|가능동|106-16,37.755635,127.037817,address
41150|가능동|106-21,37.756259,127.038199,address
41150|가능동|15-25,37.749173,127.049407,address
41150|가능동|15-552,37.752595,127.045464,address
41150|가능동|15-7,37.753317,127.045394,address
41150|가능동|224-191,37.741590,127.030044,address
41150|가능동|350-3,37.753005,127.033785,address
41150|가능동|50,37.753901,127.041319,address
41150|가능동|568-1,37.743596,127.024195,address
41150|가능동|620-12,37.751911,127.038567,address
41150|가능동|632-14,37.751184,127.041180,address
41150|가능동|632-20,37.751190,127.041346,address
41150|가능동|641-15,37.749707,127.042874,address
41150|가능동|644-8,37.747656,127.043827,address
41150|가능동|651-14,37.747285,127.041158,address
41150|가능동|653-25,37.749588,127.042288,address
41150|가능동|656-1,37.749454,127.037671,address
41150|가능동|716-2,37.746336,127.032205,address
41150|가능동|717-22,37.745550,127.031809,address
41150|가능동|721-14,37.745519,127.033352,address
41150|가능동|725-25,37.746203,127.037684,address
41150|가능동|754,37.738722,127.040484,address
41150|가능동|847,37.754589,127.035738,address
41150|가능동|852,37.741841,127.031693,address
41150|가능동|860,37.741398,127.027458,address
41150|가능동|862,37.751438,127.046705,address
41150|고산동|903,37.740638,127.116001,address
41150|고산동|945,37.735008,127.113728,address
41150|금오동|286-4,37.750998,127.059963,address
41150|금오동|344-17,37.747812,127.055718,address
41150|금오동|370,37.746621,127.055116,address
41150|금오동|374-1,37.747361,127.056375,address
41150|금오동|453-1,37.755549,127.075614,address
41150|금오동|468-1,37.750310,127.062761,address
41150|금오동|469-4,37.751656,127.066867,address
41150|금오동|476-1,37.752982,127.072904,address
41150|금오동|65-3,37.758267,127.076572,address
41150|금오동|65-3#41150-114,37.758719,127.077663,keyword
41150|금오동|65-3#41150-4096,37.757913,127.076832,keyword
41150|금오동|66,37.759835,127.077548,address
41150|금오동|67-1,37.757913,127.075289,address
41150|금오동|78,37.759551,127.074030,address
41150|금오동|80-20,37.758410,127.073534,address
41150|낙양동|709,37.750467,127.099281,address
41150|낙양동|710,37.748793,127.101371,address
41150|낙양동|736,37.756120,127.110586,address
41150|낙양동|746,37.756788,127.114979,address
41150|낙양동|757,37.751439,127.109944,address
41150|낙양동|758,37.753791,127.108964,address
41150|낙양동|760,37.751552,127.106979,address
41150|낙양동|763,37.750430,127.104340,address
41150|녹양동|146-15,37.756926,127.032104,address
41150|녹양동|146-38,37.756422,127.032129,address
41150|녹양동|355,37.756043,127.033843,address
41150|녹양동|373,37.760341,127.029390,address
41150|녹양동|374-1,37.760318,127.030660,address
41150|녹양동|401,37.762075,127.038261,address
41150|녹양동|405,37.762049,127.040950,address
41150|녹양동|80,37.759242,127.036197,address
41150|민락동|550-4,37.738486,127.092489,address
41150|민락동|576,37.737407,127.094121,address
41150|민락동|691-1,37.742220,127.092931,address
41150|민락동|691-1#41150-101,37.742220,127.092930,keyword
41150|민락동|691-1#41150-103,37.742220,127.092930,keyword
41150|민락동|691-1#41150-99,37.742220,127.092930,keyword
41150|민락동|692-1,37.742339,127.095916,address
41150|민락동|692-1#41150-102,37.742352,127.096095,keyword
41150|민락동|692-1#41150-104,37.742352,127.096095,keyword
41150|민락동|694,37.741268,127.098144,address
41150|민락동|695-1,37.739393,127.097104,address
41150|민락동|731-2,37.744622,127.086905,address
41150|민락동|731-3,37.744975,127.088790,address
41150|민락동|735-1,37.743558,127.087781,address
41150|민락동|735-5,37.742471,127.088602,address
41150|민락동|736-1,37.740655,127.088287,address
41150|민락동|756-7,37.735734,127.089458,address
41150|민락동|757-4,37.734064,127.090314,address
41150|민락동|847,37.745149,127.101287,address
41150|민락동|889,37.749981,127.112530,address
41150|민락동|890,37.749747,127.115398,address
41150|민락동|891,37.752099,127.114551,address
41150|민락동|894,37.751704,127.116638,address
41150|민락동|895,37.753602,127.116343,address
41150|민락동|896,37.755380,127.117321,address
41150|산곡동|652,37.732797,127.113028,address
41150|산곡동|676,37.730773,127.110470,address
41150|산곡동|709,37.727829,127.110088,address
41150|산곡동|710,37.726965,127.109046,address
41150|산곡동|725,37.728170,127.107246,address
41150|산곡동|733,37.726093,127.104385,address
41150|산곡동|760,37.724057,127.105682,address
41150|신곡동|108-14,37.744914,127.065813,address
41150|신곡동|108-15,37.745211,127.066231,address
41150|신곡동|132-2,37.739971,127.063455,address
41150|신곡동|156-12,37.738524,127.069347,address
41150|신곡동|164-1,37.737404,127.071075,address
41150|신곡동|167-1,37.738458,127.072074,address
41150|신곡동|167-20,37.738378,127.070653,address
41150|신곡동|169-20,37.737106,127.072572,address
41150|신곡동|353-43,37.731163,127.060387,address
41150|신곡동|393-11,37.735602,127.064296,address
41150|신곡동|451-6,37.736277,127.063153,address
41150|신곡동|456,37.736554,127.062455,address
41150|신곡동|471,37.739674,127.062486,address
41150|신곡동|473-2,37.739571,127.060022,address
41150|신곡동|482,37.740501,127.060587,address
41150|신곡동|486-13,37.741054,127.062142,address
41150|신곡동|519-21,37.745210,127.063015,address
41150|신곡동|565-9,37.739108,127.054887,address
41150|신곡동|571-1,37.737542,127.055494,address
41150|신곡동|580,37.739143,127.056384,address
41150|신곡동|669,37.745554,127.058991,address
41150|신곡동|669#41150-49,37.745554,127.058932,keyword
41150|신곡동|669#41150-51,37.745554,127.058932,keyword
41150|신곡동|681-2,37.742795,127.055275,address
41150|신곡동|682,37.741209,127.055606,address
41150|신곡동|684,37.741992,127.057878,address
41150|신곡동|685,37.744271,127.060643,address
41150|신곡동|685#41150-53,37.744255,127.060719,keyword
41150|신곡동|685#41150-69,37.744255,127.060719,keyword
41150|신곡동|685-1,37.743662,127.059584,address
41150|신곡동|686,37.741809,127.060549,address
41150|신곡동|687,37.740599,127.058121,address
41150|신곡동|687-1,37.739817,127.058080,address
41150|신곡동|722-1,37.729767,127.055576,address
41150|신곡동|722-1#41150-130,37.729767,127.055576,address
41150|신곡동|722-1#41150-131,37.729767,127.055576,address
41150|신곡동|723-1,37.729730,127.057779,address
41150|신곡동|723-1#41150-59,37.729730,127.057781,keyword
41150|신곡동|723-1#41150-78,37.729730,127.057781,keyword
41150|신곡동|724-2,37.727927,127.055469,address
41150|신곡동|725-2,37.728444,127.058062,address
41150|신곡동|725-3,37.727422,127.058006,address
41150|신곡동|727-1,37.727900,127.061194,address
41150|신곡동|727-1#41150-73,37.727565,127.061445,keyword
41150|신곡동|727-1#41150-77,37.727565,127.061445,keyword
41150|신곡동|754,37.738487,127.058708,address
41150|신곡동|755-1,37.746893,127.060847,address
41150|신곡동|755-2,37.747696,127.062606,address
41150|신곡동|758-1,37.748449,127.067158,address
41150|신곡동|767-1,37.750449,127.074186,address
41150|신곡동|767-2,37.751266,127.076078,address
41150|신곡동|816,37.738197,127.065908,address
41150|신곡동|817,37.743827,127.068080,address
41150|신곡동|831,37.731264,127.062609,address
41150|신곡동|98,37.743752,127.062726,address
41150|용현동|10-6,37.737094,127.086456,address
41150|용현동|221-3,37.731989,127.083575,address
41150|용현동|222-4,37.731647,127.084527,address
41150|용현동|227,37.731064,127.085393,address
41150|용현동|235-63,37.734133,127.084433,address
41150|용현동|271-4,37.737149,127.083713,address
41150|용현동|275-2,37.736825,127.084631,address
41150|용현동|276-2,37.736733,127.085610,address
41150|용현동|290-1,37.739427,127.081299,address
41150|용현동|291-1,37.739755,127.084071,address
41150|용현동|33-1,37.735280,127.085938,address
41150|용현동|33-3,37.735892,127.085796,address
41150|용현동|38,37.733986,127.086911,address
41150|용현동|39-54,37.733335,127.084929,address
41150|용현동|390,37.737527,127.077271,address
41150|용현동|390-33,37.738508,127.077767,address
41150|용현동|391-19,37.736772,127.079305,address
41150|용현동|402-1,37.735381,127.076730,address
41150|용현동|404-2,37.735063,127.078732,address
41150|용현동|46,37.732144,127.087076,address
41150|용현동|547-3,37.749326,127.082071,address
41150|용현동|567,37.734094,127.081840,address
41150|용현동|576,37.737317,127.076452,address
41150|의정부동|127-5,37.734465,127.048755,address
41150|의정부동|138-15,37.735668,127.048158,address
41150|의정부동|145-4,37.737909,127.052184,address
41150|의정부동|146-1,37.737907,127.051362,address
41150|의정부동|15-3,37.744292,127.052947,address
41150|의정부동|163-8,37.735461,127.047414,address
41150|의정부동|166-12,37.734130,127.047540,address
41150|의정부동|166-4,37.733695,127.047654,address
41150|의정부동|167-1,37.734154,127.047009,address
41150|의정부동|167-10,37.733869,127.046978,address
41150|의정부동|167-14,37.733664,127.047083,address
41150|의정부동|167-16,37.733516,127.047093,address
41150|의정부동|167-2,37.733322,127.047029,address
41150|의정부동|18-3,37.743434,127.052293,address
41150|의정부동|184-3,37.742619,127.050297,address
41150|의정부동|187-15,37.743308,127.048934,address
41150|의정부동|187-5,37.743234,127.049276,address
41150|의정부동|187-9,37.743420,127.049061,address
41150|의정부동|188-1,37.742930,127.049132,address
41150|의정부동|191-4,37.742094,127.048898,address
41150|의정부동|199-10,37.741869,127.048098,address
41150|의정부동|199-3,37.741855,127.047797,address
41150|의정부동|20-1,37.744179,127.053497,address
41150|의정부동|20-12,37.743927,127.053301,address
41150|의정부동|206-5,37.743031,127.046146,address
41150|의정부동|208-2,37.742292,127.045933,address
41150|의정부동|21-10,37.743226,127.053089,address
41150|의정부동|214-76,37.743876,127.049956,address
41150|의정부동|22-2,37.742843,127.053448,address
41150|의정부동|220-110,37.744175,127.048986,address
41150|의정부동|220-59,37.743910,127.048540,address
41150|의정부동|240-111,37.743931,127.044976,address
41150|의정부동|240-130,37.744532,127.043350,address
41150|의정부동|27-5,37.741677,127.052351,address
41150|의정부동|288,37.730095,127.039165,address
41150|의정부동|30-9,37.739375,127.052985,address
41150|의정부동|304-6,37.730969,127.040024,address
41150|의정부동|369-2,37.732850,127.047494,address
41150|의정부동|370-7,37.732344,127.048546,address
41150|의정부동|377-2,37.731623,127.047727,address
41150|의정부동|378-1,37.731815,127.048564,address
41150|의정부동|383,,,miss
41150|의정부동|386-10,37.730700,127.048325,address
41150|의정부동|396-1,37.729549,127.049374,address
41150|의정부동|397-12,37.729011,127.050926,address
41150|의정부동|433-5,37.740616,127.042491,address
41150|의정부동|436-4,37.740739,127.045288,address
41150|의정부동|442,37.739045,127.044049,address
41150|의정부동|482-3,37.739228,127.038552,address
41150|의정부동|487-2,37.738768,127.037575,address
41150|의정부동|487-4,37.738513,127.038049,address
41150|의정부동|490,37.737866,127.037801,address
41150|의정부동|491-5,37.737666,127.039414,address
41150|의정부동|492-1,37.737949,127.040242,address
41150|의정부동|493-7,37.737735,127.041962,address
41150|의정부동|496-4,37.737473,127.045139,address
41150|의정부동|497-4,37.737156,127.045020,address
41150|의정부동|499-6,37.736349,127.045135,address
41150|의정부동|527,37.736036,127.035882,address
41150|의정부동|538-1,37.734250,127.036493,address
41150|의정부동|720,37.731427,127.035605,address
41150|의정부동|721,37.729222,127.036387,address
41150|의정부동|724,37.731827,127.051645,address
41150|의정부동|756,37.729539,127.051293,address
41150|의정부동|770,37.743984,127.045924,address
41150|의정부동|9-20,37.744502,127.051970,address
41150|의정부동|9-49,37.745115,127.052578,address
41150|의정부동|96-19,37.736328,127.051189,address
41150|의정부동|97-12,37.735307,127.050438,address
41150|의정부동|97-2,37.735490,127.050254,address
41150|의정부동|98-18,37.734630,127.049836,address
41150|의정부동|98-2,37.734561,127.049497,address
41150|의정부동|98-23,37.734155,127.049414,address
41150|의정부동|98-27,37.734314,127.049560,address
41150|의정부동|98-4,37.734100,127.049090,address
41150|장암동|14-126,37.725166,127.062392,address
41150|장암동|14-8,37.723576,127.060813,address
41150|장암동|17-32,37.726031,127.061594,address
41150|장암동|20,37.725098,127.053919,address
41150|장암동|37,37.723269,127.055365,address
41150|장암동|37-4,37.724068,127.056497,address
41150|장암동|412,37.689823,127.054184,address
41150|장암동|413,37.689844,127.052198,address
41150|장암동|419,37.723957,127.057548,address
41150|장암동|5,37.724439,127.058752,address
41150|호원동|10-1,37.726220,127.046384,address
41150|호원동|10-3,37.726225,127.044799,address
41150|호원동|114-2,37.710794,127.046614,address
41150|호원동|121,37.706071,127.050047,address
41150|호원동|281-21,37.720351,127.042524,address
41150|호원동|289-7,37.721842,127.042496,address
41150|호원동|308-139,37.723570,127.041825,address
41150|호원동|308-45,37.723202,127.041037,address
41150|호원동|313-37,37.723445,127.043256,address
41150|호원동|318-1,37.724727,127.041931,address
41150|호원동|322-5,37.727512,127.042335,address
41150|호원동|327-1,37.727200,127.044821,address
41150|호원동|347-1,37.729707,127.044843,address
41150|호원동|351-1,37.731115,127.041754,address
41150|호원동|351-7,37.730366,127.042393,address
41150|호원동|360,37.729046,127.041169,address
41150|호원동|362,37.729063,127.039856,address
41150|호원동|375-1,37.727816,127.039633,address
41150|호원동|376-7,37.727661,127.040943,address
41150|호원동|399-10,37.726640,127.040606,address
41150|호원동|401-1,37.726928,127.038797,address
41150|호원동|419,37.727353,127.049249,address
41150|호원동|419-2,37.727033,127.049957,address
41150|호원동|421,37.726920,127.050715,address
41150|호원동|422,37.725975,127.050709,address
41150|호원동|423-2,37.725793,127.049952,address
41150|호원동|424,37.724904,127.049450,address
41150|호원동|425,37.725302,127.048564,address
41150|호원동|428,37.723674,127.047716,address
41150|호원동|430,37.723550,127.048804,address
41150|호원동|431,37.721474,127.048651,address
41150|호원동|432-9,37.721482,127.048138,address
41150|호원동|436,37.720168,127.047887,address
41150|호원동|436-1,37.719500,127.047774,address
41150|호원동|441-4,37.716706,127.046798,address
41150|호원동|442,37.717553,127.047802,address
41150|호원동|443,37.717607,127.048418,address
41150|호원동|444-1,37.716539,127.049190,address
41150|호원동|446,37.715157,127.048612,address
41150|호원동|448-1,37.715673,127.046833,address
41150|호원동|450-2,37.713728,127.048672,address
41150|호원동|451,37.714283,127.048663,address
41150|호원동|452-12,37.712869,127.049249,address
41150|호원동|452-2,37.712815,127.048603,address
41150|호원동|456-3,37.711542,127.048721,address
41150|호원동|457,37.710669,127.049089,address
41150|호원동|458-11,37.710252,127.048126,address
41150|호원동|458-6,37.710447,127.048400,address
41150|호원동|459,37.709437,127.048399,address
41150|호원동|460-13,37.708214,127.048563,address
41150|호원동|461,37.708294,127.049718,address
41150|호원동|466-15,37.705584,127.048470,address
41150|호원동|467,37.704036,127.049043,address
41150|호원동|467-5,37.703007,127.048341,address
41150|호원동|467-8,37.702392,127.048280,address
41150|호원동|468-4,37.704256,127.047485,address
41150|호원동|50-2,37.724038,127.046402,address
41150|호원동|55-4,37.721968,127.045910,address
41150|호원동|6-3,37.727263,127.046252,address
41171|박달동|103,37.403397,126.907177,address
41171|박달동|103-1,37.403662,126.908030,address
41171|박달동|107,37.403385,126.906345,address
41171|박달동|111-1,37.403840,126.904639,address
41171|박달동|114,37.403255,126.901667,address
41171|박달동|139-202,37.399753,126.902853,address
41171|박달동|149-1,37.399113,126.901390,address
41171|박달동|15-2,37.405094,126.908358,address
41171|박달동|152,37.400925,126.899701,address
41171|박달동|25-6,37.407335,126.909635,address
41171|박달동|34,37.404733,126.907502,address
41171|박달동|36-4,37.405347,126.907267,address
41171|박달동|37,37.405014,126.906079,address
41171|박달동|57-7,37.405088,126.910609,address
41171|박달동|607-1,37.402357,126.897901,address
41171|박달동|616-9,37.403929,126.892519,address
41171|박달동|64-1,37.403923,126.911216,address
41171|박달동|7-50,37.404728,126.905075,address
41171|박달동|85,37.400963,126.907794,address
41171|박달동|939,37.403056,126.904109,address
41171|박달동|942,37.402276,126.900291,address
41171|석수동|101-16,37.422978,126.908374,address
41171|석수동|110-20,37.418596,126.910207,address
41171|석수동|166,37.420803,126.912199,address
41171|석수동|168-4,37.417346,126.911617,address
41171|석수동|182-2,37.414926,126.914103,address
41171|석수동|259-16,37.419060,126.907483,address
41171|석수동|259-6,37.419564,126.907259,address
41171|석수동|264-10,37.418567,126.907235,address
41171|석수동|265-3,37.417509,126.907159,address
41171|석수동|269-17,37.416190,126.910670,address
41171|석수동|275-1,37.416679,126.908677,address
41171|석수동|275-2,37.415997,126.909667,address
41171|석수동|278-1,37.414630,126.908957,address
41171|석수동|281-1,37.414317,126.908024,address
41171|석수동|284-1,37.413750,126.906719,address
41171|석수동|292-15,37.412824,126.906379,address
41171|석수동|293-4,37.411549,126.906464,address
41171|석수동|296,37.409377,126.907865,address
41171|석수동|297-1,37.409246,126.909706,address
41171|석수동|297-7,37.409217,126.910211,address
41171|석수동|308-5,37.411343,126.909765,address
41171|석수동|322-3,37.412571,126.912419,address
41171|석수동|337-1,37.413662,126.906058,address
41171|석수동|346-3,37.412954,126.904765,address
41171|석수동|374-12,37.433919,126.903798,address
41171|석수동|374-5,37.433341,126.904547,address
41171|석수동|382,37.431463,126.904677,address
41171|석수동|386-1,37.430231,126.904938,address
41171|석수동|412,37.430122,126.902597,address
41171|석수동|413-2,37.430787,126.902441,address
41171|석수동|417-1,37.430796,126.901851,address
41171|석수동|417-3,37.432629,126.901016,address
41171|석수동|484,37.427610,126.901257,address
41171|석수동|485-8,37.426228,126.903306,address
41171|석수동|607,37.409502,126.897963,address
41171|석수동|607-3,37.409619,126.897652,address
41171|석수동|620-2,37.409341,126.898885,address
41171|석수동|786,37.408439,126.898022,address
41171|석수동|794,37.406288,126.901471,address
41171|석수동|805,37.420776,126.910315,address
41171|석수동|864,37.433602,126.906095,address
41171|안양동|1024-1,37.390234,126.910472,address
41171|안양동|1036-1,37.388391,126.908805,address
41171|안양동|1038-3,37.388173,126.909125,address
41171|안양동|1055-1,37.385828,126.905740,address
41171|안양동|1056-1,37.385449,126.905678,address
41171|안양동|1056-8,37.385317,126.905413,address
41171|안양동|1059-1,37.385162,126.901966,address
41171|안양동|1060,37.385363,126.903437,address
41171|안양동|1062-2,37.384785,126.904359,address
41171|안양동|1094-1,37.384857,126.905966,address
41171|안양동|1380,37.400392,126.925942,address
41171|안양동|1393,37.394430,126.932352,address
41171|안양동|1410,37.383979,126.934581,address
41171|안양동|1411,37.404935,126.921134,address
41171|안양동|1416,37.388150,126.921730,address
41171|안양동|1429,37.391074,126.940161,address
41171|안양동|1438,37.412332,126.915440,address
41171|안양동|1448,37.415806,126.918761,address
41171|안양동|1459,37.398380,126.926367,address
41171|안양동|155-2,37.395393,126.929712,address
41171|안양동|164-11,37.396559,126.929278,address
41171|안양동|164-12,37.396288,126.928587,address
41171|안양동|190-11,37.390406,126.940244,address
41171|안양동|28-13,37.414897,126.915959,address
41171|안양동|28-6,37.415482,126.915941,address
41171|안양동|30-12,37.414835,126.916466,address
41171|안양동|30-29,37.415351,126.916448,address
41171|안양동|32-1,37.413241,126.915445,address
41171|안양동|377-1,37.376769,126.939942,address
41171|안양동|387-16,37.393782,126.926665,address
41171|안양동|390-16,37.393259,126.927419,address
41171|안양동|391-1,37.394288,126.928511,address
41171|안양동|391-32,37.393575,126.928507,address
41171|안양동|392-11,37.394128,126.929392,address
41171|안양동|392-5,37.394513,126.928716,address
41171|안양동|393-1,37.393886,126.929798,address
41171|안양동|393-26,37.393273,126.929118,address
41171|안양동|393-3,37.393723,126.929933,address
41171|안양동|393-5,37.393791,126.929497,address
41171|안양동|396-8,37.392654,126.929097,address
41171|안양동|397-10,37.392742,126.928077,address
41171|안양동|397-14,37.393062,126.928362,address
41171|안양동|397-18,37.392642,126.928740,address
41171|안양동|397-21,37.392498,126.928631,address
41171|안양동|397-22,37.392451,126.928312,address
41171|안양동|397-23,37.392331,126.928487,address
41171|안양동|397-3,37.393039,126.928024,address
41171|안양동|398-35,37.380465,126.930038,address
41171|안양동|41-2,37.414107,126.917911,address
41171|안양동|414-2,37.392557,126.927104,address
41171|안양동|414-4,37.392349,126.927210,address
41171|안양동|42-10,37.414572,126.917678,address
41171|안양동|42-4,37.414895,126.917575,address
41171|안양동|42-6,37.415053,126.917720,address
41171|안양동|421-1,37.393048,126.930522,address
41171|안양동|421-11,37.392717,126.930311,address
41171|안양동|421-27,37.392376,126.930107,address
41171|안양동|421-8,37.392627,126.929754,address
41171|안양동|422-1,37.392510,126.930860,address
41171|안양동|422-19,37.392230,126.930926,address
41171|안양동|422-6,37.392286,126.930577,address
41171|안양동|426-1,37.392330,126.929316,address
41171|안양동|426-15,37.392079,126.929448,address
41171|안양동|426-33,37.391994,126.929013,address
41171|안양동|426-5,37.392150,126.928882,address
41171|안양동|428-2,37.391837,126.928325,address
41171|안양동|428-3,37.391685,126.928449,address
41171|안양동|428-5,37.391673,126.928826,address
41171|안양동|428-6,37.391498,126.928973,address
41171|안양동|428-7,37.391422,126.928655,address
41171|안양동|431-27,37.391545,126.930740,address
41171|안양동|431-3,37.391753,126.930805,address
41171|안양동|432-3,37.391122,126.929913,address
41171|안양동|433,37.390692,126.929122,address
41171|안양동|433-1,37.390282,126.929464,address
41171|안양동|433-2,37.389817,126.929820,address
41171|안양동|435-3,37.391316,126.931034,address
41171|안양동|435-9,37.391246,126.931597,address
41171|안양동|436-1,37.390751,126.931752,address
41171|안양동|438-22,37.390465,126.932270,address
41171|안양동|438-24,37.390148,126.931784,address
41171|안양동|438-9,37.390375,126.931978,address
41171|안양동|44-2,37.413336,126.918688,address
41171|안양동|441-11,37.389267,126.929871,address
41171|안양동|441-17,37.389048,126.930215,address
41171|안양동|441-7,37.389396,126.930359,address
41171|안양동|458-6,37.391877,126.926704,address
41171|안양동|46-5,37.412483,126.919639,address
41171|안양동|490-3,37.388138,126.929129,address
41171|안양동|491-18,37.387533,126.930333,address
41171|안양동|504-7,37.386955,126.930617,address
41171|안양동|510-35,37.388102,126.931475,address
41171|안양동|512-19,37.389027,126.932452,address
41171|안양동|512-24,37.388976,126.933001,address
41171|안양동|517-12,37.387476,126.931928,address
41171|안양동|518-25,37.388752,126.933310,address
41171|안양동|522-9,37.385283,126.930710,address
41171|안양동|528-1,37.387317,126.933118,address
41171|안양동|529-1,37.386758,126.933299,address
41171|안양동|529-15,37.387277,126.933959,address
41171|안양동|529-2,37.386563,126.933313,address
41171|안양동|529-9,37.386945,126.933771,address
41171|안양동|532-3,37.386020,126.933162,address
41171|안양동|533-16,37.385880,126.934272,address
41171|안양동|533-22,37.385672,126.934025,address
41171|안양동|533-6,37.386243,126.934083,address
41171|안양동|534-18,37.384303,126.934473,address
41171|안양동|534-5,37.384867,126.934669,address
41171|안양동|542-4,37.384283,126.928593,address
41171|안양동|588-10,37.389010,126.923971,address
41171|안양동|613-21,37.392568,126.922598,address
41171|안양동|618-77,37.390114,126.920132,address
41171|안양동|622-107,37.396754,126.925240,address
41171|안양동|622-15,37.398074,126.924560,address
41171|안양동|622-217,37.395645,126.924733,address
41171|안양동|622-236,37.395196,126.925446,address
41171|안양동|622-295,37.395763,126.927173,address
41171|안양동|622-299,37.395345,126.926387,address
41171|안양동|622-342,37.396736,126.926356,address
41171|안양동|622-379,37.395843,126.925122,address
41171|안양동|622-386,37.394872,126.925934,address
41171|안양동|622-43,37.396466,126.926162,address
41171|안양동|622-46,37.396518,126.926451,address
41171|안양동|622-5,37.398083,126.924912,address
41171|안양동|622-76,37.395128,126.926052,address
41171|안양동|627-41,37.395543,126.923137,address
41171|안양동|627-64,37.395853,126.923300,address
41171|안양동|627-72,37.396390,126.922224,address
41171|안양동|676-165,37.398839,126.919722,address
41171|안양동|676-38,37.398077,126.919363,address
41171|안양동|688-16,37.403863,126.918776,address
41171|안양동|688-22,37.403674,126.918093,address
41171|안양동|688-55,37.404382,126.919362,address
41171|안양동|689-135,37.403169,126.919351,address
41171|안양동|689-16,37.402998,126.919379,address
41171|안양동|689-216,37.401818,126.919580,address
41171|안양동|689-27,37.402650,126.919658,address
41171|안양동|689-89,37.402534,126.920205,address
41171|안양동|695-251,37.402443,126.914440,address
41171|안양동|70,37.405706,126.923004,address
41171|안양동|708-196,37.392901,126.917751,address
41171|안양동|708-9,37.393506,126.919157,address
41171|안양동|709-16,37.393859,126.917060,address
41171|안양동|709-33,37.394400,126.918533,address
41171|안양동|714-27,37.395804,126.915747,address
41171|안양동|716-5,37.393526,126.915310,address
41171|안양동|730-1,37.390930,126.913860,address
41171|안양동|730-6,37.390372,126.913494,address
41171|안양동|734-1,37.391223,126.912935,address
41171|안양동|735,37.391455,126.913573,address
41171|안양동|752-20,37.392222,126.912615,address
41171|안양동|762-2,37.393720,126.912297,address
41171|안양동|767,37.394619,126.914291,address
41171|안양동|773-3,37.394105,126.915429,address
41171|안양동|78,37.406132,126.920095,address
41171|안양동|782-15,37.399093,126.918673,address
41171|안양동|815-13,37.404251,126.919996,address
41171|안양동|815-49,37.404686,126.919757,address
41171|안양동|815-7,37.403593,126.920522,address
41171|안양동|817-15,37.411239,126.914563,address
41171|안양동|823-10,37.405648,126.913347,address
41171|안양동|841-1,37.404376,126.917765,address
41171|안양동|845-7,37.405571,126.918162,address
41171|안양동|847-20,37.403838,126.917600,address
41171|안양동|861-19,37.406094,126.918437,address
41171|안양동|88-4,37.402835,126.921098,address
41171|안양동|90-1,37.402323,126.924082,address
41171|안양동|908-4,37.400639,126.911459,address
41171|안양동|911-1,37.398236,126.912291,address
41171|안양동|911-46,37.398050,126.911416,address
41171|안양동|969-1,37.393626,126.909026,address
41171|안양동|97-3,37.398442,126.927802,address
41171|안양동|976-6,37.393079,126.905006,address
41173|관양동|1379-3,37.404311,126.953821,address
41173|관양동|1389-3,37.405137,126.955567,address
41173|관양동|1390-4,37.405387,126.955760,address
41173|관양동|1391-13,37.405911,126.955306,address
41173|관양동|1396,37.407772,126.958044,address
41173|관양동|1397-2,37.405500,126.956390,address
41173|관양동|1398,37.405087,126.956347,address
41173|관양동|1404-23,37.404789,126.958424,address
41173|관양동|1409,37.406180,126.958624,address
41173|관양동|1414-14,37.407266,126.962152,address
41173|관양동|1414-2,37.406844,126.961390,address
41173|관양동|1415-4,37.406871,126.962436,address
41173|관양동|1421-4,37.404834,126.962371,address
41173|관양동|1423-2,37.404736,126.963683,address
41173|관양동|1425,37.405432,126.962717,address
41173|관양동|1440-9,37.401741,126.954665,address
41173|관양동|1443-7,37.402613,126.958092,address
41173|관양동|1450-1,37.403480,126.961438,address
41173|관양동|1453-13,37.402618,126.962528,address
41173|관양동|1454-4,37.402444,126.962941,address
41173|관양동|1454-9,37.402224,126.962617,address
41173|관양동|1455,37.402515,126.963634,address
41173|관양동|1455-2,37.402657,126.964314,address
41173|관양동|1461-10,37.403184,126.965940,address
41173|관양동|1461-9,37.403357,126.965874,address
41173|관양동|1463-18,37.403238,126.967630,address
41173|관양동|1463-4,37.403444,126.967377,address
41173|관양동|1463-5,37.403227,126.967342,address
41173|관양동|1463-6,37.403198,126.966944,address
41173|관양동|1465-9,37.404132,126.967011,address
41173|관양동|1467-2,37.403851,126.968231,address
41173|관양동|1469,37.403049,126.969198,address
41173|관양동|1469-2,37.403174,126.970127,address
41173|관양동|1470-5,37.402630,126.970278,address
41173|관양동|1471-2,37.403627,126.970428,address
41173|관양동|1471-8,37.403421,126.970439,address
41173|관양동|1477,37.403131,126.972043,address
41173|관양동|1481-5,37.402685,126.973013,address
41173|관양동|1488-39,37.401995,126.975602,address
41173|관양동|1504-8,37.398502,126.976164,address
41173|관양동|1506-3,37.399508,126.977682,address
41173|관양동|1507-2,37.398436,126.977830,address
41173|관양동|1507-22,37.398360,126.977554,address
41173|관양동|1507-5,37.398216,126.977847,address
41173|관양동|1510-1,37.398457,126.979287,address
41173|관양동|1586,37.399249,126.953115,address
41173|관양동|1586-5,37.399949,126.955789,address
41173|관양동|1586-6,37.398518,126.955991,address
41173|관양동|1587,37.400465,126.957472,address
41173|관양동|1587-5,37.399338,126.958374,address
41173|관양동|1588,37.398093,126.958787,address
41173|관양동|1589,37.396320,126.954771,address
41173|관양동|1589-1,37.397103,126.956766,address
41173|관양동|1651,37.413126,126.969546,address
41173|관양동|1669,37.409120,126.969154,address
41173|관양동|1815,37.399911,126.963314,address
41173|비산동|1015,37.408347,126.948299,address
41173|비산동|1022-2,37.407202,126.947323,address
41173|비산동|1028-20,37.406989,126.952456,address
41173|비산동|1030-2,37.405500,126.950391,address
41173|비산동|1043-11,37.406680,126.950978,address
41173|비산동|1043-8,37.406177,126.950861,address
41173|비산동|1058,37.401381,126.952680,address
41173|비산동|1101-2,37.396512,126.948946,address
41173|비산동|1101-6,37.398337,126.950548,address
41173|비산동|1101-8,37.397001,126.951297,address
41173|비산동|1102,37.394808,126.943351,address
41173|비산동|1102-4,37.396489,126.945363,address
41173|비산동|1102-7,37.395759,126.946607,address
41173|비산동|1103,37.392509,126.947175,address
41173|비산동|1103-4,37.394012,126.948392,address
41173|비산동|1103-5,37.392824,126.948913,address
41173|비산동|1104,37.391639,126.946236,address
41173|비산동|1109,37.395201,126.950003,address
41173|비산동|1109-3,37.393523,126.950917,address
41173|비산동|1109-4,37.395598,126.952035,address
41173|비산동|1109-6,37.394313,126.952724,address
41173|비산동|1155,37.405698,126.932886,address
41173|비산동|1163,37.401274,126.929987,address
41173|비산동|1165,37.399868,126.942508,address
41173|비산동|1166,37.398789,126.931609,address
41173|비산동|1167,37.399640,126.932391,address
41173|비산동|1172,37.392468,126.941979,address
41173|비산동|1177,37.397517,126.938113,address
41173|비산동|1185,37.402316,126.933294,address
41173|비산동|1198,37.405396,126.934421,address
41173|비산동|1205,37.399406,126.933287,address
41173|비산동|245,37.402009,126.946770,address
41173|비산동|279,37.406938,126.943993,address
41173|비산동|281-1,37.407485,126.943753,address
41173|비산동|281-1#41173-2155,37.406419,126.942898,keyword
41173|비산동|281-1#41173-36,37.407485,126.943753,address
41173|비산동|304-34,37.404116,126.942352,address
41173|비산동|326-10,37.403636,126.943252,address
41173|비산동|327-4,37.403757,126.942153,address
41173|비산동|328-2,37.403856,126.941899,address
41173|비산동|332-59,37.402729,126.941910,address
41173|비산동|338,37.402356,126.942653,address
41173|비산동|341,37.402215,126.943710,address
41173|비산동|343-2,37.403597,126.943424,address
41173|비산동|354-10,37.402245,126.945087,address
41173|비산동|361,37.400707,126.945858,address
41173|비산동|374,37.399722,126.945307,address
41173|비산동|379-3,37.399446,126.944532,address
41173|비산동|406,37.398433,126.943108,address
41173|비산동|408,37.398423,126.939925,address
41173|비산동|425,37.400763,126.939635,address
41173|비산동|557-3,37.398562,126.932379,address
41173|비산동|557-7,37.398453,126.931751,address
41173|비산동|557-8,37.398218,126.932177,address
41173|비산동|566-5,37.397037,126.936116,address
41173|비산동|571-10,37.397442,126.933070,address
41173|비산동|571-2,37.397811,126.933534,address
41173|비산동|572,37.396755,126.935007,address
41173|비산동|576-7,37.393773,126.940720,address
41173|평촌동|1001,37.393137,126.977243,address
41173|평촌동|101,37.391586,126.977016,address
41173|평촌동|113,37.391432,126.975213,address
41173|평촌동|118-5,37.391409,126.974752,address
41173|평촌동|130-1,37.390724,126.974611,address
41173|평촌동|132-3,37.390112,126.974727,address
41173|평촌동|314,37.385430,126.963200,address
41173|평촌동|34,37.393062,126.978965,address
41173|평촌동|54-1,37.391208,126.975213,keyword
41173|평촌동|66-6,37.393853,126.977627,address
41173|평촌동|75-1,37.395682,126.977077,address
41173|평촌동|75-2,37.394872,126.979024,address
41173|평촌동|896-2,37.390381,126.962956,address
41173|평촌동|896-6,37.391973,126.964749,address
41173|평촌동|897-5,37.391184,126.967927,address
41173|평촌동|897-7,37.389095,126.968613,address
41173|평촌동|898,37.389115,126.963377,address
41173|평촌동|898-2,37.387882,126.964641,address
41173|평촌동|898-6,37.388583,126.966811,address
41173|평촌동|899,37.387533,126.959262,address
41173|평촌동|899-2,37.386209,126.959986,address
41173|평촌동|899-7,37.386971,126.962109,address
41173|평촌동|93-1,37.393386,126.975731,address
41173|평촌동|932-2,37.385355,126.965686,address
41173|평촌동|932-4,37.384124,126.966322,address
41173|평촌동|932-6,37.386598,126.967844,address
41173|평촌동|932-7,37.384945,126.968058,address
41173|평촌동|933,37.387391,126.969821,address
41173|평촌동|933-6,37.384701,126.969951,address
41173|평촌동|933-7,37.386215,126.971538,address
41173|평촌동|933-7#41173-72,37.385675,126.971517,keyword
41173|평촌동|933-7#41173-80,37.387166,126.971741,keyword
41173|평촌동|97-1,37.392373,126.975382,address
41173|호계동|1002-17,37.371124,126.959661,address
41173|호계동|1002-9,37.371468,126.959984,address
41173|호계동|1052,37.388617,126.953574,address
41173|호계동|1052-3,37.389270,126.955460,address
41173|호계동|1052-5,37.387931,126.956001,address
41173|호계동|1053-2,37.387873,126.951453,address
41173|호계동|1053-3,37.385998,126.952574,address
41173|호계동|1053-4,37.384071,126.953541,address
41173|호계동|1053-4#41173-109,37.384180,126.953479,keyword
41173|호계동|1053-4#41173-110,37.385959,126.952543,keyword
41173|호계동|1054-6,37.386648,126.956694,address
41173|호계동|1054-8,37.385263,126.957239,address
41173|호계동|1055,37.382248,126.954588,address
41173|호계동|1055#41173-120,37.382955,126.954225,keyword
41173|호계동|1055#41173-121,37.382955,126.954225,keyword
41173|호계동|1055-1,37.380160,126.955644,address
41173|호계동|1055-1#41173-116,37.380160,126.955644,address
41173|호계동|1055-1#41173-119,37.380637,126.955305,keyword
41173|호계동|1056,37.382983,126.956205,address
41173|호계동|1056-6,37.380419,126.957588,address
41173|호계동|1057,37.383651,126.957801,address
41173|호계동|1075,37.378072,126.957341,address
41173|호계동|1115,37.379416,126.967182,address
41173|호계동|1116,37.378586,126.968671,address
41173|호계동|1117,37.376634,126.967538,address
41173|호계동|1121,37.375074,126.965259,address
41173|호계동|1121#41173-131,37.375073,126.965258,keyword
41173|호계동|1121#41173-133,37.375073,126.965258,keyword
41173|호계동|1278,37.363464,126.964071,address
41173|호계동|1279,37.374669,126.951963,address
41173|호계동|1280,37.376269,126.959714,address
41173|호계동|1287,37.376435,126.958160,address
41173|호계동|1294,37.391620,126.943215,address
41173|호계동|1296,37.375326,126.955097,address
41173|호계동|1298,37.372308,126.954724,address
41173|호계동|1309,37.367402,126.953301,address
41173|호계동|1323,37.362685,126.963957,address
41173|호계동|1327,37.373807,126.960457,address
41173|호계동|1338,37.381018,126.949765,address
41173|호계동|1354,37.367157,126.951848,address
41173|호계동|282-31,37.381563,126.948393,address
41173|호계동|283-7,37.376925,126.951835,keyword
41173|호계동|315-17,37.378583,126.953478,keyword
41173|호계동|335-2,37.377123,126.952404,address
41173|호계동|335-64,37.378205,126.953648,address
41173|호계동|337,37.376323,126.952680,address
41173|호계동|570,37.376026,126.951269,address
41173|호계동|651-1,37.367609,126.951160,address
41173|호계동|666-1,37.368082,126.953834,address
41173|호계동|670-9,37.368360,126.953439,address
41173|호계동|710-41,37.366905,126.954998,address
41173|호계동|713,37.366771,126.955546,address
41173|호계동|766-4,37.365938,126.958914,address
41173|호계동|767-2,37.366862,126.958781,address
41173|호계동|767-3,37.366549,126.959144,address
41173|호계동|801-4,37.364964,126.959226,address
41173|호계동|811,37.364462,126.960498,address
41173|호계동|813,37.363836,126.962555,address
41173|호계동|819-2,37.365591,126.963939,address
41173|호계동|828-4,37.364364,126.964475,address
41173|호계동|831,37.365097,126.963613,address
41173|호계동|843-1,37.363423,126.965213,address
41173|호계동|847,37.362401,126.965260,address
41173|호계동|848-2,37.362584,126.964603,address
41173|호계동|893-1,37.391241,126.943537,address
41173|호계동|895,37.390183,126.945226,address
41173|호계동|902-20,37.388580,126.946921,address
41173|호계동|903-16,37.389651,126.946285,address
41173|호계동|903-4,37.389321,126.947132,address
41173|호계동|912,37.385428,126.947472,address
41173|호계동|914,37.387218,126.947385,address
41173|호계동|914-36,37.386535,126.946910,address
41173|호계동|914-37,37.386195,126.947423,address
41173|호계동|914-40,37.386022,126.949069,address
41173|호계동|915,37.387792,126.948141,address
41173|호계동|915-7,37.387074,126.948901,address
41173|호계동|916-2,37.387428,126.949275,address
41173|호계동|918-55,37.384670,126.950068,address
41173|호계동|919-2,37.384538,126.949304,address
41173|호계동|920-4,37.384350,126.948524,address
41173|호계동|923-21,37.383435,126.949544,address
41173|호계동|923-28,37.383603,126.948503,address
41173|호계동|923-30,37.382859,126.949010,address
41173|호계동|923-35,37.383274,126.951242,address
41173|호계동|927,37.381955,126.951046,address
41173|호계동|928-9,37.363403,126.962829,keyword
41173|호계동|931,37.380052,126.952192,address
41173|호계동|931-3,,,miss
41173|호계동|932-3,37.380427,126.952520,address
41173|호계동|935-19,,,miss
41173|호계동|940,37.376649,126.953880,address
41173|호계동|959-1,37.372203,126.957337,address
41173|호계동|959-20,37.370948,126.957377,address
41173|호계동|960,37.370641,126.957179,address
41173|호계동|966-1,37.369060,126.955209,address
41173|호계동|966-67,37.368733,126.954836,address
41173|호계동|966-8,37.368680,126.954627,address
41173|호계동|967-20,37.369442,126.956151,address
41173|호계동|967-22,37.369634,126.956505,address
41173|호계동|969-3,37.368340,126.957518,address
41173|호계동|970-17,37.368295,126.956907,address
41173|호계동|970-21,37.368108,126.956457,address
41173|호계동|971-1,37.368195,126.955424,address
41173|호계동|972-1,37.367303,126.956390,address
41173|호계동|972-6,37.367108,126.956615,address
41173|호계동|972-7,37.366876,126.956883,address
41173|호계동|972-9,37.366530,126.956973,address
41173|호계동|975-3,37.365938,126.957769,address
41173|호계동|989-6,,,miss
41173|호계동|991,37.374526,126.961689,address
41173|호계동|992-1,,,miss
41173|호계동|993-13,,,miss
41173|호계동|993-3,,,miss
41173|호계동|994-26,,,miss
41173|호계동|999-23,,,miss
41173|호계동|999-25,37.365395,126.964067,keyword
41190|고강동|246-2,37.530748,126.823994,address
41190|고강동|246-5,37.530093,126.823077,address
41190|고강동|249,37.530906,126.822585,address
41190|고강동|284-2,37.530158,126.815757,address
41190|고강동|284-25,37.529937,126.815757,address
41190|고강동|289,37.529289,126.812452,address
41190|고강동|292-6,37.527529,126.811693,address
41190|고강동|292-8,37.526959,126.811692,address
41190|고강동|295-1,37.523943,126.811858,address
41190|고강동|296-4,37.522326,126.811430,address
41190|고강동|303-2,37.523346,126.812709,address
41190|고강동|304-3,37.523752,126.813078,address
41190|고강동|305-13,37.524593,126.812795,address
41190|고강동|306,37.525008,126.812794,address
41190|고강동|307,37.525671,126.812794,address
41190|고강동|309-2,37.527223,126.813146,address
41190|고강동|311-1,37.528570,126.813142,address
41190|고강동|327,37.526032,126.825002,address
41190|고강동|327-3,37.525845,126.825554,address
41190|고강동|327-7,37.525019,126.825971,address
41190|고강동|328,37.527066,126.813912,address
41190|고강동|333,37.526504,126.813891,address
41190|고강동|333-2,37.526202,126.813893,address
41190|고강동|333-3,37.526201,126.814670,address
41190|고강동|343-1,37.523053,126.815741,address
41190|고강동|356-14,37.531262,126.820742,address
41190|고강동|359-15,37.529167,126.821896,address
41190|고강동|362,37.530405,126.819802,address
41190|고강동|363,37.530284,126.819083,address
41190|고강동|364,37.530508,126.818584,address
41190|고강동|364-9,37.529990,126.818340,address
41190|고강동|367,37.529133,126.817211,address
41190|고강동|367-5,37.528933,126.817679,address
41190|고강동|368-4,37.528490,126.817245,address
41190|고강동|372-18,37.525833,126.816928,address
41190|고강동|372-2,37.525817,126.817232,address
41190|고강동|372-5,37.526216,126.816998,address
41190|고강동|374,37.525268,126.817529,address
41190|고강동|374-7,37.525717,126.818462,address
41190|고강동|378,37.527849,126.818546,address
41190|고강동|380,37.529089,126.818256,address
41190|고강동|382-2,37.528375,126.819896,address
41190|고강동|388-13,37.526229,126.821164,address
41190|고강동|388-13#41196-11413,37.526252,126.821176,keyword
41190|고강동|388-13#41196-169,37.526229,126.821164,address
41190|고강동|389-1,37.526939,126.821286,address
41190|고강동|390-5,37.527508,126.820611,address
41190|고강동|391-1,37.528059,126.820992,address
41190|고강동|393-4,37.528644,126.822959,address
41190|고강동|393-6,37.528450,126.822375,address
41190|고강동|396,37.526824,126.822077,address
41190|고강동|397,37.526167,126.822409,address
41190|고강동|398-3,37.525830,126.821885,address
41190|고강동|400-1,37.524887,126.821546,address
41190|고강동|407-6,37.525525,126.823043,address
41190|고강동|408-7,37.525949,126.823271,address
41190|고강동|409-1,37.526732,126.823274,address
41190|고강동|409-5,37.526528,126.823878,address
41190|고강동|411-2,37.527790,126.824264,address
41190|고강동|416-5,37.525068,126.823894,address
41190|고강동|417,37.525011,126.825080,address
41190|고강동|418-3,37.524308,126.824481,address
41190|고강동|425-25,37.522302,126.822574,address
41190|고강동|457,37.524347,126.815095,address
41190|고강동|599,37.529259,126.812804,address
41190|괴안동|1-15,37.482744,126.805377,address
41190|괴안동|101-6,37.479101,126.813535,address
41190|괴안동|102-20,37.478943,126.812425,address
41190|괴안동|102-6,37.479258,126.812953,address
41190|괴안동|104,37.480482,126.812374,address
41190|괴안동|104-3,37.480014,126.813065,address
41190|괴안동|105,37.481624,126.811569,address
41190|괴안동|105-3,37.481442,126.811952,address
41190|괴안동|105-4,37.481035,126.812225,address
41190|괴안동|106-1,37.481133,126.811426,address
41190|괴안동|107-11,37.481964,126.811052,address
41190|괴안동|107-6,37.482301,126.810929,address
41190|괴안동|107-7,37.482402,126.811242,address
41190|괴안동|110-21,37.481987,126.807677,address
41190|괴안동|110-24,37.482534,126.808414,address
41190|괴안동|110-5,37.482633,126.808647,address
41190|괴안동|110-9,37.482960,126.809250,address
41190|괴안동|112-10,37.484229,126.809841,address
41190|괴안동|112-9,37.484147,126.809567,address
41190|괴안동|113-1,37.484358,126.811050,address
41190|괴안동|114-10,37.483694,126.811863,address
41190|괴안동|114-11,37.483567,126.811565,address
41190|괴안동|114-12,37.483468,126.811331,address
41190|괴안동|116-9,37.482491,126.812335,address
41190|괴안동|117-7,37.482103,126.813108,address
41190|괴안동|118,37.481417,126.812693,address
41190|괴안동|120-12,37.480594,126.814105,address
41190|괴안동|123-3,37.482361,126.814492,address
41190|괴안동|123-4,37.482398,126.814903,address
41190|괴안동|125,37.483375,126.813426,address
41190|괴안동|125-3,37.483408,126.814137,address
41190|괴안동|126-2,37.483930,126.813698,address
41190|괴안동|127-6,37.484219,126.813128,address
41190|괴안동|128-2,37.485150,126.813141,address
41190|괴안동|129,37.484803,126.813800,address
41190|괴안동|157-7,37.482521,126.815410,address
41190|괴안동|161-24,37.482433,126.818319,address
41190|괴안동|161-3,37.482184,126.818137,address
41190|괴안동|162-2,37.482508,126.817595,address
41190|괴안동|163-4,37.482882,126.817351,address
41190|괴안동|164-6,37.476012,126.804867,address
41190|괴안동|165,37.483338,126.816277,address
41190|괴안동|167-10,37.484801,126.816121,address
41190|괴안동|168-2,37.485511,126.815391,address
41190|괴안동|168-4,37.485669,126.815763,address
41190|괴안동|168-5,37.485431,126.815862,address
41190|괴안동|170-1,37.485871,126.816312,address
41190|괴안동|171-10,37.481246,126.807646,address
41190|괴안동|171-18,37.482010,126.809966,address
41190|괴안동|171-6,37.480275,126.806651,address
41190|괴안동|171-8,37.480612,126.807523,address
41190|괴안동|175-6,37.485291,126.817072,address
41190|괴안동|176-1,37.484797,126.816964,address
41190|괴안동|177,37.485178,126.817493,address
41190|괴안동|182-24,37.484060,126.819223,address
41190|괴안동|182-6,37.484240,126.819196,address
41190|괴안동|183-5,37.483915,126.818755,address
41190|괴안동|184,,,miss
41190|괴안동|184-31,37.485018,126.818631,address
41190|괴안동|184-7,37.485242,126.818763,address
41190|괴안동|187-5,37.486310,126.818007,address
41190|괴안동|202-3,37.490219,126.820538,address
41190|괴안동|202-7,37.489386,126.820084,address
41190|괴안동|204-1,37.477021,126.802556,address
41190|괴안동|204-5,37.476478,126.802337,address
41190|괴안동|268,37.489493,126.821713,address
41190|괴안동|269,37.482750,126.806013,address
41190|괴안동|270,37.481987,126.812498,address
41190|괴안동|271,37.485709,126.817945,address
41190|괴안동|3-14,37.481632,126.806284,address
41190|괴안동|3-16,37.481864,126.807205,address
41190|괴안동|32,37.478675,126.804572,address
41190|괴안동|36,37.479328,126.804160,address
41190|괴안동|40-2,37.480552,126.805546,address
41190|괴안동|6-10,37.480640,126.803827,address
41190|괴안동|6-11,37.480534,126.803628,address
41190|괴안동|69-12,37.479615,126.813991,address
41190|괴안동|70-6,37.479301,126.806149,address
41190|괴안동|73-2,37.478214,126.806284,address
41190|괴안동|86,37.477104,126.807283,address
41190|괴안동|87-14,37.476695,126.808710,address
41190|괴안동|88,37.478332,126.807649,address
41190|괴안동|89-4,37.478674,126.808265,address
41190|괴안동|91-1,37.479394,126.808536,address
41190|괴안동|91-10,37.478992,126.809309,address
41190|괴안동|91-2,37.479409,126.808970,address
41190|괴안동|94-2,37.477401,126.809078,address
41190|괴안동|97-21,37.478203,126.811661,address
41190|괴안동|99,37.480086,126.809457,address
41190|괴안동|99-1,37.479671,126.810097,address
41190|괴안동|산14,37.477114,126.806307,address
41190|괴안동|산15,37.477666,126.806047,address
41190|괴안동|산16-7,37.477037,126.805645,address
41190|내동|22-4,37.518615,126.772963,address
41190|내동|25-1,37.518628,126.773543,address
41190|내동|292-5,37.522623,126.785710,address
41190|내동|292-7,37.522662,126.785420,address
41190|내동|338-2,37.521911,126.786450,address
41190|내동|343,37.522939,126.786303,address
41190|내동|345,37.522776,126.787895,address
41190|내동|348,37.522403,126.788056,address
41190|내동|349,37.521894,126.787783,address
41190|내동|35,37.516645,126.773342,address
41190|내동|35-1,37.516729,126.773741,address
41190|내동|352,37.520812,126.787795,address
41190|내동|36,37.516431,126.773593,address
41190|내동|362,37.522561,126.788940,address
41190|내동|54-1,37.517084,126.774926,address
41190|내동|54-4,37.516883,126.774602,address
41190|내동|54-9,37.516883,126.774926,address
41190|도당동|105-3,37.518553,126.791711,address
41190|도당동|109,37.520522,126.791887,address
41190|도당동|118-16,37.519469,126.793108,address
41190|도당동|120,37.518475,126.793036,address
41190|도당동|124,37.517479,126.794259,address
41190|도당동|125,37.518017,126.794424,address
41190|도당동|134-2,37.521196,126.794778,address
41190|도당동|247-24,37.507055,126.778789,address
41190|도당동|250-3,37.507098,126.779705,address
41190|도당동|255-8,37.508822,126.784676,address
41190|도당동|255-9,37.508829,126.784958,address
41190|도당동|258-3,37.508185,126.785052,address
41190|도당동|262-19,37.506285,126.779623,address
41190|도당동|266-3,37.506919,126.783187,address
41190|도당동|266-4,37.506287,126.783398,address
41190|도당동|287,37.508242,126.779181,address
41190|도당동|29,37.518437,126.785102,address
41190|도당동|43,37.519243,126.786626,address
41190|도당동|43-4,37.519410,126.787555,address
41190|도당동|46-1,37.518027,126.788124,address
41190|도당동|48,37.516984,126.787890,address
41190|도당동|50-4,37.515792,126.787645,address
41190|도당동|51-1,37.516512,126.788970,address
41190|도당동|51-10,37.516190,126.788807,address
41190|도당동|51-3,37.516496,126.789475,address
41190|도당동|53-14,37.517392,126.788767,address
41190|도당동|53-7,37.517602,126.789536,address
41190|도당동|57-1,37.519436,126.789165,address
41190|도당동|62,37.520006,126.790158,address
41190|도당동|63-2,37.519470,126.790809,address
41190|도당동|69,37.516946,126.790322,address
41190|도당동|69-1,37.516945,126.790928,address
41190|도당동|71-3,37.516800,126.791497,address
41190|도당동|92,37.517593,126.791539,address
41190|도당동|92-1,37.517638,126.791962,address
41190|도당동|92-10,37.517354,126.791613,address
41190|도당동|92-11,37.517370,126.791368,address
41190|범박동|150-2,37.469021,126.805926,address
41190|범박동|151-2,37.469047,126.807884,address
41190|범박동|152-2,37.471784,126.807671,address
41190|범박동|153-2,37.474314,126.807590,address
41190|범박동|154-2,37.474616,126.809716,address
41190|범박동|155-1,37.472626,126.810668,address
41190|범박동|158,37.474525,126.806646,address
41190|범박동|234-1,37.466855,126.815726,address
41190|범박동|327,37.471894,126.812057,address
41190|삼정동|275-13,37.518849,126.766676,address
41190|삼정동|276,37.518448,126.766312,address
41190|삼정동|276-6,37.517851,126.766220,address
41190|삼정동|283-6,37.517985,126.767182,address
41190|삼정동|285-36,37.519306,126.768900,address
41190|삼정동|298,37.519949,126.770404,address
41190|삼정동|299,37.519982,126.771076,address
41190|삼정동|299-3,37.519989,126.771371,address
41190|삼정동|308-2,37.517009,126.770703,address
41190|삼정동|311-1,37.515862,126.773351,address
41190|삼정동|318,37.514846,126.773091,address
41190|삼정동|318-12,37.514707,126.773538,address
41190|삼정동|347-8,37.514254,126.772304,address
41190|상동|238-3,37.491189,126.764932,address
41190|상동|244-19,37.490721,126.762547,address
41190|상동|312-2,37.489513,126.760281,address
41190|상동|319-25,37.488479,126.761022,address
41190|상동|392,37.495193,126.749706,address
41190|상동|393,37.495662,126.752497,address
41190|상동|394,37.496581,126.754599,address
41190|상동|394-1,37.495591,126.754452,address
41190|상동|395,37.493468,126.752957,address
41190|상동|397,37.492892,126.749667,address
41190|상동|397#41192-286,37.492173,126.751223,keyword
41190|상동|397#41192-288,37.492115,126.749130,keyword
41190|상동|397#41192-290,37.493828,126.749657,keyword
41190|상동|399,37.490161,126.750305,address
41190|상동|402-3,37.490469,126.753511,address
41190|상동|413,37.489119,126.752443,address
41190|상동|415,37.495917,126.757874,address
41190|상동|417,37.494452,126.757117,address
41190|상동|445,37.493057,126.757128,address
41190|상동|500-1,37.514891,126.756328,address
41190|상동|500-2,37.513167,126.755399,address
41190|상동|500-4,37.514383,126.758750,address
41190|상동|500-5,37.512656,126.758335,address
41190|상동|525-1,37.511866,126.751009,address
41190|상동|525-3,37.511361,126.753048,address
41190|상동|525-6,37.510768,126.750791,address
41190|상동|526-1,37.510726,126.755485,address
41190|상동|526-4,37.510885,126.757908,address
41190|상동|526-6,37.509673,126.758246,address
41190|상동|527-1,37.508288,126.754980,address
41190|상동|527-3,37.508105,126.757239,address
41190|상동|528-1,37.509042,126.750448,address
41190|상동|528-3,37.508792,126.752517,address
41190|상동|531-4,37.506564,126.749517,address
41190|상동|531-7,37.506375,126.750525,address
41190|상동|534-6,37.506404,126.752537,address
41190|상동|538-6,37.506094,126.756858,address
41190|상동|542-3,37.504158,126.753185,address
41190|상동|547-1,37.504367,126.748763,address
41190|상동|548-7,37.505323,126.750312,address
41190|상동|550-1,37.503071,126.749259,address
41190|상동|550-3,37.502543,126.751225,address
41190|상동|550-7,37.501932,126.749033,address
41190|상동|551-1,37.502660,126.753795,address
41190|상동|551-2,37.502421,126.755884,address
41190|상동|570-1,37.499482,126.753143,address
41190|상동|570-5,37.498190,126.754855,address
41190|상동|571-1,37.500201,126.748678,address
41190|상동|571-3,37.499658,126.750629,address
41190|상동|571-4,37.498363,126.750361,address
41190|상동|571-6,37.498669,126.748355,address
41190|소사동|16-19,37.485648,126.792663,address
41190|소사동|17-15,37.484911,126.792360,address
41190|소사동|26-2,37.484519,126.795513,address
41190|소사동|37-23,37.483740,126.798971,address
41190|소사동|39-4,37.483178,126.798900,address
41190|소사동|42-6,37.483987,126.796098,address
41190|소사본동|112-5,37.479999,126.792958,address
41190|소사본동|113-28,37.479632,126.793032,address
41190|소사본동|133-12,37.479507,126.798218,address
41190|소사본동|135,37.477244,126.800089,address
41190|소사본동|143-27,37.477653,126.793198,address
41190|소사본동|151,37.477213,126.794202,address
41190|소사본동|151-17,37.476521,126.794574,address
41190|소사본동|153-15,37.476423,126.795908,address
41190|소사본동|153-32,37.477099,126.795819,address
41190|소사본동|164-24,37.475328,126.793384,address
41190|소사본동|173,37.475066,126.790937,address
41190|소사본동|176-11,37.474611,126.793191,address
41190|소사본동|176-4,37.474859,126.793191,address
41190|소사본동|178,37.474070,126.792324,address
41190|소사본동|178-37,37.473528,126.792635,address
41190|소사본동|181-2,37.474946,126.795153,address
41190|소사본동|190-3,37.472032,126.790687,address
41190|소사본동|191-3,37.472152,126.791506,address
41190|소사본동|195-21,37.474474,126.797752,address
41190|소사본동|203-19,37.472732,126.795810,address
41190|소사본동|203-21,37.472934,126.795811,address
41190|소사본동|209-20,37.472850,126.794229,address
41190|소사본동|210-16,37.473157,126.793052,address
41190|소사본동|217-18,37.472162,126.797289,address
41190|소사본동|219,37.472323,126.797759,address
41190|소사본동|219-2,37.472231,126.798103,address
41190|소사본동|230-10,37.470667,126.796524,address
41190|소사본동|232-32,37.470390,126.794987,address
41190|소사본동|236-10,37.470324,126.793398,address
41190|소사본동|236-31,37.470099,126.793331,address
41190|소사본동|277-12,37.474165,126.800477,address
41190|소사본동|278-5,37.472719,126.801367,address
41190|소사본동|323,37.469778,126.797630,address
41190|소사본동|400-7,37.468636,126.799453,address
41190|소사본동|400-8,37.469557,126.800986,address
41190|소사본동|401-7,37.465311,126.801618,address
41190|소사본동|403,37.467469,126.800997,address
41190|소사본동|403#41194-11,37.467467,126.801098,keyword
41190|소사본동|403#41194-12,37.467467,126.801098,keyword
41190|소사본동|407-1,37.473765,126.805383,address
41190|소사본동|411-1,37.471092,126.803162,address
41190|소사본동|424,37.475619,126.799123,address
41190|소사본동|427,37.470354,126.797130,address
41190|소사본동|428,37.471957,126.792021,address
41190|소사본동|52-23,37.482328,126.800794,address
41190|소사본동|54-12,37.481503,126.801865,address
41190|소사본동|54-2,37.481665,126.801886,address
41190|소사본동|54-4,37.481683,126.802830,address
41190|소사본동|55,37.481160,126.802886,address
41190|소사본동|55-2,37.480501,126.802831,address
41190|소사본동|55-3,37.480442,126.802475,address
41190|소사본동|55-8,37.480920,126.802523,address
41190|소사본동|56,37.481046,126.801753,address
41190|소사본동|56-2,37.480805,126.801617,address
41190|소사본동|56-4,,,miss
41190|소사본동|56-7,37.480531,126.801979,address
41190|소사본동|62-3,37.481811,126.801160,address
41190|소사본동|63,37.481888,126.799703,address
41190|소사본동|65-2,37.481397,126.796167,keyword
41190|소사본동|68-23,37.480675,126.793711,address
41190|소사본동|68-41,37.481489,126.793313,address
41190|소사본동|70-12,37.481624,126.794526,address
41190|소사본동|70-16,37.481620,126.794939,address
41190|소사본동|70-2,37.481910,126.793462,address
41190|소사본동|70-3,37.482027,126.793821,address
41190|소사본동|70-6,37.481761,126.794086,address
41190|소사본동|75-13,37.480698,126.794587,address
41190|소사본동|75-16,37.480772,126.794330,address
41190|소사본동|78,37.480279,126.794316,address
41190|소사본동|78-1,37.479908,126.794032,address
41190|소사본동|81-12,37.479822,126.794907,address
41190|소사본동|91-68,37.481129,126.790205,address
41190|소사본동|91-79,37.481771,126.789918,address
41190|송내동|299-16,37.486831,126.755695,address
41190|송내동|304-6,37.481256,126.756122,address
41190|송내동|315,37.485362,126.754224,address
41190|송내동|315-3,37.484489,126.754115,address
41190|송내동|316,37.485659,126.755202,address
41190|송내동|327-2,37.484144,126.755169,address
41190|송내동|328-1,37.484412,126.755876,address
41190|송내동|331-4,37.484393,126.758168,address
41190|송내동|331-6,37.483833,126.758300,address
41190|송내동|335-13,37.485061,126.758197,address
41190|송내동|336-3,37.486203,126.757853,address
41190|송내동|336-5,37.486235,126.758585,address
41190|송내동|336-6,37.486691,126.758376,address
41190|송내동|336-7,37.486749,126.757764,address
41190|송내동|338,37.486786,126.757184,address
41190|송내동|339,37.486175,126.759089,address
41190|송내동|339-1,37.486597,126.759755,address
41190|송내동|339-2,37.486115,126.759707,address
41190|송내동|340,37.485074,126.760150,address
41190|송내동|365-1,37.484482,126.761995,address
41190|송내동|366-4,37.484121,126.761845,address
41190|송내동|367,37.486315,126.760686,address
41190|송내동|368,37.485646,126.762880,address
41190|송내동|372,37.485010,126.765264,address
41190|송내동|377-7,37.485171,126.767370,address
41190|송내동|380,37.483529,126.768818,address
41190|송내동|387-2,37.482990,126.766364,address
41190|송내동|389-8,37.483003,126.764258,address
41190|송내동|405,37.482479,126.758653,address
41190|송내동|409,37.482281,126.757567,address
41190|송내동|441-8,37.479234,126.763118,address
41190|송내동|450-1,37.478723,126.765228,address
41190|송내동|452-3,37.479566,126.764805,address
41190|송내동|456-5,37.481932,126.767786,address
41190|송내동|457-1,37.480677,126.769109,address
41190|송내동|463-106,37.478543,126.767517,address
41190|송내동|463-60,37.478098,126.766858,address
41190|송내동|557-6,37.484529,126.770632,address
41190|송내동|559,37.485389,126.770573,address
41190|송내동|562-2,37.484505,126.771365,address
41190|송내동|565-1,37.484454,126.772441,address
41190|송내동|566-1,37.484708,126.772720,address
41190|송내동|568,37.485176,126.772583,address
41190|송내동|574-14,37.483355,126.774071,address
41190|송내동|574-3,37.483582,126.774075,address
41190|송내동|576-3,37.483114,126.772892,address
41190|송내동|578,37.483810,126.770917,address
41190|송내동|578-3,37.483497,126.771327,address
41190|송내동|580,37.482835,126.770420,address
41190|송내동|587,37.483172,126.769465,address
41190|송내동|592-3,37.482051,126.771665,address
41190|송내동|595,37.482505,126.772449,address
41190|송내동|596-4,37.482375,126.773843,address
41190|송내동|598-2,37.481990,126.773960,address
41190|송내동|598-3,37.481593,126.773832,address
41190|송내동|599,37.480921,126.773668,address
41190|송내동|603-5,37.480461,126.771928,address
41190|송내동|605-20,37.480639,126.771465,address
41190|송내동|606-2,37.480739,126.770843,address
41190|송내동|606-7,37.480536,126.770831,address
41190|송내동|717,37.482240,126.763330,address
41190|심곡동|100-2,37.494132,126.783671,address
41190|심곡동|107-5,37.494424,126.782703,address
41190|심곡동|110-2,37.493256,126.784336,address
41190|심곡동|114-4,37.493449,126.782761,address
41190|심곡동|119-5,37.490764,126.785554,address
41190|심곡동|123,37.490522,126.786036,address
41190|심곡동|124-10,37.485894,126.789500,address
41190|심곡동|124-6,37.486169,126.789561,address
41190|심곡동|124-9,37.486017,126.789527,address
41190|심곡동|127-1,37.483832,126.788499,address
41190|심곡동|128-26,37.484269,126.788633,address
41190|심곡동|128-8,37.484049,126.788510,address
41190|심곡동|130-11,37.485222,126.788943,address
41190|심곡동|130-3,37.485248,126.788681,address
41190|심곡동|131-26,37.486031,126.788616,address
41190|심곡동|131-37,37.485661,126.789014,address
41190|심곡동|135-6,37.486902,126.787615,address
41190|심곡동|140-1,37.484419,126.786837,address
41190|심곡동|141-16,37.483881,126.786443,address
41190|심곡동|141-2,37.483843,126.786969,address
41190|심곡동|141-5,37.484155,126.786309,address
41190|심곡동|142-10,37.484136,126.785589,address
41190|심곡동|142-14,37.484180,126.785124,address
41190|심곡동|145-6,37.485223,126.785548,address
41190|심곡동|146-3,37.485658,126.786116,address
41190|심곡동|146-5,37.485932,126.785458,address
41190|심곡동|156-10,37.489049,126.785586,address
41190|심곡동|158-3,37.489364,126.784341,address
41190|심곡동|161-5,37.488479,126.784226,address
41190|심곡동|162-4,37.487926,126.784469,address
41190|심곡동|164-7,37.487434,126.784067,address
41190|심곡동|169-4,37.486116,126.784260,address
41190|심곡동|179-3,37.486848,126.781917,address
41190|심곡동|184-4,37.488614,126.788419,address
41190|심곡동|298-30,37.491429,126.777212,address
41190|심곡동|305-4,37.491731,126.773734,address
41190|심곡동|314-23,37.492043,126.771318,address
41190|심곡동|327-34,37.490657,126.776564,address
41190|심곡동|329,37.489861,126.776151,address
41190|심곡동|339-18,37.488910,126.775466,address
41190|심곡동|349-3,37.488723,126.783288,address
41190|심곡동|353-3,37.488721,126.782786,address
41190|심곡동|354-1,37.489469,126.782967,address
41190|심곡동|354-2,37.489547,126.782547,address
41190|심곡동|354-3,37.489580,126.782313,address
41190|심곡동|354-5,37.489333,126.782928,address
41190|심곡동|356-2,37.490052,126.782422,address
41190|심곡동|356-6,37.489713,126.783023,address
41190|심곡동|356-9,37.489744,126.782809,address
41190|심곡동|36-1,37.498533,126.783873,address
41190|심곡동|36-11,37.498080,126.783771,address
41190|심곡동|365-11,37.490342,126.783004,address
41190|심곡동|365-13,37.490370,126.782808,address
41190|심곡동|365-14,37.490396,126.782612,address
41190|심곡동|365-8,37.490585,126.782795,address
41190|심곡동|368-9,37.492024,126.782089,address
41190|심곡동|378-13,37.488115,126.780691,address
41190|심곡동|379-3,37.487516,126.781151,address
41190|심곡동|380-11,37.487191,126.780929,address
41190|심곡동|382-6,37.486540,126.780668,address
41190|심곡동|386-7,37.484737,126.780498,address
41190|심곡동|388-5,37.484873,126.779387,address
41190|심곡동|389-1,37.484934,126.778786,address
41190|심곡동|391-21,37.485619,126.778185,address
41190|심곡동|391-4,37.485713,126.778536,address
41190|심곡동|391-5,37.485438,126.778476,address
41190|심곡동|391-6,37.485719,126.778417,address
41190|심곡동|456-11,37.488152,126.777474,address
41190|심곡동|458-2,37.487060,126.777949,address
41190|심곡동|458-6,37.486877,126.777495,address
41190|심곡동|464-1,37.485803,126.777509,address
41190|심곡동|464-6,37.485909,126.777147,address
41190|심곡동|465-13,37.485152,126.777353,address
41190|심곡동|465-5,37.485210,126.777188,address
41190|심곡동|799,37.486544,126.788829,address
41190|심곡동|800,37.488397,126.786718,address
41190|심곡동|801,37.490985,126.775112,address
41190|심곡동|803,37.495048,126.783473,address
41190|심곡동|87-4,37.496709,126.785215,address
41190|심곡동|89-1,37.496003,126.785065,address
41190|심곡동|89-11,37.495390,126.784749,address
41190|심곡동|95-1,37.495029,126.784082,address
41190|심곡본동|532-3,37.484355,126.775975,address
41190|심곡본동|533-4,37.484135,126.776623,address
41190|심곡본동|535-35,37.484117,126.777284,address
41190|심곡본동|552-4,37.483290,126.783905,address
41190|심곡본동|554-12,37.483198,126.785306,address
41190|심곡본동|556,37.483172,126.786171,address
41190|심곡본동|559-3,37.483358,126.774662,address
41190|심곡본동|559-6,37.483305,126.774917,address
41190|심곡본동|560-9,37.483639,126.775447,address
41190|심곡본동|562-115,37.477950,126.781665,address
41190|심곡본동|566-1,37.477079,126.781305,address
41190|심곡본동|573-3,37.482994,126.774943,address
41190|심곡본동|576-11,37.481232,126.774365,address
41190|심곡본동|576-4,37.481809,126.774328,address
41190|심곡본동|579-3,37.480706,126.775263,address
41190|심곡본동|588,37.483552,126.776432,address
41190|심곡본동|617-11,37.475927,126.780158,address
41190|심곡본동|617-127,37.476462,126.778585,address
41190|심곡본동|617-140,37.475861,126.779169,address
41190|심곡본동|620-4,37.476830,126.778166,address
41190|심곡본동|634,37.476754,126.775437,address
41190|심곡본동|643-1,37.478849,126.779018,address
41190|심곡본동|659-2,37.481544,126.778652,address
41190|심곡본동|659-5,37.481391,126.778930,address
41190|심곡본동|660-2,37.481910,126.778747,address
41190|심곡본동|666-4,37.482774,126.779092,address
41190|심곡본동|666-5,37.482892,126.778565,address
41190|심곡본동|735-8,37.482390,126.784400,address
41190|심곡본동|747-1,37.482261,126.785908,address
41190|심곡본동|747-12,37.482603,126.786048,address
41190|심곡본동|747-13,37.482605,126.786458,address
41190|심곡본동|747-18,37.482293,126.786805,address
41190|심곡본동|747-33,37.482589,126.786290,address
41190|심곡본동|747-34,37.482416,126.786133,address
41190|심곡본동|776-2,37.483097,126.787512,address
41190|심곡본동|783,37.482575,126.787433,address
41190|심곡본동|783-2,37.482294,126.787411,address
41190|심곡본동|784-7,37.482288,126.787920,address
41190|심곡본동|788-3,37.481624,126.787091,address
41190|심곡본동|820-2,37.478466,126.773680,address
41190|약대동|119,37.513624,126.772182,address
41190|약대동|124-1,37.513536,126.771000,address
41190|약대동|137-1,37.513290,126.769377,address
41190|약대동|155-3,37.511302,126.771721,address
41190|약대동|161-5,37.512863,126.771536,address
41190|약대동|169-38,37.512576,126.773074,address
41190|약대동|169-6,37.511632,126.773476,address
41190|약대동|196,37.511633,126.768652,address
41190|약대동|204,37.510812,126.771235,address
41190|약대동|209,37.509422,126.773080,address
41190|약대동|216-1,37.516445,126.766975,address
41190|약대동|218,37.512745,126.767060,address
41190|약대동|69,37.513501,126.768030,address
41190|여월동|1-1,37.521464,126.796521,address
41190|여월동|1-44,37.520886,126.800112,address
41190|여월동|10-13,37.516570,126.802310,address
41190|여월동|10-18,37.516492,126.802568,address
41190|여월동|10-52,37.516902,126.802129,address
41190|여월동|2-15,37.520322,126.799771,address
41190|여월동|2-16,37.520274,126.800458,address
41190|여월동|2-4,37.520317,126.799291,address
41190|여월동|3-3,37.520833,126.797950,address
41190|여월동|313,37.509813,126.800181,address
41190|여월동|316,37.512234,126.801220,address
41190|여월동|340,37.509408,126.805803,address
41190|여월동|351,37.517512,126.802639,address
41190|여월동|4-4,37.520963,126.795937,address
41190|여월동|5,37.519567,126.796889,address
41190|여월동|53-11,37.517897,126.795441,address
41190|여월동|7-15,37.519066,126.799915,address
41190|여월동|8-2,37.518037,126.800439,address
41190|여월동|8-4,37.518324,126.801043,address
41190|여월동|8-5,37.518110,126.800959,address
41190|여월동|9-21,37.517319,126.801693,address
41190|여월동|9-23,37.517611,126.801693,address
41190|여월동|9-27,37.517318,126.802038,address
41190|역곡동|100-6,37.490515,126.809985,address
41190|역곡동|100-7,37.490501,126.809701,address
41190|역곡동|104-6,37.490081,126.811995,address
41190|역곡동|111-1,37.486882,126.813157,address
41190|역곡동|111-2,37.486993,126.813498,address
41190|역곡동|114,37.487769,126.814235,address
41190|역곡동|114-3,37.487271,126.814320,address
41190|역곡동|115-11,37.488231,126.814112,address
41190|역곡동|20-2,37.483452,126.800769,address
41190|역곡동|201-21,37.488849,126.814584,address
41190|역곡동|202,37.489582,126.813311,address
41190|역곡동|202-1,37.489839,126.814025,address
41190|역곡동|204,37.490912,126.813491,address
41190|역곡동|21,37.484188,126.801177,address
41190|역곡동|21-2,37.483645,126.801664,address
41190|역곡동|21-3,37.483840,126.801246,address
41190|역곡동|212-2,37.493305,126.813989,address
41190|역곡동|213,37.491529,126.814022,address
41190|역곡동|213-25,37.490319,126.814574,address
41190|역곡동|213-7,37.490835,126.815198,address
41190|역곡동|214-14,37.489158,126.815529,address
41190|역곡동|22-1,37.483642,126.802180,address
41190|역곡동|225-4,37.488884,126.816640,address
41190|역곡동|225-5,37.488982,126.816828,address
41190|역곡동|23-1,37.483727,126.803085,address
41190|역곡동|243-1,37.490909,126.817970,address
41190|역곡동|243-35,37.490889,126.817657,address
41190|역곡동|245-8,37.491036,126.818765,address
41190|역곡동|246-13,37.490342,126.819242,address
41190|역곡동|246-15,37.490630,126.819443,address
41190|역곡동|247-2,37.489565,126.818601,address
41190|역곡동|25-32,37.483001,126.803526,address
41190|역곡동|26-5,37.483294,126.804727,address
41190|역곡동|27,37.484787,126.803485,address
41190|역곡동|27-1,37.484818,126.803912,address
41190|역곡동|27-107,37.484828,126.804159,address
41190|역곡동|27-2,37.484844,126.804633,address
41190|역곡동|27-29,37.484836,126.804382,address
41190|역곡동|27-45,37.484810,126.803699,address
41190|역곡동|32-1,37.487284,126.805247,address
41190|역곡동|33,37.487005,126.805461,address
41190|역곡동|33-2,37.486907,126.806204,address
41190|역곡동|34-17,37.486499,126.806392,address
41190|역곡동|406,37.487014,126.804378,address
41190|역곡동|407,37.488795,126.815776,address
41190|역곡동|408,37.485651,126.807906,address
41190|역곡동|409,37.488540,126.806389,address
41190|역곡동|411,37.491502,126.812166,address
41190|역곡동|412,37.489440,126.812443,address
41190|역곡동|413,37.485063,126.806237,address
41190|역곡동|414,37.487240,126.803472,address
41190|역곡동|416,37.490560,126.811893,address
41190|역곡동|46-1,37.484670,126.805710,address
41190|역곡동|49,37.484481,126.807938,address
41190|역곡동|52-19,37.485964,126.807516,address
41190|역곡동|64-1,37.489770,126.807608,address
41190|역곡동|66-10,37.489448,126.808628,address
41190|역곡동|66-6,37.489592,126.809114,address
41190|역곡동|71-6,37.487687,126.808772,address
41190|역곡동|72-2,37.488484,126.809163,address
41190|역곡동|74-2,37.486966,126.809528,address
41190|역곡동|75,37.486020,126.808653,address
41190|역곡동|77-2,37.486082,126.810662,address
41190|역곡동|77-4,37.486187,126.810982,address
41190|역곡동|84-2,37.487562,126.811494,address
41190|역곡동|86-2,37.488616,126.810792,address
41190|역곡동|97,37.489272,126.811024,address
41190|역곡동|98-2,37.490031,126.810633,address
41190|역곡동|99,37.490182,126.809987,address
41190|역곡동|99-1,37.489786,126.810190,address
41190|역곡동|99-1#41192-11238,37.489712,126.810219,keyword
41190|역곡동|99-1#41192-25,37.489765,126.816322,keyword
41190|역곡동|산51-18,37.484781,126.801111,address
41190|오정동|134-1,37.527666,126.798713,address
41190|오정동|140-17,37.523365,126.795857,address
41190|오정동|140-5,37.523592,126.796885,address
41190|오정동|140-6,37.523131,126.797166,address
41190|오정동|177-1,37.529920,126.787625,address
41190|오정동|179,37.529331,126.789234,address
41190|오정동|373,37.529828,126.784251,address
41190|오정동|415-4,37.529979,126.780724,address
41190|오정동|547-4,37.528700,126.788923,address
41190|오정동|549,37.528274,126.789803,address
41190|오정동|553,37.528923,126.787895,address
41190|오정동|553-5,37.528530,126.787783,address
41190|오정동|558-4,37.527745,126.786443,address
41190|오정동|559-2,37.527388,126.787013,address
41190|오정동|565-2,37.524209,126.787995,address
41190|오정동|566-1,37.524461,126.786530,address
41190|오정동|566-2,37.524460,126.787033,address
41190|오정동|566-4,37.524160,126.787123,address
41190|오정동|581-1,37.526383,126.784736,address
41190|오정동|590-2,37.526213,126.783982,address
41190|오정동|593-2,37.526779,126.782886,address
41190|오정동|612-1,37.523679,126.786945,address
41190|오정동|613,37.523666,126.787558,address
41190|오정동|717,37.531195,126.783439,address
41190|오정동|726,37.531063,126.786831,address
41190|오정동|732,37.532955,126.787691,address
41190|옥길동|739-1,37.465008,126.827235,address
41190|옥길동|742-1,37.466087,126.825097,address
41190|옥길동|747-1,37.464743,126.824204,address
41190|옥길동|748-1,37.462414,126.825415,address
41190|옥길동|751-1,37.463250,126.821071,address
41190|옥길동|771-1,37.464399,126.818946,address
41190|옥길동|776-1,37.463793,126.812622,address
41190|옥길동|780-1,37.462013,126.810461,address
41190|원미동|101-1,37.493845,126.787843,address
41190|원미동|105-2,37.494712,126.786157,address
41190|원미동|111-8,37.494494,126.785364,address
41190|원미동|114-1,37.491435,126.791497,address
41190|원미동|124-2,37.492974,126.787256,address
41190|원미동|124-6,37.492666,126.787492,address
41190|원미동|127-1,37.492276,126.787746,address
41190|원미동|144-25,37.496742,126.793114,address
41190|원미동|151-1,37.495278,126.794083,address
41190|원미동|177-20,37.491632,126.793658,address
41190|원미동|177-3,37.492959,126.791895,address
41190|원미동|178-1,37.493054,126.791555,address
41190|원미동|179-18,37.492777,126.791544,address
41190|원미동|197,37.489865,126.787449,address
41190|원미동|197-2,37.489620,126.787765,address
41190|원미동|2-3,37.497857,126.792543,address
41190|원미동|222,37.495282,126.792588,address
41190|원미동|224,37.492054,126.789052,address
41190|원미동|51-6,37.495922,126.791949,address
41190|원미동|55-7,37.496842,126.790659,address
41190|원미동|56-2,37.496884,126.790344,address
41190|원미동|58-1,37.496493,126.789937,address
41190|원미동|58-3,37.496652,126.789586,address
41190|원미동|62-4,37.497072,126.788877,address
41190|원미동|66-5,37.496079,126.787965,address
41190|원미동|72-3,37.497631,126.786053,address
41190|원미동|84-3,37.495751,126.787987,address
41190|원미동|90-4,37.495165,126.786364,address
41190|원종동|121,37.529215,126.798446,address
41190|원종동|129-52,37.527883,126.802650,address
41190|원종동|129-8,37.529026,126.800356,address
41190|원종동|130-3,37.527104,126.800655,address
41190|원종동|131,37.527275,126.801288,address
41190|원종동|132-1,37.527494,126.802904,address
41190|원종동|135-2,37.526350,126.802585,address
41190|원종동|138-1,37.526604,126.800102,address
41190|원종동|138-12,37.526708,126.801396,address
41190|원종동|138-30,37.525933,126.801570,address
41190|원종동|139-1,37.525950,126.799595,address
41190|원종동|139-2,37.525998,126.800268,address
41190|원종동|140,37.525578,126.799701,address
41190|원종동|150-18,37.523391,126.798406,address
41190|원종동|150-3,37.523335,126.798109,address
41190|원종동|152-6,37.522724,126.798464,address
41190|원종동|159-1,,,miss
41190|원종동|161-1,37.529095,126.804007,address
41190|원종동|171,37.529791,126.806004,address
41190|원종동|180-3,37.530791,126.807165,address
41190|원종동|186-13,37.532155,126.806174,address
41190|원종동|200,37.523531,126.800452,address
41190|원종동|200-1,37.523889,126.800808,address
41190|원종동|200-2,37.523531,126.800770,address
41190|원종동|200-3,37.523052,126.800741,address
41190|원종동|201,37.529162,126.808471,address
41190|원종동|206,37.524269,126.800323,address
41190|원종동|207,37.525268,126.800611,address
41190|원종동|211,37.524577,126.801415,address
41190|원종동|211-1,37.524307,126.801604,address
41190|원종동|211-3,37.524593,126.801972,address
41190|원종동|212-4,37.523750,126.802095,address
41190|원종동|213-2,37.523252,126.802090,address
41190|원종동|214-7,37.522365,126.802226,address
41190|원종동|218-6,37.524314,126.802913,address
41190|원종동|220-3,37.525802,126.803757,address
41190|원종동|221-8,37.524414,126.803445,address
41190|원종동|227-8,37.523326,126.804161,address
41190|원종동|228,37.525000,126.804162,address
41190|원종동|230-5,37.526859,126.804234,address
41190|원종동|231-1,37.527968,126.805508,address
41190|원종동|238-4,37.528436,126.808379,address
41190|원종동|238-6,37.528304,126.808109,address
41190|원종동|253-3,37.528424,126.805791,address
41190|원종동|254-4,37.528423,126.805490,address
41190|원종동|262-3,37.528915,126.805776,address
41190|원종동|269-1,37.525989,126.807596,address
41190|원종동|269-2,37.525564,126.807596,address
41190|원종동|270,37.526381,126.808091,address
41190|원종동|270-5,37.525638,126.808357,address
41190|원종동|271-4,37.524620,126.808535,address
41190|원종동|271-6,37.524316,126.808609,address
41190|원종동|272-10,37.524198,126.807712,address
41190|원종동|273-1,37.526600,126.805841,address
41190|원종동|273-6,37.526422,126.805956,address
41190|원종동|275-11,37.524927,126.806836,address
41190|원종동|275-15,37.524892,126.806494,address
41190|원종동|275-2,37.525155,126.806362,address
41190|원종동|275-20,37.524889,126.806071,address
41190|원종동|275-23,37.524934,126.805873,address
41190|원종동|275-28,37.524810,126.805873,address
41190|원종동|275-7,37.525056,126.806850,address
41190|원종동|276-2,37.524463,126.806618,address
41190|원종동|276-4,37.524266,126.806538,address
41190|원종동|276-6,37.524266,126.806204,address
41190|원종동|280-7,37.523011,126.805566,address
41190|원종동|284-24,37.523051,126.807071,address
41190|원종동|284-3,37.523084,126.806409,address
41190|원종동|285-4,37.523053,126.807665,address
41190|원종동|285-7,37.522874,126.807462,address
41190|원종동|286-4,37.522683,126.807673,address
41190|원종동|289-12,37.522544,126.809480,address
41190|원종동|290-7,37.522984,126.809387,address
41190|원종동|292,37.525077,126.809805,address
41190|원종동|292-4,37.524722,126.809980,address
41190|원종동|292-6,37.524211,126.809805,address
41190|원종동|293-27,37.524251,126.809046,address
41190|원종동|295,37.526448,126.809978,address
41190|원종동|296-5,37.526818,126.809924,address
41190|원종동|300,37.528621,126.809804,address
41190|원종동|302-1,37.523682,126.806398,address
41190|원종동|302-2,37.523630,126.806202,address
41190|원종동|303,37.523623,126.806569,address
41190|원종동|313-13,37.523825,126.807449,address
41190|원종동|313-4,37.523449,126.807437,address
41190|원종동|313-7,37.523444,126.807730,address
41190|원종동|313-8,37.523438,126.807926,address
41190|원종동|316,37.523051,126.808438,address
41190|원종동|317,37.523445,126.808292,address
41190|원종동|317-4,37.523405,126.808594,address
41190|원종동|319,37.523690,126.808030,address
41190|원종동|332,37.530230,126.807733,address
41190|원종동|334-1,37.530751,126.808054,address
41190|원종동|334-2,37.530480,126.807973,address
41190|원종동|336-1,37.530032,126.809512,address
41190|원종동|336-2,37.529658,126.809950,address
41190|원종동|337-8,37.529247,126.810961,address
41190|원종동|341-3,37.524827,126.810764,address
41190|원종동|344-1,37.523777,126.810935,address
41190|원종동|344-23,37.522951,126.810934,address
41190|원종동|344-30,37.523401,126.810588,address
41190|원종동|344-9,37.523197,126.810934,address
41190|원종동|346-7,37.521152,126.809245,address
41190|원종동|348,37.519502,126.809133,address
41190|원종동|352,37.517084,126.807402,address
41190|원종동|360-8,37.518898,126.808159,address
41190|원종동|361-2,37.519008,126.807755,address
41190|원종동|361-6,37.519007,126.807408,address
41190|원종동|362-4,37.520379,126.808405,address
41190|원종동|363-7,37.520830,126.807874,address
41190|원종동|363-8,37.520779,126.807520,address
41190|원종동|365-11,37.520085,126.806632,address
41190|원종동|365-13,37.520084,126.806332,address
41190|원종동|366-3,37.519307,126.806979,address
41190|원종동|369,37.517533,126.806516,address
41190|원종동|373-12,37.520573,126.805193,address
41190|원종동|378-1,37.518284,126.803265,address
41190|원종동|378-2,37.518323,126.803716,address
41190|원종동|383-7,37.520370,126.803279,address
41190|원종동|384-3,37.520726,126.802898,address
41190|원종동|384-4,37.520681,126.803826,address
41190|원종동|385-3,37.521041,126.801530,address
41190|원종동|387,37.522850,126.778888,keyword
41190|원종동|468,37.532260,126.805048,address
41190|원종동|469,37.518826,126.803277,address
41190|원종동|470,37.528677,126.803016,address
41190|원종동|474,37.528576,126.804097,address
41190|원종동|475,37.525824,126.810035,address
41190|원종동|476,37.520129,126.801277,address
41190|원종동|477,37.525575,126.809401,address
41190|원종동|478,37.529780,126.810282,address
41190|원종동|67,37.531915,126.804445,address
41190|원종동|67-5,37.531377,126.805042,address
41190|원종동|69-18,37.531413,126.806046,address
41190|원종동|70-1,37.530516,126.804117,address
41190|원종동|산27-1,37.528801,126.807994,address
41190|작동|5,37.520238,126.812966,address
41190|작동|5-1,37.519482,126.813936,address
41190|작동|66-5,37.514423,126.805967,address
41190|작동|67-2,37.515084,126.805716,address
41190|작동|69-9,37.516587,126.805693,address
41190|작동|71,37.514791,126.806409,address
41190|작동|71-1,37.514833,126.806731,address
41190|작동|71-2,37.514466,126.806881,address
41190|작동|74-3,37.516459,126.806929,address
41190|작동|75,37.516467,126.807428,address
41190|작동|75-2,37.516563,126.808298,address
41190|중동|1027,37.509854,126.760881,address
41190|중동|1028,37.509716,126.762958,address
41190|중동|1029,37.507646,126.762530,address
41190|중동|1036,37.505633,126.767893,address
41190|중동|1036#41192-244,37.505667,126.767918,keyword
41190|중동|1036#41192-246,37.505667,126.767918,keyword
41190|중동|1037,37.506056,126.765089,address
41190|중동|1037#41192-242,37.506047,126.765090,keyword
41190|중동|1037#41192-243,37.506047,126.765090,keyword
41190|중동|1038,37.507410,126.764503,address
41190|중동|1039,37.507005,126.768107,address
41190|중동|1040,37.509830,126.768513,address
41190|중동|1041,37.509262,126.765753,address
41190|중동|1041#41192-333,37.509922,126.766529,keyword
41190|중동|1041#41192-9619,37.508448,126.766008,keyword
41190|중동|1051,37.508560,126.771519,address
41190|중동|1052,37.506724,126.770901,address
41190|중동|1054,37.504682,126.773641,address
41190|중동|1054#41192-249,37.504995,126.773771,keyword
41190|중동|1054#41192-250,37.504995,126.773771,keyword
41190|중동|1055,37.505279,126.770964,address
41190|중동|1055#41192-251,37.505300,126.770949,keyword
41190|중동|1055#41192-252,37.506024,126.769718,keyword
41190|중동|1099-2,37.495197,126.781733,address
41190|중동|1100,37.496576,126.780584,address
41190|중동|1101,37.497694,126.780358,address
41190|중동|1102,37.498989,126.780007,address
41190|중동|1102#41192-217,37.498980,126.780012,keyword
41190|중동|1102#41192-220,37.498980,126.780012,keyword
41190|중동|1103,37.500095,126.779708,address
41190|중동|1104,37.501415,126.779252,address
41190|중동|1104#41192-219,37.501536,126.779244,keyword
41190|중동|1104#41192-221,37.501536,126.779244,keyword
41190|중동|1107,37.501037,126.777949,address
41190|중동|1111,37.498721,126.778577,address
41190|중동|1112,37.497467,126.778917,address
41190|중동|1116,37.495048,126.779417,address
41190|중동|1118-1,37.493932,126.780671,address
41190|중동|1161-2,37.502460,126.761989,address
41190|중동|1170,37.501093,126.759118,address
41190|중동|1170#41192-255,37.501090,126.759125,keyword
41190|중동|1170#41192-256,37.501090,126.759125,keyword
41190|중동|1171,37.501632,126.761631,address
41190|중동|1172,37.498828,126.758573,address
41190|중동|1173-1,37.497449,126.760757,address
41190|중동|1175-2,37.496422,126.766698,address
41190|중동|1176-2,37.497963,126.766824,address
41190|중동|1178,37.500491,126.770163,address
41190|중동|1178#41192-229,37.500491,126.770163,address
41190|중동|1178#41192-336,37.500356,126.770282,keyword
41190|중동|1178#41192-337,37.500491,126.770163,address
41190|중동|1179,37.499856,126.773545,address
41190|중동|1179#41192-226,37.499903,126.773431,keyword
41190|중동|1179#41192-230,37.499903,126.773431,keyword
41190|중동|1179#41192-231,37.499903,126.773431,keyword
41190|중동|1180-1,37.498474,126.773885,address
41190|중동|1181,37.498942,126.769842,address
41190|중동|1182,37.497518,126.769553,address
41190|중동|1182#41192-212,37.497521,126.769427,keyword
41190|중동|1182#41192-329,37.497518,126.769553,address
41190|중동|1183,37.496243,126.769282,address
41190|중동|1184-6,37.497012,126.774886,address
41190|중동|1185-2,37.495717,126.774231,address
41190|중동|1185-2#41192-211,37.495700,126.774318,keyword
41190|중동|1185-2#41192-215,37.495700,126.774318,keyword
41190|중동|1186,37.494233,126.768082,address
41190|중동|1186#41192-236,37.493684,126.767874,keyword
41190|중동|1186#41192-237,37.493684,126.767874,keyword
41190|중동|1288,37.490646,126.765553,address
41190|중동|1293-1,37.507939,126.776394,address
41190|중동|1298,37.490221,126.770773,address
41190|중동|1300,37.502040,126.767886,address
41190|중동|1301,37.503280,126.768142,address
41190|중동|3-207,37.506811,126.778047,address
41190|중동|3-34,37.506651,126.777207,address
41190|중동|596,37.497128,126.765509,address
41190|중동|680,37.496149,126.761768,address
41190|중동|715-2,37.495135,126.766272,address
41190|중동|731-5,37.495207,126.761650,address
41190|중동|732-1,37.494491,126.762552,address
41190|중동|734-1,37.494460,126.763651,address
41190|중동|756-6,37.493730,126.764987,address
41190|중동|772-2,37.492760,126.768111,address
41190|중동|775-10,37.492180,126.770183,address
41190|중동|775-12,37.492282,126.769669,address
41190|중동|775-27,37.492348,126.769206,address
41190|중동|775-3,37.492411,126.768974,address
41190|중동|789-3,37.488687,126.771851,address
41190|중동|805-6,37.487647,126.767315,address
41190|중동|813,37.487837,126.766204,address
41190|중동|816,37.487374,126.767003,address
41190|중동|825,37.486634,126.767941,address
41190|중동|851-4,37.486352,126.769037,address
41190|중동|852-2,37.486921,126.768256,address
41190|중동|863-1,37.486787,126.770439,address
41190|중동|872-5,37.486093,126.770472,address
41190|중동|873,37.486170,126.770721,address
41190|중동|896-3,37.486440,126.771159,address
41190|중동|900,37.486427,126.772890,address
41190|춘의동|127,37.505554,126.781901,address
41190|춘의동|141-2,37.503623,126.784070,address
41190|춘의동|142-5,37.503804,126.783270,address
41190|춘의동|172-2,37.501899,126.785427,address
41190|춘의동|173-6,37.502425,126.782714,address
41190|춘의동|184-2,37.501615,126.783189,address
41190|춘의동|491,37.505090,126.784427,address
41190|춘의동|66-1,37.502752,126.794864,address
41210|광명동|102-1,37.482665,126.856226,address
41210|광명동|158-854,37.479945,126.851866,address
41210|광명동|18-1,37.485829,126.861894,address
41210|광명동|200-6,37.477848,126.852212,address
41210|광명동|290-24,37.474596,126.852628,address
41210|광명동|304-20,37.471717,126.854661,keyword
41210|광명동|306-8,37.472676,126.856863,address
41210|광명동|308-2,37.471734,126.856247,address
41210|광명동|309-1,37.471638,126.855745,address
41210|광명동|337-40,37.472944,126.852265,address
41210|광명동|339-2,,,miss
41210|광명동|346-54,37.473446,126.850385,address
41210|광명동|346-55,37.473236,126.850184,address
41210|광명동|374-101,37.470936,126.851263,address
41210|광명동|4-9,37.491316,126.865521,address
41210|광명동|419-25,37.470422,126.850758,address
41210|광명동|419-48,37.470158,126.850780,address
41210|광명동|713,37.472009,126.857198,address
41210|광명동|717-3,37.470435,126.856468,address
41210|광명동|732,37.468751,126.854641,address
41210|광명동|733,37.467022,126.854568,address
41210|광명동|734,37.466991,126.853842,address
41210|광명동|739-8,37.468611,126.851715,address
41210|광명동|741,37.468596,126.849677,address
41210|광명동|741-1,37.468692,126.849954,address
41210|광명동|757,37.470138,126.846717,address
41210|광명동|777,37.474556,126.855779,address
41210|광명동|778,37.469933,126.851200,address
41210|광명동|779,37.475594,126.847066,address
41210|광명동|781,37.476874,126.847247,address
41210|광명동|782,37.473907,126.856508,address
41210|광명동|783,37.469170,126.851280,address
41210|광명동|784,37.474637,126.846807,address
41210|광명동|785,37.472633,126.847474,address
41210|광명동|787-4,37.472826,126.855392,address
41210|광명동|788-1,37.470586,126.852622,address
41210|광명동|789-1,37.472284,126.850118,address
41210|광명동|791-2,37.474108,126.858821,address
41210|광명동|88-14,37.483072,126.858049,address
41210|광명동|98-9,37.482283,126.854039,address
41210|소하동|1076-2,37.433803,126.878890,address
41210|소하동|1238,37.436019,126.884600,address
41210|소하동|1240-4,37.436178,126.882455,address
41210|소하동|1272,37.453435,126.889099,address
41210|소하동|1272-2,37.452923,126.888774,address
41210|소하동|1273,37.452072,126.889061,address
41210|소하동|1288,37.452417,126.882685,address
41210|소하동|1289,37.449840,126.882674,address
41210|소하동|1294,37.451784,126.887394,address
41210|소하동|1348,37.444409,126.890431,address
41210|소하동|1363,37.449508,126.892122,address
41210|소하동|1378,37.432848,126.882258,address
41210|소하동|1387,37.430866,126.882155,address
41210|소하동|1389,37.430647,126.884602,address
41210|소하동|36-52,37.451455,126.890700,address
41210|소하동|48-13,37.453245,126.888162,address
41210|소하동|48-55,37.454512,126.888038,address
41210|소하동|55,37.455486,126.886662,address
41210|소하동|883-18,37.438358,126.882158,keyword
41210|소하동|889,37.437364,126.876872,address
41210|소하동|889-1,37.437598,126.877398,address
41210|소하동|889-2,37.437845,126.878004,address
41210|소하동|896,37.437180,126.875921,address
41210|소하동|912-2,37.437496,126.879533,address
41210|소하동|919,37.436707,126.875688,address
41210|소하동|930,37.435648,126.878914,address
41210|소하동|933,37.436344,126.876687,address
41210|소하동|936,37.435595,126.876958,address
41210|소하동|940,37.434323,126.877075,address
41210|소하동|943-7,37.434660,126.875149,address
41210|일직동|512,37.419106,126.881297,address
41210|일직동|513,37.416493,126.880604,address
41210|일직동|517,37.417198,126.887523,address
41210|일직동|518,37.414680,126.886140,address
41210|일직동|519,37.414130,126.880235,address
41210|철산동|105,37.485776,126.868855,address
41210|철산동|105#41210-55,37.485776,126.868855,address
41210|철산동|105#41210-56,37.485776,126.868855,address
41210|철산동|235,37.482576,126.869846,address
41210|철산동|235#41210-47,37.482576,126.869846,address
41210|철산동|235#41210-48,37.482576,126.869846,address
41210|철산동|241,37.479151,126.870780,address
41210|철산동|245,37.477087,126.868024,address
41210|철산동|367,37.471665,126.876920,address
41210|철산동|449,37.475811,126.871374,address
41210|철산동|463-38,37.478371,126.863594,address
41210|철산동|509-261,37.471324,126.865042,address
41210|철산동|55-1,37.491107,126.866617,address
41210|철산동|58,37.489050,126.868135,address
41210|철산동|625,37.469795,126.864382,address
41210|철산동|625#41210-54,37.470093,126.864318,keyword
41210|철산동|625#41210-64,37.470494,126.865848,keyword
41210|철산동|626-1,37.493877,126.868210,address
41210|철산동|627,37.491596,126.867473,address
41210|철산동|628,37.472961,126.864516,address
41210|철산동|629,37.488615,126.865635,address
41210|철산동|630,37.471819,126.864378,address
41210|철산동|631,37.473308,126.863799,address
41210|철산동|634,37.471872,126.874398,address
41210|철산동|637,37.472411,126.868953,address
41210|철산동|638,37.472271,126.866648,address
41210|철산동|639-1,37.479514,126.866769,address
41210|하안동|110,37.461861,126.883662,address
41210|하안동|13,37.467760,126.877427,address
41210|하안동|260,37.457469,126.882894,address
41210|하안동|260#41210-23,37.457469,126.882894,address
41210|하안동|260#41210-57,37.457469,126.882894,address
41210|하안동|27,37.464704,126.881594,address
41210|하안동|295,37.459776,126.881312,address
41210|하안동|296,37.459609,126.878169,address
41210|하안동|30,37.465129,126.879189,address
41210|하안동|650,37.463023,126.875773,address
41210|하안동|651,37.464302,126.877251,address
41210|하안동|681,37.466376,126.875584,address
41210|하안동|682,37.465073,126.873613,address
41210|하안동|702,37.464760,126.865251,address
41210|하안동|707-7,37.468348,126.864132,address
41210|하안동|707-9,37.467484,126.863539,address
41210|하안동|863,37.469270,126.872267,address
41210|하안동|864,37.467680,126.866680,address
41220|가재동|639,37.040214,127.084456,address
41220|가재동|가-,37.042110,127.071006,keyword
41220|고덕동|1860-2,37.059829,127.045513,address
41220|고덕동|1861-1,37.059828,127.048022,address
41220|고덕동|1895-2,37.055992,127.045526,address
41220|고덕동|1897-3,37.055512,127.042059,address
41220|고덕동|1899-2,37.053742,127.042035,address
41220|고덕동|1904-2,37.053391,127.044882,address
41220|고덕동|1970-2,37.050851,127.045524,address
41220|고덕동|1971-2,37.049054,127.045540,address
41220|고덕동|2461-1,37.043818,127.023679,address
41220|고덕동|2489-1,37.041885,127.025094,address
41220|고덕동|2501-1,37.040364,127.026911,address
41220|고덕동|2518-1,37.038709,127.028723,address
41220|고덕동|2618-1,37.044006,127.040326,address
41220|고덕동|2618-3,37.044074,127.042487,address
41220|고덕동|2619-1,37.041675,127.040936,address
41220|고덕동|2664-1,37.036563,127.032845,address
41220|고덕동|2664-2,37.037125,127.030739,address
41220|고덕동|2683-1,37.036364,127.035377,address
41220|고덕동|2705-1,37.035554,127.020074,address
41220|고덕동|2706-1,37.033868,127.021842,address
41220|고덕면 궁리|520,37.021445,127.033046,address
41220|고덕면 궁리|523,37.020245,127.034835,address
41220|고덕면 궁리|75,37.016604,127.033609,address
41220|군문동|360,36.986958,127.085029,address
41220|군문동|370,36.986720,127.081538,address
41220|독곡동|396-1,37.086780,127.058267,address
41220|독곡동|464,37.083240,127.060851,address
41220|독곡동|468,37.085700,127.062800,address
41220|독곡동|473,37.084152,127.062952,address
41220|독곡동|474,37.082902,127.062902,address
41220|독곡동|475,37.081432,127.063322,address
41220|독곡동|491,37.081256,127.065333,address
41220|동삭동|182-11,37.005652,127.091702,address
41220|동삭동|219-9,37.014159,127.090275,address
41220|동삭동|340-6,37.019215,127.098175,address
41220|동삭동|343-2,37.021710,127.096348,address
41220|동삭동|388-13,37.016197,127.092749,address
41220|동삭동|416,37.015569,127.088307,address
41220|동삭동|593-1,37.017871,127.083507,keyword
41220|동삭동|650,37.019506,127.095204,address
41220|동삭동|715-1,37.011099,127.101501,address
41220|동삭동|835,37.016766,127.098977,address
41220|동삭동|845,37.016797,127.102255,address
41220|동삭동|852,37.020561,127.098975,address
41220|동삭동|854,37.019265,127.102200,address
41220|동삭동|855,37.019902,127.103702,address
41220|동삭동|941,37.021212,127.092921,keyword
41220|동삭동|가-,37.017624,127.081659,keyword
41220|동삭동|가-#41220-3459,37.017871,127.083507,keyword
41220|동삭동|가-#41220-3777,37.017624,127.081659,keyword
41220|비전동|1011,37.005649,127.106549,address
41220|비전동|1031,37.004962,127.109569,address
41220|비전동|1089,37.000414,127.108175,address
41220|비전동|210-24,36.994610,127.109690,address
41220|비전동|236-22,36.992600,127.102159,address
41220|비전동|251-5,36.994934,127.101242,address
41220|비전동|259,36.995608,127.101023,address
41220|비전동|273-10,36.995804,127.102450,address
41220|비전동|488-5,36.998144,127.094625,address
41220|비전동|796,37.001208,127.096027,address
41220|비전동|800,37.000001,127.098891,address
41220|비전동|800-1,36.999827,127.100711,address
41220|비전동|804,36.999914,127.102176,address
41220|비전동|810-1,36.996958,127.101576,address
41220|비전동|812,36.995834,127.101620,address
41220|비전동|813,36.998341,127.104793,address
41220|비전동|813-1,36.998395,127.106611,address
41220|비전동|820,36.995575,127.103944,address
41220|비전동|827,36.996038,127.109277,address
41220|비전동|828,36.998413,127.109067,address
41220|비전동|828-1,36.997601,127.108933,address
41220|비전동|828-2,36.997034,127.110834,address
41220|비전동|856,36.991509,127.110610,address
41220|비전동|856-1,36.990643,127.110542,address
41220|비전동|856-2,36.991065,127.109616,address
41220|비전동|874,36.997766,127.115673,address
41220|비전동|876,36.996103,127.115762,address
41220|비전동|877,36.995729,127.113769,address
41220|비전동|878-5,36.993391,127.114722,address
41220|비전동|879-4,36.994001,127.117434,address
41220|비전동|879-5,36.993772,127.116095,address
41220|비전동|881,36.993141,127.119416,address
41220|비전동|887,36.991549,127.115903,address
41220|비전동|889,36.991795,127.119740,address
41220|비전동|922,37.001012,127.090473,address
41220|비전동|923,36.992685,127.109754,address
41220|비전동|925,36.992464,127.111180,address
41220|비전동|931,36.994419,127.110900,address
41220|비전동|946,36.998887,127.095716,address
41220|비전동|967,37.009016,127.104336,address
41220|비전동|968,37.007367,127.105181,address
41220|비전동|970,37.008160,127.102363,address
41220|비전동|산76-17,36.995205,127.102481,address
41220|서정동|1116,37.072321,127.061302,address
41220|서정동|1121,37.060012,127.060279,address
41220|서정동|1135,37.070457,127.061713,address
41220|서정동|263-1,37.057769,127.058594,address
41220|서정동|303-6,37.059338,127.054714,address
41220|서정동|304-1,37.060052,127.054359,address
41220|서정동|304-5,37.059523,127.054256,address
41220|서정동|307-8,37.058983,127.054682,address
41220|서정동|313-14,37.058443,127.054163,address
41220|서정동|319-3,37.056729,127.054766,address
41220|서정동|433-23,37.060459,127.054314,address
41220|서정동|433-26,37.059978,127.053831,address
41220|서정동|433-7,37.060362,127.053956,address
41220|서정동|48,37.072507,127.058262,address
41220|서정동|538-1,37.067676,127.052321,address
41220|서정동|586-4,37.071841,127.047322,address
41220|서정동|75-13,37.073371,127.056547,address
41220|서정동|784,37.070407,127.055308,address
41220|서정동|787-2,37.070007,127.056293,address
41220|서정동|791-10,37.069118,127.058719,address
41220|서정동|793,37.068882,127.060813,address
41220|서정동|793#41220-124,37.069462,127.061488,keyword
41220|서정동|793#41220-61,37.069554,127.060478,keyword
41220|서정동|794,37.068737,127.062641,address
41220|서정동|794#41220-123,37.068480,127.062954,keyword
41220|서정동|794#41220-63,37.068256,127.062924,keyword
41220|서정동|826-4,37.069751,127.057997,address
41220|서정동|836-5,37.066501,127.057460,address
41220|서정동|909-1,37.061548,127.059467,address
41220|세교동|181-8,37.001154,127.078319,address
41220|세교동|435-172,37.011137,127.078075,address
41220|세교동|435-84,37.011065,127.077401,address
41220|세교동|554,37.004581,127.083195,address
41220|세교동|555,37.003159,127.085800,address
41220|세교동|556-2,37.001483,127.084302,address
41220|세교동|557,37.003499,127.081656,address
41220|세교동|558,37.002277,127.080499,address
41220|세교동|559,37.000886,127.082118,address
41220|세교동|560,37.001071,127.079553,address
41220|세교동|573,37.012000,127.088026,address
41220|세교동|596,37.009386,127.089185,address
41220|세교동|597,37.009712,127.086778,address
41220|소사동|524,36.989827,127.123368,address
41220|소사동|670,36.990488,127.125478,address
41220|소사동|697,36.987409,127.129804,address
41220|신장동|190-4,37.083239,127.056659,address
41220|신장동|208-21,37.082217,127.055250,address
41220|신장동|227-14,37.078413,127.054588,address
41220|신장동|227-18,37.078798,127.054498,address
41220|신장동|232-35,37.077593,127.054695,address
41220|신장동|234-7,37.076922,127.054819,address
41220|신장동|238-20,37.076588,127.054945,address
41220|신장동|243-3,37.075988,127.054997,address
41220|신장동|247-5,37.075086,127.055184,address
41220|신장동|267-104,37.073885,127.049083,address
41220|신장동|267-249,37.074859,127.046647,address
41220|신장동|267-293,37.074860,127.047358,address
41220|신장동|274-198,37.078216,127.052518,address
41220|신장동|274-247,37.078098,127.052832,address
41220|신장동|306-35,37.081259,127.049963,address
41220|신장동|309-4,37.082630,127.050776,address
41220|신장동|325-18,37.081376,127.053606,address
41220|신장동|325-2,37.081723,127.053635,address
41220|신장동|363-8,37.084959,127.049916,address
41220|신장동|694,37.085732,127.055033,address
41220|안중읍 금곡리|337-3,36.993431,126.952685,address
41220|안중읍 송담리|170-3,36.981033,126.937911,address
41220|안중읍 송담리|850,36.978397,126.929322,address
41220|안중읍 송담리|851,36.977036,126.928545,address
41220|안중읍 송담리|852,36.975320,126.928068,address
41220|안중읍 안중리|262-76,36.986689,126.927998,address
41220|안중읍 안중리|292-30,36.989527,126.930391,address
41220|안중읍 안중리|292-36,36.989427,126.930586,address
41220|안중읍 안중리|305-56,36.984713,126.928711,address
41220|안중읍 안중리|산8-13,36.987950,126.940768,address
41220|안중읍 학현리|504-24,36.988569,126.923944,address
41220|안중읍 학현리|505-10,36.987845,126.921623,address
41220|안중읍 현화리|288-1,36.986906,126.924478,address
41220|안중읍 현화리|305-2,36.986928,126.921309,address
41220|안중읍 현화리|820-1,36.987780,126.917785,address
41220|안중읍 현화리|820-2,36.986910,126.918075,address
41220|안중읍 현화리|821-1,36.987433,126.920042,address
41220|안중읍 현화리|822-1,36.985508,126.917853,address
41220|안중읍 현화리|824-1,36.983482,126.916980,address
41220|안중읍 현화리|824-5,36.983501,126.917937,address
41220|안중읍 현화리|825-1,36.983544,126.920113,address
41220|안중읍 현화리|826-2,36.982101,126.917527,address
41220|안중읍 현화리|828-1,36.980513,126.918108,address
41220|안중읍 현화리|839-1,36.979453,126.924452,address
41220|안중읍 현화리|840-1,36.980535,126.925494,address
41220|안중읍 현화리|841,36.980271,126.922335,address
41220|안중읍 현화리|918,36.982315,126.926433,address
41220|오성면 숙성리|977-1,37.009515,126.984103,address
41220|용이동|470-1,36.996876,127.141913,address
41220|용이동|471-1,36.998876,127.142156,address
41220|용이동|492-1,36.998463,127.146464,address
41220|용이동|580,37.000401,127.128718,address
41220|용이동|581,37.001588,127.130789,address
41220|용이동|601,36.998838,127.129819,address
41220|용이동|639,36.998800,127.125149,address
41220|용이동|641,36.999665,127.126528,address
41220|용이동|642,36.997145,127.119652,address
41220|용이동|644,36.997433,127.122508,address
41220|용이동|648,36.995514,127.121193,address
41220|용이동|650,36.994188,127.122064,address
41220|용이동|652,36.992774,127.122537,address
41220|용이동|737,37.002075,127.144103,address
41220|용이동|738,37.003201,127.146563,address
41220|이충동|381,37.053155,127.057657,address
41220|이충동|445-3,37.057067,127.059867,address
41220|이충동|452-2,37.056930,127.058744,address
41220|이충동|456-1,37.056541,127.058232,address
41220|이충동|457-21,37.057132,127.057907,address
41220|이충동|460-2,37.057058,127.057450,address
41220|이충동|463,37.057269,127.056551,address
41220|이충동|463-25,37.056403,127.058109,address
41220|이충동|472-7,37.056323,127.058466,address
41220|이충동|478,37.054453,127.058528,address
41220|이충동|589-3,37.063411,127.065049,address
41220|이충동|589-5,37.062629,127.065675,address
41220|이충동|591-2,37.063837,127.068565,address
41220|이충동|592,37.062448,127.069292,address
41220|이충동|593,37.061910,127.067661,address
41220|이충동|594-2,37.061380,127.066166,address
41220|이충동|607,37.053796,127.061196,address
41220|이충동|671,37.060306,127.067392,address
41220|이충동|674,37.058699,127.067381,address
41220|이충동|693,37.058366,127.071122,address
41220|장당동|473-1,37.050703,127.054435,address
41220|장당동|475,37.051441,127.054615,address
41220|장당동|628,37.051722,127.058925,address
41220|장당동|629,37.050397,127.058965,address
41220|장당동|631,37.048403,127.058856,address
41220|장당동|632,37.051942,127.061206,address
41220|장당동|633,37.050423,127.061170,address
41220|장당동|634,37.048733,127.060682,address
41220|장당동|660,37.047653,127.055598,address
41220|장당동|683,37.052000,127.068122,address
41220|장안동|619,37.059107,127.079181,address
41220|죽백동|720,37.010229,127.111097,address
41220|죽백동|721,37.008486,127.110122,address
41220|죽백동|722,37.008560,127.113226,address
41220|죽백동|737,37.006039,127.112734,address
41220|죽백동|816,37.003278,127.124296,address
41220|죽백동|817,37.001350,127.124492,address
41220|지산동|1028,37.080068,127.059936,address
41220|지산동|1028-1,37.079588,127.059775,address
41220|지산동|1029,37.081402,127.061382,address
41220|지산동|1089,37.078593,127.062738,address
41220|지산동|1091,37.076230,127.062858,address
41220|지산동|1093,37.074291,127.063526,address
41220|지산동|1094,37.076329,127.063921,address
41220|지산동|1095,37.074143,127.064876,address
41220|지산동|1134,37.079075,127.064156,address
41220|지산동|1135,37.077694,127.065051,address
41220|지산동|1217,37.079753,127.069170,address
41220|지산동|1250,37.082448,127.069983,address
41220|지산동|750-1,37.082115,127.058801,address
41220|지산동|751-14,37.081925,127.058797,address
41220|지산동|759-7,37.080716,127.058671,address
41220|지산동|761-31,37.080161,127.058708,address
41220|지산동|781-9,37.077841,127.057324,address
41220|지산동|799-7,37.076245,127.057293,address
41220|지산동|809-31,37.078617,127.056338,address
41220|지산동|820-3,37.077155,127.056310,address
41220|지산동|823-1,37.076936,127.056849,address
41220|지산동|823-13,37.076925,127.056599,address
41220|지산동|830-17,37.075400,127.055756,address
41220|지산동|830-58,37.075681,127.056379,address
41220|지산동|835-6,37.075300,127.057024,address
41220|지산동|850-60,37.073392,127.057582,address
41220|지산동|850-63,37.073373,127.057920,address
41220|지산동|851-10,37.075309,127.057805,address
41220|지산동|851-12,37.075292,127.058168,address
41220|지산동|859-10,37.074559,127.058476,address
41220|지제동|가-,37.022725,127.073939,keyword
41220|진위면 가곡리|380,37.117335,127.073631,address
41220|진위면 가곡리|406-1,37.116721,127.073947,address
41220|진위면 갈곶리|239-2,37.125679,127.070321,address
41220|진위면 견산리|27-15,37.107841,127.079808,address
41220|진위면 견산리|27-6,37.106547,127.079032,address
41220|진위면 견산리|366-1,37.108844,127.073199,address
41220|진위면 견산리|374,37.108573,127.071903,address
41220|진위면 봉남리|236-1,37.101721,127.090247,address
41220|진위면 봉남리|318-2,37.101883,127.090040,address
41220|청북읍 옥길리|1071,37.020383,126.906012,address
41220|청북읍 옥길리|1091,37.019996,126.909224,address
41220|청북읍 옥길리|1094,37.018653,126.909564,address
41220|청북읍 옥길리|1097,37.020749,126.912349,address
41220|청북읍 옥길리|1102,37.019458,126.913529,address
41220|청북읍 옥길리|1104,37.017724,126.913441,address
41220|청북읍 옥길리|1110,37.016151,126.914075,address
41220|청북읍 옥길리|1137,37.022387,126.917002,address
41220|청북읍 옥길리|1144,37.023417,126.918744,address
41220|청북읍 옥길리|1150,37.023185,126.921800,address
41220|청북읍 옥길리|1153,37.023384,126.924708,address
41220|청북읍 옥길리|1158-7,37.019152,126.917471,address
41220|칠괴동|601,37.026755,127.083762,address
41220|칠원동|499,37.031998,127.102214,address
41220|칠원동|542,37.026826,127.102372,address
41220|칠원동|559,37.026813,127.106361,address
41220|칠원동|595,37.024410,127.106794,address
41220|칠원동|613,37.024509,127.101488,address
41220|칠원동|620,37.025347,127.110445,address
41220|통복동|153-2,36.992972,127.081766,address
41220|통복동|35-3,36.999492,127.087956,address
41220|통복동|477,36.991703,127.079571,address
41220|통복동|539,37.002094,127.089000,address
41220|통복동|539-2,37.001229,127.088297,address
41220|통복동|767,36.997825,127.082016,address
41220|통복동|88-2,36.995579,127.086872,address
41220|통복동|93-12,36.996976,127.085542,address
41220|통복동|94-6,36.996506,127.085592,address
41220|팽성읍 객사리|187-20,36.964620,127.055570,address
41220|팽성읍 객사리|63-4,36.967294,127.066559,address
41220|팽성읍 객사리|67-3,36.966612,127.066304,address
41220|팽성읍 송화리|24-5,36.963089,127.053981,address
41220|팽성읍 송화리|65,36.960810,127.051919,address
41220|팽성읍 송화리|785-1,36.961887,127.055184,address
41220|팽성읍 송화리|788-1,36.960655,127.059759,address
41220|팽성읍 송화리|790-1,36.963693,127.060644,address
41220|팽성읍 송화리|835,36.961012,127.054398,address
41220|팽성읍 안정리|100-98,36.962694,127.040407,address
41220|팽성읍 안정리|136-3,36.959871,127.045358,address
41220|팽성읍 안정리|213,36.956993,127.047755,address
41220|팽성읍 안정리|360,36.965414,127.048869,address
41220|팽성읍 안정리|46-7,36.963913,127.048805,address
41220|팽성읍 평궁리|305-1,36.972362,127.084539,address
41220|평택동|121-11,36.988595,127.082416,address
41220|평택동|185-44,36.990472,127.087186,address
41220|평택동|202-30,36.988321,127.086235,address
41220|평택동|287-43,36.993089,127.090239,address
41220|평택동|293-4,36.991048,127.089274,address
41220|평택동|294-3,36.990787,127.089571,address
41220|평택동|294-6,36.990480,127.089069,address
41220|평택동|316,36.988587,127.088921,address
41220|평택동|35-10,36.994064,127.088438,address
41220|평택동|35-28,36.993913,127.088081,address
41220|평택동|64-5,36.993846,127.086139,address
41220|평택동|88-19,36.991338,127.081784,address
41220|포승읍 내기리|697,36.976653,126.876331,address
41220|포승읍 내기리|698,36.977700,126.878119,address
41220|포승읍 도곡리|1109,36.990942,126.847467,address
41220|포승읍 도곡리|1113,36.990249,126.850581,address
41220|포승읍 도곡리|1114,36.988906,126.851358,address
41220|포승읍 도곡리|1115,36.987940,126.849221,address
41220|포승읍 도곡리|1117-10,36.990107,126.841754,address
41220|포승읍 도곡리|1117-11,36.989866,126.841403,address
41220|포승읍 도곡리|1118-4,36.989547,126.842181,address
41220|포승읍 도곡리|1118-7,36.989452,126.842683,address
41220|포승읍 도곡리|1120-5,36.987677,126.843495,address
41220|포승읍 도곡리|1121-1,36.989032,126.843610,address
41220|포승읍 만호리|574-5,36.975639,126.843395,address
41220|포승읍 만호리|574-7,36.976054,126.843532,address
41220|포승읍 만호리|575-1,36.977096,126.843462,address
41220|포승읍 만호리|575-10,36.976778,126.844048,address
41220|포승읍 만호리|646-1,36.961502,126.857472,address
41220|포승읍 만호리|695-3,36.963992,126.856639,address
41220|포승읍 방림리|715,36.979963,126.881741,address
41220|포승읍 석정리|278-3,36.988698,126.896855,address
41220|포승읍 석정리|306-5,36.995826,126.896650,address
41220|합정동|373-3,36.989669,127.106045,address
41220|합정동|428-1,36.990448,127.101095,address
41220|합정동|429-1,36.990215,127.101650,address
41220|합정동|736-28,36.991555,127.092559,address
41220|합정동|736-4,36.991565,127.093024,address
41220|합정동|738-7,36.992515,127.092741,address
41220|합정동|757-10,36.992119,127.099598,address
41220|합정동|766,36.991504,127.101909,address
41220|합정동|766-2,36.991416,127.102421,address
41220|합정동|829,36.989852,127.090668,address
41220|합정동|835,36.990052,127.096376,address
41220|합정동|870,36.989980,127.118324,address
41220|합정동|880,36.990439,127.117087,address
41220|합정동|901-7,36.989240,127.105744,address
41220|합정동|934-2,36.986790,127.104352,address
41220|합정동|964-17,36.989377,127.113460,address
41220|합정동|965-8,36.989530,127.112790,address
41220|합정동|970-12,36.986776,127.112765,address
41220|합정동|975-10,36.987883,127.115114,address
41220|합정동|975-12,36.988069,127.115461,address
41220|합정동|가-,36.987065,127.118060,keyword
41220|현덕면 권관리|576-1,36.917913,126.907979,address
41220|현덕면 권관리|688-3,36.921891,126.911346,address
41220|현덕면 인광리|406-13,36.964103,126.919516,address
41220|현덕면 인광리|406-8,36.964297,126.919045,address
41220|현덕면 인광리|413-2,36.961829,126.918757,address
41220|현덕면 인광리|573,36.964075,126.920482,address
41220|현덕면 화양리|779,36.974301,126.905451,address
41220|현덕면 화양리|가-,36.975990,126.906777,keyword
41220|현덕면 화양리|가-#41220-5265,36.975990,126.906777,keyword
41220|현덕면 화양리|가-#41220-5272,36.987319,126.907242,keyword
41220|현덕면 화양리|가-#41220-5282,36.987436,126.903174,keyword
41220|현덕면 화양리|가-#41220-5294,36.985241,126.897550,keyword
41220|현덕면 화양리|가-#41220-5317,36.970678,126.903414,keyword
41250|광암동|484-3,37.896070,127.082794,address
41250|동두천동|109,37.932855,127.058745,address
41250|동두천동|524,37.926909,127.053014,address
41250|동두천동|524-1,37.925665,127.053140,address
41250|동두천동|524-2,37.926805,127.051234,address
41250|보산동|400-1,37.914252,127.061585,address
41250|보산동|404,37.913877,127.060805,address
41250|보산동|404-77,37.913415,127.060986,address
41250|상패동|2-53,37.916962,127.053293,address
41250|상패동|53-13,37.906277,127.047120,address
41250|상패동|53-3,37.906395,127.046594,address
41250|상패동|61,37.904887,127.047694,address
41250|상패동|65-6,37.904408,127.046762,address
41250|생연동|163,37.912394,127.064756,address
41250|생연동|231,37.904715,127.064782,address
41250|생연동|246-1,37.902786,127.066951,address
41250|생연동|251,37.902732,127.068109,address
41250|생연동|268-5,37.900607,127.066283,address
41250|생연동|280,37.901150,127.063655,address
41250|생연동|280-2,37.900878,127.063670,address
41250|생연동|282,37.900114,127.063179,address
41250|생연동|284,37.900095,127.064848,address
41250|생연동|296-1,37.899803,127.067194,address
41250|생연동|334-1,37.897070,127.064226,address
41250|생연동|335,37.897316,127.063346,address
41250|생연동|350,37.897758,127.062240,address
41250|생연동|352,37.897111,127.061810,address
41250|생연동|356,37.897180,127.060405,address
41250|생연동|360-2,37.897923,127.061085,address
41250|생연동|403-1,37.901182,127.062956,address
41250|생연동|442-1,37.903475,127.058406,address
41250|생연동|464-8,37.909108,127.061897,address
41250|생연동|464-9,37.908696,127.062602,address
41250|생연동|473-9,37.906678,127.059169,address
41250|생연동|497-1,37.909490,127.059062,address
41250|생연동|510-1,37.912208,127.058254,address
41250|생연동|531-4,37.913966,127.062313,address
41250|생연동|531-6,37.913584,127.062192,address
41250|생연동|601-13,37.906516,127.054788,address
41250|생연동|631-53,37.904509,127.057052,address
41250|생연동|643-2,37.904670,127.056144,address
41250|생연동|664-20,37.903495,127.052674,address
41250|생연동|664-59,37.904029,127.052629,address
41250|생연동|714-2,37.898383,127.050248,address
41250|생연동|714-5,37.896962,127.050984,address
41250|생연동|715-1,37.898137,127.054192,address
41250|생연동|715-7,37.896582,127.054670,address
41250|생연동|787-2,37.897843,127.046140,address
41250|생연동|790-5,37.899602,127.046777,address
41250|생연동|791-10,37.900099,127.047398,address
41250|생연동|809,37.900662,127.050574,address
41250|생연동|832,37.898079,127.058845,address
41250|생연동|833,37.901207,127.049313,address
41250|생연동|85,37.902932,127.069472,address
41250|송내동|664-1,37.888147,127.049199,address
41250|송내동|664-4,37.886414,127.049412,address
41250|송내동|665-3,37.886965,127.052368,address
41250|송내동|696-3,37.884003,127.053296,address
41250|지행동|172,37.890005,127.063674,address
41250|지행동|196,37.888006,127.066723,address
41250|지행동|270-3,37.894868,127.058679,address
41250|지행동|270-4,37.895308,127.060229,address
41250|지행동|282-3,37.893953,127.057948,address
41250|지행동|282-5,37.893684,127.058710,address
41250|지행동|292-10,37.892587,127.059726,address
41250|지행동|308,37.893602,127.061688,address
41250|지행동|339-1,37.890874,127.059568,address
41250|지행동|342-1,37.891018,127.059166,address
41250|지행동|351-29,37.888864,127.060122,address
41250|지행동|354,37.889379,127.058868,address
41250|지행동|691,37.895154,127.049562,address
41250|지행동|691-2,37.895067,127.050891,address
41250|지행동|691-3,37.893544,127.050068,address
41250|지행동|692-1,37.894988,127.053423,address
41250|지행동|692-3,37.895004,127.054634,address
41250|지행동|692-6,37.893786,127.053948,address
41250|지행동|717-2,37.890764,127.049398,address
41250|지행동|722-5,37.889797,127.052587,address
41271|건건동|536-40,37.311355,126.904013,address
41271|건건동|625-7,37.307457,126.903132,address
41271|건건동|627-6,37.307231,126.902612,address
41271|건건동|633-3,37.304155,126.900497,address
41271|건건동|644-7,37.305737,126.902883,address
41271|건건동|665,37.305681,126.904789,address
41271|건건동|894-1,37.302633,126.905389,address
41271|건건동|894-10,37.302158,126.904960,address
41271|건건동|987,37.310884,126.905984,address
41271|건건동|994,37.308307,126.904388,address
41271|건건동|995,37.302102,126.903089,address
41271|본오동|871,37.295127,126.865007,address
41271|본오동|872,37.299850,126.865115,address
41271|본오동|872-20,37.297617,126.865136,address
41271|본오동|879,37.300371,126.861202,address
41271|본오동|879-15,37.299013,126.860866,address
41271|본오동|879-16,37.297654,126.861210,address
41271|본오동|880,37.295208,126.860896,address
41271|본오동|938-10,37.288919,126.857846,address
41271|본오동|948,37.288495,126.862916,address
41271|본오동|948-10,37.288244,126.863122,address
41271|본오동|948-14,37.288232,126.863452,address
41271|본오동|948-18,37.287259,126.863403,address
41271|본오동|948-3,37.287766,126.862879,address
41271|본오동|948-4,37.287523,126.862866,address
41271|본오동|948-7,37.287515,126.863085,address
41271|본오동|948-9,37.288062,126.863113,address
41271|부곡동|539-4,37.332102,126.863651,address
41271|사동|1197,37.301824,126.849994,address
41271|사동|1197-10,37.301653,126.849991,address
41271|사동|1318-4,37.294799,126.853457,address
41271|사동|1318-6,37.294742,126.852984,address
41271|사동|1343,37.291382,126.854485,address
41271|사동|1344,37.290141,126.854015,address
41271|사동|1344-1,37.288945,126.854260,address
41271|사동|1345,37.292057,126.850302,address
41271|사동|1345-1,37.290472,126.849569,address
41271|사동|1345-2,37.288903,126.850390,address
41271|사동|1346,37.287015,126.854184,address
41271|사동|1423,37.284425,126.847904,address
41271|사동|1505,37.280894,126.853337,address
41271|사동|1506,37.279634,126.853718,address
41271|사동|1510,37.296005,126.818258,address
41271|사동|1511,37.293482,126.820652,address
41271|사동|1512,37.295496,126.823865,address
41271|사동|1514,37.305927,126.842625,address
41271|사동|1532,37.305165,126.848812,address
41271|사동|1533,37.305687,126.851429,address
41271|사동|1536,37.303360,126.855693,address
41271|사동|1537,37.303910,126.851046,address
41271|사동|1538-1,37.303956,126.849445,address
41271|사동|1553,37.304039,126.841035,address
41271|사동|1639,37.280094,126.832156,address
41271|사동|1639-7,37.282675,126.829744,address
41271|사사동|239-1,37.298806,126.924220,address
41271|사사동|413,37.295077,126.916844,address
41271|성포동|583,37.322020,126.843955,address
41271|성포동|584,37.321682,126.847220,address
41271|성포동|588,37.319639,126.843480,address
41271|성포동|591,37.324830,126.847955,address
41271|성포동|592,37.325688,126.843225,address
41271|성포동|592-2,37.324715,126.845026,address
41271|성포동|747,37.319443,126.847524,address
41271|수암동|185-5,37.364142,126.878624,address
41271|수암동|186-4,37.363509,126.878369,address
41271|수암동|490,37.361160,126.881228,address
41271|수암동|493-3,37.362544,126.878749,address
41271|수암동|499-7,37.362739,126.878251,address
41271|수암동|500-1,37.362948,126.877010,address
41271|수암동|500-2,37.362658,126.876876,address
41271|수암동|501-1,37.363851,126.877227,address
41271|수암동|501-2,37.363676,126.877174,address
41271|수암동|501-7,37.363442,126.877102,address
41271|수암동|502-3,37.363841,126.876690,address
41271|수암동|502-5,37.363563,126.876498,address
41271|수암동|503-1,37.362974,126.876382,address
41271|수암동|506-7,37.362161,126.873951,address
41271|월피동|444,37.329099,126.849040,address
41271|월피동|446,37.330000,126.844776,address
41271|월피동|446#41271-34,37.329359,126.842857,keyword
41271|월피동|446#41271-35,37.330700,126.845618,keyword
41271|월피동|447,37.332312,126.848289,address
41271|월피동|448,37.331019,126.850172,address
41271|월피동|466-3,37.335427,126.853337,address
41271|월피동|508-4,37.334734,126.844673,address
41271|이동|664,37.310960,126.843469,address
41271|이동|664-1,37.309134,126.843142,address
41271|장상동|18-5,37.359278,126.873201,address
41271|장상동|534-1,37.360432,126.871627,address
41271|장상동|541-1,37.361869,126.876251,address
41273|고잔동|616,37.330857,126.831293,address
41273|고잔동|616-1,37.330845,126.831556,address
41273|고잔동|616-5,37.330589,126.831282,address
41273|고잔동|631,37.329249,126.836822,address
41273|고잔동|670,37.327244,126.839371,address
41273|고잔동|671,37.325457,126.839303,address
41273|고잔동|672,37.323552,126.839202,address
41273|고잔동|675,37.323645,126.836138,address
41273|고잔동|676-2,37.325815,126.836281,address
41273|고잔동|702,37.314040,126.826582,address
41273|고잔동|712,37.311408,126.823192,address
41273|고잔동|714,37.309052,126.826160,address
41273|고잔동|720,37.306791,126.823958,address
41273|고잔동|720#41273-37,37.306791,126.823958,address
41273|고잔동|720#41273-88,37.306791,126.823958,address
41273|고잔동|720#41273-89,37.306791,126.823958,address
41273|고잔동|728,37.313605,126.834657,address
41273|고잔동|765,37.311061,126.840693,address
41273|고잔동|766,37.310671,126.837533,address
41273|고잔동|767,37.310699,126.834207,address
41273|고잔동|776,37.308646,126.833698,address
41273|고잔동|778,37.308314,126.839866,address
41273|고잔동|780,37.305994,126.837095,address
41273|고잔동|781,37.306248,126.834019,address
41273|고잔동|782,37.305809,126.831149,address
41273|고잔동|851,37.319756,126.838946,address
41273|고잔동|852,37.322494,126.827782,address
41273|고잔동|853,37.319929,126.835225,address
41273|선부동|1003,37.341764,126.802254,address
41273|선부동|1028-1,37.341808,126.804202,address
41273|선부동|1069,37.336931,126.807511,address
41273|선부동|1078,37.329985,126.813278,address
41273|선부동|1078#41273-67,37.330648,126.812360,keyword
41273|선부동|1078#41273-68,37.329659,126.812791,keyword
41273|선부동|1079,37.332967,126.814803,address
41273|선부동|1080,37.335391,126.815562,address
41273|선부동|1080#41273-70,37.335391,126.815562,address
41273|선부동|1080#41273-91,37.335391,126.815562,address
41273|선부동|1081,37.336691,126.813283,address
41273|선부동|1082,37.337779,126.811420,address
41273|선부동|1085,37.340091,126.812851,address
41273|선부동|1085#41273-64,37.340091,126.812851,address
41273|선부동|1085#41273-87,37.340091,126.812851,address
41273|선부동|1086,37.339350,126.815809,address
41273|선부동|1087-16,37.342198,126.816860,address
41273|선부동|1087-22,37.342181,126.816312,address
41273|선부동|1087-26,37.341953,126.817114,address
41273|선부동|1177,37.348737,126.807107,address
41273|선부동|1186,37.328267,126.808510,address
41273|선부동|1186#41273-2307,37.328267,126.808510,address
41273|선부동|1186#41273-2308,37.328267,126.808510,address
41273|선부동|1188,37.331280,126.804999,address
41273|선부동|1189,37.333480,126.805561,address
41273|선부동|967,37.335599,126.805667,address
41273|선부동|978-1,37.338194,126.799081,address
41273|선부동|998,37.339422,126.801637,address
41273|신길동|1438,37.337664,126.777456,address
41273|신길동|1445,37.336565,126.775313,address
41273|신길동|1446,37.337024,126.772092,address
41273|신길동|1447,37.337495,126.774679,address
41273|신길동|1518,37.336251,126.782540,address
41273|신길동|1537,37.336703,126.785810,address
41273|신길동|1563,37.336357,126.789140,address
41273|신길동|1679,37.334348,126.785703,address
41273|와동|780-4,37.345629,126.822214,address
41273|와동|780-6,37.345792,126.821881,address
41273|와동|885,37.340972,126.825288,address
41273|원곡동|1001,37.323992,126.803320,address
41273|원곡동|1001#41273-2385,37.323772,126.803368,keyword
41273|원곡동|1001#41273-2660,37.323772,126.803368,keyword
41273|원곡동|1002,37.325328,126.800474,address
41273|원곡동|1003,37.325946,126.797669,address
41273|원곡동|828-5,37.328474,126.799569,address
41273|원곡동|847,37.326900,126.802729,address
41273|원곡동|937,37.330104,126.801643,address
41273|원곡동|938,37.328972,126.803776,address
41273|초지동|723,37.311224,126.818631,address
41273|초지동|724,37.311939,126.813034,address
41273|초지동|725,37.309758,126.813032,address
41273|초지동|730,37.309428,126.818593,address
41273|초지동|731,37.305872,126.818981,address
41273|초지동|736,37.307136,126.813043,address
41273|초지동|738,37.305278,126.809863,address
41273|초지동|741,37.301287,126.816070,address
41273|초지동|796,37.326078,126.804148,address
41273|초지동|801,37.327522,126.805718,address
41273|초지동|802,37.324365,126.807280,address
41273|초지동|803,37.322272,126.806634,address
41281|고양동|103,37.703434,126.898830,address
41281|고양동|1121,37.716890,126.903356,address
41281|고양동|197,37.702788,126.902507,address
41281|고양동|240-6,37.701320,126.900374,address
41281|고양동|255,37.701509,126.898748,address
41281|고양동|399,37.705818,126.896616,address
41281|고양동|414-1,37.706346,126.894607,address
41281|고양동|454,37.700476,126.899360,address
41281|고양동|719,37.710579,126.902651,address
41281|고양동|720,37.709513,126.904400,address
41281|고양동|724,37.712726,126.905074,address
41281|고양동|730,37.712992,126.906915,address
41281|고양동|734,37.711501,126.906112,address
41281|고양동|735,37.708409,126.903415,address
41281|고양동|752,37.711531,126.904689,address
41281|관산동|1015,37.687849,126.866096,address
41281|관산동|126,37.690856,126.868508,address
41281|관산동|134,37.689891,126.868825,address
41281|관산동|137-1,37.690607,126.869031,address
41281|관산동|151,37.689480,126.868805,address
41281|관산동|151-3,37.688991,126.869055,address
41281|관산동|178-57,37.688290,126.867568,address
41281|관산동|180-7,37.688302,126.866451,address
41281|관산동|246-3,37.688070,126.861734,address
41281|관산동|338-4,37.689727,126.864113,address
41281|관산동|981,37.686486,126.866940,address
41281|관산동|996,37.692205,126.864498,address
41281|덕은동|593,37.581307,126.859787,address
41281|덕은동|596,37.582309,126.861942,address
41281|덕은동|658,37.584010,126.868284,address
41281|덕은동|679,37.580269,126.861738,address
41281|덕은동|683,37.579865,126.865881,address
41281|덕은동|686,37.580076,126.868831,address
41281|덕은동|698,37.578700,126.862687,address
41281|덕은동|710,37.578566,126.865985,address
41281|도내동|1006,37.628315,126.865909,address
41281|도내동|1010,37.632370,126.871634,address
41281|도내동|1011,37.631308,126.873062,address
41281|도내동|1103,37.627000,126.868705,address
41281|도내동|1107,37.625796,126.871236,address
41281|도내동|983,37.633878,126.869090,address
41281|동산동|344,37.645357,126.884820,address
41281|동산동|365,37.646405,126.889696,address
41281|삼송동|293,37.652920,126.899048,address
41281|삼송동|306,37.653000,126.886213,address
41281|삼송동|311,37.650444,126.887195,address
41281|삼송동|331,37.649186,126.882488,address
41281|성사동|404-28,37.656508,126.841686,address
41281|성사동|404-31,37.656209,126.842394,address
41281|성사동|404-7,37.655879,126.842937,address
41281|성사동|404-8,37.655409,126.842603,address
41281|성사동|405-8,37.655776,126.840573,address
41281|성사동|407-9,37.655024,126.840596,address
41281|성사동|415,37.654820,126.843066,address
41281|성사동|422-2,37.656401,126.843090,address
41281|성사동|422-3,37.656956,126.843518,address
41281|성사동|488-56,37.657379,126.842724,address
41281|성사동|488-81,37.657921,126.842904,address
41281|성사동|493,37.657560,126.839441,address
41281|성사동|494-29,37.657753,126.840472,address
41281|성사동|494-5,37.657923,126.840090,address
41281|성사동|496-5,37.659252,126.840972,address
41281|성사동|501-2,37.658505,126.838818,address
41281|성사동|519-51,37.659562,126.840352,address
41281|성사동|519-53,37.659184,126.840481,address
41281|성사동|704-5,37.654436,126.838687,address
41281|성사동|705-15,37.654908,126.838660,address
41281|성사동|707-11,37.654162,126.839485,address
41281|성사동|707-9,37.654001,126.840170,address
41281|성사동|719,37.653003,126.839444,address
41281|성사동|723,37.652465,126.838291,address
41281|성사동|724,37.651699,126.837833,address
41281|성사동|725,37.653176,126.836696,address
41281|성사동|726,37.653651,126.835786,address
41281|성사동|727,37.653836,126.834342,address
41281|성사동|730,37.651729,126.835808,address
41281|성사동|731,37.651766,126.834496,address
41281|성사동|860,37.659784,126.842832,address
41281|성사동|869,37.661058,126.839676,address
41281|신원동|595,37.666881,126.883616,address
41281|신원동|600,37.669167,126.885575,address
41281|신원동|609,37.668780,126.889803,address
41281|신원동|653,37.663008,126.887387,address
41281|신원동|654,37.664366,126.886549,address
41281|신원동|658,37.661547,126.885005,address
41281|신원동|661,37.659994,126.886474,address
41281|원흥동|619,37.650411,126.869682,address
41281|원흥동|630,37.648994,126.876386,address
41281|원흥동|635,37.650813,126.875161,address
41281|원흥동|670,37.652288,126.880700,address
41281|주교동|16-4,37.665537,126.837610,address
41281|주교동|1633,37.665430,126.834554,address
41281|주교동|272-1,37.660991,126.830348,address
41281|주교동|273-1,37.661677,126.830322,address
41281|주교동|313-1,37.662719,126.833137,address
41281|주교동|350-1,37.664677,126.832721,address
41281|주교동|552-1,37.665004,126.837588,address
41281|주교동|554,37.663908,126.839653,address
41281|주교동|554-1,37.663714,126.839494,address
41281|주교동|555,37.663238,126.839247,address
41281|주교동|561-1,37.665156,126.835854,address
41281|주교동|563,37.664523,126.835759,address
41281|주교동|563-4,37.663999,126.835356,address
41281|주교동|565,37.663682,126.836734,address
41281|주교동|568-6,37.662550,126.838063,address
41281|주교동|568-8,37.662293,126.837826,address
41281|주교동|569-10,37.661748,126.837256,address
41281|주교동|569-9,37.661451,126.837084,address
41281|주교동|570,37.662181,126.836988,address
41281|주교동|572,37.662876,126.835958,address
41281|주교동|574-1,37.663650,126.834927,address
41281|주교동|575-9,37.661331,126.835004,address
41281|주교동|580-11,37.660822,126.834655,address
41281|주교동|584-3,37.659264,126.834882,address
41281|주교동|585-18,37.658758,126.834303,address
41281|주교동|585-19,37.658725,126.834194,address
41281|주교동|585-20,37.658720,126.834558,address
41281|주교동|585-21,37.658640,126.834461,address
41281|주교동|585-22,37.658553,126.834353,address
41281|주교동|585-6,37.658842,126.834392,address
41281|주교동|587-3,37.659243,126.833509,address
41281|주교동|596,37.659727,126.831127,address
41281|주교동|602-15,37.656965,126.831754,address
41281|주교동|608-3,37.655849,126.833235,address
41281|주교동|609-1,37.655721,126.834105,address
41281|주교동|609-2,37.655549,126.834373,address
41281|주교동|610-6,37.656054,126.834544,address
41281|주교동|611-1,37.656609,126.833891,address
41281|주교동|615,37.657502,126.836497,address
41281|주교동|616,37.657663,126.835724,address
41281|주교동|620-5,37.657688,126.837028,address
41281|지축동|1054,37.649749,126.918555,address
41281|지축동|848,37.653379,126.910974,address
41281|지축동|884,37.651770,126.912150,address
41281|지축동|904,37.650670,126.915811,address
41281|지축동|915,37.654087,126.919577,address
41281|지축동|951,37.652919,126.920888,address
41281|지축동|968,37.649919,126.920405,address
41281|토당동|19,37.627170,126.825360,address
41281|토당동|250,37.627538,126.817904,address
41281|토당동|251-12,,,miss
41281|토당동|259,37.626529,126.816303,address
41281|토당동|282-2,37.625394,126.817118,address
41281|토당동|292-11,37.624008,126.819398,address
41281|토당동|292-37,37.623272,126.819762,address
41281|토당동|298,37.622944,126.817114,address
41281|토당동|342-7,37.622113,126.819907,address
41281|토당동|347-7,37.621659,126.820285,address
41281|토당동|352,37.621839,126.822315,address
41281|토당동|428-5,37.619830,126.823964,address
41281|토당동|53-44,37.622795,126.821082,address
41281|토당동|60,37.625342,126.820317,address
41281|토당동|70,37.626238,126.820452,address
41281|토당동|80,37.627505,126.820295,address
41281|토당동|853,37.625195,126.824319,address
41281|토당동|860,37.619743,126.822016,address
41281|토당동|861,37.619640,126.822852,address
41281|토당동|873,37.621449,126.826212,address
41281|토당동|879,37.620396,126.826865,address
41281|토당동|880-12,37.619920,126.828047,address
41281|토당동|880-20,37.620203,126.828145,address
41281|토당동|881-3,37.619601,126.827925,address
41281|토당동|897-5,37.627098,126.825919,address
41281|토당동|900-5,37.626823,126.826950,address
41281|토당동|913,37.625574,126.815679,address
41281|토당동|914,37.624603,126.816846,address
41281|토당동|930,37.626381,126.819039,address
41281|토당동|99-2,37.626767,126.822622,address
41281|행신동|1054,37.621534,126.844925,address
41281|행신동|1068,37.620975,126.851442,address
41281|행신동|1088,37.616120,126.847100,address
41281|행신동|1090,37.614029,126.844979,address
41281|행신동|1092,37.617909,126.851771,address
41281|행신동|1131,37.620114,126.831936,address
41281|행신동|220,37.623601,126.844572,address
41281|행신동|621,37.620731,126.832961,address
41281|행신동|630,37.621326,126.831791,address
41281|행신동|633-67,37.621606,126.830408,address
41281|행신동|634-45,37.622450,126.831911,address
41281|행신동|634-83,37.622662,126.829471,address
41281|행신동|643-4,37.623674,126.829692,address
41281|행신동|644-1,37.623975,126.828468,address
41281|행신동|644-37,37.624675,126.829065,address
41281|행신동|650,37.620007,126.829899,address
41281|행신동|650-132,37.620858,126.830630,address
41281|행신동|650-78,37.620859,126.829379,address
41281|행신동|653-38,37.618230,126.827495,address
41281|행신동|692,37.618274,126.830548,address
41281|행신동|692#41281-100,37.618394,126.830419,keyword
41281|행신동|692#41281-97,37.618394,126.830419,keyword
41281|행신동|697,37.616202,126.831406,address
41281|행신동|699,37.614798,126.830274,address
41281|행신동|700,37.614788,126.831545,address
41281|행신동|702,37.613528,126.830991,address
41281|행신동|767,37.613537,126.837368,address
41281|행신동|767#41281-103,37.613402,126.837348,keyword
41281|행신동|767#41281-104,37.613402,126.837348,keyword
41281|행신동|769,37.614832,126.836737,address
41281|행신동|771,37.616098,126.837969,address
41281|행신동|773,37.617339,126.837660,address
41281|행신동|781,37.617226,126.840874,address
41281|행신동|783,37.615950,126.840389,address
41281|행신동|785,37.614859,126.841007,address
41281|행신동|788,37.613630,126.842580,address
41281|행신동|791,37.616144,126.843972,address
41281|행신동|793,37.617375,126.843052,address
41281|행신동|796,37.617277,126.844984,address
41281|행신동|798,37.616268,126.845999,address
41281|행신동|799,37.615422,126.845115,address
41281|행신동|895,37.628365,126.837554,address
41281|행신동|903,37.628029,126.839875,address
41281|행신동|905,37.627660,126.842333,address
41281|행신동|934,37.625365,126.839180,address
41281|행신동|938,37.626360,126.837146,address
41281|행신동|946,37.624270,126.837127,address
41281|행신동|953,37.622626,126.839805,address
41281|행신동|958,37.621436,126.841570,address
41281|행신동|958#41281-120,37.627672,126.838744,keyword
41281|행신동|958#41281-124,37.622557,126.841591,keyword
41281|행신동|973,37.619044,126.840477,address
41281|행신동|973#41281-105,37.619044,126.840477,address
41281|행신동|973#41281-106,37.619333,126.839279,keyword
41281|행신동|973#41281-107,37.619044,126.840477,address
41281|행신동|983,37.620894,126.836280,address
41281|향동동|405,37.609339,126.897340,address
41281|향동동|421,37.605115,126.894937,address
41281|향동동|501,37.602180,126.893932,address
41281|향동동|517,37.599634,126.894913,address
41281|향동동|552,37.596661,126.891076,address
41281|향동동|557,37.595326,126.889251,address
41281|향동동|570,37.592809,126.888795,address
41281|향동동|571,37.592628,126.891539,address
41281|화정동|1000-5,37.630106,126.832179,address
41281|화정동|1004,37.628835,126.832282,address
41281|화정동|1127,37.629206,126.835610,address
41281|화정동|1135,37.626331,126.834964,address
41281|화정동|1141,37.627054,126.831923,address
41281|화정동|851,37.646554,126.836615,address
41281|화정동|851#41281-62,37.645973,126.836645,keyword
41281|화정동|851#41281-66,37.647383,126.836682,keyword
41281|화정동|858,37.646858,126.832208,address
41281|화정동|858#41281-63,37.646079,126.831833,keyword
41281|화정동|858#41281-64,37.646858,126.832208,address
41281|화정동|858#41281-65,37.648183,126.832232,keyword
41281|화정동|858#41281-68,37.646501,126.833863,keyword
41281|화정동|865,37.643615,126.832227,address
41281|화정동|868,37.641595,126.832470,address
41281|화정동|870,37.642442,126.836158,address
41281|화정동|870#41281-148,37.642442,126.836158,address
41281|화정동|870#41281-85,37.642267,126.836016,keyword
41281|화정동|870#41281-86,37.642267,126.836016,keyword
41281|화정동|870#41281-89,37.642267,126.836016,keyword
41281|화정동|870#41281-90,37.642442,126.836158,address
41281|화정동|870#41281-91,37.640750,126.833300,keyword
41281|화정동|936,37.636530,126.829669,address
41281|화정동|948,37.630251,126.825399,address
41281|화정동|948#41281-72,37.631201,126.826545,keyword
41281|화정동|948#41281-73,37.630251,126.825399,address
41281|화정동|948#41281-76,37.630251,126.825399,address
41281|화정동|948#41281-77,37.630251,126.825399,address
41281|화정동|951,37.630011,126.828354,address
41281|화정동|952,37.632073,126.828539,address
41281|화정동|953,37.633995,126.828695,address
41281|화정동|953#41281-75,37.633997,126.828693,keyword
41281|화정동|953#41281-78,37.633997,126.828693,keyword
41281|화정동|961,37.635667,126.835939,address
41281|화정동|965-1,37.634861,126.833989,address
41281|화정동|969,37.635180,126.831419,address
41281|화정동|977-1,37.632097,126.833502,address
41281|화정동|986-6,37.631503,126.833385,address
41281|화정동|987,37.631439,126.834515,address
41281|화정동|988,37.633297,126.834882,address
41281|화정동|998,37.630220,126.834070,address
41285|마두동|717,37.658987,126.791075,address
41285|마두동|717#41285-71,37.658473,126.791673,keyword
41285|마두동|717#41285-73,37.658473,126.791673,keyword
41285|마두동|719,37.658049,126.789261,address
41285|마두동|732,37.655187,126.791396,address
41285|마두동|732#41285-67,37.655185,126.791397,keyword
41285|마두동|732#41285-74,37.655185,126.791397,keyword
41285|마두동|734,37.656113,126.793356,address
41285|마두동|734#41285-214,37.656045,126.792188,keyword
41285|마두동|734#41285-72,37.656090,126.793652,keyword
41285|마두동|739,37.654064,126.788360,address
41285|마두동|739#41285-66,37.654063,126.788358,keyword
41285|마두동|739#41285-70,37.654063,126.788358,keyword
41285|마두동|755,37.657026,126.786628,address
41285|마두동|757,37.656553,126.784161,address
41285|마두동|783,37.653087,126.785807,address
41285|마두동|787,37.652195,126.783496,address
41285|마두동|787#41285-58,37.652195,126.783496,address
41285|마두동|787#41285-60,37.652195,126.783496,address
41285|마두동|787#41285-62,37.652195,126.783496,address
41285|마두동|789,37.651177,126.781135,address
41285|마두동|794,37.655390,126.781483,address
41285|마두동|796,37.654466,126.779010,address
41285|마두동|796#41285-59,37.654721,126.777734,keyword
41285|마두동|796#41285-63,37.654721,126.777734,keyword
41285|마두동|806,37.649705,126.780211,address
41285|백석동|1135,37.653889,126.794611,address
41285|백석동|1135#41285-38,37.653890,126.794610,keyword
41285|백석동|1135#41285-40,37.653890,126.794610,keyword
41285|백석동|1136,37.652606,126.795703,address
41285|백석동|1139,37.651698,126.792950,address
41285|백석동|1139#41285-43,37.651570,126.792903,keyword
41285|백석동|1139#41285-46,37.651570,126.792903,keyword
41285|백석동|1140,37.653062,126.792379,address
41285|백석동|1183,37.650133,126.788818,address
41285|백석동|1183#41285-44,37.649970,126.789100,keyword
41285|백석동|1183#41285-48,37.649526,126.787804,keyword
41285|백석동|1186,37.650785,126.790855,address
41285|백석동|1187,37.652323,126.790365,address
41285|백석동|1190,37.650912,126.787291,address
41285|백석동|1190#41285-42,37.650911,126.787289,keyword
41285|백석동|1190#41285-47,37.650911,126.787289,keyword
41285|백석동|1194,37.647975,126.782447,address
41285|백석동|1237,37.642443,126.792729,address
41285|백석동|1344,37.640964,126.783845,address
41285|백석동|1349,37.643493,126.783616,address
41285|백석동|1349#41285-50,37.643518,126.783606,keyword
41285|백석동|1349#41285-55,37.643518,126.783606,keyword
41285|백석동|1351,37.647198,126.781531,address
41285|사리현동|186,37.699786,126.846422,address
41285|사리현동|187,37.697700,126.845812,address
41285|사리현동|189,37.698924,126.847568,address
41285|사리현동|466-1,37.696367,126.838317,address
41285|성석동|1077,37.713368,126.792727,address
41285|식사동|1474,37.670387,126.807433,address
41285|식사동|1487,37.683316,126.812617,address
41285|식사동|1498,37.682636,126.815473,address
41285|식사동|1504,37.679507,126.816020,address
41285|식사동|1510,37.681465,126.811342,address
41285|식사동|1529,37.678642,126.812343,address
41285|식사동|1533,37.677325,126.811604,address
41285|식사동|1565,37.675327,126.811076,address
41285|식사동|910,37.667951,126.806735,address
41285|식사동|가-,37.672253,126.811169,keyword
41285|식사동|가-#41285-923,37.673607,126.809958,keyword
41285|식사동|가-#41285-960,37.672253,126.811169,keyword
41285|장항동|1753,37.663958,126.749492,address
41285|장항동|1761,37.662872,126.748254,address
41285|장항동|1762,37.661562,126.749474,address
41285|장항동|1784,37.660307,126.757614,address
41285|장항동|875,37.649430,126.774169,address
41285|장항동|875#41285-30,37.649431,126.774171,keyword
41285|장항동|875#41285-31,37.649431,126.774171,keyword
41285|장항동|877,37.647020,126.775843,address
41285|장항동|877#41285-32,37.648295,126.774607,keyword
41285|장항동|877#41285-33,37.648295,126.774607,keyword
41285|장항동|881,37.648295,126.777808,address
41285|장항동|883,37.650273,126.776173,address
41285|장항동|902,37.648899,126.779358,address
41285|장항동|가-5,37.652498,126.747935,keyword
41285|중산동|1554-2,37.694604,126.781948,address
41285|중산동|1555,37.697422,126.781388,address
41285|중산동|1556,37.695112,126.780176,address
41285|중산동|1566,37.688678,126.778279,address
41285|중산동|1566#41285-12,37.688678,126.778278,keyword
41285|중산동|1566#41285-15,37.688678,126.778278,keyword
41285|중산동|1566-2,37.688807,126.779766,address
41285|중산동|1573,37.691937,126.781649,address
41285|중산동|1573-7,37.690894,126.781570,address
41285|중산동|1574,37.688922,126.781169,address
41285|중산동|1574#41285-13,37.688921,126.781167,keyword
41285|중산동|1574#41285-17,37.688921,126.781167,keyword
41285|중산동|1575,37.692726,126.784044,address
41285|중산동|1575#41285-11,37.692725,126.784044,keyword
41285|중산동|1575#41285-14,37.692725,126.784044,keyword
41285|중산동|1575-4,37.688745,126.784054,address
41285|중산동|1576,37.687232,126.781651,address
41285|중산동|1651,37.683842,126.780057,address
41285|중산동|1656,37.685871,126.781568,address
41285|중산동|1700,37.680832,126.783317,address
41285|중산동|1717,37.682645,126.785111,address
41285|중산동|1800,37.677284,126.787666,address
41285|중산동|1841,37.678890,126.785219,address
41285|풍동|1127-1,37.670617,126.788674,address
41285|풍동|1222,37.665853,126.796023,address
41285|풍동|1252,37.673337,126.803383,address
41285|풍동|1258,37.671657,126.799017,address
41285|풍동|1261,37.671317,126.801592,address
41285|풍동|1267,37.669050,126.798905,address
41285|풍동|1268,37.668644,126.795775,address
41285|풍동|1283,37.666814,126.795447,address
41285|풍동|1286,37.665990,126.798630,address
41285|풍동|174,37.665145,126.805010,address
41285|풍동|385-1,37.661879,126.798160,address
41285|풍동|417-2,37.658708,126.802255,address
41285|풍동|532-35,37.664239,126.795610,address
41285|풍동|551-1,37.665696,126.794552,address
41285|풍동|551-34,37.664713,126.796922,address
41285|풍동|가-,37.668636,126.792703,keyword
41285|풍동|가-#41285-1353,37.663548,126.794370,keyword
41285|풍동|가-#41285-1355,37.671994,126.793714,keyword
41285|풍동|가-#41285-1356,37.668636,126.792703,keyword
41287|가좌동|1086,37.689267,126.722645,address
41287|가좌동|1087,37.690945,126.720524,address
41287|가좌동|1088,37.689370,126.718780,address
41287|가좌동|1089,37.687336,126.717260,address
41287|가좌동|1090,37.684869,126.717141,address
41287|가좌동|1105,37.683575,126.721711,address
41287|대화동|1499,37.669794,126.728718,address
41287|대화동|1580,37.671810,126.730013,address
41287|대화동|2209,37.677118,126.749260,address
41287|대화동|2212,37.679100,126.750628,address
41287|대화동|2213,37.679802,126.749060,address
41287|대화동|2215,37.678290,126.748017,address
41287|대화동|2228,37.674884,126.745663,address
41287|대화동|2232,37.672863,126.744269,address
41287|대화동|2234,37.672469,126.746049,address
41287|대화동|2236,37.674091,126.747168,address
41287|대화동|2570,37.673674,126.736468,address
41287|대화동|2570#41287-132,37.672982,126.735895,keyword
41287|대화동|2570#41287-133,37.672982,126.735895,keyword
41287|대화동|2573,37.672555,126.732346,address
41287|대화동|2579,37.670687,126.733964,address
41287|대화동|2580,37.669397,126.735892,address
41287|대화동|2582,37.668619,126.734267,address
41287|대화동|2583,37.667936,126.733096,address
41287|대화동|2603,37.666043,126.750538,address
41287|덕이동|1037,37.694761,126.733978,address
41287|덕이동|1076,37.699313,126.737274,address
41287|덕이동|1106,37.701213,126.731358,address
41287|덕이동|1521,37.694406,126.757267,address
41287|덕이동|1524,37.703815,126.753148,address
41287|덕이동|1529,37.699797,126.750841,address
41287|덕이동|1534,37.700509,126.755669,address
41287|덕이동|1535,37.697487,126.752233,address
41287|덕이동|1540,37.698141,126.755439,address
41287|덕이동|1672,37.688654,126.760054,address
41287|덕이동|277-10,37.695207,126.758732,address
41287|덕이동|382-13,37.695678,126.756693,address
41287|덕이동|676-1,37.702586,126.742776,address
41287|일산동|1040,37.683434,126.762812,address
41287|일산동|1040#41287-13,37.670047,126.760507,keyword
41287|일산동|1040#41287-22,37.683171,126.763426,keyword
41287|일산동|1046,37.682340,126.764468,address
41287|일산동|1046#41287-14,37.682341,126.764467,keyword
41287|일산동|1046#41287-19,37.685871,126.768297,keyword
41287|일산동|1048,37.680922,126.763209,address
41287|일산동|1048#41287-24,37.680831,126.764062,keyword
41287|일산동|1048#41287-31,37.680722,126.764100,keyword
41287|일산동|1050,37.681733,126.761172,address
41287|일산동|1050#41287-11,37.675465,126.781737,keyword
41287|일산동|1050#41287-15,37.677744,126.766906,keyword
41287|일산동|1055,37.679919,126.759919,address
41287|일산동|1057,37.678953,126.761869,address
41287|일산동|1058,37.677739,126.764427,address
41287|일산동|1058#41287-20,37.669825,126.766569,keyword
41287|일산동|1058#41287-21,37.677738,126.764427,keyword
41287|일산동|1066,37.679846,126.765909,address
41287|일산동|1066#41287-12,37.679857,126.765889,keyword
41287|일산동|1066#41287-30,37.679857,126.765889,keyword
41287|일산동|1069,37.681273,126.767162,address
41287|일산동|1074,37.680099,126.769859,address
41287|일산동|1074#41287-18,37.680099,126.769861,keyword
41287|일산동|1074#41287-23,37.680099,126.769861,keyword
41287|일산동|1074#41287-25,37.680099,126.769861,keyword
41287|일산동|1077,37.678499,126.768999,address
41287|일산동|1086,37.676365,126.767578,address
41287|일산동|1086#41287-127,37.676306,126.767572,keyword
41287|일산동|1086#41287-28,37.676306,126.767572,keyword
41287|일산동|1087,37.675264,126.770361,address
41287|일산동|1090,37.674424,126.772514,address
41287|일산동|1093,37.676078,126.773452,address
41287|일산동|1101,37.677197,126.771717,address
41287|일산동|1103,37.678836,126.772748,address
41287|일산동|1654,37.681581,126.777074,address
41287|일산동|1655,37.687914,126.766032,address
41287|일산동|1670,37.681603,126.775414,address
41287|일산동|1686,37.683750,126.776942,address
41287|일산동|1687,37.687764,126.763866,address
41287|일산동|1694,37.689390,126.765954,address
41287|일산동|1735,37.691348,126.775071,address
41287|일산동|1818,37.689608,126.774455,address
41287|일산동|1833,37.689248,126.775296,address
41287|일산동|1858,37.689423,126.775940,address
41287|일산동|1876,37.690273,126.775926,address
41287|일산동|1945-1,37.690501,126.773105,address
41287|일산동|1978,37.690049,126.772512,address
41287|일산동|1979,37.690357,126.771411,address
41287|일산동|1997,37.690703,126.771118,address
41287|일산동|1998,37.689966,126.770869,address
41287|일산동|2019,37.689499,126.768393,address
41287|일산동|2041,37.690232,126.769219,address
41287|일산동|2084,37.691375,126.771154,address
41287|일산동|2120,37.688758,126.763703,address
41287|일산동|2121,37.687801,126.762641,address
41287|일산동|2125,37.688563,126.762158,address
41287|일산동|2140,37.685116,126.767082,address
41287|일산동|2147,37.683889,126.767601,address
41287|일산동|2148,37.683706,126.769773,address
41287|일산동|576-20,37.685441,126.775183,address
41287|일산동|576-4,37.686728,126.776218,address
41287|일산동|583-66,37.689093,126.776599,address
41287|일산동|587-1,37.688534,126.773806,address
41287|일산동|587-2,37.687296,126.773250,address
41287|일산동|587-5,37.687763,126.774285,address
41287|일산동|587-7,37.687063,126.773924,address
41287|일산동|600,37.688101,126.771548,address
41287|일산동|600-32,37.688505,126.770182,address
41287|일산동|645,37.684553,126.773011,address
41287|일산동|651-1,37.682991,126.773540,address
41287|일산동|655-15,37.683847,126.768540,address
41287|일산동|954,37.685139,126.765675,address
41287|일산동|955-10,37.684753,126.767980,address
41287|일산동|955-2,37.685830,126.768012,address
41287|일산동|957-3,37.685961,126.765037,address
41287|일산동|960-6,37.685897,126.763920,address
41287|일산동|973-31,37.686489,126.763025,address
41287|주엽동|1,37.678032,126.758621,address
41287|주엽동|101,37.667996,126.761300,address
41287|주엽동|117,37.669082,126.758726,address
41287|주엽동|12,37.673620,126.758255,address
41287|주엽동|120,37.667461,126.757389,address
41287|주엽동|126,37.669745,126.752901,address
41287|주엽동|128,37.668612,126.754798,address
41287|주엽동|133,37.671327,126.753990,address
41287|주엽동|135,37.670558,126.756005,address
41287|주엽동|136,37.671503,126.756762,address
41287|주엽동|138,37.672393,126.754721,address
41287|주엽동|14,37.674653,126.756288,address
41287|주엽동|15,37.673274,126.755478,address
41287|주엽동|17,37.672453,126.757380,address
41287|주엽동|23,37.672274,126.760996,address
41287|주엽동|29,37.674234,126.761751,address
41287|주엽동|32,37.675918,126.762847,address
41287|주엽동|36,37.674480,126.766364,address
41287|주엽동|36#41287-40,37.674679,126.766314,keyword
41287|주엽동|36#41287-48,37.674679,126.766314,keyword
41287|주엽동|38,37.673479,126.769056,address
41287|주엽동|43,37.672322,126.770855,address
41287|주엽동|46,37.670798,126.769865,address
41287|주엽동|49,37.671579,126.767719,address
41287|주엽동|49#41287-37,37.671609,126.767758,keyword
41287|주엽동|49#41287-42,37.671609,126.767758,keyword
41287|주엽동|5,37.676902,126.760353,address
41287|주엽동|50,37.672639,126.765331,address
41287|주엽동|50#41287-39,37.672641,126.765332,keyword
41287|주엽동|50#41287-54,37.672641,126.765332,keyword
41287|주엽동|6,37.675166,126.759515,address
41287|주엽동|6#41287-71,37.675267,126.759465,keyword
41287|주엽동|6#41287-77,37.675267,126.759465,keyword
41287|주엽동|60,37.668506,126.768418,address
41287|주엽동|63,37.669758,126.766482,address
41287|주엽동|63#41287-46,37.669825,126.766569,keyword
41287|주엽동|63#41287-47,37.669825,126.766569,keyword
41287|주엽동|65,37.671343,126.763439,address
41287|주엽동|65#41287-50,37.671124,126.763659,keyword
41287|주엽동|65#41287-52,37.671124,126.763659,keyword
41287|주엽동|73,37.668630,126.765470,address
41287|주엽동|75,37.667412,126.767065,address
41287|주엽동|8,37.676292,126.757416,address
41287|주엽동|81,37.666703,126.766063,address
41287|주엽동|83,37.667818,126.764612,address
41287|주엽동|84,37.666703,126.763443,address
41287|주엽동|86,37.665927,126.764982,address
41287|주엽동|90,37.664678,126.763323,address
41287|주엽동|98,37.666261,126.760201,address
41287|탄현동|121,37.700738,126.764976,address
41287|탄현동|130,37.698781,126.764447,address
41287|탄현동|1470,37.700020,126.767086,address
41287|탄현동|1473,37.698942,126.769094,address
41287|탄현동|1476,37.698604,126.766972,address
41287|탄현동|1477,37.696088,126.766193,address
41287|탄현동|1479,37.696600,126.768459,address
41287|탄현동|1479#41287-97,37.696598,126.768458,keyword
41287|탄현동|1479#41287-98,37.696598,126.768458,keyword
41287|탄현동|1480,37.697448,126.770347,address
41287|탄현동|1481,37.695344,126.769921,address
41287|탄현동|1484,37.694575,126.765463,address
41287|탄현동|1485,37.693199,126.765320,address
41287|탄현동|1485#41287-91,37.693197,126.765321,keyword
41287|탄현동|1485#41287-96,37.693197,126.765321,keyword
41287|탄현동|1487,37.693540,126.767158,address
41287|탄현동|1578,37.691260,126.764801,address
41287|탄현동|1579,37.690242,126.764298,address
41287|탄현동|1582,37.690619,126.766593,address
41287|탄현동|1583,37.690933,126.767691,address
41287|탄현동|1584,37.691792,126.767015,address
41287|탄현동|1585,37.691947,126.769553,address
41287|탄현동|1634,37.702314,126.764269,address
41287|탄현동|1640,37.694020,126.762958,address
41287|탄현동|1650,37.704018,126.767997,address
41287|탄현동|170-2,37.693351,126.763715,address
41290|갈현동|641,37.420770,126.987975,address
41290|갈현동|692,37.421775,126.988040,address
41290|갈현동|815,37.416648,126.987155,address
41290|갈현동|824,37.411656,126.989175,address
41290|갈현동|826,37.412657,126.985161,address
41290|갈현동|827,37.413441,126.983615,address
41290|갈현동|856,37.408066,126.980803,address
41290|갈현동|859,37.406379,126.981910,address
41290|별양동|1-17,37.426967,126.991998,address
41290|별양동|17,37.424753,126.995133,address
41290|별양동|3,37.431830,126.997593,address
41290|별양동|6,37.429151,126.995733,address
41290|별양동|7,37.426553,126.993988,address
41290|별양동|93,37.428460,126.998717,address
41290|부림동|41,37.435428,126.999311,address
41290|부림동|41#41290-19,37.435009,126.999502,keyword
41290|부림동|41#41290-20,37.436626,126.998564,keyword
41290|부림동|96,37.431548,127.000280,address
41290|원문동|10,37.423063,126.990833,address
41290|원문동|4,37.420988,126.992511,address
41290|중앙동|101,37.431259,126.992657,address
41290|중앙동|65,37.433339,126.995622,address
41290|중앙동|71,37.434334,126.992595,address
41310|갈매동|569,37.634566,127.120942,address
41310|갈매동|590,37.636196,127.119455,address
41310|갈매동|596,37.634716,127.117070,address
41310|갈매동|626,37.629223,127.114450,address
41310|갈매동|631,37.627228,127.113094,address
41310|갈매동|640,37.626416,127.115332,address
41310|갈매동|646,37.630320,127.117060,address
41310|갈매동|651,37.629056,127.118324,address
41310|갈매동|665,37.624448,127.111742,address
41310|교문동|1-8,37.596154,127.137507,address
41310|교문동|197-16,37.599355,127.132048,address
41310|교문동|219-29,37.599165,127.133276,address
41310|교문동|220-1,37.598906,127.133562,address
41310|교문동|220-14,37.598899,127.133736,address
41310|교문동|220-15,37.598640,127.133760,address
41310|교문동|220-16,37.598647,127.133555,address
41310|교문동|220-2,37.598951,127.133914,address
41310|교문동|233-35,37.601260,127.133586,address
41310|교문동|766,37.592997,127.135330,address
41310|교문동|766-1,37.593478,127.136833,address
41310|교문동|767,37.594044,127.137903,address
41310|교문동|808,37.590203,127.133623,address
41310|교문동|809,37.590999,127.135499,address
41310|교문동|809-1,37.591078,127.137064,address
41310|교문동|809-1#41310-35,37.591079,127.137064,keyword
41310|교문동|809-1#41310-36,37.591079,127.137064,keyword
41310|교문동|809-2,37.588912,127.137046,address
41310|교문동|809-2#41310-25,37.588913,127.137046,keyword
41310|교문동|809-2#41310-26,37.588913,127.137046,keyword
41310|교문동|809-3,37.588905,127.135478,address
41310|교문동|809-3#41310-23,37.588904,127.135479,keyword
41310|교문동|809-3#41310-24,37.588904,127.135479,keyword
41310|교문동|820,37.586617,127.133389,address
41310|교문동|820#41310-32,37.586617,127.133389,address
41310|교문동|820#41310-86,37.586617,127.133389,address
41310|교문동|825,37.586794,127.136879,address
41310|교문동|826,37.585697,127.136953,address
41310|교문동|828,37.599333,127.128927,address
41310|교문동|829,37.597311,127.129362,address
41310|수택동|271-1,37.592212,127.148551,address
41310|수택동|345,37.596802,127.150623,address
41310|수택동|345-3,37.597224,127.150777,address
41310|수택동|379-6,37.597927,127.139257,address
41310|수택동|417-15,37.599280,127.140037,address
41310|수택동|430-2,37.596981,127.138510,address
41310|수택동|437,37.595869,127.139364,address
41310|수택동|440,37.594160,127.139703,address
41310|수택동|441-12,37.593537,127.140221,address
41310|수택동|445-13,37.592993,127.140037,address
41310|수택동|445-20,37.592993,127.140373,address
41310|수택동|448-6,37.592466,127.140385,address
41310|수택동|449-1,37.592694,127.141405,address
41310|수택동|454-44,37.593028,127.143989,address
41310|수택동|454-8,37.593769,127.143736,address
41310|수택동|469-1,37.596712,127.142386,address
41310|수택동|471,37.596401,127.142791,address
41310|수택동|471-1,37.596056,127.142448,address
41310|수택동|481,37.596397,127.144021,address
41310|수택동|482-2,37.597018,127.142951,address
41310|수택동|487-4,37.596698,127.144324,address
41310|수택동|489-11,37.595549,127.146600,address
41310|수택동|498-10,37.597249,127.149355,address
41310|수택동|502-1,37.597586,127.146647,address
41310|수택동|506-9,37.597170,127.145205,address
41310|수택동|512-13,37.597909,127.144512,address
41310|수택동|516-13,37.598655,127.144270,address
41310|수택동|517-1,37.599434,127.145154,address
41310|수택동|517-18,37.599208,127.144954,address
41310|수택동|517-3,37.599136,127.145351,address
41310|수택동|518-14,37.599799,127.145451,address
41310|수택동|518-15,37.599693,127.145771,address
41310|수택동|532-13,37.593822,127.143805,keyword
41310|수택동|542,37.600094,127.146898,address
41310|수택동|546,37.599804,127.148348,address
41310|수택동|549-6,37.598714,127.148997,address
41310|수택동|550,37.600013,127.149407,address
41310|수택동|552,37.601526,127.148585,address
41310|수택동|555,37.601945,127.148168,address
41310|수택동|561-7,37.603127,127.147255,address
41310|수택동|610-1,37.593549,127.142868,address
41310|수택동|611-1,37.593625,127.142567,address
41310|수택동|611-2,37.593370,127.142840,address
41310|수택동|611-3,37.593445,127.142629,address
41310|수택동|611-5,37.593186,127.142497,address
41310|수택동|618,37.592938,127.143010,address
41310|수택동|621,37.593133,127.143147,address
41310|수택동|621-4,37.593364,127.143284,address
41310|수택동|622,37.593030,127.143396,address
41310|수택동|623,37.593155,127.143462,address
41310|수택동|624,37.593418,127.143439,address
41310|수택동|625,37.593443,127.143588,address
41310|수택동|626-1,37.593469,127.144818,address
41310|수택동|626-11,37.593402,127.142193,address
41310|수택동|626-18,37.593263,127.142322,address
41310|수택동|626-19,37.593578,127.143538,address
41310|수택동|626-2,37.593864,127.142225,address
41310|수택동|626-20,37.593445,127.142433,address
41310|수택동|626-24,37.593575,127.144867,address
41310|수택동|626-25,37.593679,127.144949,address
41310|수택동|626-26,37.593742,127.145054,address
41310|수택동|626-29,37.593764,127.142384,address
41310|수택동|626-30,37.593567,127.143023,address
41310|수택동|626-33,37.593756,127.142713,address
41310|수택동|626-35,37.593731,127.143192,address
41310|수택동|626-36,37.593061,127.142863,address
41310|수택동|626-40,37.593515,127.143302,address
41310|수택동|626-43,37.593424,127.143136,address
41310|수택동|626-48,37.593121,127.143009,address
41310|수택동|626-49,37.593549,127.144543,address
41310|수택동|626-50,37.593408,127.144552,address
41310|수택동|626-6,37.593551,127.144303,address
41310|수택동|627,37.593443,127.143732,address
41310|수택동|627-1,37.593392,127.143898,address
41310|수택동|628-2,37.593561,127.143780,address
41310|수택동|628-25,37.593445,127.144060,address
41310|수택동|628-3,37.593551,127.144067,address
41310|수택동|629-2,37.593170,127.144015,address
41310|수택동|629-5,37.593369,127.144052,address
41310|수택동|630,37.593186,127.143799,address
41310|수택동|633-12,37.593012,127.143758,address
41310|수택동|646-5,37.593160,127.144205,address
41310|수택동|647,37.593414,127.144314,address
41310|수택동|684-6,37.591962,127.148729,address
41310|수택동|847-1,37.592174,127.138356,address
41310|수택동|853,37.591039,127.143625,address
41310|수택동|854,37.590468,127.139346,address
41310|수택동|854-2,37.589176,127.139107,address
41310|수택동|854-3,37.588105,127.138941,address
41310|수택동|877,37.585493,127.139069,address
41310|수택동|879,37.595226,127.152238,address
41310|수택동|885,37.594757,127.153212,address
41310|수택동|888,37.593708,127.149793,address
41310|수택동|889,37.602589,127.147412,address
41310|수택동|890,37.601289,127.145432,address
41310|인창동|289-29,37.601547,127.136707,address
41310|인창동|29,37.618373,127.142385,address
41310|인창동|290-3,37.601834,127.136940,address
41310|인창동|297-2,37.601802,127.137781,address
41310|인창동|309-6,37.605590,127.134808,address
41310|인창동|383-36,37.607331,127.138518,address
41310|인창동|453,37.611241,127.136524,address
41310|인창동|474,37.612507,127.136688,address
41310|인창동|480,37.613132,127.135916,address
41310|인창동|487,37.611725,127.133749,address
41310|인창동|487-1,37.610814,127.131466,address
41310|인창동|487-32,37.609050,127.134200,address
41310|인창동|487-51,37.609766,127.133104,address
41310|인창동|508,37.608429,127.136797,address
41310|인창동|528-1,37.608457,127.131641,address
41310|인창동|557-2,37.603967,127.132206,address
41310|인창동|576-1,37.604247,127.135722,address
41310|인창동|576-38,37.604042,127.135422,address
41310|인창동|576-40,37.604053,127.135101,address
41310|인창동|580-14,37.604607,127.135605,address
41310|인창동|590,37.603444,127.136557,address
41310|인창동|605-30,37.602624,127.134970,address
41310|인창동|605-36,37.602736,127.134697,address
41310|인창동|610-20,37.602643,127.133891,address
41310|인창동|610-44,37.602145,127.132784,address
41310|인창동|632-1,37.606822,127.129673,address
41310|인창동|632-12,37.606777,127.129843,address
41310|인창동|632-2,37.606583,127.129754,address
41310|인창동|632-3,37.606626,127.129592,address
41310|인창동|633-1,37.606814,127.130106,address
41310|인창동|633-2,37.606637,127.130157,address
41310|인창동|636,37.606451,127.131062,address
41310|인창동|640-1,37.607022,127.132118,address
41310|인창동|640-10,37.607355,127.130195,address
41310|인창동|640-12,37.607284,127.129837,address
41310|인창동|640-19,37.607510,127.130106,address
41310|인창동|640-20,37.607249,127.130258,address
41310|인창동|640-25,37.607420,127.129789,address
41310|인창동|640-43,37.607647,127.130218,address
41310|인창동|640-44,37.607441,127.130427,address
41310|인창동|640-45,37.607534,127.130537,address
41310|인창동|640-49,37.607371,127.130603,address
41310|인창동|640-72,37.607121,127.129934,address
41310|인창동|641-12,37.607954,127.129841,address
41310|인창동|641-13,37.607825,127.129915,address
41310|인창동|641-23,37.607512,127.129955,address
41310|인창동|641-5,37.608010,127.130169,address
41310|인창동|641-7,37.607919,127.130274,address
41310|인창동|648-101,37.606941,127.129770,address
41310|인창동|648-103,37.607073,127.129751,address
41310|인창동|648-105,37.606988,127.130007,address
41310|인창동|651-27,37.609249,127.131567,address
41310|인창동|663-1,37.609419,127.139685,address
41310|인창동|664-1,37.609887,127.142705,address
41310|인창동|665-1,37.606705,127.140564,address
41310|인창동|666-1,37.607811,127.143440,address
41310|인창동|666-1#41310-17,37.607963,127.143120,keyword
41310|인창동|666-1#41310-92,37.607486,127.144306,keyword
41310|인창동|667-1,37.605547,127.142713,address
41310|인창동|667-1#41310-6,37.605546,127.142712,keyword
41310|인창동|667-1#41310-8,37.605546,127.142712,keyword
41310|인창동|668-1,37.606200,127.145164,address
41310|인창동|691,37.613145,127.139081,address
41310|인창동|703,37.607255,127.133407,address
41310|인창동|704,37.608939,127.130525,address
41310|인창동|705,37.610549,127.135795,address
41310|인창동|706,37.605556,127.132897,address
41310|인창동|707,37.605818,127.138346,address
41310|인창동|709,37.618524,127.139965,address
41310|인창동|710,37.604854,127.134986,address
41310|인창동|711,37.605636,127.135610,address
41310|인창동|712,37.613364,127.137266,address
41310|인창동|713,37.603433,127.130300,address
41310|인창동|714,37.601982,127.129729,address
41310|인창동|716,37.603349,127.138889,address
41310|토평동|1008,37.592682,127.153509,address
41310|토평동|1009,37.592894,127.154755,address
41310|토평동|1011,37.593475,127.152449,address
41310|토평동|262-1,37.590249,127.148293,address
41310|토평동|269-1,37.587779,127.147860,address
41310|토평동|955,37.586046,127.143154,address
41310|토평동|959,37.588537,127.145906,address
41310|토평동|960,37.587945,127.144522,address
41310|토평동|961,37.588351,127.142356,address
41360|금곡동|159-59,37.636656,127.211386,address
41360|금곡동|159-67,37.636136,127.211863,address
41360|금곡동|162-64,37.636952,127.213773,address
41360|금곡동|162-69,37.638073,127.213312,address
41360|금곡동|164-15,37.636920,127.213231,address
41360|금곡동|164-31,37.636374,127.213125,address
41360|금곡동|167-22,37.636468,127.214251,address
41360|금곡동|167-4,37.636828,127.214410,address
41360|금곡동|168-1,37.638022,127.213801,address
41360|금곡동|402-1,37.636631,127.208986,address
41360|금곡동|402-6,37.636731,127.209565,address
41360|금곡동|404-20,37.638021,127.213803,keyword
41360|금곡동|414-20,37.634471,127.205220,address
41360|금곡동|419-1,37.634481,127.208904,address
41360|금곡동|603,37.628451,127.202575,address
41360|금곡동|612,37.626060,127.199693,address
41360|금곡동|628,37.626909,127.203401,address
41360|금곡동|654,37.626419,127.201344,address
41360|금곡동|676-10,37.629652,127.202088,address
41360|금곡동|694-22,37.633540,127.199037,address
41360|금곡동|702,37.635199,127.199176,address
41360|금곡동|751-1,37.634012,127.198078,address
41360|금곡동|776,37.637104,127.210510,address
41360|금곡동|777,37.636572,127.207597,address
41360|금곡동|779,37.636528,127.208048,address
41360|금곡동|산108-1,37.632413,127.203675,address
41360|다산동|3135-3,37.608932,127.164798,address
41360|다산동|3395,37.616733,127.159997,address
41360|다산동|3717,37.615342,127.162112,address
41360|다산동|3718,37.607914,127.167942,address
41360|다산동|3720,37.607567,127.164679,address
41360|다산동|4001-29,37.608654,127.158732,address
41360|다산동|4002-1,37.611761,127.160695,address
41360|다산동|4002-1#41360-163,37.612520,127.162986,keyword
41360|다산동|4002-1#41360-18,37.610617,127.161114,keyword
41360|다산동|4002-1#41360-19,37.610975,127.157728,keyword
41360|다산동|4002-1#41360-20,37.613426,127.159589,keyword
41360|다산동|4025-32,37.609475,127.156470,address
41360|다산동|4026-16,37.610647,127.154509,address
41360|다산동|4026-6,37.610457,127.153710,address
41360|다산동|4027-5,37.609450,127.153874,address
41360|다산동|4047-10,37.606990,127.156054,address
41360|다산동|4047-18,37.606941,127.155935,address
41360|다산동|4047-4,37.607202,127.156194,address
41360|다산동|4047-5,37.607103,127.156249,address
41360|다산동|4050-1,37.606502,127.155391,address
41360|다산동|4068-1,37.608866,127.156458,address
41360|다산동|4296-15,37.608657,127.153188,address
41360|다산동|4432,37.608563,127.150549,address
41360|다산동|4432-2,37.607179,127.150405,address
41360|다산동|4432-4,37.605952,127.150305,address
41360|다산동|4433,37.607776,127.153355,address
41360|다산동|4434,37.605980,127.156120,address
41360|다산동|4435,37.610995,127.155471,address
41360|다산동|4436,37.606607,127.153889,address
41360|다산동|4438,37.605445,127.154151,address
41360|다산동|6014,37.629757,127.154070,address
41360|다산동|6015,37.629526,127.150765,address
41360|다산동|6024,37.625415,127.146002,address
41360|다산동|6025,37.621999,127.145936,address
41360|다산동|6028,37.626990,127.151109,address
41360|다산동|6029,37.627267,127.154045,address
41360|다산동|6031,37.627065,127.156761,address
41360|다산동|6075,37.620309,127.146673,address
41360|다산동|6090,37.621631,127.153020,address
41360|다산동|6091,37.622500,127.155601,address
41360|다산동|6092,37.623363,127.158237,address
41360|다산동|6132,37.619551,127.156203,address
41360|다산동|6133,37.619348,127.152280,address
41360|다산동|6151,37.616188,127.155996,address
41360|다산동|6163,37.614930,127.164423,address
41360|다산동|6208,37.607037,127.171536,address
41360|다산동|6213,37.602887,127.176328,address
41360|다산동|6215,37.600808,127.176304,address
41360|다산동|6234,37.598457,127.169062,address
41360|다산동|6235,37.597773,127.171734,address
41360|다산동|6251,37.595649,127.170134,address
41360|다산동|6297,37.605711,127.151978,address
41360|다산동|6302,37.612384,127.155047,address
41360|다산동|673,37.601815,127.158342,address
41360|다산동|674,37.602198,127.156465,address
41360|다산동|681,37.598243,127.157259,address
41360|다산동|682,37.598451,127.158614,address
41360|다산동|683,37.599736,127.159329,address
41360|다산동|690,37.597662,127.159973,address
41360|별내동|1035,37.644122,127.118624,address
41360|별내동|1041,37.644419,127.113514,address
41360|별내동|1047,37.648424,127.112410,address
41360|별내동|1050,37.649027,127.116925,address
41360|별내동|1056,37.646851,127.119376,address
41360|별내동|1058,37.648808,127.120914,address
41360|별내동|1060,37.649672,127.121935,address
41360|별내동|1072,37.656209,127.116761,address
41360|별내동|808,37.667562,127.113177,address
41360|별내동|822-1,37.667282,127.122187,address
41360|별내동|852,37.664169,127.116621,address
41360|별내동|854,37.662087,127.117788,address
41360|별내동|869,37.664485,127.128407,address
41360|별내동|871,37.667853,127.130250,address
41360|별내동|872,37.670163,127.132663,address
41360|별내동|893,37.667051,127.132506,address
41360|별내동|895,37.665192,127.131455,address
41360|별내동|899,37.662307,127.127284,address
41360|별내동|900,37.661827,127.124846,address
41360|별내동|914,37.658390,127.120389,address
41360|별내동|922,37.651211,127.125206,address
41360|별내동|999,37.643845,127.122494,address
41360|별내면 청학리|350-1,37.712045,127.114121,address
41360|별내면 청학리|353-1,37.711887,127.115897,address
41360|별내면 청학리|409,37.709825,127.118692,address
41360|별내면 청학리|411,37.709034,127.120672,address
41360|별내면 청학리|412,37.707708,127.121169,address
41360|별내면 청학리|419,37.709964,127.116042,address
41360|별내면 청학리|420,37.710504,127.113965,address
41360|별내면 청학리|472,37.708779,127.114128,address
41360|별내면 청학리|476,37.708819,127.113125,address
41360|별내면 청학리|488,37.708842,127.111968,address
41360|별내면 청학리|580,37.712700,127.119262,address
41360|오남읍 양지리|105,37.697659,127.202361,address
41360|오남읍 양지리|109,37.698425,127.198871,address
41360|오남읍 양지리|111-2,37.699798,127.198906,address
41360|오남읍 양지리|193-1,37.705873,127.202199,address
41360|오남읍 양지리|193-4,37.705550,127.200567,address
41360|오남읍 양지리|234,37.708856,127.201586,address
41360|오남읍 양지리|620,37.699920,127.190181,address
41360|오남읍 양지리|623,37.698696,127.189436,address
41360|오남읍 양지리|807,37.699413,127.195540,address
41360|오남읍 양지리|807-2,37.700652,127.196706,address
41360|오남읍 오남리|166,37.693839,127.211412,address
41360|오남읍 오남리|222,37.691504,127.213011,address
41360|오남읍 오남리|250,37.686765,127.213169,address
41360|오남읍 오남리|267-3,37.685008,127.213568,address
41360|오남읍 오남리|315-1,37.683259,127.212700,address
41360|오남읍 오남리|362,37.681753,127.212406,address
41360|오남읍 오남리|425,37.679276,127.212717,address
41360|오남읍 오남리|426,37.678751,127.214843,address
41360|오남읍 오남리|429,37.677875,127.213160,address
41360|오남읍 오남리|439,37.676930,127.212007,address
41360|오남읍 오남리|464,37.677682,127.207826,address
41360|오남읍 오남리|519,37.681953,127.208417,address
41360|오남읍 오남리|605,37.686309,127.209351,address
41360|오남읍 오남리|632,37.689564,127.209037,address
41360|오남읍 오남리|632-1,37.689287,127.209283,address
41360|오남읍 오남리|683-11,37.688822,127.210449,address
41360|오남읍 오남리|683-12,37.688408,127.209825,address
41360|오남읍 오남리|683-25,37.688035,127.210322,address
41360|오남읍 오남리|683-30,37.690116,127.208961,address
41360|오남읍 오남리|683-36,37.689959,127.212389,address
41360|오남읍 오남리|683-37,37.689995,127.211077,address
41360|오남읍 오남리|683-40,37.690210,127.208360,address
41360|오남읍 오남리|683-5,37.688723,127.211782,address
41360|오남읍 오남리|721,37.693985,127.209492,address
41360|오남읍 오남리|744,37.694239,127.207933,address
41360|오남읍 오남리|749-1,37.695481,127.207023,address
41360|오남읍 오남리|765-3,37.695720,127.202296,address
41360|오남읍 오남리|785,37.695856,127.204328,address
41360|오남읍 오남리|887,37.683295,127.208220,address
41360|오남읍 오남리|888,37.696848,127.194813,address
41360|오남읍 오남리|889,37.695610,127.199715,address
41360|오남읍 오남리|891,37.696490,127.199592,address
41360|와부읍 덕소리|110-1,37.586758,127.217448,address
41360|와부읍 덕소리|111-1,37.585584,127.214476,address
41360|와부읍 덕소리|145-4,37.589220,127.220448,address
41360|와부읍 덕소리|145-4#41360-101,37.589219,127.220448,keyword
41360|와부읍 덕소리|145-4#41360-112,37.588715,127.219091,keyword
41360|와부읍 덕소리|191-1,37.589468,127.216852,address
41360|와부읍 덕소리|219-5,37.591746,127.216718,address
41360|와부읍 덕소리|453-41,37.590112,127.212650,address
41360|와부읍 덕소리|454-5,37.588462,127.211881,address
41360|와부읍 덕소리|458-12,37.588528,127.210914,address
41360|와부읍 덕소리|458-15,37.587907,127.210811,address
41360|와부읍 덕소리|462-50,37.587352,127.211522,address
41360|와부읍 덕소리|462-9,37.586874,127.211138,address
41360|와부읍 덕소리|520,37.582824,127.210566,address
41360|와부읍 덕소리|528-14,37.581933,127.211719,address
41360|와부읍 덕소리|528-9,37.582417,127.212997,address
41360|와부읍 덕소리|537,37.583377,127.211213,address
41360|와부읍 덕소리|554-1,37.581151,127.214271,address
41360|와부읍 덕소리|600-14,37.585501,127.209980,address
41360|와부읍 덕소리|600-15,37.585027,127.208716,address
41360|와부읍 덕소리|600-3,37.586336,127.207551,address
41360|와부읍 덕소리|604-3,37.589258,127.206414,address
41360|와부읍 덕소리|606-1,37.588654,127.209409,address
41360|와부읍 덕소리|611,37.589083,127.206891,address
41360|와부읍 덕소리|612,37.587914,127.220983,address
41360|와부읍 덕소리|613,37.590637,127.222208,address
41360|와부읍 덕소리|614,37.588993,127.212795,address
41360|와부읍 덕소리|615,37.584110,127.212694,address
41360|와부읍 덕소리|616,37.583523,127.213705,address
41360|와부읍 도곡리|1010-1,37.577561,127.220094,address
41360|와부읍 도곡리|1012,37.577570,127.222988,address
41360|와부읍 도곡리|1044,37.578375,127.224214,address
41360|와부읍 도곡리|1093,37.575934,127.224425,address
41360|와부읍 도곡리|1117,37.575727,127.221988,address
41360|와부읍 도곡리|1125,37.580002,127.219524,address
41360|와부읍 도곡리|931-5,37.581076,127.222804,address
41360|와부읍 도곡리|976-1,37.581053,127.217116,address
41360|와부읍 도곡리|977,37.577766,127.218286,keyword
41360|와부읍 도곡리|986-1,37.578916,127.214950,address
41360|와부읍 도곡리|991-21,37.577698,127.218581,address
41360|와부읍 도곡리|991-6,37.577661,127.218088,address
41360|와부읍 도곡리|991-8,37.577733,127.217694,address
41360|와부읍 도곡리|993,37.578748,127.219779,address
41360|진건읍 사능리|350,37.656421,127.182905,address
41360|진건읍 사능리|350-1,37.656219,127.182985,address
41360|진건읍 사능리|623-4,37.654563,127.181498,address
41360|진건읍 사능리|653-29,37.657032,127.175642,address
41360|진건읍 신월리|99-1,37.659560,127.174070,address
41360|진건읍 용정리|369-1,37.658358,127.183584,address
41360|진건읍 용정리|750-1,37.659541,127.179229,address
41360|진건읍 용정리|750-5,37.658576,127.179753,address
41360|진건읍 용정리|751-2,37.659391,127.180784,address
41360|진건읍 용정리|751-5,37.658825,127.181755,address
41360|진건읍 용정리|757-1,37.660932,127.177185,address
41360|진건읍 용정리|780-4,37.657783,127.177940,address
41360|진건읍 용정리|790,37.658109,127.182144,address
41360|진건읍 용정리|790-1,37.657751,127.181517,address
41360|진건읍 용정리|790-11,37.657655,127.182361,address
41360|진건읍 용정리|790-12,37.657611,127.182661,address
41360|진건읍 용정리|790-3,37.657684,127.182009,address
41360|진건읍 용정리|794-1,37.655622,127.180434,address
41360|진건읍 용정리|816-5,37.660945,127.175508,address
41360|진건읍 용정리|855,37.657438,127.184889,address
41360|진건읍 진관리|130-2,37.658754,127.173911,address
41360|진접읍 금곡리|1075,37.718413,127.198496,address
41360|진접읍 금곡리|1080,37.713684,127.189538,address
41360|진접읍 금곡리|1107,37.713340,127.199665,address
41360|진접읍 금곡리|1108,37.716146,127.199410,address
41360|진접읍 금곡리|1115,37.721599,127.205757,address
41360|진접읍 금곡리|1117,37.723407,127.208037,address
41360|진접읍 금곡리|3352,37.727534,127.205918,address
41360|진접읍 금곡리|878-1,37.716615,127.201095,address
41360|진접읍 금곡리|961,37.713016,127.185680,address
41360|진접읍 금곡리|965,37.714828,127.187459,address
41360|진접읍 금곡리|971,37.720180,127.193836,address
41360|진접읍 금곡리|984,37.720846,127.198123,address
41360|진접읍 내각리|192,37.707466,127.165441,address
41360|진접읍 내각리|226,37.707827,127.167733,address
41360|진접읍 내각리|736-1,37.705272,127.163261,address
41360|진접읍 내각리|765-10,37.704578,127.160300,address
41360|진접읍 부평리|613-4,37.742275,127.197775,address
41360|진접읍 부평리|636,37.736894,127.196530,address
41360|진접읍 부평리|735-3,37.731180,127.196366,address
41360|진접읍 부평리|756,37.740995,127.200211,address
41360|진접읍 부평리|758,37.739212,127.201220,address
41360|진접읍 부평리|764,37.739160,127.198879,address
41360|진접읍 부평리|771,37.736922,127.198806,address
41360|진접읍 부평리|772,37.734389,127.199085,address
41360|진접읍 연평리|846,37.705846,127.185533,address
41360|진접읍 장현리|203-2,37.722277,127.186269,address
41360|진접읍 장현리|225-6,37.724863,127.188870,address
41360|진접읍 장현리|347-25,37.718979,127.184644,address
41360|진접읍 장현리|347-26,37.718726,127.184746,address
41360|진접읍 장현리|51-1,37.726837,127.194580,address
41360|진접읍 장현리|621,37.717465,127.176986,address
41360|진접읍 장현리|633-1,37.718047,127.179712,address
41360|진접읍 장현리|637,37.717241,127.181744,address
41360|진접읍 장현리|677-1,37.715666,127.182931,address
41360|진접읍 장현리|678-1,37.714333,127.180766,address
41360|진접읍 장현리|701,37.732302,127.192979,address
41360|진접읍 장현리|702,37.718964,127.186639,address
41360|진접읍 장현리|71-1,37.728765,127.190469,address
41360|진접읍 장현리|710,37.724698,127.193134,address
41360|진접읍 장현리|79-1,37.729325,127.191278,address
41360|진접읍 장현리|산8-1,37.731570,127.192099,address
41360|진접읍 진벌리|657,37.745387,127.217094,address
41360|진접읍 팔야리|731-1,37.748156,127.206876,address
41360|진접읍 팔야리|780-23,37.744865,127.204649,address
41360|퇴계원읍 퇴계원리|111-10,37.653283,127.145703,address
41360|퇴계원읍 퇴계원리|177-2,37.646621,127.143184,address
41360|퇴계원읍 퇴계원리|178,37.646966,127.145186,address
41360|퇴계원읍 퇴계원리|221,37.650374,127.143670,address
41360|퇴계원읍 퇴계원리|232,37.649976,127.146188,address
41360|퇴계원읍 퇴계원리|250-3,37.651343,127.144035,address
41360|퇴계원읍 퇴계원리|288,37.650085,127.139134,address
41360|퇴계원읍 퇴계원리|288-11,37.649595,127.138790,address
41360|퇴계원읍 퇴계원리|303,37.648570,127.139214,address
41360|퇴계원읍 퇴계원리|365,37.651187,127.149698,address
41360|퇴계원읍 퇴계원리|369,37.658926,127.143691,address
41360|퇴계원읍 퇴계원리|370,37.645483,127.147072,address
41360|퇴계원읍 퇴계원리|64,37.657021,127.146579,address
41360|퇴계원읍 퇴계원리|70-3,37.655868,127.146692,address
41360|평내동|103-2,37.648858,127.241852,address
41360|평내동|105,37.642001,127.237858,keyword
41360|평내동|107-1,37.649650,127.239920,address
41360|평내동|230-3,37.651412,127.233768,address
41360|평내동|550,37.644423,127.235897,address
41360|평내동|551,37.643420,127.236016,address
41360|평내동|561,37.641677,127.231621,address
41360|평내동|562,37.640487,127.233033,address
41360|평내동|564,37.641977,127.236313,address
41360|평내동|581,37.645807,127.237578,address
41360|평내동|59,37.648401,127.245011,address
41360|평내동|592,37.646943,127.239270,address
41360|평내동|599,37.645949,127.241818,address
41360|평내동|601,37.644445,127.239646,address
41360|평내동|602,37.643318,127.238108,address
41360|평내동|606,37.642878,127.240063,address
41360|평내동|608,37.644474,127.242928,address
41360|평내동|661,37.651287,127.235229,address
41360|평내동|667,37.648086,127.240490,address
41360|평내동|87,37.649192,127.242690,address
41360|평내동|산87-1,37.651609,127.241100,address
41360|평내동|산87-11,37.649931,127.241715,address
41360|평내동|산87-3,37.650756,127.240028,address
41360|호평동|196-1,37.656941,127.248936,address
41360|호평동|215-1,37.657816,127.245182,address
41360|호평동|371,37.669252,127.247450,address
41360|호평동|612,37.660546,127.241545,address
41360|호평동|613,37.661467,127.245637,address
41360|호평동|615,37.660147,127.245824,address
41360|호평동|616,37.660501,127.250146,address
41360|호평동|617-2,37.659959,127.247730,address
41360|호평동|617-4,37.659434,127.247452,address
41360|호평동|618,37.659355,127.248692,address
41360|호평동|619,37.656677,127.240658,address
41360|호평동|622,37.656278,127.243044,address
41360|호평동|668,37.655182,127.250330,address
41360|호평동|671,37.656046,127.253369,address
41360|호평동|676,37.657211,127.250912,address
41360|호평동|678,37.657574,127.254327,address
41360|호평동|680,37.657324,127.256679,address
41360|호평동|711,37.660291,127.238977,address
41360|호평동|723,37.664060,127.249756,address
41360|호평동|724,37.669796,127.249019,address
41360|호평동|728,37.657051,127.244397,address
41360|호평동|729,37.658172,127.247743,address
41360|호평동|730,37.650371,127.253688,address
41360|화도읍 가곡리|598,37.679381,127.300191,address
41360|화도읍 녹촌리|235-2,37.652555,127.293447,address
41360|화도읍 녹촌리|554,37.640363,127.295598,address
41360|화도읍 녹촌리|555,37.643755,127.297900,address
41360|화도읍 녹촌리|556,37.648805,127.298602,address
41360|화도읍 녹촌리|563,37.651706,127.292713,address
41360|화도읍 녹촌리|564,37.651513,127.295331,address
41360|화도읍 녹촌리|565,37.650499,127.293477,address
41360|화도읍 녹촌리|566,37.650973,127.296886,address
41360|화도읍 녹촌리|567,37.649347,127.297168,address
41360|화도읍 답내리|1074,37.655672,127.343330,address
41360|화도읍 마석우리|349,37.658222,127.303177,address
41360|화도읍 마석우리|396,37.655915,127.302400,address
41360|화도읍 마석우리|448-1,37.662264,127.305191,address
41360|화도읍 마석우리|552,37.658154,127.296817,address
41360|화도읍 마석우리|598,37.661147,127.304947,address
41360|화도읍 마석우리|599,37.660856,127.322369,address
41360|화도읍 마석우리|600,37.654674,127.298048,address
41360|화도읍 마석우리|71,37.651115,127.319419,address
41360|화도읍 마석우리|71-4,37.650013,127.318763,address
41360|화도읍 묵현리|147-3,37.667755,127.300096,address
41360|화도읍 묵현리|24-11,37.666407,127.302191,address
41360|화도읍 묵현리|240-2,37.656849,127.290355,address
41360|화도읍 묵현리|286-3,37.655979,127.287011,address
41360|화도읍 묵현리|42-1,37.665607,127.303517,address
41360|화도읍 묵현리|456-1,37.657663,127.273619,address
41360|화도읍 묵현리|47-3,37.666416,127.304138,address
41360|화도읍 묵현리|478-5,37.656594,127.278623,address
41360|화도읍 묵현리|478-7,37.656665,127.278307,address
41360|화도읍 묵현리|48,37.665281,127.305806,address
41360|화도읍 묵현리|591-1,37.655472,127.271632,address
41360|화도읍 묵현리|592-29,37.654746,127.272497,address
41360|화도읍 묵현리|596,37.654553,127.269300,address
41360|화도읍 묵현리|604-4,37.653146,127.270417,address
41360|화도읍 묵현리|625,37.662826,127.299840,address
41360|화도읍 묵현리|626,37.666454,127.305647,address
41360|화도읍 묵현리|628,37.668640,127.304083,address
41360|화도읍 월산리|1527,37.651120,127.337432,address
41360|화도읍 월산리|1528,37.654664,127.340008,address
41360|화도읍 차산리|874,37.638251,127.299974,address
41360|화도읍 차산리|875,37.636107,127.305738,address
41360|화도읍 창현리|329-1,37.637319,127.307290,address
41360|화도읍 창현리|462,37.649511,127.306336,address
41360|화도읍 창현리|498-4,37.652583,127.303505,address
41360|화도읍 창현리|501,37.652701,127.303128,address
41360|화도읍 창현리|501-7,37.652446,127.302981,address
41360|화도읍 창현리|683,37.640030,127.302430,address
41360|화도읍 창현리|745,37.648574,127.303228,address
41360|화도읍 창현리|749,37.646451,127.303864,address
41360|화도읍 창현리|757,37.647826,127.301094,address
41360|화도읍 창현리|764,37.645756,127.300220,address
41360|화도읍 창현리|765,37.646561,127.301204,address
41360|화도읍 창현리|769,37.644442,127.301800,address
41360|화도읍 창현리|774,37.640124,127.301207,address
41360|화도읍 창현리|777,37.641819,127.304789,address
41360|화도읍 창현리|778,37.645507,127.305929,address
41360|화도읍 창현리|산46,37.639787,127.305410,address
41360|화도읍 창현리|산47-4,37.639122,127.305857,address
41370|가수동|106-1,37.145865,127.051787,address
41370|가수동|398,37.145864,127.048547,address
41370|가수동|437,37.146569,127.051658,address
41370|가수동|442,37.146223,127.053787,address
41370|갈곶동|110-5,37.133617,127.068114,address
41370|갈곶동|175,37.129655,127.066705,address
41370|갈곶동|211,37.130481,127.068340,address
41370|갈곶동|218,37.129858,127.068346,address
41370|갈곶동|220,37.129453,127.069702,address
41370|갈곶동|235-3,37.127614,127.071252,address
41370|갈곶동|251,37.130635,127.072882,address
41370|갈곶동|704,37.134561,127.067824,address
41370|갈곶동|713,37.132033,127.067076,address
41370|갈곶동|715,37.129640,127.073387,address
41370|고현동|270,37.133998,127.080784,address
41370|고현동|276,37.133082,127.082383,address
41370|궐동|28-3,37.159592,127.067406,address
41370|궐동|609-2,37.163076,127.052963,address
41370|궐동|616-1,37.162855,127.055233,address
41370|궐동|616-2,37.160940,127.055087,address
41370|궐동|67-4,37.156072,127.067202,address
41370|궐동|681-1,37.159899,127.053473,address
41370|궐동|684-2,37.159254,127.053058,address
41370|궐동|69-3,37.157128,127.067724,address
41370|궐동|767,37.165612,127.048383,address
41370|궐동|776,37.165594,127.051042,address
41370|궐동|824,37.158534,127.047862,address
41370|궐동|826,37.161433,127.048241,address
41370|금암동|496,37.176996,127.048794,address
41370|금암동|498,37.177302,127.051518,address
41370|금암동|499,37.176112,127.052283,address
41370|금암동|515,37.171910,127.043702,address
41370|금암동|517,37.175688,127.046232,address
41370|내삼미동|895,37.174792,127.063383,address
41370|내삼미동|898,37.172453,127.067392,address
41370|내삼미동|899,37.174377,127.067202,address
41370|누읍동|438,37.142304,127.049522,address
41370|누읍동|561-1,37.142163,127.047274,address
41370|누읍동|659,37.143379,127.051805,address
41370|벌음동|397,37.138620,127.043652,address
41370|부산동|778-1,37.157515,127.080497,address
41370|부산동|779-1,37.154175,127.079186,address
41370|부산동|800,37.149791,127.089395,address
41370|부산동|801,37.149546,127.092144,address
41370|부산동|815,37.151438,127.092778,address
41370|부산동|830,37.160265,127.082261,address
41370|서동|125-2,37.144431,127.042971,address
41370|서동|125-8,37.143952,127.044269,address
41370|서동|129-6,37.145281,127.044036,address
41370|서동|641,37.154576,127.045896,address
41370|서동|643,37.155025,127.044185,address
41370|세교동|622,37.185127,127.040385,address
41370|세교동|624,37.182063,127.041036,address
41370|수청동|11,37.166746,127.068616,address
41370|수청동|15-1,37.165045,127.069393,address
41370|수청동|514,37.165113,127.062785,address
41370|수청동|569,37.172842,127.056656,address
41370|수청동|581,37.172023,127.053375,address
41370|수청동|622,37.167722,127.065849,address
41370|수청동|625,37.170497,127.068128,address
41370|양산동|666,37.190266,127.032882,address
41370|양산동|667-1,37.196490,127.030655,address
41370|양산동|668-1,37.195733,127.034267,address
41370|오산동|313-3,37.153249,127.070075,address
41370|오산동|313-6,37.153425,127.070017,address
41370|오산동|367,37.154037,127.068960,address
41370|오산동|388-5,37.154713,127.068938,address
41370|오산동|415-1,37.153555,127.067544,address
41370|오산동|447-6,37.152389,127.067886,address
41370|오산동|450-4,37.151976,127.067857,address
41370|오산동|64-4,37.155281,127.072385,address
41370|오산동|80-1,37.156795,127.075208,address
41370|오산동|80-4,37.156931,127.075513,address
41370|오산동|838-1,37.152999,127.069880,address
41370|오산동|861-4,37.149914,127.069690,address
41370|오산동|865-1,37.150813,127.073350,address
41370|오산동|881-8,37.144709,127.067992,address
41370|오산동|920-2,37.154787,127.076163,address
41370|오산동|922-2,37.152608,127.075590,address
41370|오산동|922-4,37.150769,127.075463,address
41370|오산동|923-2,37.151659,127.077896,address
41370|외삼미동|650,37.192069,127.063723,address
41370|원동|214-3,37.146930,127.074197,address
41370|원동|299-8,37.142027,127.075094,address
41370|원동|30,37.143012,127.088806,address
41370|원동|377-18,37.138547,127.074599,address
41370|원동|378-2,37.138516,127.074275,address
41370|원동|379-1,37.137999,127.074117,address
41370|원동|379-10,37.138050,127.074386,address
41370|원동|379-11,37.138038,127.074626,address
41370|원동|379-12,37.138046,127.074896,address
41370|원동|551,37.138975,127.077184,address
41370|원동|552-4,37.140183,127.076973,address
41370|원동|573-9,37.138577,127.077900,address
41370|원동|752-2,37.147777,127.071897,address
41370|원동|768-1,37.144870,127.073167,address
41370|원동|771-1,37.144789,127.072110,address
41370|원동|772-13,37.144369,127.071600,address
41370|원동|783-3,37.143728,127.069746,address
41370|원동|805-1,37.135249,127.071230,address
41370|원동|805-2,37.134237,127.070608,address
41370|원동|805-2#41370-15,37.134252,127.070542,keyword
41370|원동|805-2#41370-35,37.134252,127.070542,keyword
41370|원동|807,37.132694,127.070926,address
41370|원동|807#41370-14,37.132857,127.070892,keyword
41370|원동|807#41370-16,37.132857,127.070892,keyword
41370|원동|814-2,37.147166,127.077152,address
41370|원동|815-1,37.145248,127.075496,address
41370|원동|825,37.139011,127.075773,address
41370|원동|826-1,37.137178,127.082472,address
41370|원동|888,37.140176,127.070159,address
41370|원동|900,37.137410,127.070901,address
41370|원동|901,37.132540,127.073270,address
41370|원동|906,37.134845,127.073589,address
41370|원동|907,37.142060,127.088016,address
41370|원동|921,37.140364,127.094807,address
41370|은계동|117,37.158413,127.070219,address
41370|은계동|29,37.161206,127.074856,address
41370|은계동|64-1,37.161916,127.070120,address
41370|은계동|70,37.160508,127.071224,address
41370|은계동|91-1,37.159339,127.071946,address
41370|지곶동|577,37.168426,127.027904,address
41370|청호동|321,37.130675,127.080876,address
41370|청호동|333,37.129885,127.082357,address
41370|청호동|37-3,37.132040,127.083009,address
41370|탑동|284,37.135811,127.044571,address
41370|탑동|320,37.135658,127.050023,address
41390|거모동|1470-1,37.346340,126.783352,address
41390|거모동|1474-1,37.346207,126.782165,address
41390|거모동|1656-5,37.341048,126.784119,address
41390|거모동|1715-2,37.348660,126.786175,address
41390|거모동|1731-1,37.346754,126.781991,address
41390|거모동|1734-2,37.345477,126.783779,address
41390|거모동|1735-2,37.345420,126.783083,address
41390|거모동|1740-1,37.344300,126.782150,address
41390|거모동|1741-1,37.344623,126.783526,address
41390|거모동|1756-1,37.343985,126.784746,address
41390|거모동|1761-16,37.343833,126.785519,address
41390|거모동|1761-2,37.343967,126.785712,address
41390|거모동|1765-5,37.341854,126.788664,address
41390|거모동|1769-1,37.342188,126.785787,address
41390|거모동|1772-15,37.340941,126.784575,address
41390|거모동|1772-4,37.341160,126.784817,address
41390|거모동|1772-5,37.340947,126.784827,address
41390|거모동|1859,37.363814,126.771916,address
41390|거모동|612-1,37.357884,126.773818,address
41390|광석동|542,37.376537,126.809978,address
41390|군자동|819,37.367447,126.804008,address
41390|군자동|827,37.366255,126.800985,address
41390|논곡동|160-29,37.386956,126.859958,address
41390|논곡동|160-59,37.388715,126.860139,address
41390|논곡동|160-7,37.387855,126.860397,address
41390|논곡동|280,37.395089,126.855827,address
41390|능곡동|493,37.374677,126.813329,address
41390|능곡동|548,37.371935,126.811509,address
41390|능곡동|554,37.370440,126.811441,address
41390|능곡동|712,37.366097,126.817366,address
41390|능곡동|775,37.366680,126.811257,address
41390|능곡동|782,37.364754,126.809751,address
41390|능곡동|789,37.366144,126.814558,address
41390|능곡동|802,37.363697,126.815228,address
41390|능곡동|864,37.373869,126.806614,address
41390|능곡동|894,37.369455,126.804763,address
41390|대야동|274-24,37.449811,126.794426,address
41390|대야동|274-3,37.448349,126.794399,address
41390|대야동|275,37.448214,126.796344,address
41390|대야동|275-22,37.447420,126.796693,address
41390|대야동|278,37.447965,126.793016,address
41390|대야동|288,37.450199,126.793762,address
41390|대야동|332-13,37.448967,126.786798,address
41390|대야동|344,37.448477,126.791673,address
41390|대야동|479,37.446637,126.785197,address
41390|대야동|547,37.441472,126.792593,address
41390|대야동|563,37.443839,126.793800,address
41390|대야동|564,37.444906,126.794566,address
41390|대야동|567-2,37.446165,126.793417,address
41390|대야동|568-4,37.446848,126.792520,address
41390|대야동|569-1,37.447720,126.794265,address
41390|대야동|570-1,37.446792,126.795472,address
41390|대야동|570-2,37.446019,126.795007,address
41390|대야동|639,37.446390,126.799171,address
41390|대야동|659,37.450982,126.798422,address
41390|대야동|679,37.447700,126.802276,address
41390|대야동|692,37.445194,126.792436,address
41390|대야동|693,37.440477,126.789851,address
41390|대야동|694,37.450733,126.788739,address
41390|도창동|65,37.409910,126.817064,address
41390|매화동|194-1,37.415483,126.815306,address
41390|매화동|200-1,37.416077,126.814104,address
41390|매화동|207,37.417113,126.812882,address
41390|매화동|220-1,37.417639,126.811848,address
41390|매화동|241-8,37.415980,126.811566,address
41390|매화동|260-1,37.414368,126.814348,address
41390|매화동|262-1,37.414714,126.815134,address
41390|매화동|265-1,37.414262,126.815075,address
41390|매화동|265-17,37.413709,126.816105,address
41390|매화동|265-6,37.414143,126.815466,address
41390|매화동|289-1,37.411235,126.815915,address
41390|매화동|361,37.417939,126.809514,address
41390|매화동|361-6,37.417279,126.809345,address
41390|매화동|367,37.418181,126.810394,address
41390|목감동|202-14,37.387015,126.860999,address
41390|목감동|239-15,37.386486,126.861106,address
41390|목감동|239-3,37.386204,126.860730,address
41390|목감동|242-9,37.384639,126.860479,address
41390|목감동|397,37.386262,126.862237,address
41390|목감동|406,37.383997,126.862160,address
41390|미산동|350-15,37.420211,126.794239,address
41390|미산동|64,37.420398,126.797189,address
41390|미산동|82-14,37.422338,126.796932,address
41390|미산동|산15-1,37.416963,126.792788,address
41390|배곧동|135,37.375945,126.724713,address
41390|배곧동|139,37.374446,126.726993,address
41390|배곧동|14,37.382813,126.729833,address
41390|배곧동|150,37.373254,126.729750,address
41390|배곧동|155,37.372102,126.731513,address
41390|배곧동|174,37.370557,126.734172,address
41390|배곧동|191,37.370737,126.727334,address
41390|배곧동|221,37.368267,126.725017,address
41390|배곧동|243,37.363566,126.712298,address
41390|배곧동|245,37.362372,126.715219,address
41390|배곧동|262,37.361419,126.718826,address
41390|배곧동|279,37.358641,126.714270,address
41390|배곧동|5,37.384161,126.732088,address
41390|배곧동|55,37.374119,126.736591,address
41390|배곧동|57,37.375991,126.735511,address
41390|배곧동|58,37.376345,126.732568,address
41390|배곧동|7,37.383723,126.735627,address
41390|산현동|496,37.374668,126.840804,address
41390|산현동|502,37.375836,126.843034,address
41390|산현동|520,37.370593,126.847841,address
41390|신천동|264-2,37.436176,126.782893,address
41390|신천동|27-2,37.437051,126.787857,address
41390|신천동|275,37.437197,126.784186,address
41390|신천동|37-3,37.435412,126.789772,address
41390|신천동|375-3,37.438326,126.782784,address
41390|신천동|384-2,37.437016,126.781449,address
41390|신천동|387,37.438198,126.780751,address
41390|신천동|452-1,37.438449,126.779300,address
41390|신천동|705-1,37.443170,126.783194,address
41390|신천동|705-2,37.443094,126.783401,address
41390|신천동|705-3,37.443040,126.783581,address
41390|신천동|705-46,37.442702,126.783407,address
41390|신천동|705-7,37.442714,126.784333,address
41390|신천동|706,37.442655,126.782718,address
41390|신천동|706-1,37.442559,126.782994,address
41390|신천동|708-7,37.440863,126.785702,address
41390|신천동|709-32,37.441556,126.786902,address
41390|신천동|713-3,37.442055,126.782903,address
41390|신천동|749,37.439918,126.778976,address
41390|신천동|765,37.438765,126.785564,address
41390|신천동|780,37.438032,126.789318,address
41390|신천동|782,37.437994,126.790268,address
41390|신천동|782-1,37.437584,126.790401,address
41390|신천동|827-1,37.436235,126.778703,address
41390|신천동|828-4,37.436662,126.779343,address
41390|신천동|829,37.437131,126.779152,address
41390|신천동|832-2,37.438389,126.778803,address
41390|신천동|833-9,37.437611,126.780702,address
41390|신천동|844-10,37.436230,126.782301,address
41390|신천동|848-5,37.436821,126.785934,address
41390|신천동|852-16,37.436292,126.788055,address
41390|신천동|857-2,37.436577,126.789506,address
41390|신천동|858,37.436027,126.789292,address
41390|신천동|860-1,37.435870,126.788122,address
41390|신천동|869-1,37.433782,126.790157,address
41390|신천동|870-2,37.432785,126.789236,address
41390|신천동|871-1,37.432300,126.788369,address
41390|신천동|882-5,37.432949,126.792430,address
41390|신천동|892-1,37.429881,126.791623,address
41390|신천동|943-1,37.434571,126.790705,address
41390|신천동|946,37.436338,126.790490,address
41390|신천동|949,37.436856,126.791697,address
41390|신천동|953,37.436567,126.792653,address
41390|신천동|954,37.434851,126.789959,address
41390|월곶동|1006-3,37.388647,126.739872,address
41390|월곶동|1008,37.389414,126.739121,address
41390|월곶동|1008-2,37.389785,126.739412,address
41390|월곶동|1010-1,37.392527,126.739323,address
41390|월곶동|1010-4,37.390514,126.737445,address
41390|월곶동|1012-1,37.388787,126.735213,address
41390|월곶동|1016,37.386235,126.742151,address
41390|월곶동|1064-1,37.380530,126.766570,address
41390|월곶동|991-28,37.392131,126.741720,address
41390|월곶동|992-5,37.390129,126.743559,address
41390|월곶동|994,37.388217,126.743398,address
41390|월곶동|999-2,37.390553,126.742448,address
41390|은행동|105-13,37.438353,126.795431,address
41390|은행동|109-105,37.437469,126.793822,address
41390|은행동|241,37.435129,126.797070,address
41390|은행동|241-1,37.435571,126.797059,address
41390|은행동|244-2,37.435714,126.796341,address
41390|은행동|250-5,37.433224,126.797403,address
41390|은행동|272-1,37.431644,126.797080,address
41390|은행동|276-13,37.432343,126.796118,address
41390|은행동|276-2,37.432752,126.795859,address
41390|은행동|289-11,37.431184,126.793973,address
41390|은행동|289-31,37.430793,126.795179,address
41390|은행동|289-33,37.430662,126.796301,address
41390|은행동|289-37,37.431017,126.794810,address
41390|은행동|293-1,37.431642,126.795642,address
41390|은행동|293-2,37.431548,126.796383,address
41390|은행동|297,37.429939,126.796331,address
41390|은행동|528-1,37.445293,126.799364,address
41390|은행동|538-1,37.443189,126.798077,address
41390|은행동|538-2,37.443223,126.799190,address
41390|은행동|542,37.443477,126.801293,address
41390|은행동|543-1,37.444063,126.802385,address
41390|은행동|546,37.441625,126.799221,address
41390|은행동|547-1,37.440078,126.798390,address
41390|은행동|549-1,37.441804,126.797294,address
41390|은행동|599,37.445165,126.800612,address
41390|은행동|599-1,37.440204,126.795832,address
41390|은행동|619,37.439940,126.801290,address
41390|은행동|620,37.438758,126.802797,address
41390|은행동|621,37.440977,126.803081,address
41390|은행동|625,37.440336,126.806298,address
41390|은행동|632,37.438696,126.806465,address
41390|은행동|644,37.435633,126.802756,address
41390|은행동|647,37.436527,126.799793,address
41390|은행동|661,37.433548,126.802650,address
41390|은행동|694,37.435662,126.793028,address
41390|은행동|99-16,37.440103,126.797799,address
41390|장곡동|804,37.380216,126.778997,address
41390|장곡동|805,37.378196,126.779048,address
41390|장곡동|806,37.376650,126.780943,address
41390|장곡동|807,37.378512,126.781338,address
41390|장곡동|811-3,37.377568,126.783238,address
41390|장곡동|817-5,37.377849,126.784178,address
41390|장곡동|824,37.378170,126.786410,address
41390|장곡동|828,37.380366,126.786554,address
41390|장곡동|828#41390-122,37.380357,126.786551,keyword
41390|장곡동|828#41390-124,37.380357,126.786551,keyword
41390|장곡동|829,37.382145,126.787062,address
41390|장곡동|913,37.373368,126.788739,address
41390|장곡동|924,37.380161,126.790527,address
41390|장곡동|936,37.378051,126.791198,address
41390|장곡동|942,37.376200,126.790218,address
41390|장현동|540,37.379861,126.799283,address
41390|장현동|540#41390-116,37.379741,126.799325,keyword
41390|장현동|540#41390-117,37.379741,126.799325,keyword
41390|장현동|541-4,37.380379,126.800407,address
41390|장현동|542,37.380163,126.800967,address
41390|장현동|543-4,37.380751,126.801633,address
41390|장현동|546-1,37.381786,126.802031,address
41390|장현동|547-1,37.381538,126.802369,address
41390|장현동|548-3,37.382095,126.802241,address
41390|장현동|580,37.381324,126.797506,address
41390|장현동|588,37.379479,126.793786,address
41390|장현동|591,37.375649,126.795637,address
41390|장현동|608,37.374537,126.797207,address
41390|장현동|632,37.371111,126.796334,address
41390|장현동|636,37.369133,126.795130,address
41390|장현동|656,37.382954,126.799413,address
41390|정왕동|1394,37.353394,126.735289,address
41390|정왕동|1394-2,37.353057,126.736174,address
41390|정왕동|1628,37.336402,126.751134,address
41390|정왕동|1629,37.335101,126.749671,address
41390|정왕동|1785-1,37.339885,126.745562,address
41390|정왕동|1786,37.338432,126.743964,address
41390|정왕동|1787-1,37.340538,126.740622,address
41390|정왕동|1788-1,37.342016,126.742055,address
41390|정왕동|1788-3,37.341492,126.743689,address
41390|정왕동|1789,37.343380,126.739782,address
41390|정왕동|1790,37.341921,126.738317,address
41390|정왕동|1843,37.351729,126.734667,address
41390|정왕동|1844,37.350333,126.733217,address
41390|정왕동|1846,37.348535,126.731490,address
41390|정왕동|1847,37.347032,126.730042,address
41390|정왕동|1848-4,37.348170,126.728133,address
41390|정왕동|1849-6,37.349718,126.729519,address
41390|정왕동|1850,37.351429,126.726717,address
41390|정왕동|1851,37.349971,126.725283,address
41390|정왕동|1862,37.353425,126.719697,address
41390|정왕동|1863,37.354929,126.721144,address
41390|정왕동|1864,37.356726,126.722871,address
41390|정왕동|1865,37.358181,126.724307,address
41390|정왕동|1866-6,37.356367,126.727189,address
41390|정왕동|1867-1,37.355264,126.724201,address
41390|정왕동|1867-3,37.354947,126.725919,address
41390|정왕동|1868,37.353291,126.728427,address
41390|정왕동|1869,37.354748,126.729859,address
41390|정왕동|1870-1,37.353729,126.731540,address
41390|정왕동|1870-3,37.353296,126.732905,address
41390|정왕동|1871-1,37.352188,126.729869,address
41390|정왕동|1871-5,37.351257,126.730975,address
41390|정왕동|1872-4,37.355968,126.735437,address
41390|정왕동|1872-5,37.354267,126.734013,address
41390|정왕동|1872-6,37.355605,126.733266,address
41390|정왕동|1873-2,37.357180,126.732266,address
41390|정왕동|1873-3,37.356127,126.731241,address
41390|정왕동|1874-1,37.360220,126.734352,address
41390|정왕동|1874-2,37.359054,126.733931,address
41390|정왕동|1875-1,37.358439,126.727662,address
41390|정왕동|1875-2,37.359718,126.728656,address
41390|정왕동|1875-5,37.358031,126.729736,address
41390|정왕동|1876-1,37.361031,126.730394,address
41390|정왕동|1876-2,37.362073,126.731257,address
41390|정왕동|1876-3,37.360536,126.732373,address
41390|정왕동|1877-1,37.363399,126.732543,address
41390|정왕동|1877-2,37.364092,126.733781,address
41390|정왕동|1877-3,37.363425,126.735254,address
41390|정왕동|1877-5,37.361968,126.734828,address
41390|정왕동|1878-4,37.365671,126.734299,address
41390|정왕동|1878-5,37.366823,126.735346,address
41390|정왕동|1878-8,37.366147,126.737055,address
41390|정왕동|1886-3,37.361101,126.728008,address
41390|정왕동|1886-4,37.360778,126.726126,address
41390|정왕동|1886-5,37.359450,126.725609,address
41390|정왕동|1940-1,37.359366,126.722313,address
41390|정왕동|1942-1,37.356423,126.718761,address
41390|정왕동|1942-2,37.354712,126.717819,address
41390|정왕동|2711,37.324267,126.685069,address
41390|정왕동|2712,37.323691,126.686732,address
41390|정왕동|2715,37.323723,126.683841,address
41390|정왕동|2732,37.322000,126.689457,address
41390|정왕동|2737,37.321159,126.691491,address
41390|조남동|169,37.383818,126.858801,address
41390|조남동|169-12,37.383402,126.859881,address
41390|조남동|171,37.384846,126.858996,address
41390|조남동|171-2,37.385078,126.858597,address
41390|조남동|171-20,37.384163,126.857808,address
41390|조남동|171-5,37.384901,126.859644,address
41390|조남동|660,37.376530,126.848292,address
41390|조남동|663,37.376443,126.854735,address
41390|조남동|669,37.375126,126.849347,address
41390|조남동|676,37.373719,126.853424,address
41390|조남동|678,37.374068,126.855740,address
41390|조남동|680,37.371614,126.853574,address
41390|조남동|682,37.371896,126.855974,address
41390|조남동|706,37.380062,126.859578,address
41390|조남동|720,37.380022,126.864676,address
41390|조남동|721,37.378141,126.864077,address
41390|죽율동|752,37.346702,126.761068,address
41390|죽율동|759,37.350374,126.759675,address
41390|포동|1-36,37.407395,126.786781,address
41390|포동|1-63,37.408820,126.785151,address
41390|포동|1-71,37.408402,126.786238,address
41390|포동|1-76,37.408614,126.787760,address
41390|포동|13-2,37.408544,126.784026,address
41390|포동|13-3,37.407382,126.783109,address
41390|포동|2,37.407960,126.786533,address
41390|하상동|368,37.395652,126.812393,address
41390|하상동|369,37.393917,126.813345,address
41390|하상동|377-4,37.390950,126.814459,address
41390|하상동|382,37.390043,126.811414,address
41390|하상동|383,37.389961,126.813005,address
41390|하중동|826-1,37.399823,126.801386,address
41390|하중동|827,37.398342,126.801743,address
41390|하중동|855,37.394546,126.806199,address
41390|하중동|858,37.393500,126.804291,address
41390|하중동|877-3,37.390871,126.804144,address
41390|하중동|878-1,37.391523,126.804310,address
41390|하중동|878-4,37.390979,126.804541,address
41410|금정동|43-12,37.369033,126.943437,address
41410|금정동|697-6,37.368605,126.942543,address
41410|금정동|701-4,37.367044,126.942549,address
41410|금정동|704,37.366594,126.939811,address
41410|금정동|706-19,37.364463,126.939882,address
41410|금정동|710,37.363849,126.939664,address
41410|금정동|710-2,37.363824,126.940140,address
41410|금정동|710-8,37.363326,126.940600,address
41410|금정동|711,37.363520,126.939848,address
41410|금정동|713,37.361692,126.938174,address
41410|금정동|716,37.362840,126.937181,address
41410|금정동|719-6,37.360865,126.937366,address
41410|금정동|720-3,37.361612,126.939227,address
41410|금정동|720-5,37.361477,126.938829,address
41410|금정동|720-6,37.361562,126.939010,address
41410|금정동|722-7,37.362777,126.941029,address
41410|금정동|723,37.363216,126.941540,address
41410|금정동|723-16,37.363292,126.942236,address
41410|금정동|723-3,37.363515,126.942117,address
41410|금정동|723-8,37.363206,126.942075,address
41410|금정동|729-19,37.366159,126.941642,address
41410|금정동|729-21,37.366238,126.941827,address
41410|금정동|734,37.364626,126.942177,address
41410|금정동|735,37.365157,126.943331,address
41410|금정동|737-4,37.364508,126.943233,address
41410|금정동|738-2,37.364047,126.943108,address
41410|금정동|738-6,37.363954,126.943473,address
41410|금정동|742-9,37.363098,126.943591,address
41410|금정동|743,37.363058,126.942917,address
41410|금정동|744,37.361012,126.940361,address
41410|금정동|744-1,37.361447,126.941164,address
41410|금정동|745-5,37.360323,126.940367,address
41410|금정동|746-8,37.360653,126.941430,address
41410|금정동|748-12,37.360009,126.943646,address
41410|금정동|752,37.360176,126.945770,address
41410|금정동|752-16,37.359368,126.946024,address
41410|금정동|752-6,37.359374,126.945792,address
41410|금정동|754,37.360032,126.944972,address
41410|금정동|756-21,37.361551,126.944301,address
41410|금정동|756-6,37.361461,126.944131,address
41410|금정동|757-5,37.361152,126.943892,address
41410|금정동|758,37.361853,126.942406,address
41410|금정동|762-5,37.362132,126.944725,address
41410|금정동|769-1,37.363210,126.945430,address
41410|금정동|770-4,37.363553,126.945497,address
41410|금정동|772-15,37.362701,126.946671,address
41410|금정동|773,37.361373,126.946897,address
41410|금정동|849,37.358065,126.938166,address
41410|금정동|849-1,37.359211,126.937188,address
41410|금정동|850,37.360078,126.938977,address
41410|금정동|871-11,37.351016,126.931034,address
41410|금정동|871-7,37.352010,126.933093,address
41410|금정동|872,37.356033,126.934598,address
41410|금정동|873-2,37.357331,126.933682,address
41410|금정동|875,37.354908,126.930234,address
41410|금정동|875#41410-90,37.354908,126.930234,address
41410|금정동|875#41410-91,37.354908,126.930234,address
41410|금정동|876,37.353975,126.931973,address
41410|금정동|916,37.372279,126.944863,address
41410|당동|1020,37.341014,126.931827,address
41410|당동|54-4,37.357804,126.948117,address
41410|당동|731-1,37.358200,126.947173,address
41410|당동|732-3,37.357143,126.946903,address
41410|당동|733-1,37.357062,126.945849,address
41410|당동|734,37.357688,126.945797,address
41410|당동|736-1,37.356411,126.943692,address
41410|당동|737-7,37.355006,126.943394,address
41410|당동|740-1,37.356454,126.944199,address
41410|당동|746-13,37.355677,126.946201,address
41410|당동|746-22,37.356079,126.946322,address
41410|당동|746-4,37.356253,126.946611,address
41410|당동|747-22,37.356168,126.947337,address
41410|당동|747-4,37.356999,126.947693,address
41410|당동|747-5,37.356645,126.947574,address
41410|당동|748-25,37.355443,126.947498,address
41410|당동|749-1,37.354884,126.947178,address
41410|당동|749-8,37.354832,126.947361,address
41410|당동|755-1,37.353721,126.943133,address
41410|당동|759-15,37.352522,126.940340,address
41410|당동|759-9,37.352654,126.940962,address
41410|당동|760,37.352286,126.939970,address
41410|당동|761-11,37.352040,126.940693,address
41410|당동|766-17,37.353141,126.942921,address
41410|당동|766-28,37.353125,126.943205,address
41410|당동|775-28,37.352911,126.944653,address
41410|당동|776-11,37.352146,126.945608,address
41410|당동|780-2,37.352152,126.946517,address
41410|당동|783-17,37.351099,126.947650,address
41410|당동|786-12,37.350425,126.943132,address
41410|당동|789-2,37.351147,126.940092,address
41410|당동|790,37.350638,126.940893,address
41410|당동|791-1,37.349511,126.941457,address
41410|당동|795,37.348266,126.941606,address
41410|당동|796,37.348751,126.941005,address
41410|당동|836-9,37.358601,126.945812,address
41410|당동|873,37.344918,126.942339,address
41410|당동|874,37.343457,126.940951,address
41410|당동|885,37.343645,126.943740,address
41410|당동|886,37.345070,126.945456,address
41410|당동|900,37.349470,126.946749,address
41410|당동|901-1,37.349372,126.945142,address
41410|당동|901-2,37.349356,126.945470,address
41410|당동|902,37.348983,126.945243,address
41410|당동|903-8,37.349119,126.944604,address
41410|당동|906,37.348604,126.944949,address
41410|당동|907,37.347937,126.945890,address
41410|당동|909-3,37.348060,126.947717,address
41410|당동|911,37.347407,126.947655,address
41410|당동|911-6,37.347046,126.947712,address
41410|당동|911-8,37.346681,126.947642,address
41410|당동|922-14,37.346259,126.946752,address
41410|당동|922-18,37.346052,126.946333,address
41410|당동|922-22,37.346160,126.946063,address
41410|당동|923,37.346260,126.947441,address
41410|당동|946-1,37.353841,126.939679,address
41410|당동|946-3,37.353782,126.939968,address
41410|당동|946-4,37.353691,126.940214,address
41410|당동|946-5,37.353626,126.940442,address
41410|당동|949-1,37.352124,126.939338,address
41410|당동|950-1,37.350972,126.939427,address
41410|당동|951-6,37.350098,126.940129,address
41410|당동|954,37.349226,126.939009,address
41410|당동|957-1,37.348103,126.938438,address
41410|당동|957-2,37.347868,126.939521,address
41410|당동|960-4,37.346813,126.940034,address
41410|당동|961-4,37.346830,126.941705,address
41410|당동|963,37.346282,126.940701,address
41410|당동|966-1,37.345732,126.940582,address
41410|당동|966-3,37.345367,126.940235,address
41410|당동|979-1,37.343501,126.936672,address
41410|당정동|1000-1,37.345755,126.951685,address
41410|당정동|1001-1,37.346245,126.951534,address
41410|당정동|1002-10,37.346490,126.950993,address
41410|당정동|1003-1,37.345736,126.950845,address
41410|당정동|1005-1,37.345382,126.950452,address
41410|당정동|1006-1,37.345928,126.949987,address
41410|당정동|1007-3,37.345505,126.949434,address
41410|당정동|1007-4,37.345282,126.949485,address
41410|당정동|1007-5,37.345103,126.949526,address
41410|당정동|1007-6,37.344898,126.949576,address
41410|당정동|1012-3,37.342277,126.950312,address
41410|당정동|1019-1,37.340681,126.949006,address
41410|당정동|1021-1,37.341305,126.949615,address
41410|당정동|1022-1,37.341758,126.949775,address
41410|당정동|1023-1,37.342130,126.949654,address
41410|당정동|1024-1,37.342602,126.949505,address
41410|당정동|1025-1,37.342812,126.951128,address
41410|당정동|966-6,37.347318,126.953861,address
41410|당정동|967-1,37.347587,126.954002,address
41410|당정동|967-5,37.347647,126.954160,address
41410|당정동|973-1,37.344845,126.955741,address
41410|당정동|974-6,37.347620,126.955822,address
41410|당정동|976-2,37.348930,126.957047,address
41410|당정동|976-5,37.348701,126.957308,address
41410|당정동|976-6,37.348399,126.957503,address
41410|당정동|978-1,37.348179,126.956535,address
41410|당정동|979-1,37.348015,126.956109,address
41410|당정동|981-1,37.347442,126.956455,address
41410|당정동|984-1,37.347788,126.957278,address
41410|당정동|985-1,37.348001,126.957737,address
41410|당정동|985-2,37.347788,126.957798,address
41410|당정동|985-3,37.347573,126.957858,address
41410|당정동|986-5,37.346546,126.957745,address
41410|당정동|987-1,37.346587,126.956722,address
41410|당정동|987-2,37.346556,126.957006,address
41410|당정동|987-3,37.346502,126.957292,address
41410|당정동|988-6,37.346073,126.957200,address
41410|당정동|990-5,37.344448,126.957230,address
41410|당정동|997-1,37.343768,126.952326,address
41410|당정동|998-1,37.344869,126.951763,address
41410|당정동|998-2,37.344486,126.951418,address
41410|당정동|999-1,37.345261,126.951787,address
41410|대야미동|636-3,37.332208,126.915336,address
41410|대야미동|642-7,37.330326,126.916774,address
41410|대야미동|642-8,37.330909,126.916874,address
41410|대야미동|643-7,37.329228,126.916368,address
41410|대야미동|652-7,37.328295,126.920042,address
41410|대야미동|652-8,37.327965,126.919841,address
41410|대야미동|654-14,37.327472,126.918248,address
41410|대야미동|656-2,37.327890,126.919386,address
41410|대야미동|659-1,37.326787,126.917166,address
41410|대야미동|666-1,37.328453,126.918233,keyword
41410|대야미동|667-3,37.325176,126.916201,address
41410|대야미동|701,37.326235,126.916146,address
41410|도마교동|456,37.317249,126.917791,address
41410|도마교동|458,37.318710,126.919803,address
41410|도마교동|471,37.316346,126.925509,address
41410|도마교동|471-1,37.313931,126.926258,address
41410|도마교동|479,37.313819,126.924082,address
41410|부곡동|1080,37.323761,126.934368,address
41410|부곡동|1086,37.321895,126.933640,address
41410|부곡동|1098,37.324162,126.941265,address
41410|부곡동|1181,37.334817,126.929181,address
41410|부곡동|1199,37.336539,126.932650,address
41410|부곡동|1201,37.337430,126.930744,address
41410|부곡동|1204,37.338882,126.930761,address
41410|산본동|1028,37.369288,126.941898,address
41410|산본동|1030,37.368235,126.940651,address
41410|산본동|1030-1,37.368331,126.940829,address
41410|산본동|1030-2,37.368427,126.941009,address
41410|산본동|1035,37.367474,126.939044,address
41410|산본동|1035-14,37.367596,126.939253,address
41410|산본동|1035-15,37.367387,126.939408,address
41410|산본동|1035-16,37.367263,126.939176,address
41410|산본동|1036-1,37.366996,126.938433,address
41410|산본동|1052,37.365155,126.932275,address
41410|산본동|1055,37.374787,126.936109,address
41410|산본동|1059,37.372565,126.933850,address
41410|산본동|106-4,37.373041,126.935990,address
41410|산본동|1063,37.369146,126.933371,address
41410|산본동|1065-4,37.369865,126.931199,address
41410|산본동|1066,37.373769,126.931257,address
41410|산본동|1088,37.370705,126.928017,address
41410|산본동|1091-1,37.367844,126.928097,address
41410|산본동|1092,37.367067,126.931982,address
41410|산본동|1119,37.364615,126.923831,address
41410|산본동|1119-3,37.362995,126.923249,address
41410|산본동|1119-4,37.363960,126.921990,address
41410|산본동|1120,37.363369,126.928103,address
41410|산본동|1121,37.364215,126.929279,address
41410|산본동|1145,37.358351,126.928823,address
41410|산본동|1145-14,37.357619,126.926559,address
41410|산본동|1145-14#41410-47,37.357551,126.927538,keyword
41410|산본동|1145-14#41410-64,37.357619,126.926559,keyword
41410|산본동|1146,37.361728,126.926179,address
41410|산본동|1146-11,37.359589,126.925542,address
41410|산본동|1147,37.360859,126.922564,address
41410|산본동|1148,37.362320,126.921088,address
41410|산본동|1148-4,37.360231,126.920430,address
41410|산본동|1151-5,37.357304,126.917742,address
41410|산본동|1151-9,37.358111,126.919423,address
41410|산본동|1151-9#41410-49,37.357852,126.919104,keyword
41410|산본동|1151-9#41410-50,37.358111,126.919423,address
41410|산본동|1152-2,37.355763,126.916874,address
41410|산본동|1152-7,37.356190,126.922859,address
41410|산본동|1155,37.351458,126.923953,address
41410|산본동|1155-7,37.345599,126.923173,address
41410|산본동|1156-1,37.349590,126.927422,address
41410|산본동|1156-15,37.344887,126.925904,address
41410|산본동|1240,37.368301,126.935498,address
41410|산본동|310-2,37.366024,126.937891,address
41410|산본동|45-1,37.375812,126.939374,address
41410|산본동|48,37.375399,126.938833,address
41410|산본동|48-2,37.374933,126.938566,address
41410|산본동|71-8,37.373013,126.937565,address
41410|산본동|82,37.372257,126.938321,address
41410|산본동|83-28,37.372475,126.938600,address
41430|고천동|503-1,37.348855,126.977626,address
41430|고천동|516,37.348267,126.977036,address
41430|고천동|517,37.348377,126.977157,address
41430|고천동|522,37.347804,126.967256,address
41430|고천동|550,37.345606,126.972573,address
41430|고천동|553,37.346789,126.968634,address
41430|내손동|401-1,37.388844,126.974836,address
41430|내손동|414,37.389705,126.976047,address
41430|내손동|643,37.387450,126.980124,address
41430|내손동|771,37.377475,126.976252,address
41430|내손동|774,37.375736,126.972785,address
41430|내손동|790,37.377991,126.973355,address
41430|내손동|795,37.377135,126.970625,address
41430|내손동|799,37.376202,126.969964,address
41430|내손동|842,37.388106,126.976585,address
41430|내손동|843,37.387677,126.974756,address
41430|내손동|844,37.384810,126.974627,address
41430|내손동|844#41430-817,37.384693,126.974835,keyword
41430|내손동|844#41430-818,37.384505,126.977338,keyword
41430|내손동|846,37.385770,126.978810,address
41430|삼동|115-1,37.316453,126.955986,address
41430|삼동|121-6,37.316592,126.955245,address
41430|삼동|121-8,37.317013,126.955281,address
41430|삼동|125,37.317853,126.955999,address
41430|삼동|130-1,37.318985,126.955623,address
41430|삼동|130-11,37.318844,126.955184,address
41430|삼동|146,37.317187,126.953127,address
41430|삼동|146-71,37.315732,126.951514,address
41430|삼동|160-1,37.319013,126.950909,address
41430|삼동|160-23,37.318774,126.949579,address
41430|삼동|160-29,37.317800,126.950047,address
41430|삼동|160-49,37.318866,126.949874,address
41430|삼동|160-7,37.318827,126.950066,address
41430|삼동|165-4,37.319058,126.949560,address
41430|삼동|166-22,37.319499,126.951354,address
41430|삼동|168-7,37.318766,126.951490,address
41430|삼동|170-8,37.318148,126.951951,address
41430|삼동|178,37.318504,126.953805,address
41430|삼동|192-149,37.321737,126.952098,address
41430|삼동|192-216,37.322414,126.953231,address
41430|삼동|192-244,37.321755,126.951500,address
41430|삼동|192-342,37.320203,126.950925,address
41430|삼동|192-40,37.320514,126.950710,address
41430|삼동|192-50,37.320032,126.950937,address
41430|삼동|192-54,37.320218,126.950250,address
41430|삼동|244-1,37.320881,126.955831,address
41430|삼동|277-1,37.322410,126.956762,address
41430|삼동|277-3,37.322065,126.956754,address
41430|삼동|282-2,37.323983,126.957014,address
41430|삼동|460-109,37.321917,126.949752,address
41430|삼동|462-20,37.323548,126.955522,address
41430|삼동|462-32,37.322774,126.955814,address
41430|삼동|462-45,37.322423,126.954830,address
41430|삼동|471-12,37.321699,126.949853,address
41430|삼동|594,37.320546,126.959422,address
41430|삼동|607,37.319538,126.959784,address
41430|삼동|616,37.318472,126.963760,address
41430|오전동|100,37.361819,126.969242,address
41430|오전동|104,37.359781,126.968110,address
41430|오전동|104-20,37.359364,126.969420,address
41430|오전동|21,37.366789,126.965890,address
41430|오전동|216-1,37.357760,126.967525,address
41430|오전동|217-2,37.357747,126.968492,address
41430|오전동|230,37.358468,126.969836,address
41430|오전동|233,37.358532,126.972041,address
41430|오전동|24,37.365389,126.965286,address
41430|오전동|27-1,37.364157,126.966246,address
41430|오전동|28,37.361688,126.967116,address
41430|오전동|283-12,37.352965,126.973475,address
41430|오전동|333,37.350249,126.975622,address
41430|오전동|339-1,37.350824,126.976339,address
41430|오전동|349-2,37.351805,126.973694,address
41430|오전동|358-1,37.352407,126.975752,address
41430|오전동|358-16,37.352660,126.975175,address
41430|오전동|358-19,37.354018,126.975281,address
41430|오전동|377,37.350214,126.977527,address
41430|오전동|380-11,37.351253,126.977891,address
41430|오전동|388-1,37.349323,126.979533,address
41430|오전동|838-3,37.358615,126.967003,address
41430|오전동|841,37.356277,126.969446,address
41430|오전동|842,37.355034,126.970486,address
41430|오전동|849,37.356550,126.971211,address
41430|오전동|854,37.351240,126.978982,address
41430|오전동|856,37.349618,126.980721,address
41430|오전동|886,37.351667,126.976221,address
41430|오전동|887,37.359548,126.971023,address
41430|오전동|892,37.350354,126.973586,address
41430|오전동|898,37.361333,126.964195,address
41430|오전동|산148-1,37.350893,126.978465,address
41430|오전동|산149-3,37.352153,126.977269,address
41430|왕곡동|592,37.346723,126.980962,address
41430|왕곡동|593,37.346806,126.979229,address
41430|왕곡동|599,37.344899,126.977159,address
41430|왕곡동|600,37.343632,126.977966,address
41430|왕곡동|602,37.344433,126.979462,address
41430|왕곡동|603,37.345447,126.978834,address
41430|청계동|966,37.393547,127.001498,address
41430|청계동|976,37.390850,126.998128,address
41430|청계동|982,37.390582,126.996121,address
41430|초평동|636,37.319584,126.942878,address
41430|포일동|441-2,37.397014,126.981008,address
41430|포일동|518,37.392448,126.982552,address
41430|포일동|523,37.393231,126.981696,address
41430|포일동|533-1,37.392500,126.980043,address
41430|포일동|533-5,37.392101,126.980697,address
41430|포일동|537-15,37.392336,126.979327,address
41430|포일동|638,37.390909,126.978367,address
41430|포일동|643,37.391300,126.979789,address
41430|포일동|645,37.403879,126.985903,address
41430|포일동|646,37.401103,126.984290,address
41430|포일동|649,37.403428,126.987564,address
41430|포일동|685,37.394303,126.984134,address
41430|학의동|1078,37.372328,127.015797,address
41430|학의동|1099,37.371922,127.009039,address
41430|학의동|1107,37.371638,127.005620,address
41430|학의동|1122,37.369684,127.010993,address
41430|학의동|1126,37.371781,127.011040,address
41430|학의동|1150,37.369374,127.005182,address
41430|학의동|1152,37.367568,127.004060,address
41450|감이동|438,37.510440,127.155352,address
41450|감이동|445,37.509970,127.156929,address
41450|감이동|446,37.509371,127.158311,address
41450|감이동|448,37.507779,127.157026,address
41450|감이동|457,37.508357,127.161657,address
41450|감이동|458,37.506761,127.160731,address
41450|감이동|491,37.502640,127.164523,address
41450|감이동|500,37.498121,127.164587,address
41450|감이동|501,37.504575,127.153019,address
41450|감이동|514-3,37.506785,127.156410,address
41450|감이동|530,37.502726,127.161809,address
41450|감이동|535,37.498607,127.162190,address
41450|감일동|481,37.506900,127.150609,address
41450|감일동|519,37.511703,127.157192,address
41450|덕풍동|336-40,37.544778,127.199333,address
41450|덕풍동|346,37.543156,127.197350,address
41450|덕풍동|352-1,37.542479,127.200771,address
41450|덕풍동|369-2,37.538138,127.199104,address
41450|덕풍동|369-4,37.538370,127.199350,address
41450|덕풍동|372-2,37.539483,127.201654,address
41450|덕풍동|404-1,37.541253,127.205583,address
41450|덕풍동|413-7,37.539704,127.204261,address
41450|덕풍동|416-7,37.539113,127.202988,address
41450|덕풍동|420-15,37.537253,127.203714,address
41450|덕풍동|420-26,37.537626,127.203677,address
41450|덕풍동|426-26,37.538337,127.202684,address
41450|덕풍동|519-4,37.533989,127.200866,address
41450|덕풍동|524,37.532890,127.201020,address
41450|덕풍동|537-1,37.533096,127.199246,address
41450|덕풍동|537-4,37.533674,127.198640,address
41450|덕풍동|681,37.533806,127.196544,address
41450|덕풍동|684,37.535184,127.197024,address
41450|덕풍동|687,37.544103,127.197492,address
41450|덕풍동|688,37.536133,127.195927,address
41450|덕풍동|689,37.533803,127.197513,address
41450|덕풍동|690,37.542005,127.197238,address
41450|덕풍동|691,37.540351,127.196828,address
41450|덕풍동|692,37.543752,127.201233,address
41450|덕풍동|695,37.536268,127.204699,address
41450|덕풍동|729,37.554578,127.203977,address
41450|덕풍동|731,37.553030,127.203346,address
41450|덕풍동|747,37.550757,127.209670,address
41450|덕풍동|748,37.550096,127.210811,address
41450|덕풍동|823,37.546089,127.208307,address
41450|덕풍동|946,37.544471,127.203704,address
41450|덕풍동|947,37.538772,127.197144,address
41450|덕풍동|948,37.543428,127.205539,address
41450|망월동|1034,37.567936,127.180912,address
41450|망월동|1050,37.561019,127.183174,address
41450|망월동|1060,37.564668,127.184157,address
41450|망월동|1062,37.562083,127.185265,address
41450|망월동|1125,37.564350,127.193817,address
41450|망월동|1127,37.564907,127.196179,address
41450|망월동|1162,37.560123,127.196262,address
41450|망월동|1170,37.561467,127.198544,address
41450|망월동|1177,37.557738,127.197956,address
41450|망월동|904,37.573942,127.192023,address
41450|망월동|910,37.569298,127.191551,address
41450|망월동|938,37.572454,127.192591,address
41450|망월동|946,37.570981,127.188205,address
41450|망월동|956,37.571168,127.184867,address
41450|선동|423,37.575799,127.187323,address
41450|선동|427,37.573859,127.185909,address
41450|선동|433,37.575641,127.183056,address
41450|선동|436,37.573805,127.183254,address
41450|선동|441,37.574651,127.179736,address
41450|선동|445,37.572774,127.180616,address
41450|선동|453,37.572279,127.178667,address
41450|선동|455,37.574264,127.177542,address
41450|신장동|100,37.541271,127.219870,address
41450|신장동|381-8,37.542031,127.212180,address
41450|신장동|415-10,37.541101,127.206959,address
41450|신장동|427-206,37.540088,127.207009,address
41450|신장동|427-25,37.540246,127.207399,address
41450|신장동|427-66,37.538997,127.204625,address
41450|신장동|427-93,37.539924,127.206395,address
41450|신장동|430-35,37.537474,127.206978,address
41450|신장동|430-7,37.537574,127.206424,address
41450|신장동|452-1,37.537189,127.210318,address
41450|신장동|527,37.542147,127.217687,address
41450|신장동|528,37.539868,127.219199,address
41450|신장동|528-5,37.539502,127.217789,address
41450|신장동|560,37.542877,127.214558,address
41450|신장동|561,37.542523,127.210930,address
41450|신장동|562,37.541249,127.210333,address
41450|신장동|568,37.536338,127.212174,address
41450|신장동|569,37.541626,127.222001,address
41450|신장동|570,37.538127,127.212537,address
41450|신장동|577,37.545322,127.211009,address
41450|신장동|593,37.545303,127.214144,address
41450|신장동|602,37.544432,127.219364,address
41450|창우동|518,37.540833,127.225225,address
41450|창우동|520,37.538460,127.222497,address
41450|창우동|521,37.536940,127.224350,address
41450|창우동|537,37.537952,127.224674,address
41450|풍산동|470,37.558288,127.183958,address
41450|풍산동|471,37.556603,127.183158,address
41450|풍산동|477,37.554499,127.182772,address
41450|풍산동|480,37.557799,127.186076,address
41450|풍산동|486,37.554705,127.184835,address
41450|풍산동|559,37.559549,127.192777,address
41450|풍산동|565,37.557691,127.192594,address
41450|풍산동|568,37.554910,127.193898,address
41450|풍산동|573,37.556665,127.195493,address
41450|풍산동|626,37.543658,127.195029,address
41450|풍산동|627,37.542135,127.195197,address
41450|풍산동|630,37.543818,127.193251,address
41450|학암동|635,37.486772,127.161089,address
41450|학암동|639,37.485245,127.160994,address
41450|학암동|641,37.483698,127.159249,address
41450|학암동|646,37.485842,127.156854,address
41450|학암동|651,37.486405,127.154581,address
41450|학암동|652,37.485052,127.151772,address
41450|학암동|662,37.476487,127.145550,address
41450|학암동|663,37.475014,127.145209,address
41450|학암동|671,37.474781,127.149032,address
41450|학암동|672,37.475327,127.152386,address
41450|학암동|673,37.473642,127.155499,address
41461|고림동|1000,37.265464,127.225896,address
41461|고림동|1001,37.265294,127.222915,address
41461|고림동|1002,37.258575,127.236906,address
41461|고림동|1005,37.241298,127.213875,address
41461|고림동|1014,37.248942,127.220397,address
41461|고림동|1021,37.264633,127.220302,address
41461|고림동|1026,37.245717,127.222391,address
41461|고림동|1028,37.243624,127.223765,address
41461|고림동|1033,37.243080,127.215105,address
41461|고림동|264-8,37.246144,127.230891,address
41461|고림동|411-1,37.252654,127.227389,address
41461|고림동|488-10,37.265921,127.223670,address
41461|고림동|748-11,37.240598,127.217217,address
41461|고림동|748-6,37.240854,127.217263,address
41461|고림동|794-15,37.237630,127.217025,address
41461|고림동|796-2,37.237249,127.217241,address
41461|고림동|820-141,37.266351,127.225074,address
41461|고림동|995,37.247116,127.228609,address
41461|고림동|996,37.253358,127.226510,address
41461|고림동|997,37.244424,127.231192,address
41461|김량장동|193,37.239714,127.203716,address
41461|김량장동|199-1,37.239776,127.203056,address
41461|김량장동|254-158,37.235101,127.201086,address
41461|김량장동|254-51,37.235854,127.204536,address
41461|김량장동|290,37.235703,127.195715,address
41461|김량장동|290-11,37.235503,127.195811,address
41461|김량장동|291,37.235898,127.194777,address
41461|김량장동|293-6,37.235207,127.196980,address
41461|김량장동|296-35,37.234593,127.204468,address
41461|김량장동|314-4,37.236307,127.198445,address
41461|김량장동|321,37.235472,127.198735,address
41461|김량장동|321-1,37.235644,127.199098,address
41461|김량장동|324-1,37.236198,127.200758,address
41461|김량장동|328-5,37.234302,127.198345,address
41461|김량장동|329-2,37.233954,127.198225,address
41461|김량장동|330-9,37.234169,127.199763,address
41461|김량장동|334-1,37.234548,127.200065,address
41461|김량장동|334-24,37.234406,127.200168,address
41461|김량장동|335-10,37.233604,127.199808,address
41461|김량장동|335-2,37.233719,127.199934,address
41461|김량장동|338,37.233569,127.200940,address
41461|김량장동|338-6,37.233570,127.201945,address
41461|김량장동|342-4,37.233778,127.204025,address
41461|김량장동|342-5,37.233317,127.204000,address
41461|김량장동|344-9,37.232374,127.202105,address
41461|김량장동|350-15,37.231829,127.200445,address
41461|김량장동|350-7,37.231897,127.199723,address
41461|김량장동|352-19,37.231875,127.202704,address
41461|김량장동|353-5,37.231515,127.203619,address
41461|김량장동|39-2,37.232589,127.208287,address
41461|김량장동|4-2,37.229857,127.211712,address
41461|김량장동|502-2,37.233458,127.197299,address
41461|김량장동|503-3,37.232371,127.197573,address
41461|김량장동|513,37.239840,127.201328,address
41461|김량장동|516,37.233774,127.194742,address
41461|김량장동|526,37.236435,127.196857,address
41461|김량장동|530,37.233708,127.206829,address
41461|김량장동|63-9,37.234103,127.209411,address
41461|김량장동|84-3,37.234646,127.207292,address
41461|남동|684,37.228239,127.209645,address
41461|남사읍 아곡리|681,37.156344,127.170549,address
41461|남사읍 완장리|945,37.160859,127.173704,address
41461|남사읍 완장리|949,37.158934,127.172708,address
41461|남사읍 완장리|952,37.157661,127.175886,address
41461|남사읍 완장리|954,37.154712,127.173772,address
41461|마평동|597-1,37.230516,127.213333,address
41461|마평동|605-1,37.231963,127.214221,address
41461|마평동|650-1,37.234973,127.215018,address
41461|마평동|730,37.236547,127.211418,address
41461|마평동|730-8,37.236084,127.211317,address
41461|마평동|923,37.235416,127.216615,address
41461|마평동|957,37.234295,127.218437,address
41461|모현읍 왕산리|464-2,37.332240,127.249925,address
41461|모현읍 왕산리|948,37.334567,127.254127,address
41461|모현읍 왕산리|953,37.345490,127.253969,address
41461|모현읍 왕산리|954,37.344099,127.256447,address
41461|모현읍 왕산리|955,37.346122,127.259773,address
41461|모현읍 일산리|669,37.336909,127.243375,address
41461|모현읍 일산리|671,37.336493,127.245696,address
41461|모현읍 초부리|808-2,37.303265,127.237847,address
41461|모현읍 초부리|808-30,37.304915,127.236404,address
41461|모현읍 초부리|808-8,37.303350,127.237680,address
41461|백암면 근창리|1083,37.163929,127.368984,address
41461|백암면 근창리|11-4,37.163631,127.369667,address
41461|백암면 근창리|28-1,37.163157,127.371746,address
41461|백암면 근창리|89-8,37.161194,127.364385,address
41461|삼가동|117,37.246035,127.167023,address
41461|삼가동|265,37.239060,127.171805,address
41461|삼가동|537,37.240878,127.173082,address
41461|삼가동|550,37.237906,127.170325,address
41461|삼가동|551,37.237804,127.171340,address
41461|삼가동|552,37.238111,127.172456,address
41461|삼가동|562,37.238504,127.165474,address
41461|삼가동|563,37.239636,127.167614,address
41461|삼가동|564,37.239288,127.169831,address
41461|양지읍 남곡리|76-26,37.224687,127.293883,address
41461|양지읍 남곡리|76-3,37.224891,127.293601,address
41461|양지읍 남곡리|901,37.229108,127.283845,address
41461|양지읍 남곡리|902,37.228579,127.285435,address
41461|양지읍 남곡리|903,37.227879,127.286599,address
41461|양지읍 양지리|462-2,37.236254,127.284983,address
41461|양지읍 양지리|465-1,37.235440,127.285627,address
41461|양지읍 양지리|474-3,37.233916,127.285462,address
41461|양지읍 양지리|594-3,37.235316,127.283863,address
41461|양지읍 양지리|747-8,37.236603,127.271585,address
41461|양지읍 양지리|907,37.235050,127.285262,address
41461|양지읍 양지리|925,37.235601,127.280623,address
41461|역북동|271-1,37.241564,127.198634,address
41461|역북동|280-3,37.241149,127.197588,address
41461|역북동|380,37.239179,127.192337,address
41461|역북동|381,37.239445,127.191052,address
41461|역북동|385-11,37.238914,127.190812,address
41461|역북동|412-2,37.238164,127.192713,address
41461|역북동|412-9,37.238051,127.192671,address
41461|역북동|417-13,37.237818,127.188766,address
41461|역북동|417-14,37.237913,127.188407,address
41461|역북동|418,37.237773,127.187866,address
41461|역북동|418-1,37.237705,127.188200,address
41461|역북동|418-3,37.237504,127.188731,address
41461|역북동|423-4,37.236766,127.188961,address
41461|역북동|426,37.237348,127.190422,address
41461|역북동|427-10,37.236650,127.190195,address
41461|역북동|434-42,37.238371,127.193542,address
41461|역북동|438-1,37.236981,127.191860,address
41461|역북동|439-3,37.236636,127.193776,address
41461|역북동|454-8,37.238083,127.196526,address
41461|역북동|467-25,37.239126,127.199449,address
41461|역북동|467-4,37.238776,127.199196,address
41461|역북동|470-7,37.240600,127.198072,address
41461|역북동|721-1,37.235310,127.189737,address
41461|역북동|721-2,37.234755,127.190605,address
41461|역북동|721-3,37.235275,127.190901,address
41461|역북동|734,37.235755,127.186284,address
41461|역북동|736,37.234025,127.185655,address
41461|역북동|781,37.243187,127.196719,address
41461|역북동|787,37.242089,127.196098,address
41461|역북동|795,37.238920,127.197662,address
41461|역북동|808,37.229927,127.184398,address
41461|역북동|809,37.231069,127.182381,address
41461|역북동|826,37.247225,127.193283,address
41461|운학동|428-3,37.208081,127.234920,address
41461|원삼면 좌항리|106-42,37.202492,127.321500,address
41461|원삼면 좌항리|121-2,37.202393,127.321028,address
41461|유방동|1007-1,37.265073,127.216100,address
41461|유방동|1007-50,37.264280,127.216317,address
41461|유방동|1007-51,37.264129,127.217479,address
41461|유방동|181,37.267176,127.206874,address
41461|유방동|286-5,37.260921,127.215685,address
41461|유방동|289-4,37.259231,127.215224,address
41461|유방동|330-1,37.257327,127.215598,address
41461|이동읍 송전리|1227,37.137990,127.201407,address
41461|이동읍 송전리|241-14,37.134233,127.202122,address
41461|이동읍 천리|1119,37.192207,127.204676,address
41461|이동읍 천리|1124,37.189126,127.205213,address
41461|이동읍 천리|1134,37.200235,127.207241,address
41461|이동읍 천리|1142,37.201549,127.208235,address
41461|이동읍 천리|118-1,37.189047,127.209550,address
41461|이동읍 천리|279,37.193100,127.207761,address
41461|이동읍 천리|56-4,37.187540,127.217818,address
41461|이동읍 천리|584-52,37.203398,127.208122,address
41461|이동읍 천리|92-5,37.188327,127.216829,address
41461|포곡읍 둔전리|116-7,37.267411,127.222086,address
41461|포곡읍 둔전리|121-2,37.268430,127.222421,address
41461|포곡읍 둔전리|121-4,37.268052,127.222346,address
41461|포곡읍 둔전리|122-11,37.267738,127.222643,address
41461|포곡읍 둔전리|122-3,37.267971,127.222677,address
41461|포곡읍 둔전리|122-5,37.268505,127.222706,address
41461|포곡읍 둔전리|122-7,37.268123,127.222719,address
41461|포곡읍 둔전리|131-2,37.268814,127.220398,address
41461|포곡읍 둔전리|147,37.267265,127.217580,address
41461|포곡읍 둔전리|152-15,37.268863,127.217606,address
41461|포곡읍 둔전리|166-2,37.271644,127.217863,address
41461|포곡읍 둔전리|171-7,37.272100,127.218128,address
41461|포곡읍 둔전리|175,37.271775,127.218904,address
41461|포곡읍 둔전리|319,37.270138,127.212308,address
41461|포곡읍 둔전리|362-2,37.271122,127.216989,address
41461|포곡읍 둔전리|385,37.267477,127.215858,address
41461|포곡읍 둔전리|447,37.266894,127.215453,address
41461|포곡읍 둔전리|449,37.273624,127.221087,address
41461|포곡읍 삼계리|115-2,37.296857,127.234923,address
41461|포곡읍 삼계리|115-3,37.296995,127.234789,address
41461|포곡읍 삼계리|115-4,37.297143,127.234645,address
41461|포곡읍 삼계리|116,37.297515,127.234368,address
41461|포곡읍 삼계리|116-3,37.297369,127.234510,address
41461|포곡읍 삼계리|118,37.297269,127.235054,address
41461|포곡읍 삼계리|275-12,37.288152,127.233579,address
41461|포곡읍 삼계리|275-14,37.287885,127.233462,address
41461|포곡읍 삼계리|275-21,37.287703,127.233425,address
41461|포곡읍 삼계리|368,37.286670,127.236620,address
41461|포곡읍 삼계리|368-1,37.286337,127.236904,address
41461|포곡읍 삼계리|368-2,37.286185,127.236923,address
41461|포곡읍 삼계리|369-12,37.286034,127.236905,address
41461|포곡읍 삼계리|369-5,37.285881,127.236884,address
41461|포곡읍 삼계리|369-7,37.285683,127.236833,address
41461|포곡읍 삼계리|489,37.280877,127.232554,address
41461|포곡읍 삼계리|491-1,37.280599,127.232637,address
41461|포곡읍 삼계리|672,37.294416,127.238228,address
41461|포곡읍 영문리|555,37.272178,127.209925,address
41461|포곡읍 전대리|150-2,37.282962,127.219727,address
41461|포곡읍 전대리|150-21,37.282784,127.219915,address
41461|포곡읍 전대리|150-28,37.282433,127.220293,address
41461|포곡읍 전대리|150-3,37.282672,127.220052,address
41461|포곡읍 전대리|151-2,37.282342,127.220828,address
41461|포곡읍 전대리|152-5,37.281988,127.220938,address
41461|포곡읍 전대리|191-5,37.286061,127.218461,address
41461|포곡읍 전대리|368,37.284784,127.216289,address
41463|고매동|359,37.230916,127.112183,address
41463|고매동|377-13,37.226660,127.111588,address
41463|고매동|385-1,37.231088,127.109853,address
41463|고매동|409-31,37.224833,127.108639,address
41463|고매동|409-37,37.223987,127.107449,address
41463|고매동|409-50,37.225274,127.107245,address
41463|고매동|409-70,37.224011,127.104140,address
41463|고매동|674-2,37.227883,127.097867,address
41463|고매동|674-3,37.227890,127.098346,address
41463|고매동|674-7,37.228673,127.097665,address
41463|고매동|674-8,37.228444,127.098443,address
41463|고매동|674-9,37.228099,127.097479,address
41463|고매동|877,37.230044,127.111997,address
41463|고매동|880,37.228286,127.115278,address
41463|고매동|883,37.230880,127.111091,address
41463|공세동|382-1,37.240344,127.103425,address
41463|공세동|663,37.232334,127.117568,address
41463|공세동|679,37.242968,127.108316,address
41463|공세동|692,37.234274,127.103197,address
41463|공세동|694,37.240181,127.108709,address
41463|공세동|714,37.243375,127.122188,address
41463|구갈동|344,37.284012,127.112273,address
41463|구갈동|380,37.278684,127.114875,address
41463|구갈동|384-1,37.276591,127.114955,address
41463|구갈동|384-2,37.277089,127.115358,address
41463|구갈동|385,37.276922,127.112738,address
41463|구갈동|385-1,37.276222,127.113245,address
41463|구갈동|393,37.278353,127.110701,address
41463|구갈동|396,37.278834,127.112503,address
41463|구갈동|397-1,37.277684,127.112654,address
41463|구갈동|397-2,37.277756,127.113230,address
41463|구갈동|404-2,37.276206,127.111422,address
41463|구갈동|405-1,37.275772,127.111936,address
41463|구갈동|409,37.275739,127.110528,address
41463|구갈동|543,37.279239,127.129724,address
41463|구갈동|544,37.278616,127.130846,address
41463|구갈동|574,37.275418,127.129102,address
41463|구갈동|597,37.270073,127.128920,address
41463|구갈동|600,37.270573,127.132022,address
41463|구갈동|603,37.269208,127.131029,address
41463|구갈동|604,37.269424,127.133402,address
41463|구갈동|657,37.274549,127.115052,address
41463|구갈동|658,37.273287,127.114993,address
41463|구갈동|660,37.274700,127.117627,address
41463|구갈동|661,37.272725,127.118186,address
41463|구갈동|662,37.273280,127.119989,address
41463|구갈동|663,37.272141,127.121112,address
41463|동백동|478-10,37.278781,127.150331,address
41463|동백동|572,37.286915,127.151588,address
41463|동백동|574,37.286622,127.153197,address
41463|동백동|575,37.286610,127.154646,address
41463|동백동|579,37.285101,127.160865,address
41463|동백동|583,37.283582,127.164794,address
41463|동백동|593,37.281955,127.163422,address
41463|동백동|596,37.281031,127.162047,address
41463|동백동|599,37.283132,127.160676,address
41463|동백동|604,37.284220,127.154772,address
41463|동백동|653,37.279587,127.155187,address
41463|동백동|654,37.282166,127.154750,address
41463|동백동|656,37.281978,127.157349,address
41463|동백동|661,37.280797,127.159173,address
41463|동백동|662,37.280010,127.160863,address
41463|동백동|683,37.279810,127.148866,address
41463|동백동|689,37.280489,127.150966,address
41463|동백동|694,37.283899,127.150065,address
41463|마북동|143,37.305855,127.126677,address
41463|마북동|204-5,37.302089,127.124758,address
41463|마북동|352,37.296268,127.113300,address
41463|마북동|524-8,37.300994,127.110987,address
41463|마북동|526-3,37.301635,127.107683,address
41463|마북동|550-4,37.302633,127.112345,address
41463|마북동|617,37.304371,127.126253,address
41463|마북동|619,37.293871,127.113523,address
41463|마북동|620,37.294183,127.115102,address
41463|마북동|621,37.303229,127.127657,address
41463|마북동|624,37.301531,127.114556,address
41463|마북동|625,37.303095,127.120671,address
41463|마북동|629,37.299042,127.111543,address
41463|마북동|630,37.300606,127.124671,address
41463|마북동|636,37.306640,127.128711,address
41463|마북동|638,37.302541,127.118831,address
41463|마북동|641,37.302278,127.123768,address
41463|마북동|649,37.307418,127.129160,address
41463|마북동|651,37.296980,127.116296,address
41463|마북동|653,37.295686,127.115880,address
41463|마북동|654,37.309584,127.130258,address
41463|마북동|657,37.303369,127.126324,address
41463|마북동|659,37.296298,127.111299,address
41463|보라동|289-12,37.254716,127.112302,address
41463|보라동|450,37.251916,127.106327,address
41463|보라동|553,37.253154,127.116739,address
41463|보라동|558,37.252336,127.121892,address
41463|보라동|564,37.252825,127.106705,address
41463|보라동|570,37.250648,127.119968,address
41463|보라동|617,37.249121,127.109887,address
41463|보라동|620,37.247499,127.106955,address
41463|보라동|633,37.248600,127.112189,address
41463|보라동|660,37.254054,127.114232,address
41463|보정동|1162,37.311383,127.113202,address
41463|보정동|1169,37.309502,127.097409,address
41463|보정동|1172,37.304248,127.107453,address
41463|보정동|1177,37.305056,127.108012,address
41463|보정동|1207-3,37.320751,127.112933,address
41463|보정동|1258,37.316459,127.116904,address
41463|보정동|1263,37.320040,127.110830,address
41463|보정동|1267,37.317653,127.113518,address
41463|보정동|1271,37.318334,127.110064,address
41463|보정동|1282,37.311749,127.109458,address
41463|보정동|1283,37.312904,127.110635,address
41463|보정동|1291,37.308527,127.106188,address
41463|보정동|1293,37.307588,127.106103,address
41463|보정동|1298,37.308674,127.109120,address
41463|보정동|1393,37.306511,127.107538,address
41463|보정동|1401,37.321601,127.101432,address
41463|보정동|388,37.314724,127.101191,address
41463|보정동|694,37.303950,127.110286,address
41463|보정동|871,37.307584,127.096111,address
41463|보정동|878-18,37.306354,127.097785,address
41463|보정동|909,37.301832,127.095103,address
41463|보정동|911-1,37.300100,127.096347,address
41463|상갈동|102-3,37.268181,127.106085,address
41463|상갈동|121-2,37.268784,127.107027,address
41463|상갈동|454,37.266408,127.112404,address
41463|상갈동|461,37.264750,127.109974,address
41463|상갈동|463,37.262635,127.110149,address
41463|상갈동|480,37.262602,127.105088,address
41463|상갈동|481,37.262436,127.107238,address
41463|상하동|137,37.255478,127.142429,address
41463|상하동|296,37.263101,127.141892,address
41463|상하동|447,37.272630,127.140040,address
41463|상하동|471-2,37.275340,127.140846,address
41463|상하동|621,37.257158,127.138418,address
41463|상하동|630,37.275173,127.137544,address
41463|상하동|652,37.255852,127.141133,address
41463|상하동|656,37.270990,127.138845,address
41463|상하동|659,37.260939,127.137095,address
41463|상하동|660,37.259477,127.138952,address
41463|상하동|675,37.268465,127.136351,address
41463|상하동|693,37.274845,127.142450,address
41463|상현동|99,37.308860,127.077595,keyword
41463|서천동|700,37.244271,127.071852,address
41463|서천동|705,37.241270,127.067884,address
41463|서천동|708,37.246057,127.072422,address
41463|서천동|736,37.239356,127.072239,address
41463|서천동|755,37.240872,127.076851,address
41463|서천동|801,37.237777,127.075014,address
41463|서천동|823,37.235787,127.074641,address
41463|서천동|828,37.245681,127.070272,address
41463|서천동|834,37.244497,127.074874,address
41463|신갈동|116-2,37.280141,127.109937,address
41463|신갈동|14,37.278411,127.106386,address
41463|신갈동|14-4,37.278461,127.107201,address
41463|신갈동|151-1,37.286823,127.108398,address
41463|신갈동|158,37.284094,127.106955,address
41463|신갈동|158#41463-35,37.284066,127.107006,keyword
41463|신갈동|158#41463-36,37.284066,127.107006,keyword
41463|신갈동|159,37.281717,127.106740,address
41463|신갈동|165,37.285792,127.109844,address
41463|신갈동|166,37.286904,127.111842,address
41463|신갈동|17-15,37.276075,127.106472,address
41463|신갈동|2-1,37.279194,127.107853,address
41463|신갈동|31-5,37.277046,127.109052,address
41463|신갈동|33,37.276730,127.108556,address
41463|신갈동|34-16,37.276759,127.107727,address
41463|신갈동|50-1,37.273960,127.109148,address
41463|신갈동|6-9,37.278058,127.109235,address
41463|신갈동|61-1,37.271824,127.106415,address
41463|신갈동|63,37.272275,127.108639,address
41463|신갈동|68-6,37.271438,127.108900,address
41463|신갈동|681,37.289923,127.110657,address
41463|신갈동|682,37.290190,127.112045,address
41463|신갈동|691,37.289893,127.117801,address
41463|신갈동|697,37.287938,127.120491,address
41463|신갈동|703,37.288093,127.114060,address
41463|신갈동|71-35,37.270330,127.104717,address
41463|신갈동|733,37.281842,127.110266,address
41463|신갈동|734,37.276467,127.100189,address
41463|신갈동|736,37.272026,127.101771,address
41463|언남동|123,37.297726,127.130323,address
41463|언남동|123-1,37.297368,127.130238,address
41463|언남동|126-1,37.296887,127.130238,address
41463|언남동|126-2,37.296598,127.130242,address
41463|언남동|240-1,37.293321,127.122629,address
41463|언남동|243,37.293929,127.122116,address
41463|언남동|352,37.295263,127.118918,address
41463|언남동|382-6,37.293751,127.117759,address
41463|언남동|384-2,37.293797,127.116946,address
41463|언남동|385-3,37.294459,127.116789,address
41463|언남동|385-4,37.294411,127.116863,address
41463|언남동|456-14,37.293921,127.116263,address
41463|언남동|486,37.294931,127.124342,address
41463|언남동|490,37.290748,127.130028,address
41463|언남동|493,37.295050,127.121564,address
41463|언남동|495,37.293184,127.118256,address
41463|언남동|496,37.294691,127.126954,address
41463|언남동|500,37.289269,127.121663,address
41463|언남동|503,37.292784,127.125483,address
41463|언남동|522,37.298053,127.119516,address
41463|언남동|92-1,37.298174,127.130355,address
41463|영덕동|1069,37.271557,127.084086,address
41463|영덕동|1079,37.273992,127.083428,address
41463|영덕동|1117,37.275432,127.091664,address
41463|영덕동|1267,37.266369,127.095980,address
41463|영덕동|13,37.268792,127.096288,address
41463|영덕동|1315,37.268829,127.090378,address
41463|영덕동|1331,37.267372,127.097818,address
41463|영덕동|14-11,37.267521,127.095680,address
41463|영덕동|15,37.268125,127.094778,address
41463|영덕동|916,37.268714,127.075866,address
41463|영덕동|946,37.265419,127.092548,address
41463|영덕동|947,37.265702,127.093999,address
41463|영덕동|952,37.280461,127.077526,address
41463|영덕동|958,37.276994,127.081242,address
41463|영덕동|961,37.278307,127.077358,address
41463|영덕동|963,37.277010,127.076650,address
41463|영덕동|969,37.279658,127.073439,address
41463|영덕동|971,37.278910,127.071941,address
41463|영덕동|976,37.277656,127.070217,address
41463|영통동|1166,37.265159,127.075770,keyword
41463|중동|1045,37.262317,127.159639,address
41463|중동|1046,37.263395,127.158440,address
41463|중동|1047,37.264378,127.157475,address
41463|중동|1050,37.266693,127.155838,address
41463|중동|1051,37.268394,127.154712,address
41463|중동|1081,37.277696,127.145477,address
41463|중동|1096,37.283117,127.145355,address
41463|중동|1100,37.285420,127.146471,address
41463|중동|1101,37.282685,127.148398,address
41463|중동|1102,37.280800,127.146791,address
41463|중동|1126,37.278067,127.144226,address
41463|중동|1139,37.278742,127.147936,address
41463|중동|1146,37.277577,127.144065,address
41463|중동|621-7,37.276255,127.146828,address
41463|중동|678,37.276053,127.146520,address
41463|중동|679-8,37.275992,127.146793,address
41463|중동|817,37.279298,127.145038,address
41463|중동|819,37.264680,127.153529,address
41463|중동|860,37.271277,127.154867,address
41463|중동|870,37.276285,127.154870,address
41463|중동|874,37.278427,127.156915,address
41463|중동|878,37.276777,127.157267,address
41463|중동|956,37.271011,127.158214,address
41463|중동|958,37.269574,127.156704,address
41463|지곡동|704,37.251232,127.135551,address
41463|청덕동|482,37.287679,127.146081,address
41463|청덕동|488,37.299897,127.150350,address
41463|청덕동|497,37.297649,127.153136,address
41463|청덕동|499,37.295910,127.153340,address
41463|청덕동|565,37.292795,127.151763,address
41463|청덕동|567,37.293350,127.154000,address
41463|하갈동|631,37.254933,127.088383,address
41463|하갈동|632,37.255548,127.091180,address
41465|동천동|176-1,37.341648,127.100314,address
41465|동천동|177-12,37.342313,127.099888,address
41465|동천동|181-1,37.341209,127.101673,address
41465|동천동|325-37,37.339668,127.100528,address
41465|동천동|400-1,37.339277,127.092603,address
41465|동천동|858,37.338204,127.093635,address
41465|동천동|859,37.339835,127.099177,address
41465|동천동|862,37.338712,127.096005,address
41465|동천동|864,37.337009,127.093710,address
41465|동천동|868,37.336960,127.096662,address
41465|동천동|869,37.335627,127.094730,address
41465|동천동|870,37.335623,127.096633,address
41465|동천동|910,37.342320,127.101198,address
41465|동천동|911,37.340796,127.100533,address
41465|동천동|912,37.342181,127.098677,address
41465|동천동|913,37.339856,127.097160,address
41465|동천동|914,37.341168,127.097538,address
41465|동천동|917,37.338540,127.086099,address
41465|동천동|923,37.335706,127.085328,address
41465|동천동|930,37.331708,127.090168,address
41465|동천동|932,37.334046,127.088715,address
41465|동천동|935,37.336586,127.088011,address
41465|동천동|938,37.336541,127.090064,address
41465|동천동|969,37.341482,127.099426,address
41465|동천동|BL-,37.341400,127.094024,keyword
41465|동천동|가-,37.345809,127.090111,keyword
41465|동천동|가-#41465-445,37.345809,127.090111,keyword
41465|동천동|가-#41465-495,37.340031,127.093478,keyword
41465|동천동|산151-2,37.333215,127.091151,address
41465|상현동|1,37.313227,127.087490,address
41465|상현동|108-1,37.308740,127.076239,address
41465|상현동|1099,37.308359,127.073740,address
41465|상현동|1107,37.300732,127.073820,address
41465|상현동|1108,37.300885,127.075716,address
41465|상현동|1113,37.297780,127.064371,address
41465|상현동|1115,37.297578,127.067084,address
41465|상현동|1134,37.297041,127.071772,address
41465|상현동|1201,37.310939,127.084485,address
41465|상현동|1203,37.312949,127.090450,address
41465|상현동|1204,37.302835,127.084338,address
41465|상현동|1206,37.305444,127.073534,address
41465|상현동|1214,37.307997,127.088857,address
41465|상현동|1219,37.302486,127.074678,address
41465|상현동|168-1,37.307040,127.073385,address
41465|상현동|192-1,37.307993,127.076144,address
41465|상현동|192-5,37.307825,127.075679,address
41465|상현동|194,37.306982,127.076064,address
41465|상현동|194-2,37.306956,127.075622,address
41465|상현동|30,37.312977,127.092465,address
41465|상현동|32-11,37.310829,127.092041,address
41465|상현동|32-2,37.311158,127.091592,address
41465|상현동|32-3,37.311331,127.092554,address
41465|상현동|32-9,37.311043,127.092383,address
41465|상현동|33,37.310862,127.091593,address
41465|상현동|34-4,37.310409,127.091424,address
41465|상현동|824,37.303216,127.077036,address
41465|상현동|825,37.304233,127.077631,address
41465|상현동|827,37.304598,127.079409,address
41465|상현동|828,37.301753,127.076647,address
41465|상현동|831,37.301841,127.078638,address
41465|상현동|832,37.302958,127.080236,address
41465|상현동|837,37.302981,127.082260,address
41465|상현동|838,37.304166,127.082221,address
41465|상현동|840,37.305508,127.080585,address
41465|상현동|842,37.306905,127.082526,address
41465|상현동|843,37.308937,127.083914,address
41465|상현동|85-6,37.309387,127.081529,address
41465|상현동|850,37.306279,127.087902,address
41465|상현동|851,37.304757,127.084580,address
41465|상현동|852,37.307268,127.087077,address
41465|상현동|853,37.301582,127.073219,address
41465|상현동|855,37.303962,127.083378,address
41465|상현동|856,37.310303,127.088061,address
41465|상현동|857,37.311038,127.085495,address
41465|상현동|858,37.308763,127.087022,address
41465|상현동|859,37.311975,127.089491,address
41465|상현동|860,37.308042,127.080351,address
41465|상현동|861,37.305127,127.087109,address
41465|상현동|864,37.309604,127.090305,address
41465|상현동|866,37.300101,127.077926,address
41465|상현동|867,37.306736,127.078368,address
41465|상현동|869,37.304237,127.090234,address
41465|상현동|96-1,37.309683,127.079407,address
41465|상현동|96-3,37.310266,127.080138,address
41465|상현동|99,37.308931,127.077739,address
41465|성복동|155,37.317336,127.075921,address
41465|성복동|167,37.315184,127.073007,address
41465|성복동|168-10,37.315692,127.071222,address
41465|성복동|500-12,37.315370,127.059636,address
41465|성복동|723,37.314701,127.065882,address
41465|성복동|726,37.318166,127.073170,address
41465|성복동|731,37.319189,127.070152,address
41465|성복동|741,37.316410,127.079732,address
41465|성복동|752,37.320081,127.068376,address
41465|성복동|753,37.314522,127.062598,address
41465|성복동|754,37.315369,127.060864,address
41465|성복동|758,37.317258,127.065266,address
41465|성복동|759,37.318497,127.063761,address
41465|성복동|760,37.321220,127.063735,address
41465|성복동|762,37.320480,127.066845,address
41465|성복동|767,37.317782,127.058404,address
41465|성복동|771,37.314470,127.069968,address
41465|성복동|780,37.322475,127.061628,address
41465|성복동|789,37.312456,127.082776,address
41465|성복동|814,37.311240,127.074643,address
41465|성복동|819,37.312453,127.072068,address
41465|성복동|84,37.314230,127.077720,address
41465|성복동|90,37.312844,127.076348,address
41465|신봉동|1025,37.333118,127.067753,address
41465|신봉동|1034,37.326535,127.069871,address
41465|신봉동|772-13,37.325153,127.072034,address
41465|신봉동|870,37.326433,127.072533,address
41465|신봉동|871,37.325520,127.074854,address
41465|신봉동|873,37.326294,127.077398,address
41465|신봉동|874,37.324571,127.081294,address
41465|신봉동|876,37.324122,127.082808,address
41465|신봉동|880,37.323261,127.081299,address
41465|신봉동|893,37.320502,127.081988,address
41465|신봉동|905,37.319832,127.080572,address
41465|신봉동|911,37.328949,127.074379,address
41465|신봉동|912,37.320850,127.078573,address
41465|신봉동|946,37.332946,127.064690,address
41465|신봉동|949,37.330856,127.066852,address
41465|신봉동|959,37.328119,127.069736,address
41465|신봉동|960,37.327673,127.070863,address
41465|신봉동|965,37.328189,127.067424,address
41465|신봉동|971-3,37.327286,127.068512,address
41465|신봉동|976,37.328846,127.064581,address
41465|신봉동|985,37.326260,127.065747,address
41465|신봉동|987,37.325993,127.068236,address
41465|죽전동|1003-162,37.329770,127.106698,address
41465|죽전동|1003-450,37.329343,127.105861,address
41465|죽전동|1003-499,37.329419,127.106710,address
41465|죽전동|1003-60,37.328831,127.110792,address
41465|죽전동|1003-602,37.329815,127.105866,address
41465|죽전동|1003-8,37.329129,127.109879,address
41465|죽전동|1088-2,37.327553,127.113574,address
41465|죽전동|1110,37.330436,127.115148,address
41465|죽전동|1111,37.337188,127.105735,address
41465|죽전동|1112,37.332799,127.116923,address
41465|죽전동|1113,37.333015,127.128306,address
41465|죽전동|1114,37.332663,127.128292,address
41465|죽전동|1115,37.328502,127.116444,address
41465|죽전동|1116,37.325636,127.116524,address
41465|죽전동|1118,37.332795,127.114509,address
41465|죽전동|1119,37.328858,127.125897,address
41465|죽전동|1151,37.332269,127.111264,address
41465|죽전동|1152,37.332265,127.112341,address
41465|죽전동|1153,37.334389,127.111098,address
41465|죽전동|1154,37.334158,127.112233,address
41465|죽전동|1165,37.334121,127.122200,address
41465|죽전동|1182,37.333626,127.125998,address
41465|죽전동|1194,37.331160,127.124754,address
41465|죽전동|1198,37.331308,127.122587,address
41465|죽전동|1211,37.330998,127.119825,address
41465|죽전동|1213,37.330435,127.119809,address
41465|죽전동|1216,37.330502,127.121978,address
41465|죽전동|1221,37.330472,127.126738,address
41465|죽전동|1222,37.330620,127.127622,address
41465|죽전동|1223,37.330257,127.127433,address
41465|죽전동|1235,37.326962,127.122107,address
41465|죽전동|1261,37.325984,127.119626,address
41465|죽전동|1262,37.325116,127.119098,address
41465|죽전동|1269,37.324258,127.116185,address
41465|죽전동|1275,37.324053,127.114927,address
41465|죽전동|13-1,37.330756,127.135363,address
41465|죽전동|1300,37.322809,127.114960,address
41465|죽전동|1302,37.321857,127.114379,address
41465|죽전동|1303,37.321718,127.116366,address
41465|죽전동|1304,37.322307,127.117849,address
41465|죽전동|1306,37.323304,127.119486,address
41465|죽전동|1307,37.323925,127.120704,address
41465|죽전동|1311,37.322569,127.121366,address
41465|죽전동|1329,37.324999,127.123544,address
41465|죽전동|1355,37.327791,127.131753,address
41465|죽전동|1373,37.331101,127.128860,address
41465|죽전동|1380,37.333259,127.132705,address
41465|죽전동|1381,37.333084,127.130012,address
41465|죽전동|1385,37.332868,127.128804,address
41465|죽전동|1481,37.333632,127.105670,address
41465|죽전동|1483,37.330337,127.117404,address
41465|죽전동|1488,37.326545,127.112647,address
41465|죽전동|1492,37.331135,127.109836,address
41465|죽전동|172-1,37.330421,127.124887,address
41465|죽전동|222-10,37.331205,127.121142,address
41465|죽전동|223-1,37.331452,127.121774,address
41465|죽전동|331,37.329275,127.117834,address
41465|죽전동|339,37.327599,127.116458,address
41465|죽전동|414,37.324704,127.114672,address
41465|죽전동|453-1,37.328136,127.112705,address
41465|죽전동|454,37.328498,127.112211,address
41465|죽전동|488,37.329835,127.114286,address
41465|죽전동|501,37.330565,127.110698,address
41465|죽전동|51-1,37.332888,127.129347,address
41465|죽전동|53,37.333526,127.130577,address
41465|죽전동|55,37.333790,127.131615,address
41465|죽전동|78,37.330249,127.130593,address
41465|죽전동|78-1,37.330219,127.130116,address
41465|죽전동|79,37.330573,127.129760,address
41465|죽전동|832,37.336695,127.105291,address
41465|죽전동|832-1,37.335612,127.105345,address
41465|죽전동|855,37.335340,127.106953,address
41465|죽전동|857,37.331009,127.105762,address
41465|죽전동|857-2,37.330179,127.105837,address
41465|죽전동|858-1,37.331457,127.105630,address
41465|죽전동|858-11,37.330989,127.104837,address
41465|죽전동|858-6,37.331488,127.105007,address
41465|죽전동|871-12,37.331989,127.106539,address
41465|죽전동|871-8,37.332533,127.105278,address
41465|죽전동|883-1,37.332344,127.110153,address
41465|죽전동|89-1,37.331907,127.129671,address
41465|죽전동|893-8,37.331575,127.106241,address
41465|죽전동|895-2,37.330577,127.105941,address
41465|죽전동|895-5,37.331050,127.106387,address
41465|죽전동|93,37.331683,127.131014,address
41465|죽전동|94,37.331404,127.130869,address
41465|죽전동|94-1,37.331061,127.130700,address
41465|죽전동|941,37.334967,127.107548,address
41465|죽전동|947-1,37.334627,127.105807,address
41465|죽전동|951,37.334652,127.105386,address
41465|죽전동|952,37.334482,127.104636,address
41465|죽전동|96,37.330261,127.131113,address
41465|죽전동|96-2,37.330213,127.131625,address
41465|죽전동|97,37.330524,127.131741,address
41465|죽전동|98,37.330885,127.132104,address
41465|죽전동|99,37.330884,127.132730,address
41465|죽전동|산27-1,37.328328,127.130272,address
41465|풍덕천동|1014,37.323344,127.090105,address
41465|풍덕천동|1018,37.322617,127.088453,address
41465|풍덕천동|1018#41465-18,37.322598,127.088566,keyword
41465|풍덕천동|1018#41465-22,37.322598,127.088566,keyword
41465|풍덕천동|1021,37.321694,127.086934,address
41465|풍덕천동|1025,37.320031,127.085952,address
41465|풍덕천동|1027,37.319170,127.085192,address
41465|풍덕천동|1028,37.318918,127.087018,address
41465|풍덕천동|1060,37.321068,127.090106,address
41465|풍덕천동|1065,37.321749,127.091714,address
41465|풍덕천동|1104,37.319766,127.091724,address
41465|풍덕천동|1112,37.318228,127.090551,address
41465|풍덕천동|1167,37.316443,127.094371,address
41465|풍덕천동|1168-2,37.319472,127.099537,address
41465|풍덕천동|1180,37.315466,127.095417,address
41465|풍덕천동|1183,37.315389,127.083305,address
41465|풍덕천동|1186,37.314437,127.082920,address
41465|풍덕천동|1191,37.314731,127.094032,address
41465|풍덕천동|1195,37.323558,127.100738,address
41465|풍덕천동|1198,37.329162,127.099971,address
41465|풍덕천동|1209,37.315635,127.085349,address
41465|풍덕천동|1223,37.327146,127.098361,address
41465|풍덕천동|240-3,37.316237,127.087454,address
41465|풍덕천동|504-10,37.317142,127.086861,address
41465|풍덕천동|62-5,37.325774,127.099497,address
41465|풍덕천동|663-1,37.330822,127.093954,address
41465|풍덕천동|664,37.331502,127.096363,address
41465|풍덕천동|664#41465-13,37.331789,127.096317,keyword
41465|풍덕천동|664#41465-27,37.331789,127.096317,keyword
41465|풍덕천동|664#41465-7,37.331789,127.096317,keyword
41465|풍덕천동|690,37.328509,127.091048,address
41465|풍덕천동|691,37.327559,127.092912,address
41465|풍덕천동|692,37.326472,127.090677,address
41465|풍덕천동|692-1,37.327185,127.091374,address
41465|풍덕천동|693,37.326230,127.088476,address
41465|풍덕천동|694,37.326867,127.086342,address
41465|풍덕천동|698-2,37.324869,127.093111,address
41465|풍덕천동|699,37.323801,127.093881,address
41465|풍덕천동|700-1,37.326272,127.094290,address
41465|풍덕천동|703,37.325501,127.098153,address
41465|풍덕천동|82-9,37.324066,127.101822,address
41480|검산동|130-8,37.773517,126.748665,address
41480|검산동|310,37.774820,126.745095,address
41480|광탄면 신산리|683,37.779814,126.849675,address
41480|금릉동|196-2,37.757414,126.782310,address
41480|금릉동|197-13,37.756729,126.782385,address
41480|금릉동|199-52,37.755570,126.782624,address
41480|금릉동|199-6,37.755109,126.783642,address
41480|금촌동|1003,37.753022,126.775397,address
41480|금촌동|1008,37.750528,126.774649,address
41480|금촌동|1014,37.769471,126.771390,address
41480|금촌동|1014-1,37.768943,126.771216,address
41480|금촌동|1014-2,37.769434,126.770234,address
41480|금촌동|1015,37.770325,126.770798,address
41480|금촌동|1019,37.748838,126.770912,address
41480|금촌동|1022,37.750928,126.769612,address
41480|금촌동|11-13,37.770460,126.774260,address
41480|금촌동|11-27,37.770420,126.775029,address
41480|금촌동|11-7,37.771000,126.774211,address
41480|금촌동|1313,37.763962,126.772474,address
41480|금촌동|15-6,37.770483,126.775474,address
41480|금촌동|16,37.770880,126.775194,address
41480|금촌동|17-16,37.770043,126.775081,address
41480|금촌동|228-1,37.754487,126.770146,address
41480|금촌동|228-4,37.754507,126.769040,address
41480|금촌동|23,37.770031,126.774359,address
41480|금촌동|230-1,37.755020,126.771477,address
41480|금촌동|230-2,37.754804,126.770697,address
41480|금촌동|233-6,37.754496,126.771819,address
41480|금촌동|234-20,37.755208,126.772323,address
41480|금촌동|234-22,37.754648,126.773152,address
41480|금촌동|234-8,37.756101,126.772128,address
41480|금촌동|24-24,37.769554,126.774454,address
41480|금촌동|255-5,37.756665,126.772156,address
41480|금촌동|337-15,37.762212,126.772342,address
41480|금촌동|399-1,37.768378,126.770217,address
41480|금촌동|424-9,37.770004,126.772496,address
41480|금촌동|51-49,37.764220,126.776582,address
41480|금촌동|52-39,37.763439,126.775667,address
41480|금촌동|52-45,37.762755,126.776252,address
41480|금촌동|69,37.761325,126.774760,address
41480|금촌동|71-9,37.760792,126.775113,address
41480|금촌동|768-1,37.760709,126.777599,address
41480|금촌동|769-5,37.759102,126.778637,address
41480|금촌동|772-3,37.758475,126.776039,address
41480|금촌동|781-2,37.757591,126.780479,address
41480|금촌동|792-1,37.756191,126.779373,address
41480|금촌동|792-3,37.755721,126.779906,address
41480|금촌동|796-1,37.755679,126.781311,address
41480|금촌동|922,37.756482,126.769725,address
41480|금촌동|940-5,37.758643,126.771087,address
41480|금촌동|951-5,37.756806,126.774997,address
41480|금촌동|972,37.756129,126.766762,address
41480|금촌동|992,37.752979,126.770943,address
41480|금촌동|997,37.750170,126.772696,address
41480|다율동|1005,37.740739,126.726505,address
41480|다율동|1006,37.741594,126.728393,address
41480|다율동|1009,37.739349,126.729417,address
41480|다율동|1018,37.744087,126.732175,address
41480|다율동|1023,37.742481,126.732206,address
41480|다율동|1030,37.738629,126.732658,address
41480|다율동|1035,37.736735,126.734248,address
41480|다율동|1036,37.736068,126.727827,address
41480|다율동|982,37.732869,126.721001,address
41480|다율동|986,37.728525,126.719913,address
41480|다율동|가-,37.733881,126.724806,keyword
41480|동패동|1687,37.725076,126.712978,address
41480|동패동|1690,37.725343,126.716120,address
41480|동패동|1698,37.725927,126.720940,address
41480|동패동|1702,37.723679,126.721481,address
41480|동패동|1703,37.723667,126.718874,address
41480|동패동|1708,37.720571,126.721724,address
41480|동패동|1711,37.720213,126.719876,address
41480|동패동|1752,37.711819,126.741042,address
41480|동패동|1771,37.708539,126.742602,address
41480|동패동|1772,37.708546,126.744713,address
41480|동패동|1781,37.714788,126.734035,address
41480|동패동|200-1,37.713190,126.738716,address
41480|동패동|2071,37.714628,126.711410,address
41480|동패동|2073,37.712572,126.712934,address
41480|동패동|2076,37.714752,126.718378,address
41480|동패동|2110,37.710793,126.713952,address
41480|동패동|2119,37.710971,126.720585,address
41480|동패동|2127,37.708271,126.721185,address
41480|동패동|2129,37.708397,126.724242,address
41480|동패동|2217,37.716569,126.707645,address
41480|동패동|2219,37.716692,126.710945,address
41480|동패동|2262,37.723800,126.729446,address
41480|동패동|2295,37.713130,126.725686,address
41480|목동동|1009,37.727119,126.739432,address
41480|목동동|101,37.725318,126.739433,address
41480|목동동|114-37,37.731838,126.739310,address
41480|목동동|1142,37.719248,126.734308,address
41480|목동동|1149,37.724004,126.734111,address
41480|목동동|2-110,37.725283,126.749277,address
41480|목동동|2-117,37.726326,126.744237,address
41480|목동동|647,37.728457,126.744728,address
41480|목동동|667,37.728214,126.749740,address
41480|목동동|679,37.722587,126.744324,address
41480|목동동|898,37.734325,126.736727,address
41480|목동동|907,37.730954,126.729824,address
41480|목동동|911,37.727838,126.731392,address
41480|목동동|916,37.729779,126.733263,address
41480|목동동|922,37.731254,126.734711,address
41480|목동동|989,37.728147,126.740251,address
41480|문발동|560,37.724061,126.709243,address
41480|문산읍 당동리|170-2,37.863684,126.774535,address
41480|문산읍 당동리|170-3,37.864127,126.775215,address
41480|문산읍 당동리|871,37.861972,126.781309,address
41480|문산읍 당동리|909,37.861684,126.778075,address
41480|문산읍 당동리|91-7,37.864012,126.784348,address
41480|문산읍 당동리|92-4,37.863552,126.783848,address
41480|문산읍 당동리|930,37.860578,126.775992,address
41480|문산읍 당동리|935,37.867224,126.785696,address
41480|문산읍 당동리|940,37.863756,126.772046,address
41480|문산읍 당동리|947,37.865602,126.773880,address
41480|문산읍 문산리|10-92,37.856805,126.781718,address
41480|문산읍 문산리|142,37.860171,126.779300,address
41480|문산읍 문산리|145,37.852693,126.785741,address
41480|문산읍 문산리|148-14,37.856397,126.781992,address
41480|문산읍 문산리|17-25,37.855756,126.786670,address
41480|문산읍 문산리|17-29,37.853439,126.786647,address
41480|문산읍 문산리|31-1,37.855756,126.782959,address
41480|문산읍 문산리|31-17,37.855072,126.783320,address
41480|문산읍 문산리|33-6,37.853655,126.783855,address
41480|문산읍 문산리|97,37.858411,126.779758,address
41480|문산읍 선유리|1350,37.859319,126.792614,address
41480|문산읍 선유리|1352,37.860912,126.795722,address
41480|문산읍 선유리|1353,37.860385,126.795202,address
41480|문산읍 선유리|1356,37.859843,126.796010,address
41480|문산읍 선유리|1357,37.857913,126.790737,address
41480|문산읍 선유리|1409,37.865598,126.802890,address
41480|문산읍 선유리|1413,37.858905,126.794849,address
41480|문산읍 선유리|1420,37.865783,126.787978,address
41480|문산읍 선유리|418,37.866756,126.804188,address
41480|문산읍 선유리|779-11,37.862915,126.799360,address
41480|문산읍 선유리|903-10,37.862118,126.787364,address
41480|법원읍 가야리|29-2,37.852409,126.870438,address
41480|법원읍 가야리|30-2,37.852673,126.871373,address
41480|법원읍 가야리|54-8,37.850495,126.867452,address
41480|법원읍 법원리|674-2,37.852260,126.872157,address
41480|아동동|275-9,37.769288,126.777703,address
41480|아동동|283,37.772886,126.777159,address
41480|아동동|291-10,37.770672,126.776789,address
41480|아동동|328-49,37.762052,126.777557,address
41480|아동동|328-52,37.762075,126.776753,address
41480|아동동|329-6,37.761200,126.777163,address
41480|아동동|339,37.760973,126.778578,address
41480|아동동|897,37.764895,126.780577,address
41480|아동동|900,37.763044,126.780288,address
41480|야당동|1015,37.711996,126.755822,address
41480|야당동|1016,37.712041,126.757709,address
41480|야당동|1026,37.708577,126.751929,address
41480|야당동|1031,37.708635,126.756992,address
41480|야당동|975,37.712381,126.751078,address
41480|야당동|981,37.715370,126.748543,address
41480|야당동|982,37.715378,126.752082,address
41480|야당동|991,37.715514,126.757026,address
41480|야동동|587,37.773982,126.751005,address
41480|와동동|1308,37.732867,126.753743,address
41480|와동동|1321,37.733576,126.758112,address
41480|와동동|1332,37.735198,126.762429,address
41480|와동동|1338,37.732484,126.763718,address
41480|와동동|1344,37.728648,126.753419,address
41480|와동동|1356,37.725937,126.753179,address
41480|와동동|1368,37.724877,126.754722,address
41480|와동동|1404,37.721548,126.751412,address
41480|와동동|1471-2,37.727980,126.765210,address
41480|와동동|1521,37.736548,126.764229,address
41480|와동동|1664-417,37.741446,126.756223,keyword
41480|와동동|1713,37.743614,126.758689,address
41480|와동동|205,37.728386,126.755998,address
41480|와동동|240,37.731814,126.758246,address
41480|적성면 구읍리|637-1,37.954261,126.922806,address
41480|적성면 마지리|41-6,37.956054,126.915369,address
41480|조리읍 대원리|218,37.727758,126.817225,address
41480|조리읍 대원리|992-1,37.741701,126.800807,address
41480|조리읍 봉일천리|125-22,37.743333,126.811374,address
41480|조리읍 봉일천리|13-15,37.735873,126.825360,address
41480|조리읍 봉일천리|147-1,37.742153,126.807965,address
41480|조리읍 봉일천리|156-1,37.742450,126.806522,address
41480|조리읍 봉일천리|157-1,37.743319,126.805611,address
41480|조리읍 봉일천리|157-18,37.742875,126.804703,address
41480|조리읍 봉일천리|157-4,37.742723,126.805170,address
41480|조리읍 봉일천리|157-40,37.743236,126.805249,address
41480|조리읍 봉일천리|158-2,37.743441,126.804787,address
41480|조리읍 봉일천리|237-1,37.745974,126.809515,address
41480|조리읍 봉일천리|237-3,37.746561,126.810859,address
41480|조리읍 봉일천리|237-5,37.746119,126.810300,address
41480|조리읍 봉일천리|259-2,37.748395,126.811697,address
41480|조리읍 봉일천리|262,37.747422,126.811407,address
41480|조리읍 봉일천리|262-23,37.746906,126.810607,address
41480|조리읍 봉일천리|269,37.747599,126.808721,address
41480|조리읍 봉일천리|301,37.743584,126.814151,address
41480|탄현면 법흥리|1787,37.775869,126.700513,address
41480|탄현면 법흥리|1789,37.775107,126.698600,address
41480|탄현면 축현리|1050,37.807270,126.714377,address
41480|파주읍 연풍리|483,37.831588,126.832210,address
41480|파주읍 연풍리|484,37.827612,126.844662,address
41480|파주읍 파주리|126-1,37.831961,126.819835,address
41500|갈산동|222,37.288650,127.468132,address
41500|갈산동|468-1,37.290132,127.464778,address
41500|갈산동|614-2,37.281899,127.454837,address
41500|갈산동|777,37.291976,127.465208,address
41500|갈산동|781,37.284337,127.456194,address
41500|갈산동|782,37.282966,127.456447,address
41500|갈산동|783,37.284734,127.454035,address
41500|갈산동|789,37.283786,127.454418,address
41500|고담동|579,37.241520,127.473281,address
41500|관고동|185-12,37.283639,127.432588,address
41500|관고동|2-11,37.283016,127.438703,address
41500|관고동|226-3,37.281108,127.434468,address
41500|관고동|226-8,37.280513,127.435144,address
41500|관고동|26-5,37.278604,127.437136,address
41500|관고동|503,37.278211,127.436316,address
41500|관고동|503-12,37.278307,127.435998,address
41500|관고동|503-6,37.277673,127.435893,address
41500|관고동|514,37.283069,127.434794,address
41500|관고동|519,37.287154,127.432714,address
41500|대월면 사동리|182-1,37.233828,127.496365,address
41500|대월면 사동리|311,37.241949,127.490930,address
41500|대월면 사동리|312-1,37.242530,127.491034,address
41500|대월면 사동리|312-11,37.242177,127.491327,address
41500|대월면 사동리|312-5,37.242487,127.491347,address
41500|대월면 사동리|312-6,37.242410,127.491602,address
41500|대월면 사동리|312-7,37.242298,127.491822,address
41500|대월면 사동리|327-1,37.244642,127.492090,address
41500|대월면 사동리|327-6,37.244460,127.491764,address
41500|대월면 사동리|386-72,37.248734,127.496630,address
41500|대월면 사동리|441-1,37.244689,127.483276,address
41500|대월면 사동리|465,37.248089,127.498615,address
41500|대월면 사동리|524,37.243071,127.489329,address
41500|대월면 사동리|529,37.242557,127.482977,address
41500|대월면 사동리|산92-1,37.243869,127.493538,address
41500|대월면 초지리|732,37.231141,127.494223,address
41500|마장면 덕평리|121,37.233688,127.367468,address
41500|마장면 오천리|413,37.253175,127.357958,address
41500|마장면 오천리|416,37.252089,127.359613,address
41500|마장면 오천리|419,37.251315,127.358617,address
41500|마장면 오천리|422,37.252261,127.357034,address
41500|마장면 오천리|80-1,37.245915,127.359611,address
41500|백사면 모전리|1-11,37.317012,127.470425,address
41500|백사면 모전리|780,37.303943,127.468254,address
41500|백사면 모전리|817-3,37.305874,127.463813,address
41500|백사면 조읍리|627,37.318969,127.471362,address
41500|부발읍 가산리|770,37.243329,127.503222,address
41500|부발읍 마암리|1-1,37.282088,127.482493,address
41500|부발읍 무촌리|128-6,37.278519,127.484260,address
41500|부발읍 무촌리|221-2,37.285095,127.487963,address
41500|부발읍 무촌리|423,37.285787,127.482100,address
41500|부발읍 무촌리|산37-8,37.284129,127.488697,address
41500|부발읍 신원리|558-38,37.290947,127.506453,address
41500|부발읍 신원리|559-1,37.291792,127.507288,address
41500|부발읍 신원리|565-30,37.291746,127.506124,address
41500|부발읍 신원리|941,37.298161,127.508224,address
41500|부발읍 신하리|362-3,37.260810,127.480552,address
41500|부발읍 신하리|365,37.259834,127.480961,address
41500|부발읍 신하리|394-30,37.259686,127.475002,address
41500|부발읍 신하리|394-31,37.259437,127.474961,address
41500|부발읍 신하리|409-5,37.261298,127.472567,address
41500|부발읍 신하리|481-1,37.259423,127.477349,address
41500|부발읍 신하리|487-9,37.258266,127.478453,address
41500|부발읍 신하리|559-3,37.256855,127.483344,address
41500|부발읍 신하리|산40-3,37.259312,127.479142,address
41500|부발읍 아미리|1244,37.255475,127.490668,address
41500|부발읍 아미리|1245,37.254138,127.492356,address
41500|부발읍 아미리|1246,37.250008,127.493370,address
41500|부발읍 아미리|1247,37.248887,127.493902,address
41500|부발읍 아미리|587-5,37.257890,127.493134,address
41500|부발읍 아미리|699-7,37.246577,127.491324,address
41500|부발읍 아미리|728-1,37.253006,127.490235,address
41500|부발읍 아미리|729,37.253544,127.490898,address
41500|부발읍 아미리|729-1,37.253173,127.490937,address
41500|부발읍 아미리|730,37.254172,127.490647,address
41500|부발읍 아미리|730-3,37.253355,127.491235,address
41500|부발읍 아미리|753,37.256974,127.490170,address
41500|부발읍 응암리|109,37.239727,127.518139,address
41500|부발읍 응암리|96,37.238953,127.515080,address
41500|부발읍 응암리|97-3,37.239860,127.516154,address
41500|사음동|748,37.296830,127.412089,address
41500|송정동|107-48,37.295773,127.441431,address
41500|송정동|306,37.296519,127.431238,address
41500|송정동|311-1,37.295734,127.431082,address
41500|송정동|322,37.297464,127.437099,address
41500|송정동|428,37.295369,127.435778,address
41500|송정동|429,37.296673,127.438306,address
41500|송정동|445,37.287987,127.445273,address
41500|송정동|446,37.296126,127.433367,address
41500|송정동|450,37.298980,127.435763,address
41500|송정동|454,37.290660,127.445692,address
41500|신둔면 남정리|371-1,37.317368,127.407120,address
41500|신둔면 도봉리|1271,37.309448,127.457607,address
41500|신둔면 수광리|757,37.315587,127.400011,address
41500|신둔면 수하리|825,37.316069,127.423907,address
41500|신둔면 수하리|826,37.315002,127.424052,address
41500|안흥동|267-5,37.276267,127.452446,address
41500|안흥동|270,37.275601,127.452956,address
41500|안흥동|272-6,37.275514,127.453590,address
41500|안흥동|300-1,37.277392,127.455866,address
41500|안흥동|307-7,37.277320,127.453644,address
41500|안흥동|313-1,37.276634,127.453133,address
41500|안흥동|320-1,37.277244,127.452697,address
41500|안흥동|469,37.280806,127.460434,address
41500|안흥동|474,37.274581,127.454553,address
41500|안흥동|477,37.275107,127.452867,address
41500|장호원읍 노탑리|174-2,37.121415,127.628804,address
41500|장호원읍 노탑리|174-26,37.121032,127.628863,address
41500|장호원읍 노탑리|193-1,37.122298,127.629015,address
41500|장호원읍 장호원리|143-2,37.118702,127.630585,address
41500|장호원읍 장호원리|143-6,37.118743,127.630166,address
41500|장호원읍 진암리|17-18,37.114506,127.618425,address
41500|장호원읍 진암리|301-3,37.114488,127.615069,address
41500|장호원읍 진암리|47-1,37.114237,127.622927,address
41500|장호원읍 진암리|54-11,37.113793,127.620531,address
41500|장호원읍 진암리|778,37.112008,127.603723,address
41500|장호원읍 진암리|780,37.113384,127.617132,address
41500|장호원읍 진암리|781,37.113684,127.615936,address
41500|장호원읍 진암리|814,37.113193,127.623145,address
41500|장호원읍 진암리|산28-10,37.114393,127.615932,address
41500|중리동|172-7,37.278411,127.440071,address
41500|중리동|213,37.278675,127.445652,address
41500|중리동|444,37.277295,127.437518,address
41500|중리동|446-14,37.276391,127.439772,address
41500|중리동|446-18,37.276182,127.439319,address
41500|중리동|458-2,37.275914,127.444885,address
41500|중리동|463-2,37.276984,127.448478,address
41500|중리동|463-4,37.276975,127.448736,address
41500|중리동|465-4,37.275841,127.448386,address
41500|중리동|468-16,37.275284,127.450136,address
41500|중리동|468-5,37.276159,127.449569,address
41500|중리동|497,37.274292,127.439746,address
41500|중리동|498,37.274154,127.443110,address
41500|증일동|393,37.267159,127.438228,address
41500|증일동|394,37.265270,127.436750,address
41500|증일동|82-7,37.266740,127.439948,address
41500|증포동|151-6,37.289932,127.453147,address
41500|증포동|190-2,37.292895,127.453292,address
41500|증포동|191-7,37.292942,127.454306,address
41500|증포동|200-9,37.293844,127.453553,address
41500|증포동|213-5,37.295343,127.456186,address
41500|증포동|218-7,37.296216,127.456379,address
41500|증포동|244-3,37.294936,127.453765,address
41500|증포동|351-5,37.289342,127.447434,address
41500|증포동|474,37.294636,127.454864,address
41500|증포동|475,37.296010,127.454765,address
41500|증포동|478,37.294353,127.455743,address
41500|증포동|479,37.297298,127.456854,address
41500|증포동|480,37.285694,127.453010,address
41500|증포동|485,37.288566,127.450402,address
41500|증포동|486,37.287978,127.459399,address
41500|증포동|489,37.289629,127.446064,address
41500|증포동|491,37.290023,127.448795,address
41500|증포동|498,37.291591,127.447097,address
41500|증포동|94-3,37.288185,127.457311,address
41500|창전동|1,37.283652,127.452643,address
41500|창전동|1-2,37.282967,127.453375,address
41500|창전동|137,37.282306,127.445329,address
41500|창전동|150-17,37.281724,127.443746,address
41500|창전동|410,37.284859,127.439034,address
41500|창전동|410-10,37.283955,127.438927,address
41500|창전동|412,37.286138,127.439772,address
41500|창전동|413-3,37.284792,127.439518,address
41500|창전동|417-2,37.285489,127.440736,address
41500|창전동|419,37.284622,127.440762,address
41500|창전동|423-3,37.285422,127.443150,address
41500|창전동|428-11,37.284188,127.444882,address
41500|창전동|432-13,37.285717,127.446202,address
41500|창전동|439-13,37.285276,127.447264,address
41500|창전동|439-2,37.285309,127.446846,address
41500|창전동|44-1,37.284591,127.449773,address
41500|창전동|440-4,37.285553,127.447781,address
41500|창전동|451-2,37.283357,127.448434,address
41500|창전동|456,37.282127,127.448318,address
41500|창전동|457-19,37.281141,127.447785,address
41500|창전동|466-17,37.279295,127.448907,address
41500|창전동|466-7,37.279256,127.449865,address
41500|창전동|469-6,37.278019,127.449785,address
41500|창전동|470-16,37.277573,127.449440,address
41500|창전동|48-6,37.283657,127.451154,address
41500|창전동|49-1,37.283144,127.452279,address
41500|창전동|495-2,37.283316,127.453786,address
41500|호법면 유산리|894,37.245909,127.431240,address
41550|가사동|175,37.011613,127.289618,address
41550|공도읍 마정리|223-140,37.015352,127.207432,address
41550|공도읍 마정리|45-17,37.016500,127.209213,address
41550|공도읍 마정리|45-6,37.016740,127.209304,address
41550|공도읍 마정리|561,37.012701,127.206975,address
41550|공도읍 마정리|590,37.013096,127.208099,address
41550|공도읍 마정리|592,37.012116,127.209101,address
41550|공도읍 만정리|707-1,37.008316,127.182965,address
41550|공도읍 만정리|708,36.999883,127.173850,address
41550|공도읍 만정리|709-1,37.003368,127.175786,address
41550|공도읍 만정리|777-1,37.007859,127.171003,address
41550|공도읍 만정리|785-6,37.005394,127.173392,address
41550|공도읍 만정리|786-1,37.003273,127.171235,address
41550|공도읍 만정리|877,37.001030,127.177847,address
41550|공도읍 만정리|880,37.000217,127.174961,address
41550|공도읍 만정리|881,37.009399,127.175627,address
41550|공도읍 만정리|889,37.013741,127.173625,address
41550|공도읍 승두리|889,36.997332,127.172038,address
41550|공도읍 승두리|898,36.994840,127.165964,address
41550|공도읍 승두리|936,36.995688,127.158830,address
41550|공도읍 승두리|939,36.994983,127.160384,address
41550|공도읍 양기리|567,37.004487,127.200611,address
41550|공도읍 양기리|615,37.006940,127.197143,address
41550|공도읍 양기리|635,37.005282,127.198667,address
41550|공도읍 용두리|683,37.000684,127.153990,address
41550|공도읍 용두리|752,36.999786,127.157887,address
41550|공도읍 용두리|753,37.002774,127.152863,address
41550|공도읍 용두리|755,37.002278,127.167641,address
41550|공도읍 용두리|763,37.003271,127.156585,address
41550|공도읍 진사리|20-14,36.991620,127.140163,address
41550|공도읍 진사리|36-1,36.990123,127.139051,address
41550|공도읍 진사리|639-1,36.993243,127.141809,address
41550|공도읍 진사리|643,36.992405,127.142790,address
41550|공도읍 진사리|644,36.992087,127.144238,address
41550|공도읍 진사리|742,36.988274,127.138003,address
41550|공도읍 진사리|748,36.991427,127.136582,address
41550|공도읍 진사리|754,36.989241,127.135018,address
41550|금광면 신양복리|139-1,37.010830,127.330504,address
41550|금산동|100,37.013173,127.267047,address
41550|금산동|118-7,37.011768,127.266971,address
41550|금산동|22-11,37.009633,127.267007,address
41550|금산동|50-1,37.012431,127.269644,address
41550|금산동|81-2,37.014551,127.267398,address
41550|금석동|81,37.029991,127.266896,address
41550|낙원동|400-4,37.004657,127.276299,address
41550|낙원동|403-1,37.005116,127.276198,address
41550|낙원동|68-3,37.004527,127.273634,address
41550|당왕동|462-1,37.015259,127.259112,address
41550|당왕동|534,37.014904,127.255474,address
41550|당왕동|535,37.014836,127.259754,address
41550|당왕동|536,37.015419,127.264514,address
41550|당왕동|584,37.018006,127.261918,address
41550|당왕동|587,37.020589,127.270317,address
41550|대덕면 건지리|194-20,37.020781,127.234533,address
41550|대덕면 내리|675,37.003628,127.224969,address
41550|대덕면 내리|714-7,36.999127,127.222238,address
41550|대덕면 신령리|820,37.014360,127.224454,address
41550|대덕면 진현리|555,37.058948,127.257538,address
41550|동본동|89-5,37.005690,127.271682,address
41550|미양면 보체리|405,36.964869,127.244879,address
41550|미양면 양변리|240-19,36.961187,127.244783,address
41550|보개면 기좌리|359-1,37.035908,127.285298,address
41550|봉산동|42,37.009891,127.278383,address
41550|봉산동|53-1,37.006132,127.278704,address
41550|석정동|29-2,37.007839,127.266644,address
41550|석정동|343,37.011310,127.259604,address
41550|석정동|355,37.008913,127.259768,address
41550|석정동|368,37.010560,127.254100,address
41550|석정동|42-21,37.009352,127.266274,address
41550|숭인동|83,37.010976,127.275333,address
41550|숭인동|88,37.012108,127.275606,address
41550|신소현동|175,37.017117,127.256301,address
41550|신흥동|219,37.003299,127.270196,address
41550|아양동|300,37.006815,127.262952,address
41550|아양동|384,37.007758,127.261213,address
41550|아양동|417,37.005402,127.260667,address
41550|아양동|424,37.003939,127.258574,address
41550|옥산동|10,37.012399,127.252395,address
41550|옥산동|557,37.006837,127.253888,address
41550|옥산동|560,37.007400,127.255622,address
41550|원곡면 반제리|743,37.003798,127.152205,address
41550|원곡면 외가천리|258-24,37.037546,127.127242,address
41550|원곡면 외가천리|361,37.037043,127.131973,address
41550|인지동|7,37.006021,127.268098,address
41550|일죽면 송천리|610,37.090494,127.471835,address
41550|죽산면 장원리|1379-1,37.069166,127.421172,address
41550|죽산면 죽산리|343-1,37.078816,127.423196,address
41550|죽산면 죽산리|456-11,37.077423,127.422923,address
41550|죽산면 죽산리|790,37.072657,127.425315,address
41550|중리동|616,36.979746,127.266743,address
41550|중리동|618,36.981607,127.266343,address
41550|창전동|88,37.004857,127.271840,address
41570|감정동|517-1,37.624948,126.697456,address
41570|감정동|521-1,37.626215,126.697821,address
41570|감정동|550-1,37.622445,126.700732,address
41570|감정동|659,37.627396,126.699668,address
41570|감정동|662,37.626977,126.701304,address
41570|감정동|671,37.626192,126.701993,address
41570|감정동|672,37.625786,126.702371,address
41570|감정동|674,37.624759,126.700752,address
41570|감정동|676,37.626047,126.699928,address
41570|감정동|685,37.620543,126.699195,address
41570|감정동|694,37.617237,126.703678,address
41570|감정동|696,37.621848,126.696354,address
41570|감정동|705,37.615025,126.703900,address
41570|감정동|706,37.616489,126.703633,address
41570|걸포동|1555,37.636064,126.706428,address
41570|걸포동|1558,37.634836,126.703934,address
41570|걸포동|1561,37.633554,126.705505,address
41570|걸포동|1591,37.634924,126.699529,address
41570|걸포동|1593,37.636833,126.702250,address
41570|걸포동|1595,37.632534,126.701318,address
41570|걸포동|294-38,37.634777,126.708005,address
41570|고촌읍 신곡리|1052,37.605383,126.768074,address
41570|고촌읍 신곡리|1055,37.598772,126.770536,address
41570|고촌읍 신곡리|1058,37.602627,126.765579,address
41570|고촌읍 신곡리|1075,37.601607,126.769518,address
41570|고촌읍 신곡리|1102,37.605922,126.774741,address
41570|고촌읍 신곡리|1110,37.604844,126.774398,address
41570|고촌읍 신곡리|1111,37.603798,126.774327,address
41570|고촌읍 신곡리|1248,37.600646,126.766693,address
41570|고촌읍 신곡리|1256,37.597361,126.769007,address
41570|고촌읍 신곡리|1269,37.594899,126.766364,address
41570|고촌읍 신곡리|1280,37.607646,126.774370,address
41570|고촌읍 신곡리|1284,37.604649,126.766883,address
41570|고촌읍 신곡리|1291,37.602406,126.771684,address
41570|고촌읍 신곡리|1296,37.606125,126.771222,address
41570|고촌읍 신곡리|469-3,37.605373,126.770978,address
41570|고촌읍 신곡리|532-70,37.601598,126.770536,address
41570|고촌읍 신곡리|532-78,37.601336,126.770825,address
41570|고촌읍 신곡리|538-2,37.603700,126.770357,address
41570|고촌읍 신곡리|539-1,37.604581,126.769896,address
41570|고촌읍 신곡리|가-,37.591622,126.762780,keyword
41570|고촌읍 신곡리|가-#41570-1088,37.592563,126.760836,keyword
41570|고촌읍 신곡리|가-#41570-1362,37.591622,126.762780,keyword
41570|고촌읍 태리|가-,37.593717,126.756269,keyword
41570|고촌읍 향산리|83-1,37.621204,126.744496,keyword
41570|고촌읍 향산리|가-,37.620183,126.747382,keyword
41570|구래동|6873-19,37.647312,126.626656,address
41570|구래동|6873-8,37.649064,126.625782,address
41570|구래동|6874-17,37.649906,126.629136,address
41570|구래동|6874-20,37.651240,126.632637,address
41570|구래동|6874-6,37.647906,126.629612,address
41570|구래동|6877-2,37.649418,126.635719,address
41570|구래동|6886-4,37.644917,126.630552,address
41570|구래동|6886-6,37.646311,126.630098,address
41570|구래동|6887-1,37.646829,126.632567,address
41570|구래동|6887-3,37.645326,126.632646,address
41570|구래동|6888-2,37.642101,126.627288,address
41570|구래동|6888-4,37.641646,126.629067,address
41570|구래동|6888-6,37.638516,126.629820,address
41570|구래동|6895-2,37.641192,126.622982,address
41570|마산동|616-3,37.643895,126.637888,address
41570|마산동|636-1,37.639345,126.633446,address
41570|마산동|637-3,37.635918,126.630671,address
41570|마산동|638-4,37.637329,126.633916,address
41570|마산동|639-8,37.638214,126.637836,address
41570|마산동|640-5,37.638483,126.642646,address
41570|마산동|672-1,37.634942,126.640897,address
41570|마산동|672-3,37.636384,126.639158,address
41570|북변동|135,37.631006,126.705334,address
41570|북변동|184,37.629244,126.706434,address
41570|북변동|216-5,37.624877,126.703768,address
41570|북변동|267,37.628996,126.710511,address
41570|북변동|688,37.629654,126.703243,address
41570|북변동|690,37.628695,126.704809,address
41570|북변동|802,37.626361,126.713576,address
41570|북변동|802#41570-6,37.626378,126.713513,keyword
41570|북변동|802#41570-7,37.626378,126.713513,keyword
41570|북변동|806,37.623639,126.715301,address
41570|북변동|808,37.623079,126.716351,address
41570|북변동|812,37.622590,126.717842,address
41570|북변동|815,37.621806,126.719090,address
41570|북변동|815#41570-10,37.621933,126.718999,keyword
41570|북변동|815#41570-11,37.621933,126.718999,keyword
41570|북변동|816,37.623209,126.719986,address
41570|북변동|832,37.624133,126.721537,address
41570|북변동|902,37.623135,126.709274,address
41570|북변동|904,37.623858,126.708463,address
41570|사우동|1224,37.619345,126.710794,address
41570|사우동|1474,37.624212,126.726107,address
41570|사우동|1475,37.623070,126.723156,address
41570|사우동|1479,37.616182,126.720606,address
41570|사우동|1481,37.621733,126.726619,address
41570|사우동|222-2,37.618314,126.714891,address
41570|사우동|238-23,37.617322,126.714068,address
41570|사우동|238-5,37.616839,126.713722,address
41570|사우동|258-3,37.616323,126.714798,address
41570|사우동|300,37.615215,126.721078,address
41570|사우동|316,37.616899,126.721411,address
41570|사우동|385,37.615358,126.726020,address
41570|사우동|856,37.624391,126.724031,address
41570|사우동|857,37.623838,126.725126,address
41570|사우동|857#41570-44,37.623775,126.725240,keyword
41570|사우동|857#41570-46,37.623208,126.724844,keyword
41570|사우동|911,37.620295,126.722372,address
41570|사우동|912,37.620602,126.721310,address
41570|사우동|912#41570-41,37.620324,126.721307,keyword
41570|사우동|912#41570-43,37.620324,126.721307,keyword
41570|양촌읍 양곡리|1238,37.662205,126.632988,address
41570|양촌읍 양곡리|1241,37.660403,126.631572,address
41570|양촌읍 양곡리|1268,37.658112,126.633313,address
41570|양촌읍 양곡리|1316,37.655199,126.631209,address
41570|양촌읍 양곡리|1551,37.657804,126.626282,address
41570|양촌읍 양곡리|405-8,37.654795,126.625094,address
41570|양촌읍 양곡리|412-5,37.653742,126.624287,address
41570|양촌읍 양곡리|427,37.655916,126.622941,address
41570|양촌읍 양곡리|475-85,37.655233,126.625091,address
41570|양촌읍 양곡리|865-1,37.657431,126.628481,address
41570|양촌읍 학운리|3019,37.618823,126.625308,address
41570|운양동|1249-1,37.659325,126.681690,address
41570|운양동|1250-3,37.657420,126.681664,address
41570|운양동|1300-3,37.653384,126.679933,address
41570|운양동|1301-1,37.655898,126.678970,address
41570|운양동|1304-1,37.654522,126.676713,address
41570|운양동|1304-5,37.652598,126.674404,address
41570|운양동|1305-1,37.653581,126.672969,address
41570|운양동|1306-2,37.652315,126.681410,address
41570|운양동|1325-7,37.645064,126.692470,address
41570|운양동|1331-1,37.643863,126.690862,address
41570|운양동|1340-7,37.652153,126.683977,address
41570|운양동|1407-5,37.648642,126.677324,address
41570|운양동|1434,37.647737,126.680716,address
41570|운양동|1435,37.647286,126.685366,address
41570|운양동|1436,37.646600,126.682621,address
41570|운양동|1439,37.645301,126.688222,address
41570|운양동|999-2,37.655706,126.674618,address
41570|장기동|1312,37.649041,126.666214,address
41570|장기동|1339,37.650645,126.671306,address
41570|장기동|1342,37.647256,126.668329,address
41570|장기동|1624,37.642834,126.666970,address
41570|장기동|1626,37.643480,126.665792,address
41570|장기동|1629,37.644614,126.664700,address
41570|장기동|1635,37.642119,126.661681,address
41570|장기동|1636,37.642899,126.663373,address
41570|장기동|1642,37.640621,126.664449,address
41570|장기동|1655,37.639500,126.666662,address
41570|장기동|1865-4,37.652507,126.670273,address
41570|장기동|1866-1,37.651372,126.668564,address
41570|장기동|1868-2,37.649592,126.663651,address
41570|장기동|1869-5,37.649859,126.662261,address
41570|장기동|1885-10,37.643477,126.659851,address
41570|장기동|1885-6,37.646207,126.659731,address
41570|장기동|1886-2,37.645854,126.662979,address
41570|장기동|2004-4,37.642190,126.681282,address
41570|장기동|2031,37.640591,126.677461,address
41570|장기동|2058-1,37.638359,126.669439,address
41570|장기동|2065-1,37.637354,126.672398,address
41570|장기동|2071-2,37.638792,126.675988,address
41570|장기동|2187,37.635157,126.673817,address
41570|장기동|2193,37.633267,126.676910,address
41570|통진읍 도사리|972,37.680061,126.621368,address
41570|통진읍 마송리|130,37.691832,126.592876,address
41570|통진읍 마송리|134,37.692477,126.593876,address
41570|통진읍 마송리|513,37.689433,126.595756,address
41570|통진읍 마송리|536,37.685543,126.598918,address
41570|통진읍 마송리|568,37.690194,126.604856,address
41570|통진읍 마송리|586,37.687053,126.605739,address
41570|통진읍 서암리|1107,37.690015,126.602534,address
41570|풍무동|1,37.613180,126.719587,address
41570|풍무동|100,37.605624,126.720419,address
41570|풍무동|1060,37.608487,126.734002,address
41570|풍무동|147,37.605471,126.724165,address
41570|풍무동|449-2,37.603713,126.722982,address
41570|풍무동|583-6,37.597468,126.723764,address
41570|풍무동|598-8,37.599180,126.721743,address
41570|풍무동|740,37.605720,126.709782,address
41570|풍무동|743,37.598957,126.719530,address
41570|풍무동|748,37.602378,126.717615,address
41570|풍무동|757,37.604502,126.720314,address
41570|풍무동|759,37.598834,126.728844,address
41570|풍무동|764,37.603658,126.724884,address
41570|풍무동|766,37.603320,126.727831,address
41570|풍무동|770,37.602290,126.724038,address
41570|풍무동|775,37.602095,126.727383,address
41570|풍무동|784,37.600238,126.730196,address
41570|풍무동|795,37.600945,126.722575,address
41570|풍무동|797,37.599396,126.725034,address
41570|풍무동|936,37.609956,126.727982,address
41570|하성면 마곡리|611-6,37.719454,126.633880,address
41570|하성면 마곡리|613-6,37.719260,126.633617,address
41590|기산동|464,37.222605,127.048849,address
41590|기산동|466,37.227723,127.044729,keyword
41590|기산동|467,37.219875,127.049458,address
41590|기산동|468,37.219749,127.053908,address
41590|기산동|476,37.216937,127.053236,address
41590|기안동|290,37.226848,126.975029,address
41590|기안동|349,37.225944,126.974409,address
41590|기안동|358,37.223785,126.974759,address
41590|기안동|895,37.221174,126.987579,address
41590|기안동|910,37.223357,126.977855,address
41590|기안동|925,37.223338,126.975389,address
41590|기안동|928,37.221875,126.977448,address
41590|기안동|935,37.220017,126.978778,address
41590|남양읍 남양리|1156-1,37.211967,126.816309,address
41590|남양읍 남양리|1265-3,37.210088,126.818218,address
41590|남양읍 남양리|2001,37.194513,126.836034,address
41590|남양읍 남양리|2005,37.210918,126.801503,address
41590|남양읍 남양리|2047,37.208461,126.832062,address
41590|남양읍 남양리|2048,37.206610,126.832469,address
41590|남양읍 남양리|2191,37.213690,126.833916,address
41590|남양읍 남양리|2195,37.210985,126.837743,address
41590|남양읍 남양리|2235,37.208861,126.828209,address
41590|남양읍 남양리|2249,37.210610,126.822262,address
41590|남양읍 남양리|2251,37.209371,126.820702,address
41590|남양읍 남양리|2299,37.202545,126.822514,address
41590|남양읍 남양리|2300,37.201331,126.823415,address
41590|남양읍 남양리|2310,37.199748,126.820649,address
41590|남양읍 남양리|2312,37.198705,126.821819,address
41590|남양읍 남양리|415,37.203932,126.803468,address
41590|남양읍 남양리|541,37.208526,126.813815,address
41590|남양읍 남양리|632-2,37.211005,126.815312,address
41590|남양읍 무송리|642,37.187114,126.855920,address
41590|남양읍 신남리|1563,37.197916,126.817930,address
41590|남양읍 신남리|1572,37.195421,126.818307,address
41590|남양읍 신남리|1573,37.192690,126.820076,address
41590|남양읍 신남리|1574,37.193895,126.816288,address
41590|남양읍 신남리|25-9,37.195340,126.824379,address
41590|남양읍 신남리|산96-8,37.189619,126.831092,address
41590|능동|1039,37.198326,127.049684,address
41590|능동|1041,37.198574,127.048042,address
41590|능동|1066-8,37.217727,127.057971,address
41590|능동|1109,37.212446,127.057276,address
41590|능동|1115,37.208109,127.059386,address
41590|능동|1116,37.208664,127.057765,address
41590|능동|1124,37.209306,127.054904,address
41590|능동|1126,37.210377,127.050186,address
41590|능동|1129,37.207527,127.051586,address
41590|능동|1131,37.207109,127.054236,address
41590|능동|1132,37.206428,127.057727,address
41590|능동|1134,37.203082,127.057785,address
41590|능동|1137,37.203352,127.054372,address
41590|능동|1150,37.200400,127.054588,address
41590|능동|1151,37.200582,127.057638,address
41590|능동|1282,37.202632,127.050321,address
41590|능동|1283,37.201800,127.046843,address
41590|능동|1287,37.202429,127.052421,address
41590|마도면 두곡리|590,37.205189,126.778230,address
41590|매송면 원평리|78-1,37.251854,126.928478,address
41590|매송면 천천리|92,37.242757,126.953287,address
41590|매송면 천천리|92#41590-1,37.242757,126.953287,address
41590|매송면 천천리|92#41590-2,37.242880,126.953684,keyword
41590|목동|477,37.191449,127.124267,address
41590|목동|478,37.192043,127.127525,address
41590|목동|479,37.189923,127.128598,address
41590|목동|480,37.186336,127.127411,address
41590|목동|481,37.183620,127.126365,address
41590|목동|485,37.186794,127.125235,address
41590|목동|486,37.184404,127.124404,address
41590|목동|489,37.187694,127.122383,address
41590|목동|491,37.184569,127.120846,address
41590|목동|494,37.180786,127.117386,address
41590|반송동|100,37.200844,127.068490,address
41590|반송동|101,37.200960,127.070045,address
41590|반송동|102,37.199491,127.069477,address
41590|반송동|103-1,37.201701,127.071196,address
41590|반송동|106-1,37.201619,127.073174,address
41590|반송동|106-7,37.199989,127.073447,address
41590|반송동|107-4,37.200269,127.072733,address
41590|반송동|132,37.198305,127.073188,address
41590|반송동|134,37.196385,127.074894,address
41590|반송동|135,37.194860,127.072144,address
41590|반송동|140,37.197733,127.070186,address
41590|반송동|141,37.196648,127.067511,address
41590|반송동|19,37.209391,127.069218,address
41590|반송동|200,37.191265,127.072393,address
41590|반송동|21,37.207625,127.067334,address
41590|반송동|212,37.191518,127.078345,address
41590|반송동|215,37.192933,127.075232,address
41590|반송동|222,37.194791,127.076805,address
41590|반송동|224,37.193847,127.079430,address
41590|반송동|75,37.200109,127.063190,address
41590|반송동|79,37.200111,127.066336,address
41590|반송동|80,37.202473,127.065764,address
41590|반송동|82,37.205447,127.066989,address
41590|반송동|83,37.207915,127.071606,address
41590|반송동|85,37.206616,127.070286,address
41590|반송동|90-2,37.206235,127.074739,address
41590|반송동|90-9,37.204985,127.073912,address
41590|반송동|93-1,37.204623,127.072041,address
41590|반송동|93-3,37.204162,127.072645,address
41590|반송동|93-6,37.202942,127.072371,address
41590|반송동|93-8,37.202216,127.072296,address
41590|반송동|93-9,37.202330,127.071555,address
41590|반송동|96,37.204976,127.068884,address
41590|반송동|98,37.202789,127.068459,address
41590|반월동|860,37.231465,127.060399,address
41590|반월동|865-1,37.234273,127.059651,address
41590|반월동|868,37.231522,127.056147,address
41590|반월동|870,37.233408,127.061749,address
41590|반월동|872,37.223291,127.051081,address
41590|반월동|880,37.236746,127.066636,address
41590|반월동|883,37.234810,127.064761,address
41590|반월동|885,37.232921,127.067439,address
41590|반월동|944,37.222727,127.056278,address
41590|반월동|959,37.228157,127.047699,address
41590|반월동|960,37.225274,127.061228,address
41590|반월동|973,37.227573,127.060898,address
41590|반월동|974,37.238708,127.065298,address
41590|반정동|623,37.237558,127.040990,address
41590|반정동|637,37.236686,127.042991,address
41590|병점동|201-2,37.212046,127.051493,address
41590|병점동|282,37.205111,127.042337,address
41590|병점동|348-19,37.208267,127.037108,address
41590|병점동|359,37.206359,127.038414,address
41590|병점동|485,37.203214,127.043057,address
41590|병점동|500-1,37.200389,127.041506,address
41590|병점동|506,37.197970,127.041792,address
41590|병점동|520,37.199123,127.038304,address
41590|병점동|809,37.207386,127.040223,address
41590|병점동|817,37.203889,127.040246,address
41590|병점동|819,37.213140,127.044483,address
41590|병점동|820,37.210288,127.046861,address
41590|병점동|821,37.210190,127.043334,address
41590|병점동|822,37.208959,127.041601,address
41590|병점동|847,37.214332,127.046081,address
41590|병점동|849,37.213593,127.049109,address
41590|병점동|858,37.207932,127.047514,address
41590|병점동|859,37.207297,127.045436,address
41590|병점동|860,37.206739,127.043363,address
41590|병점동|866,37.209701,127.038700,address
41590|병점동|867,37.208555,127.039505,address
41590|병점동|868,37.201346,127.042326,address
41590|병점동|870,37.204888,127.038485,address
41590|병점동|871,37.204777,127.036309,address
41590|병점동|872,37.201252,127.040977,address
41590|병점동|881,37.203574,127.027313,address
41590|봉담읍 내리|871,37.226853,126.927663,address
41590|봉담읍 내리|882,37.223715,126.923979,address
41590|봉담읍 동화리|100-1,37.226361,126.970234,address
41590|봉담읍 동화리|431-4,37.219522,126.953293,address
41590|봉담읍 동화리|575,37.216338,126.956447,address
41590|봉담읍 동화리|580,37.214253,126.959541,address
41590|봉담읍 동화리|628,37.213511,126.963793,address
41590|봉담읍 동화리|647,37.222145,126.958024,address
41590|봉담읍 동화리|652,37.218328,126.968879,address
41590|봉담읍 동화리|가-,37.221307,126.969967,keyword
41590|봉담읍 동화리|지구BL,37.222523,126.966073,keyword
41590|봉담읍 상리|21-2,37.216961,126.949638,address
41590|봉담읍 상리|25-52,37.218714,126.948115,address
41590|봉담읍 상리|614,37.216631,126.947742,address
41590|봉담읍 상리|622-1,37.218619,126.952855,address
41590|봉담읍 상리|666,37.233247,126.941319,address
41590|봉담읍 상리|667,37.231050,126.940402,address
41590|봉담읍 상리|668,37.228861,126.940412,address
41590|봉담읍 상리|678,37.231645,126.944756,address
41590|봉담읍 상리|679,37.229100,126.944158,address
41590|봉담읍 상리|696,37.219200,126.944963,address
41590|봉담읍 수기리|31-13,37.200436,126.979433,address
41590|봉담읍 수기리|31-14,37.200253,126.979542,address
41590|봉담읍 수기리|31-2,37.200733,126.979372,address
41590|봉담읍 수영리|647-5,37.222952,126.949308,address
41590|봉담읍 수영리|671,37.241895,126.953109,address
41590|봉담읍 수영리|672,37.234893,126.954961,address
41590|봉담읍 수영리|673,37.237243,126.953354,address
41590|봉담읍 수영리|674,37.237234,126.956112,address
41590|봉담읍 수영리|679,37.235892,126.956281,address
41590|봉담읍 수영리|690,37.225637,126.948879,address
41590|봉담읍 와우리|10,37.211734,126.971947,address
41590|봉담읍 와우리|20,37.212900,126.973157,address
41590|봉담읍 와우리|210-26,37.216395,126.974479,address
41590|봉담읍 와우리|237,37.216687,126.977659,address
41590|봉담읍 와우리|238,37.210609,126.970154,address
41590|봉담읍 와우리|239,37.215245,126.974731,address
41590|봉담읍 와우리|24-1,37.213286,126.974408,address
41590|봉담읍 와우리|240,37.214544,126.974168,address
41590|봉담읍 와우리|589,37.215596,126.971652,address
41590|봉담읍 와우리|590,37.212976,126.970807,address
41590|봉담읍 와우리|591,37.214305,126.971529,address
41590|봉담읍 와우리|597,37.213046,126.967495,address
41590|봉담읍 와우리|602,37.214869,126.967491,address
41590|봉담읍 유리|100-1,37.176703,126.932950,address
41590|비봉면 삼화리|1836,37.251499,126.867129,address
41590|비봉면 삼화리|1841,37.249643,126.868809,address
41590|비봉면 삼화리|1850,37.247327,126.869512,address
41590|비봉면 삼화리|1910,37.242345,126.872076,address
41590|비봉면 삼화리|534-1,37.236016,126.871476,address
41590|비봉면 양노리|264-17,37.236110,126.871950,address
41590|비봉면 양노리|279-2,37.235411,126.871027,address
41590|비봉면 양노리|281-2,37.235657,126.870658,address
41590|비봉면 양노리|850,37.235767,126.864803,address
41590|산척동|699,37.174115,127.108643,address
41590|산척동|718,37.171619,127.109084,address
41590|산척동|721,37.171098,127.115250,address
41590|산척동|722,37.170402,127.117165,address
41590|산척동|729,37.167223,127.108981,address
41590|산척동|730,37.167189,127.112109,address
41590|산척동|733,37.167664,127.115688,address
41590|산척동|744,37.166931,127.129623,address
41590|산척동|745,37.164945,127.129137,address
41590|산척동|789,37.177401,127.115939,address
41590|산척동|791,37.173696,127.115649,address
41590|산척동|792,37.173063,127.118163,address
41590|새솔동|11,37.289796,126.817795,address
41590|새솔동|13,37.288047,126.816602,address
41590|새솔동|14,37.286090,126.819090,address
41590|새솔동|16,37.287080,126.821048,address
41590|새솔동|18,37.284216,126.822984,address
41590|새솔동|19,37.283926,126.820797,address
41590|새솔동|22,37.280089,126.821860,address
41590|새솔동|23,37.279915,126.824523,address
41590|새솔동|26,37.276262,126.826306,address
41590|새솔동|27,37.275381,126.828691,address
41590|새솔동|5,37.289215,126.813916,address
41590|새솔동|6,37.291198,126.814432,address
41590|석우동|49,37.209749,127.078910,address
41590|석우동|53,37.212403,127.076943,address
41590|석우동|55,37.210174,127.073521,address
41590|석우동|56,37.208235,127.075702,address
41590|송동|692,37.176459,127.103478,address
41590|송동|693,37.174413,127.104037,address
41590|송동|694,37.171419,127.104824,address
41590|송산동|197-3,37.207135,127.005650,address
41590|송산동|200-32,37.209104,127.008523,address
41590|송산동|222,37.207956,127.014104,address
41590|송산동|223,37.209227,127.012434,address
41590|송산동|261,37.207702,127.009655,address
41590|송산동|97-129,37.207136,127.020880,address
41590|송산동|97-2,37.207572,127.019824,address
41590|송산동|98-2,37.206236,127.018466,address
41590|송산면 사강리|541-4,37.214910,126.730528,address
41590|송산면 사강리|628-9,37.214422,126.737499,address
41590|송산면 사강리|636-3,37.214865,126.738452,address
41590|송산면 사강리|636-6,37.214562,126.738451,address
41590|송산면 사강리|693-1,37.213926,126.734384,address
41590|송산면 사강리|693-4,37.213622,126.734078,address
41590|송산면 사강리|700-1,37.213823,126.732970,address
41590|송산면 육일리|726,37.197986,126.725052,address
41590|신동|735,37.184406,127.139898,address
41590|신동|815,37.175456,127.148161,address
41590|신동|898,37.175192,127.128583,address
41590|안녕동|2,37.199685,127.024935,address
41590|안녕동|210,37.195347,126.986081,address
41590|안녕동|211,37.204138,127.021603,address
41590|안녕동|212,37.201187,127.006989,address
41590|안녕동|223,37.203137,127.006723,address
41590|안녕동|245,37.206919,127.001721,address
41590|안녕동|246,37.205518,127.003509,address
41590|안녕동|49-6,37.206262,127.010267,address
41590|여울동|1001,37.188864,127.089460,address
41590|여울동|1011,37.186025,127.086856,address
41590|여울동|1020,37.196247,127.097383,address
41590|여울동|1023,37.191780,127.097752,address
41590|여울동|1044,37.182709,127.104007,address
41590|여울동|1046,37.181337,127.111436,address
41590|여울동|1047,37.180631,127.108229,address
41590|여울동|1089,37.200188,127.097436,address
41590|여울동|964,37.190578,127.091337,address
41590|여울동|971,37.202764,127.089067,address
41590|여울동|972,37.204082,127.091108,address
41590|여울동|973,37.202347,127.090756,address
41590|여울동|975,37.201015,127.088939,address
41590|여울동|978,37.198987,127.088936,address
41590|여울동|984,37.196406,127.088960,address
41590|여울동|985,37.196377,127.090749,address
41590|여울동|988,37.195163,127.091092,address
41590|여울동|998,37.189235,127.087020,address
41590|여울동|BL-7,37.204048,127.097275,keyword
41590|영천동|651-1397,37.210182,127.109874,address
41590|영천동|662,37.208246,127.101057,address
41590|영천동|665,37.206520,127.101907,address
41590|영천동|670,37.206705,127.105132,address
41590|영천동|672,37.209288,127.110883,address
41590|영천동|677,37.204865,127.110915,address
41590|영천동|716,37.209348,127.116947,address
41590|영천동|720,37.206427,127.116286,address
41590|영천동|788,37.207539,127.089685,address
41590|영천동|833,37.212923,127.092688,address
41590|영천동|859-1,37.216170,127.105493,address
41590|영천동|874,37.210024,127.100037,address
41590|영천동|879,37.210552,127.102295,address
41590|영천동|884,37.217259,127.111881,address
41590|영천동|890,37.215962,127.114094,address
41590|영천동|892,37.211642,127.113152,address
41590|우정읍 조암리|194-12,37.087343,126.819283,address
41590|우정읍 조암리|200-4,37.087916,126.818323,address
41590|우정읍 조암리|231-1,37.086607,126.821138,address
41590|우정읍 조암리|363,37.083863,126.815069,address
41590|우정읍 조암리|365-1,37.084784,126.814710,address
41590|우정읍 조암리|484-1,37.082277,126.809669,address
41590|우정읍 조암리|791,37.088844,126.823977,address
41590|우정읍 조암리|840,37.083063,126.810255,address
41590|장안면 사곡리|124-1,37.076565,126.809563,address
41590|장안면 사곡리|125-3,37.076490,126.809827,address
41590|장안면 사곡리|125-4,37.076202,126.809688,address
41590|장안면 사곡리|170,37.075479,126.816666,address
41590|장안면 어은리|378-1,37.086893,126.827304,address
41590|장지동|1009,37.162436,127.117252,address
41590|장지동|1010,37.161992,127.120673,address
41590|장지동|1011,37.159823,127.121002,address
41590|장지동|914,37.162029,127.094020,address
41590|장지동|917,37.162057,127.097256,address
41590|장지동|921,37.163760,127.098516,address
41590|장지동|922,37.164083,127.102507,address
41590|장지동|923,37.161744,127.101726,address
41590|장지동|963,37.159970,127.106707,address
41590|장지동|966,37.162758,127.108562,address
41590|장지동|976,37.158387,127.111441,address
41590|장지동|977,37.157601,127.112230,address
41590|정남면 덕절리|498,37.134335,127.027759,address
41590|정남면 발산리|490-12,37.161797,126.983500,address
41590|진안동|496,37.213078,127.036768,address
41590|진안동|506,37.212276,127.037076,address
41590|진안동|908,37.216073,127.042244,address
41590|진안동|911,37.216586,127.044731,address
41590|진안동|929,37.216861,127.035721,address
41590|진안동|935,37.215599,127.036177,address
41590|진안동|936,37.214045,127.035482,address
41590|청계동|512,37.203069,127.100955,address
41590|청계동|513,37.202669,127.104833,address
41590|청계동|514,37.201336,127.103465,address
41590|청계동|516,37.199095,127.104839,address
41590|청계동|519,37.199029,127.100328,address
41590|청계동|520,37.196700,127.101334,address
41590|청계동|525,37.197862,127.109736,address
41590|청계동|532,37.202565,127.108132,address
41590|청계동|533,37.202236,127.111966,address
41590|청계동|536,37.199174,127.114278,address
41590|청계동|538,37.197132,127.115879,address
41590|청계동|541,37.195779,127.113254,address
41590|청계동|545,37.194028,127.117814,address
41590|청계동|546,37.202575,127.115322,address
41590|청계동|547,37.200816,127.116583,address
41590|청계동|550,37.201959,127.118511,address
41590|청계동|552,37.198212,127.118474,address
41590|청계동|556,37.198317,127.120600,address
41590|청계동|558,37.195708,127.121390,address
41590|팔탄면 가재리|692-1,37.160457,126.930923,address
41590|향남읍 발안리|295,37.131011,126.900459,address
41590|향남읍 발안리|305,37.129332,126.903043,address
41590|향남읍 상신리|1349,37.101479,126.903785,address
41590|향남읍 상신리|61-8,37.111671,126.901278,address
41590|향남읍 장짐리|200-4,37.135679,126.907463,address
41590|향남읍 장짐리|203-17,37.136475,126.908407,address
41590|향남읍 장짐리|203-18,37.136188,126.908279,address
41590|향남읍 장짐리|203-19,37.136319,126.907962,address
41590|향남읍 장짐리|203-4,37.136560,126.908099,address
41590|향남읍 장짐리|277-3,37.135179,126.908763,address
41590|향남읍 장짐리|277-4,37.134839,126.908836,address
41590|향남읍 장짐리|409,37.137771,126.911061,address
41590|향남읍 장짐리|410,37.139255,126.912316,address
41590|향남읍 하길리|1464,37.118270,126.913125,address
41590|향남읍 하길리|1473,37.112871,126.913516,address
41590|향남읍 하길리|1474,37.113492,126.910725,address
41590|향남읍 하길리|1475,37.114833,126.908308,address
41590|향남읍 하길리|1502,37.111265,126.921683,address
41590|향남읍 하길리|1507,37.112500,126.918697,address
41590|향남읍 하길리|1515,37.116416,126.903468,address
41590|향남읍 행정리|438,37.129004,126.916267,address
41590|향남읍 행정리|440,37.128717,126.919612,address
41590|향남읍 행정리|441,37.127020,126.919387,address
41590|향남읍 행정리|443,37.127205,126.916106,address
41590|향남읍 행정리|475,37.132013,126.925220,address
41590|향남읍 행정리|479,37.131581,126.928894,address
41590|향남읍 행정리|480,37.129344,126.928845,address
41590|향남읍 행정리|482,37.126941,126.928362,address
41590|향남읍 행정리|485,37.130152,126.925300,address
41590|향남읍 행정리|491,37.128578,126.922338,address
41590|향남읍 행정리|492,37.126917,126.921899,address
41590|향남읍 행정리|494,37.126968,126.925669,address
41610|경안동|127,37.414128,127.249641,address
41610|경안동|157-2,37.411209,127.250466,address
41610|경안동|185-1,37.407299,127.249818,address
41610|경안동|447,37.408295,127.256278,address
41610|고산동|182-4,37.370726,127.231914,address
41610|고산동|396,37.373340,127.227840,address
41610|고산동|654,37.376453,127.229059,address
41610|고산동|695,37.373406,127.231546,address
41610|고산동|704,37.373520,127.219715,address
41610|고산동|705,37.372855,127.222436,address
41610|고산동|707,37.371753,127.216779,address
41610|곤지암읍 곤지암리|337-12,37.347813,127.347108,address
41610|곤지암읍 곤지암리|457,37.346246,127.338071,address
41610|곤지암읍 곤지암리|459,37.345103,127.338601,address
41610|곤지암읍 곤지암리|593,37.346371,127.345180,address
41610|곤지암읍 삼리|125-1,37.357487,127.326299,address
41610|곤지암읍 삼리|679,37.355674,127.328048,address
41610|능평동|141-2,37.345885,127.177844,address
41610|능평동|463-1,37.353771,127.162841,address
41610|능평동|914,37.356868,127.162973,address
41610|능평동|916,37.354393,127.166331,address
41610|능평동|917,37.349746,127.164310,address
41610|도척면 진우리|1002,37.317504,127.333265,address
41610|매산동|586-11,37.363561,127.246393,address
41610|목현동|21,37.428872,127.235710,address
41610|문형동|140-1,37.353168,127.207277,address
41610|문형동|600,37.337457,127.208149,address
41610|문형동|898,37.354693,127.212591,address
41610|삼동|504,37.408948,127.199300,address
41610|삼동|505,37.409833,127.197577,address
41610|송정동|123-1,37.418568,127.255381,address
41610|송정동|367-7,37.432649,127.254544,address
41610|송정동|55,37.417537,127.258415,address
41610|송정동|560,37.418110,127.273345,address
41610|송정동|573,37.419073,127.276361,address
41610|송정동|574,37.418658,127.274764,address
41610|송정동|575,37.416673,127.271220,address
41610|송정동|580,37.416383,127.252726,address
41610|송정동|596-12,37.417790,127.253966,address
41610|송정동|662,37.419790,127.253938,address
41610|송정동|715,37.419933,127.259813,address
41610|신현동|1229,37.357702,127.146800,address
41610|신현동|1230,37.358219,127.149868,address
41610|신현동|1232,37.359204,127.149758,address
41610|신현동|1233,37.356903,127.150039,address
41610|신현동|1236,37.357605,127.154988,address
41610|신현동|1237,37.358774,127.154399,address
41610|신현동|1241,37.367702,127.167818,address
41610|신현동|1242,37.369750,127.170453,address
41610|신현동|1243,37.367967,127.170223,address
41610|신현동|588-1,37.367775,127.161199,address
41610|신현동|681-3,37.363203,127.155223,address
41610|신현동|681-4,37.361577,127.154881,address
41610|쌍령동|337,37.398513,127.277406,address
41610|쌍령동|349,37.397393,127.278046,address
41610|쌍령동|353-9,37.399368,127.278683,address
41610|쌍령동|360-1,37.397887,127.279973,address
41610|쌍령동|501,37.403245,127.271575,address
41610|쌍령동|502,37.397805,127.275411,address
41610|쌍령동|503,37.396778,127.269020,address
41610|양벌동|1104,37.371907,127.253835,address
41610|양벌동|1106,37.379120,127.259268,address
41610|양벌동|1111,37.394606,127.260046,address
41610|양벌동|1112,37.393404,127.258736,address
41610|양벌동|285,37.380841,127.256341,address
41610|양벌동|343-1,37.377198,127.265000,address
41610|양벌동|347,37.377050,127.262686,address
41610|양벌동|355-1,37.375693,127.261893,address
41610|양벌동|359,37.376985,127.259615,address
41610|양벌동|362,37.376027,127.257188,address
41610|양벌동|616,37.370113,127.248817,address
41610|양벌동|940-5,37.365386,127.247017,address
41610|역동|243,37.400299,127.246182,address
41610|역동|244,37.399898,127.248122,address
41610|역동|245,37.398870,127.245221,address
41610|역동|246,37.398923,127.247095,address
41610|역동|247,37.397485,127.246591,address
41610|역동|248,37.395703,127.246548,address
41610|역동|364,37.403180,127.251948,address
41610|장지동|692-61,37.392721,127.234204,address
41610|장지동|755,37.391095,127.233061,address
41610|장지동|759,37.391168,127.234521,address
41610|초월읍 대쌍령리|124-4,37.389433,127.294432,address
41610|초월읍 대쌍령리|496,37.390156,127.291493,address
41610|초월읍 대쌍령리|61-1,37.385877,127.293757,address
41610|초월읍 도평리|154,37.395254,127.292649,address
41610|초월읍 도평리|200,37.398670,127.291066,address
41610|초월읍 도평리|205,37.397134,127.290801,address
41610|초월읍 도평리|259,37.394366,127.289912,address
41610|초월읍 산이리|18-1,37.359557,127.313115,address
41610|초월읍 산이리|432,37.364038,127.309042,address
41610|초월읍 산이리|433,37.363101,127.310870,address
41610|초월읍 쌍동리|389,37.372678,127.298296,address
41610|초월읍 쌍동리|390,37.372002,127.299652,address
41610|초월읍 쌍동리|392,37.376529,127.294586,address
41610|초월읍 쌍동리|393,37.376065,127.289658,address
41610|초월읍 쌍동리|394,37.375079,127.289183,address
41610|초월읍 쌍동리|395,37.376029,127.291268,address
41610|초월읍 쌍동리|400,37.377423,127.288139,address
41610|초월읍 쌍동리|401,37.366516,127.300357,address
41610|초월읍 쌍동리|402,37.365494,127.301558,address
41610|초월읍 용수리|558,37.379015,127.306081,address
41610|초월읍 지월리|546,37.426081,127.287116,address
41610|초월읍 지월리|885,37.416495,127.296578,address
41610|추자동|586,37.359673,127.218013,address
41610|탄벌동|37,37.416312,127.249619,address
41610|탄벌동|40,37.416689,127.247410,address
41610|탄벌동|701-1,37.415904,127.249951,address
41610|탄벌동|762,37.421295,127.240431,address
41610|탄벌동|765,37.410780,127.235358,address
41610|탄벌동|766,37.410533,127.237747,address
41610|탄벌동|769,37.407808,127.235447,address
41610|탄벌동|770,37.407329,127.236989,address
41610|탄벌동|771,37.415393,127.240576,address
41610|탄벌동|778,37.410532,127.240199,address
41610|탄벌동|779,37.410095,127.241498,address
41610|태전동|193,37.386691,127.230425,address
41610|태전동|222,37.388059,127.230336,address
41610|태전동|228,37.389197,127.228868,address
41610|태전동|228-1,37.387851,127.228072,address
41610|태전동|667,37.391219,127.231395,address
41610|태전동|687,37.387075,127.236732,address
41610|태전동|688,37.386618,127.237899,address
41610|태전동|690,37.388091,127.238695,address
41610|태전동|691,37.380552,127.231767,address
41610|태전동|692,37.386169,127.228425,address
41610|태전동|694,37.385003,127.236776,address
41610|태전동|695,37.388369,127.232254,address
41610|태전동|696,37.387081,127.232610,address
41610|태전동|697,37.387884,127.234208,address
41610|태전동|698,37.385527,127.230880,address
41610|태전동|699,37.384682,127.231819,address
41610|태전동|700,37.383455,127.232148,address
41610|태전동|702,37.380524,127.228981,address
41610|태전동|703,37.378670,127.229438,address
41610|태전동|704,37.378615,127.226701,address
41610|태전동|705,37.391712,127.228345,address
41610|태전동|722,37.380258,127.232698,address
41610|태전동|726,37.381319,127.234493,address
41610|태전동|728,37.380281,127.234542,address
41610|태전동|732,37.378398,127.232291,address
41610|태전동|735,37.383842,127.229449,address
41610|회덕동|295-3,37.427778,127.246015,address
41610|회덕동|441,37.430362,127.249360,address
41630|고암동|121-2,37.836131,127.070352,address
41630|고암동|122,37.833707,127.070530,address
41630|고암동|582,37.834684,127.075680,address
41630|고암동|583,37.833501,127.073572,address
41630|고읍동|440,37.802606,127.080582,address
41630|고읍동|451,37.798331,127.079351,address
41630|고읍동|455,37.800781,127.077237,address
41630|고읍동|74,37.801916,127.081657,address
41630|고읍동|77,37.801006,127.080614,address
41630|고읍동|94,37.801698,127.077764,address
41630|광사동|131-4,37.790567,127.074885,address
41630|광사동|313-4,37.793224,127.074112,address
41630|광사동|658,37.794765,127.081857,address
41630|광사동|712,37.788842,127.079000,address
41630|광사동|713,37.791318,127.078286,address
41630|광적면 가납리|840,37.825434,126.982247,address
41630|광적면 가납리|905,37.819927,126.980681,address
41630|광적면 광석리|1-1,37.826120,126.979260,address
41630|남면 신산리|332-3,37.893628,126.974220,address
41630|덕계동|201,37.822099,127.057457,address
41630|덕계동|203-6,37.820945,127.057075,address
41630|덕계동|271-44,37.818199,127.059543,address
41630|덕계동|417-1,37.816586,127.047343,address
41630|덕계동|418-1,37.816356,127.046716,address
41630|덕계동|420-3,37.818382,127.046621,address
41630|덕계동|424-1,37.818950,127.048595,address
41630|덕계동|462-3,37.819615,127.047676,address
41630|덕계동|646-1,37.821538,127.040027,address
41630|덕계동|669,37.820819,127.044424,address
41630|덕계동|670,37.820111,127.043372,address
41630|덕계동|707-25,37.814348,127.042341,address
41630|덕계동|852,37.812832,127.056735,address
41630|덕계동|853,37.821089,127.051394,address
41630|덕계동|854,37.821421,127.049693,address
41630|덕계동|855,37.806524,127.059378,address
41630|덕계동|856,37.806900,127.061230,address
41630|덕계동|857,37.825484,127.041531,address
41630|덕계동|865,37.820405,127.051761,address
41630|덕계동|903,37.817143,127.052618,address
41630|덕계동|905,37.814899,127.052861,address
41630|덕계동|915,37.814762,127.048288,address
41630|덕계동|928-2,37.819361,127.055793,address
41630|덕계동|937,37.816891,127.054606,address
41630|덕계동|947,37.818270,127.058451,address
41630|덕계동|962,37.815566,127.059038,address
41630|덕계동|가-,37.812108,127.050015,keyword
41630|덕정동|146-5,37.842786,127.066609,address
41630|덕정동|162-7,37.840592,127.066234,address
41630|덕정동|164,37.839244,127.068107,address
41630|덕정동|173-4,37.841597,127.067286,address
41630|덕정동|210-2,37.833155,127.067235,address
41630|덕정동|218-1,37.840457,127.064169,address
41630|덕정동|221-1,37.838657,127.064323,address
41630|덕정동|235,37.835528,127.066310,address
41630|덕정동|280-5,37.836799,127.063665,address
41630|덕정동|286-9,37.839367,127.063751,address
41630|덕정동|350-94,37.843421,127.062768,address
41630|덕정동|536,37.842748,127.068496,address
41630|덕정동|538,37.848274,127.062232,address
41630|덕정동|540,37.848629,127.064459,address
41630|덕정동|543,37.848161,127.067233,address
41630|만송동|696,37.795727,127.082751,address
41630|만송동|697,37.796999,127.083060,address
41630|백석읍 가업리|103-1,37.782061,126.981693,address
41630|백석읍 가업리|605,37.794777,126.969043,address
41630|백석읍 가업리|99-1,37.784708,126.982587,address
41630|백석읍 방성리|162-4,37.803110,126.999450,address
41630|백석읍 방성리|511-2,37.794794,127.008046,address
41630|백석읍 복지리|290,37.783664,126.984002,address
41630|백석읍 복지리|292,37.784834,126.983904,address
41630|백석읍 복지리|322-4,37.782311,126.984050,address
41630|백석읍 복지리|41-1,37.785852,126.995731,address
41630|백석읍 복지리|567,37.781456,126.982597,address
41630|백석읍 복지리|80,37.783220,126.991411,address
41630|백석읍 복지리|93-3,37.786243,126.992511,address
41630|백석읍 복지리|94,37.786158,126.993783,address
41630|백석읍 복지리|99-2,37.785376,126.992078,address
41630|백석읍 오산리|107-1,37.797572,126.990511,address
41630|백석읍 오산리|107-2,37.796850,126.990396,address
41630|백석읍 오산리|296,37.810334,126.978783,address
41630|백석읍 홍죽리|964,37.803783,126.967501,address
41630|산북동|1,37.808718,127.051304,address
41630|삼숭동|564,37.805910,127.095163,address
41630|삼숭동|569,37.805190,127.093935,address
41630|삼숭동|632-2,37.804911,127.087639,address
41630|삼숭동|681-1,37.799058,127.109244,address
41630|삼숭동|682-1,37.797879,127.106867,address
41630|삼숭동|683-1,37.797895,127.104861,address
41630|삼숭동|684-1,37.795634,127.103265,address
41630|삼숭동|686-1,37.794905,127.105790,address
41630|삼숭동|688,37.802566,127.104293,address
41630|삼숭동|689,37.803914,127.104688,address
41630|삼숭동|690,37.805569,127.091803,address
41630|삼숭동|693,37.803855,127.090851,address
41630|옥정동|1026,37.830892,127.094623,address
41630|옥정동|1043,37.825784,127.100598,address
41630|옥정동|1043-1,37.823867,127.101514,address
41630|옥정동|1046,37.821430,127.101362,address
41630|옥정동|1051,37.816391,127.093042,address
41630|옥정동|1085,37.815199,127.100956,address
41630|옥정동|1095,37.811709,127.088953,address
41630|옥정동|1097,37.812770,127.096910,address
41630|옥정동|176,37.829719,127.085740,address
41630|옥정동|868,37.836740,127.084672,address
41630|옥정동|869,37.833887,127.084857,address
41630|옥정동|885,37.828743,127.077533,address
41630|옥정동|893,37.822208,127.073686,address
41630|옥정동|936,37.815550,127.084913,address
41630|옥정동|937,37.812269,127.084698,address
41630|옥정동|938,37.813349,127.086103,address
41630|옥정동|945,37.832581,127.090063,address
41630|옥정동|946,37.829892,127.089702,address
41630|옥정동|955,37.824452,127.089399,address
41630|옥정동|958,37.821347,127.090089,address
41630|옥정동|959,37.819392,127.090092,address
41630|옥정동|960,37.819630,127.088018,address
41630|옥정동|968,37.819681,127.096200,address
41630|장흥면 부곡리|491,37.721784,126.976952,address
41630|장흥면 부곡리|578,37.719259,126.973963,address
41630|장흥면 부곡리|579,37.719169,126.973079,address
41630|장흥면 부곡리|632-6,37.713575,126.967170,address
41630|장흥면 부곡리|647,37.719864,126.978258,address
41630|장흥면 일영리|27-1,37.721293,126.944843,address
41630|장흥면 일영리|58-15,37.723741,126.946603,address
41630|장흥면 일영리|604,37.718454,126.937593,address
41630|장흥면 일영리|605,37.717384,126.938378,address
41630|회정동|369,37.828206,127.055129,address
41630|회정동|866,37.827387,127.054692,address
41630|회정동|911,37.843171,127.053722,address
41650|가산면 마산리|402-21,37.846505,127.185877,address
41650|군내면 구읍리|740,37.890042,127.202155,address
41650|군내면 구읍리|743,37.889514,127.203252,address
41650|군내면 구읍리|746,37.888783,127.204895,address
41650|군내면 용정리|475-1,37.882037,127.200361,address
41650|선단동|28,37.851372,127.168061,address
41650|소흘읍 송우리|150,37.826539,127.142807,address
41650|소흘읍 송우리|222-22,37.829912,127.147506,address
41650|소흘읍 송우리|222-23,37.830056,127.146483,address
41650|소흘읍 송우리|222-30,37.829856,127.146871,address
41650|소흘읍 송우리|222-51,37.830230,127.145786,address
41650|소흘읍 송우리|257-5,37.836765,127.146487,keyword
41650|소흘읍 송우리|392-13,37.827629,127.137385,address
41650|소흘읍 송우리|424,37.827265,127.142439,address
41650|소흘읍 송우리|430-10,37.826062,127.141883,address
41650|소흘읍 송우리|430-13,37.826267,127.141082,address
41650|소흘읍 송우리|430-8,37.826998,127.141452,address
41650|소흘읍 송우리|505-8,37.825316,127.141525,address
41650|소흘읍 송우리|725-6,37.834682,127.147223,address
41650|소흘읍 송우리|725-7,37.834218,127.149642,address
41650|소흘읍 송우리|727-2,37.833156,127.141471,address
41650|소흘읍 송우리|730-1,37.825043,127.139136,address
41650|소흘읍 송우리|735,37.837105,127.147181,address
41650|소흘읍 송우리|738,37.832681,127.145064,address
41650|소흘읍 이동교리|256,37.811492,127.132878,address
41650|소흘읍 초가팔리|336,37.819876,127.148044,address
41650|신북면 가채리|30-2,37.916961,127.222653,address
41650|신북면 가채리|829-6,37.905193,127.203975,address
41650|신북면 가채리|830-11,37.905408,127.205530,address
41650|신북면 가채리|929,37.917740,127.222289,address
41650|신북면 계류리|29-4,37.943792,127.186138,address
41650|신북면 기지리|101-3,37.941173,127.230915,address
41650|신북면 기지리|101-6,37.940089,127.229038,address
41650|신북면 기지리|740,37.918537,127.223772,address
41650|신읍동|143-4,37.897522,127.194403,address
41650|신읍동|167-4,37.899679,127.200714,address
41650|신읍동|173-44,37.898669,127.202386,address
41650|신읍동|205-1,37.901060,127.204856,address
41650|신읍동|205-46,37.900617,127.204553,address
41650|신읍동|219-2,37.901626,127.202909,address
41650|신읍동|227-8,37.903153,127.202276,address
41650|신읍동|235-11,37.902944,127.199847,address
41650|신읍동|295-23,37.897744,127.192492,address
41650|신읍동|307,37.896824,127.189688,address
41650|신읍동|315-4,37.895208,127.193231,address
41650|신읍동|43-18,37.897354,127.202596,address
41650|신읍동|697-1,37.893619,127.194142,address
41650|신읍동|697-3,37.893157,127.195112,address
41650|신읍동|698,37.893267,127.192473,address
41650|신읍동|9-4,37.902423,127.206606,address
41650|어룡동|764,37.884493,127.195885,address
41650|어룡동|771,37.885727,127.196207,address
41650|영북면 운천리|481-5,38.093532,127.272393,address
41650|영북면 운천리|554-70,38.088227,127.269398,address
41650|영중면 양문리|770-7,38.001341,127.243361,address
41650|일동면 기산리|68-18,37.954714,127.322298,address
41650|일동면 기산리|68-4,37.954908,127.321976,address
41650|일동면 기산리|78-22,37.955308,127.322865,address
41650|일동면 기산리|797,37.954532,127.318756,address
41670|가남읍 신해리|620-17,37.218544,127.535784,address
41670|가남읍 신해리|620-8,37.217881,127.534136,address
41670|가남읍 신해리|632,37.217012,127.533972,address
41670|가남읍 심석리|118,37.197432,127.553230,address
41670|가남읍 태평리|106-1,37.203489,127.547805,address
41670|가남읍 태평리|268-3,37.213861,127.542115,address
41670|교동|127,37.280809,127.632571,address
41670|교동|28,37.275154,127.639239,address
41670|교동|531,37.277898,127.634510,address
41670|교동|572,37.276570,127.634365,address
41670|교동|662-1,37.279227,127.628480,address
41670|교동|670-1,37.279508,127.630848,address
41670|교동|673,37.287290,127.625183,address
41670|교동|81,37.275355,127.635183,address
41670|교동|81-2,37.274541,127.633982,address
41670|멱곡동|376-8,37.245820,127.652232,address
41670|상동|177-4,37.296691,127.642661,address
41670|상동|374-2,37.292441,127.641430,address
41670|세종대왕면 신지리|1184,37.298566,127.575329,address
41670|연양동|348-4,37.289799,127.660913,address
41670|오학동|100-5,37.313169,127.643666,address
41670|오학동|361,37.303798,127.644968,address
41670|오학동|401,37.306037,127.643252,address
41670|오학동|408,37.312283,127.641760,address
41670|월송동|127-9,37.288011,127.618757,address
41670|월송동|380-5,37.282147,127.615326,address
41670|월송동|388-29,37.282491,127.609456,address
41670|점봉동|114,37.256026,127.649497,address
41670|점봉동|291-1,37.256728,127.639514,address
41670|점봉동|430-6,37.264381,127.638310,address
41670|창동|138-4,37.295478,127.633175,address
41670|천송동|515-1,37.301793,127.650224,address
41670|천송동|517-5,37.301662,127.651031,address
41670|천송동|591-7,37.302114,127.648279,address
41670|천송동|599,37.301535,127.649329,address
41670|하동|121-1,37.301159,127.628274,address
41670|하동|122-7,37.300647,127.628159,address
41670|하동|123,37.300524,127.629569,address
41670|현암동|177-23,37.310065,127.639996,address
41670|현암동|177-3,37.309757,127.639147,address
41670|현암동|188-1,37.307428,127.640214,address
41670|현암동|195,37.306219,127.641242,address
41670|현암동|684,37.313106,127.639484,address
41670|현암동|695,37.311836,127.635063,address
41670|홍문동|181,37.292213,127.636941,address
41670|홍문동|286-11,37.291245,127.639197,address
41670|홍문동|303-8,37.291597,127.637891,address
41670|홍문동|353,37.283506,127.641138,address
41670|홍문동|377-1,37.283487,127.638964,address
41670|홍문동|377-6,37.283718,127.640078,address
41670|홍문동|산8-1,37.285802,127.636882,address
41800|신서면 도신리|248-15,38.181892,127.105082,address
41800|연천읍 옥산리|459-1,38.101874,127.079932,address
41800|연천읍 옥산리|860,38.104500,127.080024,address
41800|연천읍 차탄리|756,38.096408,127.076721,address
41800|연천읍 현가리|498,38.105845,127.077468,address
41800|전곡읍 은대리|2502,38.037031,127.073514,address
41800|전곡읍 은대리|530-9,38.033578,127.064585,address
41800|전곡읍 전곡리|263,38.020412,127.069514,address
41800|전곡읍 전곡리|267-6,38.019450,127.070767,address
41800|전곡읍 전곡리|318-7,38.020529,127.070699,address
41800|전곡읍 전곡리|324-26,38.021432,127.076063,address
41800|전곡읍 전곡리|324-43,38.022446,127.074218,address
41800|전곡읍 전곡리|324-8,38.022142,127.074421,address
41800|전곡읍 전곡리|325-10,38.022761,127.074208,address
41800|전곡읍 전곡리|325-4,38.023025,127.074722,address
41800|전곡읍 전곡리|330-11,38.024703,127.073178,address
41800|전곡읍 전곡리|330-13,38.024481,127.073069,address
41800|전곡읍 전곡리|330-3,38.025653,127.072629,address
41800|전곡읍 전곡리|330-9,38.024683,127.072790,address
41800|전곡읍 전곡리|411-3,38.032242,127.072096,address
41800|전곡읍 전곡리|449-1,38.031019,127.067787,address
41800|전곡읍 전곡리|449-18,38.031352,127.067622,address
41800|전곡읍 전곡리|449-3,38.030578,127.068059,address
41800|전곡읍 전곡리|480-35,38.026205,127.067286,address
41800|전곡읍 전곡리|684,38.015331,127.073081,address
41800|전곡읍 전곡리|685,38.026227,127.072275,address
41800|전곡읍 전곡리|707,38.019692,127.075017,address
41800|전곡읍 전곡리|82,38.012710,127.071174,address
41800|청산면 백의리|50-1,38.023437,127.131384,address
41800|청산면 초성리|173-12,37.995632,127.072673,address
41820|가평읍 달전리|281,37.813829,127.520212,address
41820|가평읍 달전리|285-1,37.813004,127.519940,address
41820|가평읍 달전리|339,37.814830,127.518337,address
41820|가평읍 대곡리|230-18,37.825355,127.514379,address
41820|가평읍 대곡리|285-6,37.828370,127.509714,address
41820|가평읍 대곡리|296-3,37.827288,127.511074,address
41820|가평읍 대곡리|360,37.823266,127.510326,address
41820|가평읍 대곡리|366-8,37.822601,127.509953,address
41820|가평읍 대곡리|402-1,37.818636,127.510315,address
41820|가평읍 대곡리|694,37.827511,127.506412,address
41820|가평읍 대곡리|695,37.821002,127.508112,address
41820|가평읍 읍내리|1053,37.831092,127.505683,address
41820|가평읍 읍내리|214,37.836586,127.512956,address
41820|가평읍 읍내리|260,37.833116,127.513034,address
41820|가평읍 읍내리|292-7,37.832128,127.520257,address
41820|가평읍 읍내리|299-3,37.831036,127.519913,address
41820|가평읍 읍내리|457-5,37.831491,127.512137,address
41820|가평읍 읍내리|537-1,37.829089,127.509473,address
41820|가평읍 읍내리|585,37.832172,127.507467,address
41820|가평읍 읍내리|585-4,37.832136,127.507032,address
41820|가평읍 읍내리|590-2,37.832803,127.507166,address
41820|가평읍 읍내리|592-1,37.833056,127.507054,address
41820|가평읍 읍내리|637,37.834116,127.508506,address
41820|가평읍 읍내리|637-3,37.833982,127.508949,address
41820|가평읍 읍내리|681-3,37.835025,127.510405,address
41820|가평읍 읍내리|749-7,37.837898,127.508627,address
41820|가평읍 읍내리|766-3,37.837651,127.507600,address
41820|가평읍 읍내리|771-1,37.837677,127.506318,address
41820|가평읍 읍내리|782-1,37.836377,127.506637,address
41820|가평읍 읍내리|799-4,37.838805,127.505567,address
41820|가평읍 읍내리|799-5,37.838796,127.505861,address
41820|가평읍 읍내리|837-1,37.834093,127.505618,address
41820|상면 덕현리|398-4,37.759533,127.392855,address
41820|설악면 선촌리|663,37.684180,127.493190,address
41820|설악면 신천리|420-2,37.678453,127.493289,address
41820|설악면 신천리|426-1,37.678590,127.492833,address
41820|설악면 신천리|911,37.676597,127.490897,address
41820|조종면 현리|232-2,37.823407,127.348222,address
41820|조종면 현리|258-20,37.819810,127.351624,address
41820|청평면 청평리|306,37.742300,127.421470,address
41820|청평면 청평리|313-12,37.739389,127.421025,address
41820|청평면 청평리|313-18,37.739310,127.421139,address
41820|청평면 청평리|470-37,37.738683,127.417247,address
41820|청평면 청평리|472,37.740254,127.416495,address
41820|청평면 청평리|626-12,37.732060,127.414697,address
41820|청평면 청평리|626-2,37.731940,127.415271,address
41820|청평면 청평리|626-35,37.732000,127.414874,address
41820|청평면 청평리|626-36,37.731972,127.415084,address
41820|청평면 청평리|626-8,37.732377,127.413601,address
41820|청평면 청평리|634-2,37.731982,127.410891,address
41820|청평면 청평리|657-1,37.729898,127.410084,address
41820|청평면 청평리|76-19,37.732899,127.415160,address
41820|청평면 청평리|76-20,37.732848,127.415322,address
41820|청평면 청평리|79-57,37.734330,127.417827,address
41820|청평면 청평리|837,37.732164,127.416338,address
41830|강상면 병산리|1205,37.488031,127.480393,address
41830|강상면 병산리|1206,37.490397,127.473740,address
41830|강상면 병산리|1207,37.487744,127.474365,address
41830|강상면 병산리|1208,37.487031,127.479166,address
41830|강상면 병산리|1211,37.488918,127.479935,address
41830|개군면 하자포리|454,37.426082,127.538902,address
41830|양동면 쌍학리|185-12,37.416726,127.756294,address
41830|양서면 양수리|1185,37.543652,127.317973,address
41830|양서면 양수리|1186,37.543162,127.318375,address
41830|양서면 양수리|1187,37.546518,127.317484,address
41830|양서면 양수리|1188,37.546494,127.319276,address
41830|양서면 양수리|551-22,37.548076,127.321350,address
41830|양서면 양수리|567-1,37.545346,127.318417,address
41830|양서면 양수리|575-4,37.545824,127.319735,address
41830|양서면 양수리|575-8,37.545620,127.319633,address
41830|양서면 양수리|585-1,37.546935,127.317964,address
41830|양서면 양수리|616-3,37.545220,127.316377,address
41830|양서면 양수리|621-13,37.544761,127.316368,address
41830|양서면 용담리|242-5,37.544613,127.327530,address
41830|양서면 용담리|704,37.543357,127.325496,address
41830|양평읍 공흥리|441-26,37.489565,127.501078,address
41830|양평읍 공흥리|883,37.488618,127.500864,address
41830|양평읍 공흥리|885,37.493364,127.508196,address
41830|양평읍 공흥리|887,37.489418,127.504002,address
41830|양평읍 백안리|875,37.494829,127.511628,address
41830|양평읍 백안리|876,37.495782,127.514083,address
41830|양평읍 양근리|136-1,37.496010,127.491686,address
41830|양평읍 양근리|137-48,37.496523,127.489852,address
41830|양평읍 양근리|140-5,37.494780,127.493026,address
41830|양평읍 양근리|168-6,37.490923,127.494174,address
41830|양평읍 양근리|170-14,37.492176,127.496377,address
41830|양평읍 양근리|170-43,37.492179,127.495352,address
41830|양평읍 양근리|170-7,37.491630,127.494666,address
41830|양평읍 양근리|171-6,37.491728,127.495342,address
41830|양평읍 양근리|192-29,37.487236,127.495233,address
41830|양평읍 양근리|230,37.487388,127.493165,address
41830|양평읍 양근리|376-8,37.492023,127.490874,address
41830|양평읍 양근리|651,37.494763,127.486643,address
41830|양평읍 양근리|652,37.494263,127.487794,address
41830|양평읍 양근리|653,37.491699,127.496248,address
41830|양평읍 양근리|654,37.495590,127.492748,address
41830|양평읍 양근리|655,37.493946,127.487221,address
41830|양평읍 양근리|656,37.492255,127.496021,address
41830|양평읍 양근리|657,37.491589,127.496985,address
41830|양평읍 양근리|664,37.487882,127.496483,address
41830|양평읍 양근리|738,37.494114,127.489280,address
41830|양평읍 양근리|797,37.498277,127.492055,address
41830|양평읍 양근리|810,37.499023,127.485668,address
41830|양평읍 양근리|91-5,37.496626,127.490622,address
41830|양평읍 창대리|842,37.481503,127.499258,address
41830|양평읍 창대리|844,37.486643,127.499800,address
41830|용문면 다문리|1052,37.486618,127.590134,address
41830|용문면 다문리|1107,37.480037,127.597013,address
41830|용문면 다문리|325-24,37.484189,127.595056,address
41830|용문면 다문리|334-4,37.485988,127.594696,address
41830|용문면 다문리|344-1,37.487011,127.595411,address
41830|용문면 다문리|390-1,37.490059,127.598010,address
41830|용문면 다문리|390-22,37.490312,127.597810,address
41830|용문면 다문리|647,37.488363,127.592551,address
41830|용문면 다문리|691-6,37.485282,127.589639,address
41830|용문면 다문리|699-18,37.484686,127.590022,address
41830|용문면 마룡리|750,37.485666,127.609172,address
